2026-09-13 23:07:25,641 ntt512_ct2_wide_A INFO Setting timeout of 20 seconds...
2026-09-13 23:07:25,673 ntt512_ct2_wide_A INFO Objective: minimize cycles
2026-09-13 23:07:25,674 ntt512_ct2_wide_A INFO Invoking external constraint solver (OR-Tools CP-SAT v9.15.6755) ...
2026-09-13 23:07:26,622 ntt512_ct2_wide_A INFO [0.9470s]: Found 1 solutions so far... objective (minimize cycles): currently  (Cycles ~ 140.0, IPC ~ 0.47), bound  (Cycles ~ 121.0, IPC ~ 0.55)
2026-09-13 23:07:26,718 ntt512_ct2_wide_A INFO [1.0426s]: Found 2 solutions so far... objective (minimize cycles): currently  (Cycles ~ 138.0, IPC ~ 0.48), bound  (Cycles ~ 121.0, IPC ~ 0.55)
2026-09-13 23:07:26,805 ntt512_ct2_wide_A INFO [1.1301s]: Found 3 solutions so far... objective (minimize cycles): currently  (Cycles ~ 132.0, IPC ~ 0.50), bound  (Cycles ~ 121.0, IPC ~ 0.55)
2026-09-13 23:07:26,908 ntt512_ct2_wide_A INFO [1.2326s]: Found 4 solutions so far... objective (minimize cycles): currently  (Cycles ~ 131.0, IPC ~ 0.50), bound  (Cycles ~ 121.0, IPC ~ 0.55)
2026-09-13 23:07:27,303 ntt512_ct2_wide_A INFO [1.6277s]: Found 5 solutions so far... objective (minimize cycles): currently  (Cycles ~ 129.0, IPC ~ 0.51), bound  (Cycles ~ 121.0, IPC ~ 0.55)
2026-09-13 23:07:37,201 ntt512_ct2_wide_A INFO OPTIMAL, wall time: 11.525881 s
2026-09-13 23:07:37,206 ntt512_ct2_wide_A INFO Booleans in result: 1155
2026-09-13 23:07:37,219 ntt512_ct2_wide_A.selfcheck INFO OK!
2026-09-13 23:07:37,233 ntt512_ct2_wide_A WARNING LLVM (llvm-mc, llvm-nm, llvm-readobj) not found, disabling selftest. Consider installing LLVM.
2026-09-13 23:07:48,901 ntt512_ct2_wide_A INFO Setting timeout of 5 seconds...
2026-09-13 23:07:48,932 ntt512_ct2_wide_A INFO Objective: minimize cycles
2026-09-13 23:07:48,933 ntt512_ct2_wide_A INFO Invoking external constraint solver (OR-Tools CP-SAT v9.15.6755) ...
2026-09-13 23:07:51,493 ntt512_ct2_wide_A INFO [2.5588s]: Found 1 solutions so far... objective (minimize cycles): currently  (Cycles ~ 133.0, IPC ~ 0.50), bound  (Cycles ~ 122.0, IPC ~ 0.54)
2026-09-13 23:07:51,628 ntt512_ct2_wide_A INFO [2.6938s]: Found 2 solutions so far... objective (minimize cycles): currently  (Cycles ~ 132.0, IPC ~ 0.50), bound  (Cycles ~ 122.0, IPC ~ 0.54)
2026-09-13 23:07:51,755 ntt512_ct2_wide_A INFO [2.8209s]: Found 3 solutions so far... objective (minimize cycles): currently  (Cycles ~ 130.0, IPC ~ 0.51), bound  (Cycles ~ 122.0, IPC ~ 0.54)
2026-09-13 23:07:52,927 ntt512_ct2_wide_A INFO [3.9926s]: Found 4 solutions so far... objective (minimize cycles): currently  (Cycles ~ 129.0, IPC ~ 0.51), bound  (Cycles ~ 123.0, IPC ~ 0.54)
2026-09-13 23:07:53,937 ntt512_ct2_wide_A INFO FEASIBLE, wall time: 5.003261 s
2026-09-13 23:07:53,942 ntt512_ct2_wide_A INFO Booleans in result: 1368
2026-09-13 23:07:53,956 ntt512_ct2_wide_A.selfcheck INFO OK!
2026-09-13 23:07:53,969 ntt512_ct2_wide_A WARNING LLVM (llvm-mc, llvm-nm, llvm-readobj) not found, disabling selftest. Consider installing LLVM.
2026-09-13 23:08:05,263 ntt512_ct2_wide_A INFO Setting timeout of 10 seconds...
2026-09-13 23:08:05,295 ntt512_ct2_wide_A INFO Objective: minimize cycles
2026-09-13 23:08:05,296 ntt512_ct2_wide_A INFO Invoking external constraint solver (OR-Tools CP-SAT v9.15.6755) ...
2026-09-13 23:08:08,551 ntt512_ct2_wide_A INFO [3.2541s]: Found 1 solutions so far... objective (minimize cycles): currently  (Cycles ~ 138.0, IPC ~ 0.48), bound  (Cycles ~ 121.0, IPC ~ 0.55)
2026-09-13 23:08:08,791 ntt512_ct2_wide_A INFO [3.4939s]: Found 2 solutions so far... objective (minimize cycles): currently  (Cycles ~ 137.0, IPC ~ 0.48), bound  (Cycles ~ 121.0, IPC ~ 0.55)
2026-09-13 23:08:08,793 ntt512_ct2_wide_A INFO [3.4962s]: Found 3 solutions so far... objective (minimize cycles): currently  (Cycles ~ 133.0, IPC ~ 0.50), bound  (Cycles ~ 121.0, IPC ~ 0.55)
2026-09-13 23:08:08,997 ntt512_ct2_wide_A INFO [3.7000s]: Found 4 solutions so far... objective (minimize cycles): currently  (Cycles ~ 129.0, IPC ~ 0.51), bound  (Cycles ~ 122.0, IPC ~ 0.54)
2026-09-13 23:08:15,305 ntt512_ct2_wide_A INFO FEASIBLE, wall time: 10.005737 s
2026-09-13 23:08:15,309 ntt512_ct2_wide_A INFO Booleans in result: 1349
2026-09-13 23:08:15,323 ntt512_ct2_wide_A.selfcheck INFO OK!
2026-09-13 23:08:15,335 ntt512_ct2_wide_A WARNING LLVM (llvm-mc, llvm-nm, llvm-readobj) not found, disabling selftest. Consider installing LLVM.
2026-09-13 23:08:15,349 ntt512_ct2_wide_B_seam INFO Setting timeout of 10 seconds...
2026-09-13 23:08:15,368 ntt512_ct2_wide_B_seam INFO Objective: minimize cycles
2026-09-13 23:08:15,368 ntt512_ct2_wide_B_seam INFO Invoking external constraint solver (OR-Tools CP-SAT v9.15.6755) ...
2026-09-13 23:08:17,543 ntt512_ct2_wide_B_seam INFO [2.1745s]: Found 1 solutions so far... objective (minimize cycles): currently  (Cycles ~ 583.0, IPC ~ 0.11), bound  (Cycles ~ 121.0, IPC ~ 0.55)
2026-09-13 23:08:17,560 ntt512_ct2_wide_B_seam INFO [2.1917s]: Found 2 solutions so far... objective (minimize cycles): currently  (Cycles ~ 580.0, IPC ~ 0.11), bound  (Cycles ~ 121.0, IPC ~ 0.55)
2026-09-13 23:08:17,575 ntt512_ct2_wide_B_seam INFO [2.2061s]: Found 3 solutions so far... objective (minimize cycles): currently  (Cycles ~ 577.0, IPC ~ 0.11), bound  (Cycles ~ 121.0, IPC ~ 0.55)
2026-09-13 23:08:17,586 ntt512_ct2_wide_B_seam INFO [2.2180s]: Found 4 solutions so far... objective (minimize cycles): currently  (Cycles ~ 576.0, IPC ~ 0.11), bound  (Cycles ~ 121.0, IPC ~ 0.55)
2026-09-13 23:08:17,603 ntt512_ct2_wide_B_seam INFO [2.2350s]: Found 5 solutions so far... objective (minimize cycles): currently  (Cycles ~ 405.0, IPC ~ 0.16), bound  (Cycles ~ 121.0, IPC ~ 0.55)
2026-09-13 23:08:17,620 ntt512_ct2_wide_B_seam INFO [2.2521s]: Found 6 solutions so far... objective (minimize cycles): currently  (Cycles ~ 142.0, IPC ~ 0.46), bound  (Cycles ~ 121.0, IPC ~ 0.55)
2026-09-13 23:08:17,663 ntt512_ct2_wide_B_seam INFO [2.2948s]: Found 7 solutions so far... objective (minimize cycles): currently  (Cycles ~ 141.0, IPC ~ 0.47), bound  (Cycles ~ 122.0, IPC ~ 0.54)
2026-09-13 23:08:17,739 ntt512_ct2_wide_B_seam INFO [2.3704s]: Found 8 solutions so far... objective (minimize cycles): currently  (Cycles ~ 140.0, IPC ~ 0.47), bound  (Cycles ~ 122.0, IPC ~ 0.54)
2026-09-13 23:08:17,762 ntt512_ct2_wide_B_seam INFO [2.3937s]: Found 9 solutions so far... objective (minimize cycles): currently  (Cycles ~ 139.0, IPC ~ 0.47), bound  (Cycles ~ 122.0, IPC ~ 0.54)
2026-09-13 23:08:17,770 ntt512_ct2_wide_B_seam INFO [2.4012s]: Found 10 solutions so far... objective (minimize cycles): currently  (Cycles ~ 135.0, IPC ~ 0.49), bound  (Cycles ~ 122.0, IPC ~ 0.54)
2026-09-13 23:08:17,800 ntt512_ct2_wide_B_seam INFO [2.4315s]: Found 11 solutions so far... objective (minimize cycles): currently  (Cycles ~ 134.0, IPC ~ 0.49), bound  (Cycles ~ 122.0, IPC ~ 0.54)
2026-09-13 23:08:17,847 ntt512_ct2_wide_B_seam INFO [2.4783s]: Found 12 solutions so far... objective (minimize cycles): currently  (Cycles ~ 133.0, IPC ~ 0.50), bound  (Cycles ~ 123.0, IPC ~ 0.54)
2026-09-13 23:08:17,862 ntt512_ct2_wide_B_seam INFO [2.4938s]: Found 13 solutions so far... objective (minimize cycles): currently  (Cycles ~ 132.0, IPC ~ 0.50), bound  (Cycles ~ 123.0, IPC ~ 0.54)
2026-09-13 23:08:17,875 ntt512_ct2_wide_B_seam INFO [2.5068s]: Found 14 solutions so far... objective (minimize cycles): currently  (Cycles ~ 127.0, IPC ~ 0.52), bound  (Cycles ~ 123.0, IPC ~ 0.54)
2026-09-13 23:08:17,905 ntt512_ct2_wide_B_seam INFO [2.5361s]: Found 15 solutions so far... objective (minimize cycles): currently  (Cycles ~ 126.0, IPC ~ 0.52), bound  (Cycles ~ 123.0, IPC ~ 0.54)
2026-09-13 23:08:17,919 ntt512_ct2_wide_B_seam INFO [2.5505s]: Found 16 solutions so far... objective (minimize cycles): currently  (Cycles ~ 125.0, IPC ~ 0.53), bound  (Cycles ~ 123.0, IPC ~ 0.54)
2026-09-13 23:08:17,933 ntt512_ct2_wide_B_seam INFO [2.5641s]: Found 17 solutions so far... objective (minimize cycles): currently  (Cycles ~ 124.0, IPC ~ 0.53), bound  (Cycles ~ 123.0, IPC ~ 0.54)
2026-09-13 23:08:17,963 ntt512_ct2_wide_B_seam INFO OPTIMAL, wall time: 2.594669 s
2026-09-13 23:08:17,968 ntt512_ct2_wide_B_seam INFO Booleans in result: 1370
2026-09-13 23:08:17,981 ntt512_ct2_wide_B_seam.selfcheck INFO OK!
2026-09-13 23:08:17,994 ntt512_ct2_wide_B_seam WARNING LLVM (llvm-mc, llvm-nm, llvm-readobj) not found, disabling selftest. Consider installing LLVM.
2026-09-13 23:08:47,650 ntt512_ct2_wide_A INFO Setting timeout of 20 seconds...
2026-09-13 23:08:47,682 ntt512_ct2_wide_A INFO Objective: minimize cycles
2026-09-13 23:08:47,683 ntt512_ct2_wide_A INFO Invoking external constraint solver (OR-Tools CP-SAT v9.15.6755) ...
2026-09-13 23:08:49,380 ntt512_ct2_wide_A INFO [1.6969s]: Found 1 solutions so far... objective (minimize cycles): currently  (Cycles ~ 133.0, IPC ~ 0.50), bound  (Cycles ~ 121.0, IPC ~ 0.55)
2026-09-13 23:08:49,440 ntt512_ct2_wide_A INFO [1.7569s]: Found 2 solutions so far... objective (minimize cycles): currently  (Cycles ~ 132.0, IPC ~ 0.50), bound  (Cycles ~ 121.0, IPC ~ 0.55)
2026-09-13 23:08:49,459 ntt512_ct2_wide_A INFO [1.7756s]: Found 3 solutions so far... objective (minimize cycles): currently  (Cycles ~ 131.0, IPC ~ 0.50), bound  (Cycles ~ 121.0, IPC ~ 0.55)
2026-09-13 23:08:49,541 ntt512_ct2_wide_A INFO [1.8580s]: Found 4 solutions so far... objective (minimize cycles): currently  (Cycles ~ 130.0, IPC ~ 0.51), bound  (Cycles ~ 121.0, IPC ~ 0.55)
2026-09-13 23:08:49,547 ntt512_ct2_wide_A INFO [1.8636s]: Found 5 solutions so far... objective (minimize cycles): currently  (Cycles ~ 129.0, IPC ~ 0.51), bound  (Cycles ~ 121.0, IPC ~ 0.55)
2026-09-13 23:09:00,932 ntt512_ct2_wide_A INFO OPTIMAL, wall time: 13.248221 s
2026-09-13 23:09:00,936 ntt512_ct2_wide_A INFO Booleans in result: 1348
2026-09-13 23:09:00,950 ntt512_ct2_wide_A.selfcheck INFO OK!
2026-09-13 23:09:00,963 ntt512_ct2_wide_A WARNING LLVM (llvm-mc, llvm-nm, llvm-readobj) not found, disabling selftest. Consider installing LLVM.
2026-09-13 23:09:00,980 ntt512_ct2_wide_B_seam INFO Setting timeout of 20 seconds...
2026-09-13 23:09:00,999 ntt512_ct2_wide_B_seam INFO Objective: minimize cycles
2026-09-13 23:09:00,999 ntt512_ct2_wide_B_seam INFO Invoking external constraint solver (OR-Tools CP-SAT v9.15.6755) ...
2026-09-13 23:09:01,782 ntt512_ct2_wide_B_seam INFO [0.7828s]: Found 1 solutions so far... objective (minimize cycles): currently  (Cycles ~ 129.0, IPC ~ 0.51), bound  (Cycles ~ 122.0, IPC ~ 0.54)
2026-09-13 23:09:01,968 ntt512_ct2_wide_B_seam INFO OPTIMAL, wall time: 0.968390 s
2026-09-13 23:09:01,972 ntt512_ct2_wide_B_seam INFO Booleans in result: 959
2026-09-13 23:09:01,986 ntt512_ct2_wide_B_seam.selfcheck INFO OK!
2026-09-13 23:09:01,998 ntt512_ct2_wide_B_seam WARNING LLVM (llvm-mc, llvm-nm, llvm-readobj) not found, disabling selftest. Consider installing LLVM.
2026-09-13 23:09:02,037 ntt512_ct3_A INFO Setting timeout of 20 seconds...
2026-09-13 23:09:02,130 ntt512_ct3_A INFO Objective: minimize cycles
2026-09-13 23:09:02,131 ntt512_ct3_A INFO Invoking external constraint solver (OR-Tools CP-SAT v9.15.6755) ...
2026-09-13 23:09:22,153 ntt512_ct3_A INFO UNKNOWN, wall time: 20.022091 s
2026-09-13 23:13:17,767 ntt512_ct2_wide_A INFO Setting timeout of 8 seconds...
2026-09-13 23:13:17,799 ntt512_ct2_wide_A INFO Objective: minimize cycles
2026-09-13 23:13:17,800 ntt512_ct2_wide_A INFO Invoking external constraint solver (OR-Tools CP-SAT v9.15.6755) ...
2026-09-13 23:13:22,387 ntt512_ct2_wide_A INFO [4.5864s]: Found 1 solutions so far... objective (minimize cycles): currently  (Cycles ~ 132.0, IPC ~ 0.50), bound  (Cycles ~ 125.0, IPC ~ 0.53)
2026-09-13 23:13:22,509 ntt512_ct2_wide_A INFO [4.7087s]: Found 2 solutions so far... objective (minimize cycles): currently  (Cycles ~ 131.0, IPC ~ 0.50), bound  (Cycles ~ 125.0, IPC ~ 0.53)
2026-09-13 23:13:22,624 ntt512_ct2_wide_A INFO [4.8234s]: Found 3 solutions so far... objective (minimize cycles): currently  (Cycles ~ 129.0, IPC ~ 0.51), bound  (Cycles ~ 125.0, IPC ~ 0.53)
2026-09-13 23:13:25,807 ntt512_ct2_wide_A INFO FEASIBLE, wall time: 8.005732 s
2026-09-13 23:13:25,811 ntt512_ct2_wide_A INFO Booleans in result: 1717
2026-09-13 23:13:25,824 ntt512_ct2_wide_A.selfcheck INFO OK!
2026-09-13 23:13:25,838 ntt512_ct2_wide_A WARNING LLVM (llvm-mc, llvm-nm, llvm-readobj) not found, disabling selftest. Consider installing LLVM.
2026-09-13 23:13:25,854 ntt512_ct2_wide_B_seam INFO Setting timeout of 8 seconds...
2026-09-13 23:13:25,873 ntt512_ct2_wide_B_seam INFO Objective: minimize cycles
2026-09-13 23:13:25,873 ntt512_ct2_wide_B_seam INFO Invoking external constraint solver (OR-Tools CP-SAT v9.15.6755) ...
2026-09-13 23:13:26,632 ntt512_ct2_wide_B_seam INFO [0.7584s]: Found 1 solutions so far... objective (minimize cycles): currently  (Cycles ~ 129.0, IPC ~ 0.51), bound  (Cycles ~ 122.0, IPC ~ 0.54)
2026-09-13 23:13:26,755 ntt512_ct2_wide_B_seam INFO [0.8814s]: Found 2 solutions so far... objective (minimize cycles): currently  (Cycles ~ 128.0, IPC ~ 0.52), bound  (Cycles ~ 123.0, IPC ~ 0.54)
2026-09-13 23:13:26,764 ntt512_ct2_wide_B_seam INFO [0.8908s]: Found 3 solutions so far... objective (minimize cycles): currently  (Cycles ~ 126.0, IPC ~ 0.52), bound  (Cycles ~ 123.0, IPC ~ 0.54)
2026-09-13 23:13:26,786 ntt512_ct2_wide_B_seam INFO [0.9122s]: Found 4 solutions so far... objective (minimize cycles): currently  (Cycles ~ 125.0, IPC ~ 0.53), bound  (Cycles ~ 123.0, IPC ~ 0.54)
2026-09-13 23:13:26,793 ntt512_ct2_wide_B_seam INFO [0.9194s]: Found 5 solutions so far... objective (minimize cycles): currently  (Cycles ~ 124.0, IPC ~ 0.53), bound  (Cycles ~ 123.0, IPC ~ 0.54)
2026-09-13 23:13:26,803 ntt512_ct2_wide_B_seam INFO OPTIMAL, wall time: 0.929109 s
2026-09-13 23:13:26,807 ntt512_ct2_wide_B_seam INFO Booleans in result: 986
2026-09-13 23:13:26,821 ntt512_ct2_wide_B_seam.selfcheck INFO OK!
2026-09-13 23:13:26,833 ntt512_ct2_wide_B_seam WARNING LLVM (llvm-mc, llvm-nm, llvm-readobj) not found, disabling selftest. Consider installing LLVM.
2026-09-13 23:13:26,853 ntt512_ct3_A_window0 INFO Setting timeout of 8 seconds...
2026-09-13 23:13:26,864 ntt512_ct3_A_window0 INFO Objective: minimize cycles
2026-09-13 23:13:26,865 ntt512_ct3_A_window0 INFO Invoking external constraint solver (OR-Tools CP-SAT v9.15.6755) ...
2026-09-13 23:13:27,012 ntt512_ct3_A_window0 INFO [0.1472s]: Found 1 solutions so far... objective (minimize cycles): currently  (Cycles ~ 86.0, IPC ~ 0.56), bound  (Cycles ~ 65.0, IPC ~ 0.74)
2026-09-13 23:13:27,073 ntt512_ct3_A_window0 INFO [0.2083s]: Found 2 solutions so far... objective (minimize cycles): currently  (Cycles ~ 81.0, IPC ~ 0.59), bound  (Cycles ~ 66.0, IPC ~ 0.73)
2026-09-13 23:13:27,085 ntt512_ct3_A_window0 INFO [0.2195s]: Found 3 solutions so far... objective (minimize cycles): currently  (Cycles ~ 80.0, IPC ~ 0.60), bound  (Cycles ~ 66.0, IPC ~ 0.73)
2026-09-13 23:13:27,097 ntt512_ct3_A_window0 INFO [0.2317s]: Found 4 solutions so far... objective (minimize cycles): currently  (Cycles ~ 79.0, IPC ~ 0.61), bound  (Cycles ~ 66.0, IPC ~ 0.73)
2026-09-13 23:13:27,112 ntt512_ct3_A_window0 INFO [0.2466s]: Found 5 solutions so far... objective (minimize cycles): currently  (Cycles ~ 78.0, IPC ~ 0.62), bound  (Cycles ~ 66.0, IPC ~ 0.73)
2026-09-13 23:13:27,121 ntt512_ct3_A_window0 INFO [0.2560s]: Found 6 solutions so far... objective (minimize cycles): currently  (Cycles ~ 77.0, IPC ~ 0.62), bound  (Cycles ~ 66.0, IPC ~ 0.73)
2026-09-13 23:13:27,128 ntt512_ct3_A_window0 INFO [0.2627s]: Found 7 solutions so far... objective (minimize cycles): currently  (Cycles ~ 76.0, IPC ~ 0.63), bound  (Cycles ~ 66.0, IPC ~ 0.73)
2026-09-13 23:13:27,132 ntt512_ct3_A_window0 INFO [0.2671s]: Found 8 solutions so far... objective (minimize cycles): currently  (Cycles ~ 75.0, IPC ~ 0.64), bound  (Cycles ~ 66.0, IPC ~ 0.73)
2026-09-13 23:13:27,144 ntt512_ct3_A_window0 INFO [0.2791s]: Found 9 solutions so far... objective (minimize cycles): currently  (Cycles ~ 74.0, IPC ~ 0.65), bound  (Cycles ~ 66.0, IPC ~ 0.73)
2026-09-13 23:13:27,215 ntt512_ct3_A_window0 INFO [0.3494s]: Found 10 solutions so far... objective (minimize cycles): currently  (Cycles ~ 73.0, IPC ~ 0.66), bound  (Cycles ~ 66.0, IPC ~ 0.73)
2026-09-13 23:13:27,326 ntt512_ct3_A_window0 INFO OPTIMAL, wall time: 0.461118 s
2026-09-13 23:13:27,330 ntt512_ct3_A_window0 INFO Booleans in result: 410
2026-09-13 23:13:27,339 ntt512_ct3_A_window0.selfcheck INFO OK!
2026-09-13 23:13:27,347 ntt512_ct3_A_window0 WARNING LLVM (llvm-mc, llvm-nm, llvm-readobj) not found, disabling selftest. Consider installing LLVM.
2026-09-13 23:13:27,358 ntt512_ct3_A_window48 INFO Setting timeout of 8 seconds...
2026-09-13 23:13:27,370 ntt512_ct3_A_window48 INFO Objective: minimize cycles
2026-09-13 23:13:27,370 ntt512_ct3_A_window48 INFO Invoking external constraint solver (OR-Tools CP-SAT v9.15.6755) ...
2026-09-13 23:13:27,631 ntt512_ct3_A_window48 INFO [0.2607s]: Found 1 solutions so far... objective (minimize cycles): currently  (Cycles ~ 109.0, IPC ~ 0.44), bound  (Cycles ~ 78.0, IPC ~ 0.62)
2026-09-13 23:13:27,709 ntt512_ct3_A_window48 INFO [0.3382s]: Found 2 solutions so far... objective (minimize cycles): currently  (Cycles ~ 107.0, IPC ~ 0.45), bound  (Cycles ~ 78.0, IPC ~ 0.62)
2026-09-13 23:13:27,741 ntt512_ct3_A_window48 INFO [0.3708s]: Found 3 solutions so far... objective (minimize cycles): currently  (Cycles ~ 106.0, IPC ~ 0.45), bound  (Cycles ~ 78.0, IPC ~ 0.62)
2026-09-13 23:13:27,747 ntt512_ct3_A_window48 INFO [0.3772s]: Found 4 solutions so far... objective (minimize cycles): currently  (Cycles ~ 105.0, IPC ~ 0.46), bound  (Cycles ~ 78.0, IPC ~ 0.62)
2026-09-13 23:13:27,753 ntt512_ct3_A_window48 INFO [0.3829s]: Found 5 solutions so far... objective (minimize cycles): currently  (Cycles ~ 104.0, IPC ~ 0.46), bound  (Cycles ~ 78.0, IPC ~ 0.62)
2026-09-13 23:13:27,764 ntt512_ct3_A_window48 INFO [0.3937s]: Found 6 solutions so far... objective (minimize cycles): currently  (Cycles ~ 98.0, IPC ~ 0.49), bound  (Cycles ~ 78.0, IPC ~ 0.62)
2026-09-13 23:13:27,831 ntt512_ct3_A_window48 INFO [0.4612s]: Found 7 solutions so far... objective (minimize cycles): currently  (Cycles ~ 95.0, IPC ~ 0.51), bound  (Cycles ~ 78.0, IPC ~ 0.62)
2026-09-13 23:13:27,847 ntt512_ct3_A_window48 INFO [0.4769s]: Found 8 solutions so far... objective (minimize cycles): currently  (Cycles ~ 94.0, IPC ~ 0.51), bound  (Cycles ~ 78.0, IPC ~ 0.62)
2026-09-13 23:13:27,862 ntt512_ct3_A_window48 INFO [0.4917s]: Found 9 solutions so far... objective (minimize cycles): currently  (Cycles ~ 93.0, IPC ~ 0.52), bound  (Cycles ~ 78.0, IPC ~ 0.62)
2026-09-13 23:13:27,869 ntt512_ct3_A_window48 INFO [0.4984s]: Found 10 solutions so far... objective (minimize cycles): currently  (Cycles ~ 92.0, IPC ~ 0.52), bound  (Cycles ~ 78.0, IPC ~ 0.62)
2026-09-13 23:13:27,878 ntt512_ct3_A_window48 INFO [0.5079s]: Found 11 solutions so far... objective (minimize cycles): currently  (Cycles ~ 91.0, IPC ~ 0.53), bound  (Cycles ~ 82.0, IPC ~ 0.59)
2026-09-13 23:13:27,897 ntt512_ct3_A_window48 INFO [0.5264s]: Found 12 solutions so far... objective (minimize cycles): currently  (Cycles ~ 90.0, IPC ~ 0.53), bound  (Cycles ~ 82.0, IPC ~ 0.59)
2026-09-13 23:13:27,908 ntt512_ct3_A_window48 INFO [0.5378s]: Found 13 solutions so far... objective (minimize cycles): currently  (Cycles ~ 89.0, IPC ~ 0.54), bound  (Cycles ~ 82.0, IPC ~ 0.59)
2026-09-13 23:13:27,916 ntt512_ct3_A_window48 INFO [0.5452s]: Found 14 solutions so far... objective (minimize cycles): currently  (Cycles ~ 88.0, IPC ~ 0.55), bound  (Cycles ~ 82.0, IPC ~ 0.59)
2026-09-13 23:13:27,935 ntt512_ct3_A_window48 INFO OPTIMAL, wall time: 0.564610 s
2026-09-13 23:13:27,938 ntt512_ct3_A_window48 INFO Booleans in result: 566
2026-09-13 23:13:27,948 ntt512_ct3_A_window48.selfcheck INFO OK!
2026-09-13 23:13:27,957 ntt512_ct3_A_window48 WARNING LLVM (llvm-mc, llvm-nm, llvm-readobj) not found, disabling selftest. Consider installing LLVM.
2026-09-13 23:13:27,968 ntt512_ct3_A_window96 INFO Setting timeout of 8 seconds...
2026-09-13 23:13:27,980 ntt512_ct3_A_window96 INFO Objective: minimize cycles
2026-09-13 23:13:27,981 ntt512_ct3_A_window96 INFO Invoking external constraint solver (OR-Tools CP-SAT v9.15.6755) ...
2026-09-13 23:13:28,459 ntt512_ct3_A_window96 INFO [0.4782s]: Found 1 solutions so far... objective (minimize cycles): currently  (Cycles ~ 108.0, IPC ~ 0.44), bound  (Cycles ~ 102.0, IPC ~ 0.47)
2026-09-13 23:13:28,505 ntt512_ct3_A_window96 INFO [0.5243s]: Found 2 solutions so far... objective (minimize cycles): currently  (Cycles ~ 103.0, IPC ~ 0.47), bound  (Cycles ~ 102.0, IPC ~ 0.47)
2026-09-13 23:13:28,561 ntt512_ct3_A_window96 INFO OPTIMAL, wall time: 0.580493 s
2026-09-13 23:13:28,564 ntt512_ct3_A_window96 INFO Booleans in result: 575
2026-09-13 23:13:28,574 ntt512_ct3_A_window96.selfcheck INFO OK!
2026-09-13 23:13:28,583 ntt512_ct3_A_window96 WARNING LLVM (llvm-mc, llvm-nm, llvm-readobj) not found, disabling selftest. Consider installing LLVM.
2026-09-13 23:13:28,594 ntt512_ct3_A_window144 INFO Setting timeout of 8 seconds...
2026-09-13 23:13:28,607 ntt512_ct3_A_window144 INFO Objective: minimize cycles
2026-09-13 23:13:28,607 ntt512_ct3_A_window144 INFO Invoking external constraint solver (OR-Tools CP-SAT v9.15.6755) ...
2026-09-13 23:13:28,866 ntt512_ct3_A_window144 INFO [0.2583s]: Found 1 solutions so far... objective (minimize cycles): currently  (Cycles ~ 106.0, IPC ~ 0.45), bound  (Cycles ~ 97.0, IPC ~ 0.49)
2026-09-13 23:13:28,939 ntt512_ct3_A_window144 INFO [0.3315s]: Found 2 solutions so far... objective (minimize cycles): currently  (Cycles ~ 103.0, IPC ~ 0.47), bound  (Cycles ~ 97.0, IPC ~ 0.49)
2026-09-13 23:13:28,940 ntt512_ct3_A_window144 INFO [0.3325s]: Found 3 solutions so far... objective (minimize cycles): currently  (Cycles ~ 101.0, IPC ~ 0.48), bound  (Cycles ~ 97.0, IPC ~ 0.49)
2026-09-13 23:13:28,965 ntt512_ct3_A_window144 INFO [0.3576s]: Found 4 solutions so far... objective (minimize cycles): currently  (Cycles ~ 100.0, IPC ~ 0.48), bound  (Cycles ~ 97.0, IPC ~ 0.49)
2026-09-13 23:13:29,020 ntt512_ct3_A_window144 INFO [0.4124s]: Found 5 solutions so far... objective (minimize cycles): currently  (Cycles ~ 99.0, IPC ~ 0.48), bound  (Cycles ~ 97.0, IPC ~ 0.49)
2026-09-13 23:13:29,051 ntt512_ct3_A_window144 INFO [0.4437s]: Found 6 solutions so far... objective (minimize cycles): currently  (Cycles ~ 98.0, IPC ~ 0.49), bound  (Cycles ~ 97.0, IPC ~ 0.49)
2026-09-13 23:13:29,061 ntt512_ct3_A_window144 INFO OPTIMAL, wall time: 0.453290 s
2026-09-13 23:13:29,064 ntt512_ct3_A_window144 INFO Booleans in result: 605
2026-09-13 23:13:29,074 ntt512_ct3_A_window144.selfcheck INFO OK!
2026-09-13 23:13:29,083 ntt512_ct3_A_window144 WARNING LLVM (llvm-mc, llvm-nm, llvm-readobj) not found, disabling selftest. Consider installing LLVM.
2026-09-13 23:13:29,087 ntt512_ct3_A_window192 INFO Setting timeout of 8 seconds...
2026-09-13 23:13:29,088 ntt512_ct3_A_window192 INFO Objective: minimize cycles
2026-09-13 23:13:29,089 ntt512_ct3_A_window192 INFO Invoking external constraint solver (OR-Tools CP-SAT v9.15.6755) ...
2026-09-13 23:13:29,090 ntt512_ct3_A_window192 INFO [0.0009s]: Found 1 solutions so far... objective (minimize cycles): currently  (Cycles ~ 3.0, IPC ~ 1.00), bound  (Cycles ~ 3.0, IPC ~ 1.00)
2026-09-13 23:13:29,090 ntt512_ct3_A_window192 INFO Closer than 0 stalls to theoretical optimum... stop
2026-09-13 23:13:29,092 ntt512_ct3_A_window192 INFO OPTIMAL, wall time: 0.003111 s
2026-09-13 23:13:29,092 ntt512_ct3_A_window192 INFO Booleans in result: 6
2026-09-13 23:13:29,094 ntt512_ct3_A_window192.selfcheck INFO OK!
2026-09-13 23:13:29,095 ntt512_ct3_A_window192 WARNING LLVM (llvm-mc, llvm-nm, llvm-readobj) not found, disabling selftest. Consider installing LLVM.
2026-09-13 23:13:29,118 ntt512_ct3_B_seam_window0 INFO Setting timeout of 8 seconds...
2026-09-13 23:13:29,130 ntt512_ct3_B_seam_window0 INFO Objective: minimize cycles
2026-09-13 23:13:29,131 ntt512_ct3_B_seam_window0 INFO Invoking external constraint solver (OR-Tools CP-SAT v9.15.6755) ...
2026-09-13 23:13:29,396 ntt512_ct3_B_seam_window0 INFO [0.2657s]: Found 1 solutions so far... objective (minimize cycles): currently  (Cycles ~ 103.0, IPC ~ 0.47), bound  (Cycles ~ 102.0, IPC ~ 0.47)
2026-09-13 23:13:29,425 ntt512_ct3_B_seam_window0 INFO [0.2940s]: Found 2 solutions so far... objective (minimize cycles): currently  (Cycles ~ 102.0, IPC ~ 0.47), bound  (Cycles ~ 102.0, IPC ~ 0.47)
2026-09-13 23:13:29,425 ntt512_ct3_B_seam_window0 INFO Closer than 0 stalls to theoretical optimum... stop
2026-09-13 23:13:29,430 ntt512_ct3_B_seam_window0 INFO OPTIMAL, wall time: 0.298867 s
2026-09-13 23:13:29,433 ntt512_ct3_B_seam_window0 INFO Booleans in result: 552
2026-09-13 23:13:29,443 ntt512_ct3_B_seam_window0.selfcheck INFO OK!
2026-09-13 23:13:29,452 ntt512_ct3_B_seam_window0 WARNING LLVM (llvm-mc, llvm-nm, llvm-readobj) not found, disabling selftest. Consider installing LLVM.
2026-09-13 23:13:29,464 ntt512_ct3_B_seam_window48 INFO Setting timeout of 8 seconds...
2026-09-13 23:13:29,476 ntt512_ct3_B_seam_window48 INFO Objective: minimize cycles
2026-09-13 23:13:29,476 ntt512_ct3_B_seam_window48 INFO Invoking external constraint solver (OR-Tools CP-SAT v9.15.6755) ...
2026-09-13 23:13:29,822 ntt512_ct3_B_seam_window48 INFO [0.3455s]: Found 1 solutions so far... objective (minimize cycles): currently  (Cycles ~ 97.0, IPC ~ 0.49), bound  (Cycles ~ 97.0, IPC ~ 0.49)
2026-09-13 23:13:29,822 ntt512_ct3_B_seam_window48 INFO Closer than 0 stalls to theoretical optimum... stop
2026-09-13 23:13:29,828 ntt512_ct3_B_seam_window48 INFO OPTIMAL, wall time: 0.351888 s
2026-09-13 23:13:29,831 ntt512_ct3_B_seam_window48 INFO Booleans in result: 626
2026-09-13 23:13:29,841 ntt512_ct3_B_seam_window48.selfcheck INFO OK!
2026-09-13 23:13:29,850 ntt512_ct3_B_seam_window48 WARNING LLVM (llvm-mc, llvm-nm, llvm-readobj) not found, disabling selftest. Consider installing LLVM.
2026-09-13 23:13:29,884 ntt512_ct3_B_seam_window96 INFO Setting timeout of 8 seconds...
2026-09-13 23:13:29,895 ntt512_ct3_B_seam_window96 INFO Objective: minimize cycles
2026-09-13 23:13:29,896 ntt512_ct3_B_seam_window96 INFO Invoking external constraint solver (OR-Tools CP-SAT v9.15.6755) ...
2026-09-13 23:13:29,986 ntt512_ct3_B_seam_window96 INFO [0.0906s]: Found 1 solutions so far... objective (minimize cycles): currently  (Cycles ~ 73.0, IPC ~ 0.66), bound  (Cycles ~ 66.0, IPC ~ 0.73)
2026-09-13 23:13:30,096 ntt512_ct3_B_seam_window96 INFO OPTIMAL, wall time: 0.200461 s
2026-09-13 23:13:30,099 ntt512_ct3_B_seam_window96 INFO Booleans in result: 345
2026-09-13 23:13:30,109 ntt512_ct3_B_seam_window96.selfcheck INFO OK!
2026-09-13 23:13:30,117 ntt512_ct3_B_seam_window96 WARNING LLVM (llvm-mc, llvm-nm, llvm-readobj) not found, disabling selftest. Consider installing LLVM.
2026-09-13 23:13:30,126 ntt512_ct3_B_seam_window144.dataflow WARNING The result registers ['q1'] of instruction 1:[fndsa_op00104 q1, q7] are neither used nor declared as global outputs.
2026-09-13 23:13:30,126 ntt512_ct3_B_seam_window144.dataflow WARNING Ignoring this as requested by `config.allow_useless_instructions`!
2026-09-13 23:13:30,128 ntt512_ct3_B_seam_window144 INFO Setting timeout of 8 seconds...
2026-09-13 23:13:30,140 ntt512_ct3_B_seam_window144 INFO Objective: minimize cycles
2026-09-13 23:13:30,140 ntt512_ct3_B_seam_window144 INFO Invoking external constraint solver (OR-Tools CP-SAT v9.15.6755) ...
2026-09-13 23:13:30,470 ntt512_ct3_B_seam_window144 INFO [0.3291s]: Found 1 solutions so far... objective (minimize cycles): currently  (Cycles ~ 88.0, IPC ~ 0.55), bound  (Cycles ~ 74.0, IPC ~ 0.65)
2026-09-13 23:13:30,532 ntt512_ct3_B_seam_window144 INFO [0.3916s]: Found 2 solutions so far... objective (minimize cycles): currently  (Cycles ~ 86.0, IPC ~ 0.56), bound  (Cycles ~ 76.0, IPC ~ 0.63)
2026-09-13 23:13:30,655 ntt512_ct3_B_seam_window144 INFO OPTIMAL, wall time: 0.514205 s
2026-09-13 23:13:30,658 ntt512_ct3_B_seam_window144 INFO Booleans in result: 541
2026-09-13 23:13:30,665 ntt512_ct3_B_seam_window144.selfcheck.dfg_old WARNING The result registers ['q1'] of instruction 1:[fndsa_op00104 q1, q7] are neither used nor declared as global outputs.
2026-09-13 23:13:30,665 ntt512_ct3_B_seam_window144.selfcheck.dfg_old WARNING Ignoring this as requested by `config.allow_useless_instructions`!
2026-09-13 23:13:30,668 ntt512_ct3_B_seam_window144.selfcheck.dfg_new WARNING The result registers ['q1'] of instruction 1:[fndsa_op00104 q1, q7] are neither used nor declared as global outputs.
2026-09-13 23:13:30,668 ntt512_ct3_B_seam_window144.selfcheck.dfg_new WARNING Ignoring this as requested by `config.allow_useless_instructions`!
2026-09-13 23:13:30,669 ntt512_ct3_B_seam_window144.selfcheck INFO OK!
2026-09-13 23:13:30,673 ntt512_ct3_B_seam_window144.fixup.dfg_old WARNING The result registers ['q1'] of instruction 1:[fndsa_op00104 q1, q7] are neither used nor declared as global outputs.
2026-09-13 23:13:30,673 ntt512_ct3_B_seam_window144.fixup.dfg_old WARNING Ignoring this as requested by `config.allow_useless_instructions`!
2026-09-13 23:13:30,677 ntt512_ct3_B_seam_window144.fixup.dfg_new WARNING The result registers ['q1'] of instruction 1:[fndsa_op00104 q1, q7] are neither used nor declared as global outputs.
2026-09-13 23:13:30,678 ntt512_ct3_B_seam_window144.fixup.dfg_new WARNING Ignoring this as requested by `config.allow_useless_instructions`!
2026-09-13 23:13:30,678 ntt512_ct3_B_seam_window144 WARNING LLVM (llvm-mc, llvm-nm, llvm-readobj) not found, disabling selftest. Consider installing LLVM.
2026-09-13 23:13:30,683 ntt512_ct3_B_seam_window192 INFO Setting timeout of 8 seconds...
2026-09-13 23:13:30,684 ntt512_ct3_B_seam_window192 INFO Objective: minimize cycles
2026-09-13 23:13:30,685 ntt512_ct3_B_seam_window192 INFO Invoking external constraint solver (OR-Tools CP-SAT v9.15.6755) ...
2026-09-13 23:13:30,686 ntt512_ct3_B_seam_window192 INFO [0.0013s]: Found 1 solutions so far... objective (minimize cycles): currently  (Cycles ~ 5.0, IPC ~ 0.60), bound  (Cycles ~ 5.0, IPC ~ 0.60)
2026-09-13 23:13:30,686 ntt512_ct3_B_seam_window192 INFO Closer than 0 stalls to theoretical optimum... stop
2026-09-13 23:13:30,688 ntt512_ct3_B_seam_window192 INFO OPTIMAL, wall time: 0.003478 s
2026-09-13 23:13:30,689 ntt512_ct3_B_seam_window192 INFO Booleans in result: 8
2026-09-13 23:13:30,691 ntt512_ct3_B_seam_window192.selfcheck INFO OK!
2026-09-13 23:13:30,693 ntt512_ct3_B_seam_window192 WARNING LLVM (llvm-mc, llvm-nm, llvm-readobj) not found, disabling selftest. Consider installing LLVM.
2026-09-13 23:13:30,730 ntt512_ct2_packed_A_window0 INFO Setting timeout of 8 seconds...
2026-09-13 23:13:30,737 ntt512_ct2_packed_A_window0 INFO Objective: minimize cycles
2026-09-13 23:13:30,738 ntt512_ct2_packed_A_window0 INFO Invoking external constraint solver (OR-Tools CP-SAT v9.15.6755) ...
2026-09-13 23:13:30,752 ntt512_ct2_packed_A_window0 INFO [0.0143s]: Found 1 solutions so far... objective (minimize cycles): currently  (Cycles ~ 55.0, IPC ~ 0.87), bound  (Cycles ~ 48.0, IPC ~ 1.00)
2026-09-13 23:13:30,754 ntt512_ct2_packed_A_window0 INFO [0.0159s]: Found 2 solutions so far... objective (minimize cycles): currently  (Cycles ~ 53.0, IPC ~ 0.91), bound  (Cycles ~ 48.0, IPC ~ 1.00)
2026-09-13 23:13:30,757 ntt512_ct2_packed_A_window0 INFO [0.0194s]: Found 3 solutions so far... objective (minimize cycles): currently  (Cycles ~ 48.0, IPC ~ 1.00), bound  (Cycles ~ 48.0, IPC ~ 1.00)
2026-09-13 23:13:30,757 ntt512_ct2_packed_A_window0 INFO Closer than 0 stalls to theoretical optimum... stop
2026-09-13 23:13:30,762 ntt512_ct2_packed_A_window0 INFO OPTIMAL, wall time: 0.023624 s
2026-09-13 23:13:30,764 ntt512_ct2_packed_A_window0 INFO Booleans in result: 1
2026-09-13 23:13:30,772 ntt512_ct2_packed_A_window0.selfcheck INFO OK!
2026-09-13 23:13:30,780 ntt512_ct2_packed_A_window0 WARNING LLVM (llvm-mc, llvm-nm, llvm-readobj) not found, disabling selftest. Consider installing LLVM.
2026-09-13 23:13:30,790 ntt512_ct2_packed_A_window48 INFO Setting timeout of 8 seconds...
2026-09-13 23:13:30,800 ntt512_ct2_packed_A_window48 INFO Objective: minimize cycles
2026-09-13 23:13:30,800 ntt512_ct2_packed_A_window48 INFO Invoking external constraint solver (OR-Tools CP-SAT v9.15.6755) ...
2026-09-13 23:13:31,057 ntt512_ct2_packed_A_window48 INFO [0.2568s]: Found 1 solutions so far... objective (minimize cycles): currently  (Cycles ~ 90.0, IPC ~ 0.53), bound  (Cycles ~ 79.0, IPC ~ 0.61)
2026-09-13 23:13:31,148 ntt512_ct2_packed_A_window48 INFO [0.3478s]: Found 2 solutions so far... objective (minimize cycles): currently  (Cycles ~ 89.0, IPC ~ 0.54), bound  (Cycles ~ 81.0, IPC ~ 0.59)
2026-09-13 23:13:31,175 ntt512_ct2_packed_A_window48 INFO [0.3746s]: Found 3 solutions so far... objective (minimize cycles): currently  (Cycles ~ 88.0, IPC ~ 0.55), bound  (Cycles ~ 81.0, IPC ~ 0.59)
2026-09-13 23:13:31,188 ntt512_ct2_packed_A_window48 INFO [0.3876s]: Found 4 solutions so far... objective (minimize cycles): currently  (Cycles ~ 87.0, IPC ~ 0.55), bound  (Cycles ~ 81.0, IPC ~ 0.59)
2026-09-13 23:13:31,200 ntt512_ct2_packed_A_window48 INFO [0.4003s]: Found 5 solutions so far... objective (minimize cycles): currently  (Cycles ~ 86.0, IPC ~ 0.56), bound  (Cycles ~ 81.0, IPC ~ 0.59)
2026-09-13 23:13:31,224 ntt512_ct2_packed_A_window48 INFO [0.4241s]: Found 6 solutions so far... objective (minimize cycles): currently  (Cycles ~ 85.0, IPC ~ 0.56), bound  (Cycles ~ 82.0, IPC ~ 0.59)
2026-09-13 23:13:31,298 ntt512_ct2_packed_A_window48 INFO [0.4975s]: Found 7 solutions so far... objective (minimize cycles): currently  (Cycles ~ 84.0, IPC ~ 0.57), bound  (Cycles ~ 82.0, IPC ~ 0.59)
2026-09-13 23:13:31,495 ntt512_ct2_packed_A_window48 INFO OPTIMAL, wall time: 0.694586 s
2026-09-13 23:13:31,497 ntt512_ct2_packed_A_window48 INFO Booleans in result: 426
2026-09-13 23:13:31,507 ntt512_ct2_packed_A_window48.selfcheck INFO OK!
2026-09-13 23:13:31,517 ntt512_ct2_packed_A_window48 WARNING LLVM (llvm-mc, llvm-nm, llvm-readobj) not found, disabling selftest. Consider installing LLVM.
2026-09-13 23:13:31,524 ntt512_ct2_packed_A_window96 INFO Setting timeout of 8 seconds...
2026-09-13 23:13:31,529 ntt512_ct2_packed_A_window96 INFO Objective: minimize cycles
2026-09-13 23:13:31,530 ntt512_ct2_packed_A_window96 INFO Invoking external constraint solver (OR-Tools CP-SAT v9.15.6755) ...
2026-09-13 23:13:31,575 ntt512_ct2_packed_A_window96 INFO [0.0448s]: Found 1 solutions so far... objective (minimize cycles): currently  (Cycles ~ 52.0, IPC ~ 0.44), bound  (Cycles ~ 48.0, IPC ~ 0.48)
2026-09-13 23:13:31,576 ntt512_ct2_packed_A_window96 INFO [0.0462s]: Found 2 solutions so far... objective (minimize cycles): currently  (Cycles ~ 49.0, IPC ~ 0.47), bound  (Cycles ~ 48.0, IPC ~ 0.48)
2026-09-13 23:13:31,579 ntt512_ct2_packed_A_window96 INFO OPTIMAL, wall time: 0.048940 s
2026-09-13 23:13:31,580 ntt512_ct2_packed_A_window96 INFO Booleans in result: 111
2026-09-13 23:13:31,586 ntt512_ct2_packed_A_window96.selfcheck INFO OK!
2026-09-13 23:13:31,591 ntt512_ct2_packed_A_window96 WARNING LLVM (llvm-mc, llvm-nm, llvm-readobj) not found, disabling selftest. Consider installing LLVM.
2026-09-13 23:13:31,609 ntt512_ct2_packed_B_seam_window0 INFO Setting timeout of 8 seconds...
2026-09-13 23:13:31,619 ntt512_ct2_packed_B_seam_window0 INFO Objective: minimize cycles
2026-09-13 23:13:31,620 ntt512_ct2_packed_B_seam_window0 INFO Invoking external constraint solver (OR-Tools CP-SAT v9.15.6755) ...
2026-09-13 23:13:32,003 ntt512_ct2_packed_B_seam_window0 INFO [0.3835s]: Found 1 solutions so far... objective (minimize cycles): currently  (Cycles ~ 101.0, IPC ~ 0.48), bound  (Cycles ~ 95.0, IPC ~ 0.51)
2026-09-13 23:13:32,027 ntt512_ct2_packed_B_seam_window0 INFO [0.4070s]: Found 2 solutions so far... objective (minimize cycles): currently  (Cycles ~ 97.0, IPC ~ 0.49), bound  (Cycles ~ 95.0, IPC ~ 0.51)
2026-09-13 23:13:32,083 ntt512_ct2_packed_B_seam_window0 INFO [0.4629s]: Found 3 solutions so far... objective (minimize cycles): currently  (Cycles ~ 96.0, IPC ~ 0.50), bound  (Cycles ~ 95.0, IPC ~ 0.51)
2026-09-13 23:13:32,204 ntt512_ct2_packed_B_seam_window0 INFO [0.5843s]: Found 4 solutions so far... objective (minimize cycles): currently  (Cycles ~ 95.0, IPC ~ 0.51), bound  (Cycles ~ 95.0, IPC ~ 0.51)
2026-09-13 23:13:32,204 ntt512_ct2_packed_B_seam_window0 INFO Closer than 0 stalls to theoretical optimum... stop
2026-09-13 23:13:32,208 ntt512_ct2_packed_B_seam_window0 INFO OPTIMAL, wall time: 0.587768 s
2026-09-13 23:13:32,210 ntt512_ct2_packed_B_seam_window0 INFO Booleans in result: 491
2026-09-13 23:13:32,221 ntt512_ct2_packed_B_seam_window0.selfcheck INFO OK!
2026-09-13 23:13:32,230 ntt512_ct2_packed_B_seam_window0 WARNING LLVM (llvm-mc, llvm-nm, llvm-readobj) not found, disabling selftest. Consider installing LLVM.
2026-09-13 23:13:32,240 ntt512_ct2_packed_B_seam_window48 INFO Setting timeout of 8 seconds...
2026-09-13 23:13:32,250 ntt512_ct2_packed_B_seam_window48 INFO Objective: minimize cycles
2026-09-13 23:13:32,250 ntt512_ct2_packed_B_seam_window48 INFO Invoking external constraint solver (OR-Tools CP-SAT v9.15.6755) ...
2026-09-13 23:13:32,340 ntt512_ct2_packed_B_seam_window48 INFO [0.0896s]: Found 1 solutions so far... objective (minimize cycles): currently  (Cycles ~ 60.0, IPC ~ 0.80), bound  (Cycles ~ 48.0, IPC ~ 1.00)
2026-09-13 23:13:32,350 ntt512_ct2_packed_B_seam_window48 INFO [0.0989s]: Found 2 solutions so far... objective (minimize cycles): currently  (Cycles ~ 58.0, IPC ~ 0.83), bound  (Cycles ~ 48.0, IPC ~ 1.00)
2026-09-13 23:13:32,358 ntt512_ct2_packed_B_seam_window48 INFO [0.1074s]: Found 3 solutions so far... objective (minimize cycles): currently  (Cycles ~ 57.0, IPC ~ 0.84), bound  (Cycles ~ 48.0, IPC ~ 1.00)
2026-09-13 23:13:32,361 ntt512_ct2_packed_B_seam_window48 INFO OPTIMAL, wall time: 0.110556 s
2026-09-13 23:13:32,364 ntt512_ct2_packed_B_seam_window48 INFO Booleans in result: 195
2026-09-13 23:13:32,373 ntt512_ct2_packed_B_seam_window48.selfcheck INFO OK!
2026-09-13 23:13:32,381 ntt512_ct2_packed_B_seam_window48 WARNING LLVM (llvm-mc, llvm-nm, llvm-readobj) not found, disabling selftest. Consider installing LLVM.
2026-09-13 23:13:32,388 ntt512_ct2_packed_B_seam_window96 INFO Setting timeout of 8 seconds...
2026-09-13 23:13:32,392 ntt512_ct2_packed_B_seam_window96 INFO Objective: minimize cycles
2026-09-13 23:13:32,393 ntt512_ct2_packed_B_seam_window96 INFO Invoking external constraint solver (OR-Tools CP-SAT v9.15.6755) ...
2026-09-13 23:13:32,400 ntt512_ct2_packed_B_seam_window96 INFO [0.0070s]: Found 1 solutions so far... objective (minimize cycles): currently  (Cycles ~ 27.0, IPC ~ 0.85), bound  (Cycles ~ 23.0, IPC ~ 1.00)
2026-09-13 23:13:32,401 ntt512_ct2_packed_B_seam_window96 INFO [0.0081s]: Found 2 solutions so far... objective (minimize cycles): currently  (Cycles ~ 26.0, IPC ~ 0.88), bound  (Cycles ~ 23.0, IPC ~ 1.00)
2026-09-13 23:13:32,401 ntt512_ct2_packed_B_seam_window96 INFO [0.0086s]: Found 3 solutions so far... objective (minimize cycles): currently  (Cycles ~ 25.0, IPC ~ 0.92), bound  (Cycles ~ 23.0, IPC ~ 1.00)
2026-09-13 23:13:32,404 ntt512_ct2_packed_B_seam_window96 INFO [0.0117s]: Found 4 solutions so far... objective (minimize cycles): currently  (Cycles ~ 24.0, IPC ~ 0.96), bound  (Cycles ~ 23.0, IPC ~ 1.00)
2026-09-13 23:13:32,406 ntt512_ct2_packed_B_seam_window96 INFO [0.0131s]: Found 5 solutions so far... objective (minimize cycles): currently  (Cycles ~ 23.0, IPC ~ 1.00), bound  (Cycles ~ 23.0, IPC ~ 1.00)
2026-09-13 23:13:32,406 ntt512_ct2_packed_B_seam_window96 INFO Closer than 0 stalls to theoretical optimum... stop
2026-09-13 23:13:32,408 ntt512_ct2_packed_B_seam_window96 INFO OPTIMAL, wall time: 0.015574 s
2026-09-13 23:13:32,410 ntt512_ct2_packed_B_seam_window96 INFO Booleans in result: 21
2026-09-13 23:13:32,415 ntt512_ct2_packed_B_seam_window96.selfcheck INFO OK!
2026-09-13 23:13:32,420 ntt512_ct2_packed_B_seam_window96 WARNING LLVM (llvm-mc, llvm-nm, llvm-readobj) not found, disabling selftest. Consider installing LLVM.
2026-09-13 23:13:32,449 ntt_shared_final2_A INFO Setting timeout of 8 seconds...
2026-09-13 23:13:32,465 ntt_shared_final2_A INFO Objective: minimize cycles
2026-09-13 23:13:32,465 ntt_shared_final2_A INFO Invoking external constraint solver (OR-Tools CP-SAT v9.15.6755) ...
2026-09-13 23:13:35,251 ntt_shared_final2_A INFO [2.7852s]: Found 1 solutions so far... objective (minimize cycles): currently  (Cycles ~ 141.0, IPC ~ 0.38), bound  (Cycles ~ 131.0, IPC ~ 0.41)
2026-09-13 23:13:35,299 ntt_shared_final2_A INFO [2.8335s]: Found 2 solutions so far... objective (minimize cycles): currently  (Cycles ~ 140.0, IPC ~ 0.39), bound  (Cycles ~ 131.0, IPC ~ 0.41)
2026-09-13 23:13:35,395 ntt_shared_final2_A INFO [2.9297s]: Found 3 solutions so far... objective (minimize cycles): currently  (Cycles ~ 139.0, IPC ~ 0.39), bound  (Cycles ~ 131.0, IPC ~ 0.41)
2026-09-13 23:13:35,707 ntt_shared_final2_A INFO [3.2411s]: Found 4 solutions so far... objective (minimize cycles): currently  (Cycles ~ 138.0, IPC ~ 0.39), bound  (Cycles ~ 131.0, IPC ~ 0.41)
2026-09-13 23:13:36,665 ntt_shared_final2_A INFO [4.1992s]: Found 5 solutions so far... objective (minimize cycles): currently  (Cycles ~ 137.0, IPC ~ 0.39), bound  (Cycles ~ 131.0, IPC ~ 0.41)
2026-09-13 23:13:37,761 ntt_shared_final2_A INFO OPTIMAL, wall time: 5.295125 s
2026-09-13 23:13:37,764 ntt_shared_final2_A INFO Booleans in result: 2725
2026-09-13 23:13:37,775 ntt_shared_final2_A.selfcheck INFO OK!
2026-09-13 23:13:37,807 ntt_shared_final2_A WARNING LLVM (llvm-mc, llvm-nm, llvm-readobj) not found, disabling selftest. Consider installing LLVM.
2026-09-13 23:13:37,822 ntt_shared_final2_B_seam INFO Setting timeout of 8 seconds...
2026-09-13 23:13:37,837 ntt_shared_final2_B_seam INFO Objective: minimize cycles
2026-09-13 23:13:37,838 ntt_shared_final2_B_seam INFO Invoking external constraint solver (OR-Tools CP-SAT v9.15.6755) ...
2026-09-13 23:13:38,915 ntt_shared_final2_B_seam INFO [1.0769s]: Found 1 solutions so far... objective (minimize cycles): currently  (Cycles ~ 140.0, IPC ~ 0.39), bound  (Cycles ~ 135.0, IPC ~ 0.40)
2026-09-13 23:13:38,957 ntt_shared_final2_B_seam INFO [1.1188s]: Found 2 solutions so far... objective (minimize cycles): currently  (Cycles ~ 139.0, IPC ~ 0.39), bound  (Cycles ~ 137.0, IPC ~ 0.39)
2026-09-13 23:13:38,983 ntt_shared_final2_B_seam INFO [1.1452s]: Found 3 solutions so far... objective (minimize cycles): currently  (Cycles ~ 138.0, IPC ~ 0.39), bound  (Cycles ~ 137.0, IPC ~ 0.39)
2026-09-13 23:13:39,004 ntt_shared_final2_B_seam INFO OPTIMAL, wall time: 1.166184 s
2026-09-13 23:13:39,008 ntt_shared_final2_B_seam INFO Booleans in result: 1065
2026-09-13 23:13:39,019 ntt_shared_final2_B_seam.selfcheck INFO OK!
2026-09-13 23:13:39,030 ntt_shared_final2_B_seam WARNING LLVM (llvm-mc, llvm-nm, llvm-readobj) not found, disabling selftest. Consider installing LLVM.
2026-09-13 23:13:39,055 intt_shared_first2_A INFO Setting timeout of 8 seconds...
2026-09-13 23:13:39,076 intt_shared_first2_A INFO Objective: minimize cycles
2026-09-13 23:13:39,076 intt_shared_first2_A INFO Invoking external constraint solver (OR-Tools CP-SAT v9.15.6755) ...
2026-09-13 23:13:42,271 intt_shared_first2_A INFO [3.1942s]: Found 1 solutions so far... objective (minimize cycles): currently  (Cycles ~ 179.0, IPC ~ 0.37), bound  (Cycles ~ 149.0, IPC ~ 0.44)
2026-09-13 23:13:42,323 intt_shared_first2_A INFO [3.2466s]: Found 2 solutions so far... objective (minimize cycles): currently  (Cycles ~ 178.0, IPC ~ 0.37), bound  (Cycles ~ 149.0, IPC ~ 0.44)
2026-09-13 23:13:42,343 intt_shared_first2_A INFO [3.2665s]: Found 3 solutions so far... objective (minimize cycles): currently  (Cycles ~ 177.0, IPC ~ 0.37), bound  (Cycles ~ 149.0, IPC ~ 0.44)
2026-09-13 23:13:42,419 intt_shared_first2_A INFO [3.3428s]: Found 4 solutions so far... objective (minimize cycles): currently  (Cycles ~ 176.0, IPC ~ 0.38), bound  (Cycles ~ 149.0, IPC ~ 0.44)
2026-09-13 23:13:42,470 intt_shared_first2_A INFO [3.3931s]: Found 5 solutions so far... objective (minimize cycles): currently  (Cycles ~ 175.0, IPC ~ 0.38), bound  (Cycles ~ 149.0, IPC ~ 0.44)
2026-09-13 23:13:42,489 intt_shared_first2_A INFO [3.4126s]: Found 6 solutions so far... objective (minimize cycles): currently  (Cycles ~ 174.0, IPC ~ 0.38), bound  (Cycles ~ 149.0, IPC ~ 0.44)
2026-09-13 23:13:42,547 intt_shared_first2_A INFO [3.4703s]: Found 7 solutions so far... objective (minimize cycles): currently  (Cycles ~ 173.0, IPC ~ 0.38), bound  (Cycles ~ 149.0, IPC ~ 0.44)
2026-09-13 23:13:42,585 intt_shared_first2_A INFO [3.5082s]: Found 8 solutions so far... objective (minimize cycles): currently  (Cycles ~ 172.0, IPC ~ 0.38), bound  (Cycles ~ 149.0, IPC ~ 0.44)
2026-09-13 23:13:42,640 intt_shared_first2_A INFO [3.5637s]: Found 9 solutions so far... objective (minimize cycles): currently  (Cycles ~ 171.0, IPC ~ 0.39), bound  (Cycles ~ 149.0, IPC ~ 0.44)
2026-09-13 23:13:42,687 intt_shared_first2_A INFO [3.6109s]: Found 10 solutions so far... objective (minimize cycles): currently  (Cycles ~ 170.0, IPC ~ 0.39), bound  (Cycles ~ 149.0, IPC ~ 0.44)
2026-09-13 23:13:42,812 intt_shared_first2_A INFO [3.7359s]: Found 11 solutions so far... objective (minimize cycles): currently  (Cycles ~ 169.0, IPC ~ 0.39), bound  (Cycles ~ 149.0, IPC ~ 0.44)
2026-09-13 23:13:42,863 intt_shared_first2_A INFO [3.7865s]: Found 12 solutions so far... objective (minimize cycles): currently  (Cycles ~ 164.0, IPC ~ 0.40), bound  (Cycles ~ 149.0, IPC ~ 0.44)
2026-09-13 23:13:43,122 intt_shared_first2_A INFO [4.0455s]: Found 13 solutions so far... objective (minimize cycles): currently  (Cycles ~ 161.0, IPC ~ 0.41), bound  (Cycles ~ 149.0, IPC ~ 0.44)
2026-09-13 23:13:43,232 intt_shared_first2_A INFO [4.1553s]: Found 14 solutions so far... objective (minimize cycles): currently  (Cycles ~ 160.0, IPC ~ 0.41), bound  (Cycles ~ 149.0, IPC ~ 0.44)
2026-09-13 23:13:43,624 intt_shared_first2_A INFO [4.5481s]: Found 15 solutions so far... objective (minimize cycles): currently  (Cycles ~ 156.0, IPC ~ 0.42), bound  (Cycles ~ 149.0, IPC ~ 0.44)
2026-09-13 23:13:44,286 intt_shared_first2_A INFO [5.2093s]: Found 16 solutions so far... objective (minimize cycles): currently  (Cycles ~ 155.0, IPC ~ 0.43), bound  (Cycles ~ 150.0, IPC ~ 0.44)
2026-09-13 23:13:44,362 intt_shared_first2_A INFO [5.2859s]: Found 17 solutions so far... objective (minimize cycles): currently  (Cycles ~ 154.0, IPC ~ 0.43), bound  (Cycles ~ 151.0, IPC ~ 0.44)
2026-09-13 23:13:47,082 intt_shared_first2_A INFO FEASIBLE, wall time: 8.005816 s
2026-09-13 23:13:47,086 intt_shared_first2_A INFO Booleans in result: 1796
2026-09-13 23:13:47,100 intt_shared_first2_A.selfcheck INFO OK!
2026-09-13 23:13:47,113 intt_shared_first2_A WARNING LLVM (llvm-mc, llvm-nm, llvm-readobj) not found, disabling selftest. Consider installing LLVM.
2026-09-13 23:13:47,131 intt_shared_first2_B_seam INFO Setting timeout of 8 seconds...
2026-09-13 23:13:47,152 intt_shared_first2_B_seam INFO Objective: minimize cycles
2026-09-13 23:13:47,152 intt_shared_first2_B_seam INFO Invoking external constraint solver (OR-Tools CP-SAT v9.15.6755) ...
2026-09-13 23:13:53,046 intt_shared_first2_B_seam INFO [5.8932s]: Found 1 solutions so far... objective (minimize cycles): currently  (Cycles ~ 243.0, IPC ~ 0.27), bound  (Cycles ~ 152.0, IPC ~ 0.43)
2026-09-13 23:13:53,379 intt_shared_first2_B_seam INFO [6.2262s]: Found 2 solutions so far... objective (minimize cycles): currently  (Cycles ~ 231.0, IPC ~ 0.29), bound  (Cycles ~ 152.0, IPC ~ 0.43)
2026-09-13 23:13:53,505 intt_shared_first2_B_seam INFO [6.3528s]: Found 3 solutions so far... objective (minimize cycles): currently  (Cycles ~ 230.0, IPC ~ 0.29), bound  (Cycles ~ 152.0, IPC ~ 0.43)
2026-09-13 23:13:53,546 intt_shared_first2_B_seam INFO [6.3933s]: Found 4 solutions so far... objective (minimize cycles): currently  (Cycles ~ 228.0, IPC ~ 0.29), bound  (Cycles ~ 152.0, IPC ~ 0.43)
2026-09-13 23:13:53,600 intt_shared_first2_B_seam INFO [6.4479s]: Found 5 solutions so far... objective (minimize cycles): currently  (Cycles ~ 224.0, IPC ~ 0.29), bound  (Cycles ~ 152.0, IPC ~ 0.43)
2026-09-13 23:13:53,694 intt_shared_first2_B_seam INFO [6.5419s]: Found 6 solutions so far... objective (minimize cycles): currently  (Cycles ~ 169.0, IPC ~ 0.39), bound  (Cycles ~ 152.0, IPC ~ 0.43)
2026-09-13 23:13:54,138 intt_shared_first2_B_seam INFO [6.9854s]: Found 7 solutions so far... objective (minimize cycles): currently  (Cycles ~ 167.0, IPC ~ 0.40), bound  (Cycles ~ 152.0, IPC ~ 0.43)
2026-09-13 23:13:54,155 intt_shared_first2_B_seam INFO [7.0022s]: Found 8 solutions so far... objective (minimize cycles): currently  (Cycles ~ 164.0, IPC ~ 0.40), bound  (Cycles ~ 152.0, IPC ~ 0.43)
2026-09-13 23:13:54,241 intt_shared_first2_B_seam INFO [7.0883s]: Found 9 solutions so far... objective (minimize cycles): currently  (Cycles ~ 159.0, IPC ~ 0.42), bound  (Cycles ~ 152.0, IPC ~ 0.43)
2026-09-13 23:13:54,322 intt_shared_first2_B_seam INFO [7.1698s]: Found 10 solutions so far... objective (minimize cycles): currently  (Cycles ~ 156.0, IPC ~ 0.42), bound  (Cycles ~ 153.0, IPC ~ 0.43)
2026-09-13 23:13:54,521 intt_shared_first2_B_seam INFO [7.3682s]: Found 11 solutions so far... objective (minimize cycles): currently  (Cycles ~ 154.0, IPC ~ 0.43), bound  (Cycles ~ 154.0, IPC ~ 0.43)
2026-09-13 23:13:54,521 intt_shared_first2_B_seam INFO Closer than 0 stalls to theoretical optimum... stop
2026-09-13 23:13:54,528 intt_shared_first2_B_seam INFO OPTIMAL, wall time: 7.375738 s
2026-09-13 23:13:54,532 intt_shared_first2_B_seam INFO Booleans in result: 3840
2026-09-13 23:13:54,546 intt_shared_first2_B_seam.selfcheck INFO OK!
2026-09-13 23:13:54,558 intt_shared_first2_B_seam WARNING LLVM (llvm-mc, llvm-nm, llvm-readobj) not found, disabling selftest. Consider installing LLVM.
2026-09-13 23:13:54,582 intt512_gs2_packed_A_window0 INFO Setting timeout of 8 seconds...
2026-09-13 23:13:54,591 intt512_gs2_packed_A_window0 INFO Objective: minimize cycles
2026-09-13 23:13:54,591 intt512_gs2_packed_A_window0 INFO Invoking external constraint solver (OR-Tools CP-SAT v9.15.6755) ...
2026-09-13 23:13:54,625 intt512_gs2_packed_A_window0 INFO [0.0338s]: Found 1 solutions so far... objective (minimize cycles): currently  (Cycles ~ 69.0, IPC ~ 0.70), bound  (Cycles ~ 48.0, IPC ~ 1.00)
2026-09-13 23:13:54,630 intt512_gs2_packed_A_window0 INFO [0.0385s]: Found 2 solutions so far... objective (minimize cycles): currently  (Cycles ~ 66.0, IPC ~ 0.73), bound  (Cycles ~ 48.0, IPC ~ 1.00)
2026-09-13 23:13:54,633 intt512_gs2_packed_A_window0 INFO [0.0411s]: Found 3 solutions so far... objective (minimize cycles): currently  (Cycles ~ 65.0, IPC ~ 0.74), bound  (Cycles ~ 48.0, IPC ~ 1.00)
2026-09-13 23:13:54,647 intt512_gs2_packed_A_window0 INFO [0.0555s]: Found 4 solutions so far... objective (minimize cycles): currently  (Cycles ~ 64.0, IPC ~ 0.75), bound  (Cycles ~ 49.0, IPC ~ 0.98)
2026-09-13 23:13:54,648 intt512_gs2_packed_A_window0 INFO [0.0566s]: Found 5 solutions so far... objective (minimize cycles): currently  (Cycles ~ 62.0, IPC ~ 0.77), bound  (Cycles ~ 49.0, IPC ~ 0.98)
2026-09-13 23:13:54,652 intt512_gs2_packed_A_window0 INFO [0.0603s]: Found 6 solutions so far... objective (minimize cycles): currently  (Cycles ~ 61.0, IPC ~ 0.79), bound  (Cycles ~ 49.0, IPC ~ 0.98)
2026-09-13 23:13:54,655 intt512_gs2_packed_A_window0 INFO [0.0638s]: Found 7 solutions so far... objective (minimize cycles): currently  (Cycles ~ 60.0, IPC ~ 0.80), bound  (Cycles ~ 49.0, IPC ~ 0.98)
2026-09-13 23:13:54,657 intt512_gs2_packed_A_window0 INFO [0.0659s]: Found 8 solutions so far... objective (minimize cycles): currently  (Cycles ~ 59.0, IPC ~ 0.81), bound  (Cycles ~ 49.0, IPC ~ 0.98)
2026-09-13 23:13:54,659 intt512_gs2_packed_A_window0 INFO [0.0677s]: Found 9 solutions so far... objective (minimize cycles): currently  (Cycles ~ 58.0, IPC ~ 0.83), bound  (Cycles ~ 49.0, IPC ~ 0.98)
2026-09-13 23:13:54,667 intt512_gs2_packed_A_window0 INFO OPTIMAL, wall time: 0.074908 s
2026-09-13 23:13:54,669 intt512_gs2_packed_A_window0 INFO Booleans in result: 133
2026-09-13 23:13:54,678 intt512_gs2_packed_A_window0.selfcheck INFO OK!
2026-09-13 23:13:54,687 intt512_gs2_packed_A_window0 WARNING LLVM (llvm-mc, llvm-nm, llvm-readobj) not found, disabling selftest. Consider installing LLVM.
2026-09-13 23:13:54,697 intt512_gs2_packed_A_window48 INFO Setting timeout of 8 seconds...
2026-09-13 23:13:54,707 intt512_gs2_packed_A_window48 INFO Objective: minimize cycles
2026-09-13 23:13:54,707 intt512_gs2_packed_A_window48 INFO Invoking external constraint solver (OR-Tools CP-SAT v9.15.6755) ...
2026-09-13 23:13:54,925 intt512_gs2_packed_A_window48 INFO [0.2178s]: Found 1 solutions so far... objective (minimize cycles): currently  (Cycles ~ 98.0, IPC ~ 0.49), bound  (Cycles ~ 87.0, IPC ~ 0.55)
2026-09-13 23:13:55,000 intt512_gs2_packed_A_window48 INFO [0.2920s]: Found 2 solutions so far... objective (minimize cycles): currently  (Cycles ~ 96.0, IPC ~ 0.50), bound  (Cycles ~ 87.0, IPC ~ 0.55)
2026-09-13 23:13:55,013 intt512_gs2_packed_A_window48 INFO [0.3055s]: Found 3 solutions so far... objective (minimize cycles): currently  (Cycles ~ 94.0, IPC ~ 0.51), bound  (Cycles ~ 87.0, IPC ~ 0.55)
2026-09-13 23:13:55,036 intt512_gs2_packed_A_window48 INFO [0.3289s]: Found 4 solutions so far... objective (minimize cycles): currently  (Cycles ~ 93.0, IPC ~ 0.52), bound  (Cycles ~ 87.0, IPC ~ 0.55)
2026-09-13 23:13:55,045 intt512_gs2_packed_A_window48 INFO [0.3376s]: Found 5 solutions so far... objective (minimize cycles): currently  (Cycles ~ 92.0, IPC ~ 0.52), bound  (Cycles ~ 87.0, IPC ~ 0.55)
2026-09-13 23:13:55,048 intt512_gs2_packed_A_window48 INFO [0.3406s]: Found 6 solutions so far... objective (minimize cycles): currently  (Cycles ~ 91.0, IPC ~ 0.53), bound  (Cycles ~ 87.0, IPC ~ 0.55)
2026-09-13 23:13:55,063 intt512_gs2_packed_A_window48 INFO [0.3554s]: Found 7 solutions so far... objective (minimize cycles): currently  (Cycles ~ 90.0, IPC ~ 0.53), bound  (Cycles ~ 87.0, IPC ~ 0.55)
2026-09-13 23:13:55,070 intt512_gs2_packed_A_window48 INFO [0.3626s]: Found 8 solutions so far... objective (minimize cycles): currently  (Cycles ~ 89.0, IPC ~ 0.54), bound  (Cycles ~ 87.0, IPC ~ 0.55)
2026-09-13 23:13:55,090 intt512_gs2_packed_A_window48 INFO [0.3819s]: Found 9 solutions so far... objective (minimize cycles): currently  (Cycles ~ 88.0, IPC ~ 0.55), bound  (Cycles ~ 87.0, IPC ~ 0.55)
2026-09-13 23:13:55,157 intt512_gs2_packed_A_window48 INFO [0.4489s]: Found 10 solutions so far... objective (minimize cycles): currently  (Cycles ~ 87.0, IPC ~ 0.55), bound  (Cycles ~ 87.0, IPC ~ 0.55)
2026-09-13 23:13:55,157 intt512_gs2_packed_A_window48 INFO Closer than 0 stalls to theoretical optimum... stop
2026-09-13 23:13:55,164 intt512_gs2_packed_A_window48 INFO OPTIMAL, wall time: 0.456801 s
2026-09-13 23:13:55,167 intt512_gs2_packed_A_window48 INFO Booleans in result: 444
2026-09-13 23:13:55,177 intt512_gs2_packed_A_window48.selfcheck INFO OK!
2026-09-13 23:13:55,186 intt512_gs2_packed_A_window48 WARNING LLVM (llvm-mc, llvm-nm, llvm-readobj) not found, disabling selftest. Consider installing LLVM.
2026-09-13 23:13:55,196 intt512_gs2_packed_A_window96 INFO Setting timeout of 8 seconds...
2026-09-13 23:13:55,204 intt512_gs2_packed_A_window96 INFO Objective: minimize cycles
2026-09-13 23:13:55,205 intt512_gs2_packed_A_window96 INFO Invoking external constraint solver (OR-Tools CP-SAT v9.15.6755) ...
2026-09-13 23:13:55,436 intt512_gs2_packed_A_window96 INFO [0.2310s]: Found 1 solutions so far... objective (minimize cycles): currently  (Cycles ~ 76.0, IPC ~ 0.62), bound  (Cycles ~ 63.0, IPC ~ 0.75)
2026-09-13 23:13:55,441 intt512_gs2_packed_A_window96 INFO [0.2362s]: Found 2 solutions so far... objective (minimize cycles): currently  (Cycles ~ 75.0, IPC ~ 0.63), bound  (Cycles ~ 63.0, IPC ~ 0.75)
2026-09-13 23:13:55,457 intt512_gs2_packed_A_window96 INFO [0.2519s]: Found 3 solutions so far... objective (minimize cycles): currently  (Cycles ~ 74.0, IPC ~ 0.64), bound  (Cycles ~ 63.0, IPC ~ 0.75)
2026-09-13 23:13:55,501 intt512_gs2_packed_A_window96 INFO [0.2963s]: Found 4 solutions so far... objective (minimize cycles): currently  (Cycles ~ 73.0, IPC ~ 0.64), bound  (Cycles ~ 63.0, IPC ~ 0.75)
2026-09-13 23:13:55,554 intt512_gs2_packed_A_window96 INFO [0.3488s]: Found 5 solutions so far... objective (minimize cycles): currently  (Cycles ~ 68.0, IPC ~ 0.69), bound  (Cycles ~ 64.0, IPC ~ 0.73)
2026-09-13 23:13:55,692 intt512_gs2_packed_A_window96 INFO [0.4871s]: Found 6 solutions so far... objective (minimize cycles): currently  (Cycles ~ 67.0, IPC ~ 0.70), bound  (Cycles ~ 65.0, IPC ~ 0.72)
2026-09-13 23:13:55,704 intt512_gs2_packed_A_window96 INFO OPTIMAL, wall time: 0.499253 s
2026-09-13 23:13:55,707 intt512_gs2_packed_A_window96 INFO Booleans in result: 319
2026-09-13 23:13:55,716 intt512_gs2_packed_A_window96.selfcheck INFO OK!
2026-09-13 23:13:55,725 intt512_gs2_packed_A_window96 WARNING LLVM (llvm-mc, llvm-nm, llvm-readobj) not found, disabling selftest. Consider installing LLVM.
2026-09-13 23:13:55,745 intt512_gs2_packed_B_seam_window0 INFO Setting timeout of 8 seconds...
2026-09-13 23:13:55,755 intt512_gs2_packed_B_seam_window0 INFO Objective: minimize cycles
2026-09-13 23:13:55,756 intt512_gs2_packed_B_seam_window0 INFO Invoking external constraint solver (OR-Tools CP-SAT v9.15.6755) ...
2026-09-13 23:13:55,968 intt512_gs2_packed_B_seam_window0 INFO [0.2123s]: Found 1 solutions so far... objective (minimize cycles): currently  (Cycles ~ 80.0, IPC ~ 0.60), bound  (Cycles ~ 79.0, IPC ~ 0.61)
2026-09-13 23:13:55,981 intt512_gs2_packed_B_seam_window0 INFO OPTIMAL, wall time: 0.224878 s
2026-09-13 23:13:55,983 intt512_gs2_packed_B_seam_window0 INFO Booleans in result: 420
2026-09-13 23:13:55,993 intt512_gs2_packed_B_seam_window0.selfcheck INFO OK!
2026-09-13 23:13:56,002 intt512_gs2_packed_B_seam_window0 WARNING LLVM (llvm-mc, llvm-nm, llvm-readobj) not found, disabling selftest. Consider installing LLVM.
2026-09-13 23:13:56,036 intt512_gs2_packed_B_seam_window48 INFO Setting timeout of 8 seconds...
2026-09-13 23:13:56,045 intt512_gs2_packed_B_seam_window48 INFO Objective: minimize cycles
2026-09-13 23:13:56,045 intt512_gs2_packed_B_seam_window48 INFO Invoking external constraint solver (OR-Tools CP-SAT v9.15.6755) ...
2026-09-13 23:13:56,153 intt512_gs2_packed_B_seam_window48 INFO [0.1078s]: Found 1 solutions so far... objective (minimize cycles): currently  (Cycles ~ 66.0, IPC ~ 0.73), bound  (Cycles ~ 48.0, IPC ~ 1.00)
2026-09-13 23:13:56,162 intt512_gs2_packed_B_seam_window48 INFO [0.1165s]: Found 2 solutions so far... objective (minimize cycles): currently  (Cycles ~ 58.0, IPC ~ 0.83), bound  (Cycles ~ 48.0, IPC ~ 1.00)
2026-09-13 23:13:56,195 intt512_gs2_packed_B_seam_window48 INFO OPTIMAL, wall time: 0.149554 s
2026-09-13 23:13:56,197 intt512_gs2_packed_B_seam_window48 INFO Booleans in result: 197
2026-09-13 23:13:56,207 intt512_gs2_packed_B_seam_window48.selfcheck INFO OK!
2026-09-13 23:13:56,215 intt512_gs2_packed_B_seam_window48 WARNING LLVM (llvm-mc, llvm-nm, llvm-readobj) not found, disabling selftest. Consider installing LLVM.
2026-09-13 23:13:56,225 intt512_gs2_packed_B_seam_window96 INFO Setting timeout of 8 seconds...
2026-09-13 23:13:56,234 intt512_gs2_packed_B_seam_window96 INFO Objective: minimize cycles
2026-09-13 23:13:56,235 intt512_gs2_packed_B_seam_window96 INFO Invoking external constraint solver (OR-Tools CP-SAT v9.15.6755) ...
2026-09-13 23:13:56,295 intt512_gs2_packed_B_seam_window96 INFO [0.0596s]: Found 1 solutions so far... objective (minimize cycles): currently  (Cycles ~ 78.0, IPC ~ 0.60), bound  (Cycles ~ 67.0, IPC ~ 0.70)
2026-09-13 23:13:56,368 intt512_gs2_packed_B_seam_window96 INFO OPTIMAL, wall time: 0.132912 s
2026-09-13 23:13:56,371 intt512_gs2_packed_B_seam_window96 INFO Booleans in result: 300
2026-09-13 23:13:56,380 intt512_gs2_packed_B_seam_window96.selfcheck INFO OK!
2026-09-13 23:13:56,389 intt512_gs2_packed_B_seam_window96 WARNING LLVM (llvm-mc, llvm-nm, llvm-readobj) not found, disabling selftest. Consider installing LLVM.
2026-09-13 23:13:56,424 intt512_gs3_A_window0 INFO Setting timeout of 8 seconds...
2026-09-13 23:13:56,437 intt512_gs3_A_window0 INFO Objective: minimize cycles
2026-09-13 23:13:56,437 intt512_gs3_A_window0 INFO Invoking external constraint solver (OR-Tools CP-SAT v9.15.6755) ...
2026-09-13 23:13:56,703 intt512_gs3_A_window0 INFO [0.2657s]: Found 1 solutions so far... objective (minimize cycles): currently  (Cycles ~ 110.0, IPC ~ 0.44), bound  (Cycles ~ 97.0, IPC ~ 0.49)
2026-09-13 23:13:56,718 intt512_gs3_A_window0 INFO [0.2807s]: Found 2 solutions so far... objective (minimize cycles): currently  (Cycles ~ 106.0, IPC ~ 0.45), bound  (Cycles ~ 97.0, IPC ~ 0.49)
2026-09-13 23:13:56,732 intt512_gs3_A_window0 INFO [0.2945s]: Found 3 solutions so far... objective (minimize cycles): currently  (Cycles ~ 105.0, IPC ~ 0.46), bound  (Cycles ~ 97.0, IPC ~ 0.49)
2026-09-13 23:13:56,743 intt512_gs3_A_window0 INFO [0.3053s]: Found 4 solutions so far... objective (minimize cycles): currently  (Cycles ~ 104.0, IPC ~ 0.46), bound  (Cycles ~ 97.0, IPC ~ 0.49)
2026-09-13 23:13:56,761 intt512_gs3_A_window0 INFO [0.3236s]: Found 5 solutions so far... objective (minimize cycles): currently  (Cycles ~ 103.0, IPC ~ 0.47), bound  (Cycles ~ 97.0, IPC ~ 0.49)
2026-09-13 23:13:56,779 intt512_gs3_A_window0 INFO [0.3420s]: Found 6 solutions so far... objective (minimize cycles): currently  (Cycles ~ 102.0, IPC ~ 0.47), bound  (Cycles ~ 97.0, IPC ~ 0.49)
2026-09-13 23:13:56,793 intt512_gs3_A_window0 INFO [0.3559s]: Found 7 solutions so far... objective (minimize cycles): currently  (Cycles ~ 101.0, IPC ~ 0.48), bound  (Cycles ~ 97.0, IPC ~ 0.49)
2026-09-13 23:13:56,811 intt512_gs3_A_window0 INFO [0.3736s]: Found 8 solutions so far... objective (minimize cycles): currently  (Cycles ~ 100.0, IPC ~ 0.48), bound  (Cycles ~ 97.0, IPC ~ 0.49)
2026-09-13 23:13:56,828 intt512_gs3_A_window0 INFO [0.3907s]: Found 9 solutions so far... objective (minimize cycles): currently  (Cycles ~ 98.0, IPC ~ 0.49), bound  (Cycles ~ 97.0, IPC ~ 0.49)
2026-09-13 23:13:56,920 intt512_gs3_A_window0 INFO [0.4827s]: Found 10 solutions so far... objective (minimize cycles): currently  (Cycles ~ 97.0, IPC ~ 0.49), bound  (Cycles ~ 97.0, IPC ~ 0.49)
2026-09-13 23:13:56,920 intt512_gs3_A_window0 INFO Closer than 0 stalls to theoretical optimum... stop
2026-09-13 23:13:56,923 intt512_gs3_A_window0 INFO OPTIMAL, wall time: 0.486107 s
2026-09-13 23:13:56,927 intt512_gs3_A_window0 INFO Booleans in result: 538
2026-09-13 23:13:56,936 intt512_gs3_A_window0.selfcheck INFO OK!
2026-09-13 23:13:56,946 intt512_gs3_A_window0 WARNING LLVM (llvm-mc, llvm-nm, llvm-readobj) not found, disabling selftest. Consider installing LLVM.
2026-09-13 23:13:56,956 intt512_gs3_A_window48 INFO Setting timeout of 8 seconds...
2026-09-13 23:13:56,968 intt512_gs3_A_window48 INFO Objective: minimize cycles
2026-09-13 23:13:56,968 intt512_gs3_A_window48 INFO Invoking external constraint solver (OR-Tools CP-SAT v9.15.6755) ...
2026-09-13 23:13:57,301 intt512_gs3_A_window48 INFO [0.3328s]: Found 1 solutions so far... objective (minimize cycles): currently  (Cycles ~ 92.0, IPC ~ 0.52), bound  (Cycles ~ 84.0, IPC ~ 0.57)
2026-09-13 23:13:57,384 intt512_gs3_A_window48 INFO [0.4154s]: Found 2 solutions so far... objective (minimize cycles): currently  (Cycles ~ 90.0, IPC ~ 0.53), bound  (Cycles ~ 84.0, IPC ~ 0.57)
2026-09-13 23:13:57,423 intt512_gs3_A_window48 INFO [0.4543s]: Found 3 solutions so far... objective (minimize cycles): currently  (Cycles ~ 88.0, IPC ~ 0.55), bound  (Cycles ~ 84.0, IPC ~ 0.57)
2026-09-13 23:13:57,437 intt512_gs3_A_window48 INFO [0.4688s]: Found 4 solutions so far... objective (minimize cycles): currently  (Cycles ~ 87.0, IPC ~ 0.55), bound  (Cycles ~ 84.0, IPC ~ 0.57)
2026-09-13 23:13:57,443 intt512_gs3_A_window48 INFO [0.4750s]: Found 5 solutions so far... objective (minimize cycles): currently  (Cycles ~ 86.0, IPC ~ 0.56), bound  (Cycles ~ 85.0, IPC ~ 0.56)
2026-09-13 23:13:57,449 intt512_gs3_A_window48 INFO [0.4810s]: Found 6 solutions so far... objective (minimize cycles): currently  (Cycles ~ 85.0, IPC ~ 0.56), bound  (Cycles ~ 85.0, IPC ~ 0.56)
2026-09-13 23:13:57,449 intt512_gs3_A_window48 INFO Closer than 0 stalls to theoretical optimum... stop
2026-09-13 23:13:57,452 intt512_gs3_A_window48 INFO OPTIMAL, wall time: 0.484121 s
2026-09-13 23:13:57,456 intt512_gs3_A_window48 INFO Booleans in result: 446
2026-09-13 23:13:57,465 intt512_gs3_A_window48.selfcheck INFO OK!
2026-09-13 23:13:57,474 intt512_gs3_A_window48 WARNING LLVM (llvm-mc, llvm-nm, llvm-readobj) not found, disabling selftest. Consider installing LLVM.
2026-09-13 23:13:57,485 intt512_gs3_A_window96 INFO Setting timeout of 8 seconds...
2026-09-13 23:13:57,498 intt512_gs3_A_window96 INFO Objective: minimize cycles
2026-09-13 23:13:57,498 intt512_gs3_A_window96 INFO Invoking external constraint solver (OR-Tools CP-SAT v9.15.6755) ...
2026-09-13 23:13:57,900 intt512_gs3_A_window96 INFO [0.4013s]: Found 1 solutions so far... objective (minimize cycles): currently  (Cycles ~ 123.0, IPC ~ 0.39), bound  (Cycles ~ 117.0, IPC ~ 0.41)
2026-09-13 23:13:57,928 intt512_gs3_A_window96 INFO [0.4299s]: Found 2 solutions so far... objective (minimize cycles): currently  (Cycles ~ 121.0, IPC ~ 0.40), bound  (Cycles ~ 117.0, IPC ~ 0.41)
2026-09-13 23:13:57,973 intt512_gs3_A_window96 INFO [0.4748s]: Found 3 solutions so far... objective (minimize cycles): currently  (Cycles ~ 117.0, IPC ~ 0.41), bound  (Cycles ~ 117.0, IPC ~ 0.41)
2026-09-13 23:13:57,974 intt512_gs3_A_window96 INFO Closer than 0 stalls to theoretical optimum... stop
2026-09-13 23:13:57,978 intt512_gs3_A_window96 INFO OPTIMAL, wall time: 0.479688 s
2026-09-13 23:13:57,981 intt512_gs3_A_window96 INFO Booleans in result: 632
2026-09-13 23:13:57,991 intt512_gs3_A_window96.selfcheck INFO OK!
2026-09-13 23:13:58,000 intt512_gs3_A_window96 WARNING LLVM (llvm-mc, llvm-nm, llvm-readobj) not found, disabling selftest. Consider installing LLVM.
2026-09-13 23:13:58,012 intt512_gs3_A_window144 INFO Setting timeout of 8 seconds...
2026-09-13 23:13:58,024 intt512_gs3_A_window144 INFO Objective: minimize cycles
2026-09-13 23:13:58,024 intt512_gs3_A_window144 INFO Invoking external constraint solver (OR-Tools CP-SAT v9.15.6755) ...
2026-09-13 23:13:58,454 intt512_gs3_A_window144 INFO [0.4293s]: Found 1 solutions so far... objective (minimize cycles): currently  (Cycles ~ 108.0, IPC ~ 0.44), bound  (Cycles ~ 93.0, IPC ~ 0.52)
2026-09-13 23:13:58,498 intt512_gs3_A_window144 INFO [0.4735s]: Found 2 solutions so far... objective (minimize cycles): currently  (Cycles ~ 105.0, IPC ~ 0.46), bound  (Cycles ~ 93.0, IPC ~ 0.52)
2026-09-13 23:13:58,531 intt512_gs3_A_window144 INFO [0.5065s]: Found 3 solutions so far... objective (minimize cycles): currently  (Cycles ~ 104.0, IPC ~ 0.46), bound  (Cycles ~ 93.0, IPC ~ 0.52)
2026-09-13 23:13:58,554 intt512_gs3_A_window144 INFO [0.5294s]: Found 4 solutions so far... objective (minimize cycles): currently  (Cycles ~ 101.0, IPC ~ 0.48), bound  (Cycles ~ 93.0, IPC ~ 0.52)
2026-09-13 23:13:58,587 intt512_gs3_A_window144 INFO [0.5623s]: Found 5 solutions so far... objective (minimize cycles): currently  (Cycles ~ 99.0, IPC ~ 0.48), bound  (Cycles ~ 93.0, IPC ~ 0.52)
2026-09-13 23:13:58,646 intt512_gs3_A_window144 INFO [0.6218s]: Found 6 solutions so far... objective (minimize cycles): currently  (Cycles ~ 96.0, IPC ~ 0.50), bound  (Cycles ~ 93.0, IPC ~ 0.52)
2026-09-13 23:13:58,788 intt512_gs3_A_window144 INFO [0.7639s]: Found 7 solutions so far... objective (minimize cycles): currently  (Cycles ~ 93.0, IPC ~ 0.52), bound  (Cycles ~ 93.0, IPC ~ 0.52)
2026-09-13 23:13:58,789 intt512_gs3_A_window144 INFO Closer than 0 stalls to theoretical optimum... stop
2026-09-13 23:13:58,792 intt512_gs3_A_window144 INFO OPTIMAL, wall time: 0.767766 s
2026-09-13 23:13:58,796 intt512_gs3_A_window144 INFO Booleans in result: 530
2026-09-13 23:13:58,806 intt512_gs3_A_window144.selfcheck INFO OK!
2026-09-13 23:13:58,816 intt512_gs3_A_window144 WARNING LLVM (llvm-mc, llvm-nm, llvm-readobj) not found, disabling selftest. Consider installing LLVM.
2026-09-13 23:13:58,826 intt512_gs3_A_window192 INFO Setting timeout of 8 seconds...
2026-09-13 23:13:58,838 intt512_gs3_A_window192 INFO Objective: minimize cycles
2026-09-13 23:13:58,839 intt512_gs3_A_window192 INFO Invoking external constraint solver (OR-Tools CP-SAT v9.15.6755) ...
2026-09-13 23:13:59,288 intt512_gs3_A_window192 INFO [0.4486s]: Found 1 solutions so far... objective (minimize cycles): currently  (Cycles ~ 450.0, IPC ~ 0.11), bound  (Cycles ~ 91.0, IPC ~ 0.53)
2026-09-13 23:13:59,314 intt512_gs3_A_window192 INFO [0.4749s]: Found 2 solutions so far... objective (minimize cycles): currently  (Cycles ~ 117.0, IPC ~ 0.41), bound  (Cycles ~ 91.0, IPC ~ 0.53)
2026-09-13 23:13:59,352 intt512_gs3_A_window192 INFO [0.5132s]: Found 3 solutions so far... objective (minimize cycles): currently  (Cycles ~ 93.0, IPC ~ 0.52), bound  (Cycles ~ 91.0, IPC ~ 0.53)
2026-09-13 23:13:59,477 intt512_gs3_A_window192 INFO [0.6380s]: Found 4 solutions so far... objective (minimize cycles): currently  (Cycles ~ 92.0, IPC ~ 0.52), bound  (Cycles ~ 91.0, IPC ~ 0.53)
2026-09-13 23:13:59,543 intt512_gs3_A_window192 INFO OPTIMAL, wall time: 0.704106 s
2026-09-13 23:13:59,547 intt512_gs3_A_window192 INFO Booleans in result: 598
2026-09-13 23:13:59,556 intt512_gs3_A_window192.selfcheck INFO OK!
2026-09-13 23:13:59,566 intt512_gs3_A_window192 WARNING LLVM (llvm-mc, llvm-nm, llvm-readobj) not found, disabling selftest. Consider installing LLVM.
2026-09-13 23:13:59,573 intt512_gs3_A_window240 INFO Setting timeout of 8 seconds...
2026-09-13 23:13:59,577 intt512_gs3_A_window240 INFO Objective: minimize cycles
2026-09-13 23:13:59,577 intt512_gs3_A_window240 INFO Invoking external constraint solver (OR-Tools CP-SAT v9.15.6755) ...
2026-09-13 23:13:59,600 intt512_gs3_A_window240 INFO [0.0225s]: Found 1 solutions so far... objective (minimize cycles): currently  (Cycles ~ 47.0, IPC ~ 0.45), bound  (Cycles ~ 40.0, IPC ~ 0.53)
2026-09-13 23:13:59,606 intt512_gs3_A_window240 INFO [0.0281s]: Found 2 solutions so far... objective (minimize cycles): currently  (Cycles ~ 46.0, IPC ~ 0.46), bound  (Cycles ~ 41.0, IPC ~ 0.51)
2026-09-13 23:13:59,609 intt512_gs3_A_window240 INFO [0.0310s]: Found 3 solutions so far... objective (minimize cycles): currently  (Cycles ~ 45.0, IPC ~ 0.47), bound  (Cycles ~ 42.0, IPC ~ 0.50)
2026-09-13 23:13:59,611 intt512_gs3_A_window240 INFO [0.0332s]: Found 4 solutions so far... objective (minimize cycles): currently  (Cycles ~ 44.0, IPC ~ 0.48), bound  (Cycles ~ 43.0, IPC ~ 0.49)
2026-09-13 23:13:59,614 intt512_gs3_A_window240 INFO OPTIMAL, wall time: 0.035860 s
2026-09-13 23:13:59,615 intt512_gs3_A_window240 INFO Booleans in result: 81
2026-09-13 23:13:59,620 intt512_gs3_A_window240.selfcheck INFO OK!
2026-09-13 23:13:59,625 intt512_gs3_A_window240 WARNING LLVM (llvm-mc, llvm-nm, llvm-readobj) not found, disabling selftest. Consider installing LLVM.
2026-09-13 23:13:59,655 intt512_gs3_B_seam_window0 INFO Setting timeout of 8 seconds...
2026-09-13 23:13:59,667 intt512_gs3_B_seam_window0 INFO Objective: minimize cycles
2026-09-13 23:13:59,668 intt512_gs3_B_seam_window0 INFO Invoking external constraint solver (OR-Tools CP-SAT v9.15.6755) ...
2026-09-13 23:14:00,114 intt512_gs3_B_seam_window0 INFO [0.4461s]: Found 1 solutions so far... objective (minimize cycles): currently  (Cycles ~ 103.0, IPC ~ 0.47), bound  (Cycles ~ 97.0, IPC ~ 0.49)
2026-09-13 23:14:00,130 intt512_gs3_B_seam_window0 INFO [0.4619s]: Found 2 solutions so far... objective (minimize cycles): currently  (Cycles ~ 102.0, IPC ~ 0.47), bound  (Cycles ~ 97.0, IPC ~ 0.49)
2026-09-13 23:14:00,139 intt512_gs3_B_seam_window0 INFO [0.4708s]: Found 3 solutions so far... objective (minimize cycles): currently  (Cycles ~ 101.0, IPC ~ 0.48), bound  (Cycles ~ 97.0, IPC ~ 0.49)
2026-09-13 23:14:00,151 intt512_gs3_B_seam_window0 INFO [0.4828s]: Found 4 solutions so far... objective (minimize cycles): currently  (Cycles ~ 100.0, IPC ~ 0.48), bound  (Cycles ~ 97.0, IPC ~ 0.49)
2026-09-13 23:14:00,215 intt512_gs3_B_seam_window0 INFO [0.5475s]: Found 5 solutions so far... objective (minimize cycles): currently  (Cycles ~ 99.0, IPC ~ 0.48), bound  (Cycles ~ 97.0, IPC ~ 0.49)
2026-09-13 23:14:01,075 intt512_gs3_B_seam_window0 INFO OPTIMAL, wall time: 1.407640 s
2026-09-13 23:14:01,079 intt512_gs3_B_seam_window0 INFO Booleans in result: 523
2026-09-13 23:14:01,089 intt512_gs3_B_seam_window0.selfcheck INFO OK!
2026-09-13 23:14:01,120 intt512_gs3_B_seam_window0 WARNING LLVM (llvm-mc, llvm-nm, llvm-readobj) not found, disabling selftest. Consider installing LLVM.
2026-09-13 23:14:01,132 intt512_gs3_B_seam_window48 INFO Setting timeout of 8 seconds...
2026-09-13 23:14:01,144 intt512_gs3_B_seam_window48 INFO Objective: minimize cycles
2026-09-13 23:14:01,145 intt512_gs3_B_seam_window48 INFO Invoking external constraint solver (OR-Tools CP-SAT v9.15.6755) ...
2026-09-13 23:14:01,454 intt512_gs3_B_seam_window48 INFO [0.3093s]: Found 1 solutions so far... objective (minimize cycles): currently  (Cycles ~ 99.0, IPC ~ 0.48), bound  (Cycles ~ 97.0, IPC ~ 0.49)
2026-09-13 23:14:01,540 intt512_gs3_B_seam_window48 INFO [0.3949s]: Found 2 solutions so far... objective (minimize cycles): currently  (Cycles ~ 98.0, IPC ~ 0.49), bound  (Cycles ~ 97.0, IPC ~ 0.49)
2026-09-13 23:14:01,541 intt512_gs3_B_seam_window48 INFO [0.3960s]: Found 3 solutions so far... objective (minimize cycles): currently  (Cycles ~ 97.0, IPC ~ 0.49), bound  (Cycles ~ 97.0, IPC ~ 0.49)
2026-09-13 23:14:01,541 intt512_gs3_B_seam_window48 INFO Closer than 0 stalls to theoretical optimum... stop
2026-09-13 23:14:01,546 intt512_gs3_B_seam_window48 INFO OPTIMAL, wall time: 0.401104 s
2026-09-13 23:14:01,549 intt512_gs3_B_seam_window48 INFO Booleans in result: 583
2026-09-13 23:14:01,559 intt512_gs3_B_seam_window48.selfcheck INFO OK!
2026-09-13 23:14:01,568 intt512_gs3_B_seam_window48 WARNING LLVM (llvm-mc, llvm-nm, llvm-readobj) not found, disabling selftest. Consider installing LLVM.
2026-09-13 23:14:01,579 intt512_gs3_B_seam_window96 INFO Setting timeout of 8 seconds...
2026-09-13 23:14:01,590 intt512_gs3_B_seam_window96 INFO Objective: minimize cycles
2026-09-13 23:14:01,591 intt512_gs3_B_seam_window96 INFO Invoking external constraint solver (OR-Tools CP-SAT v9.15.6755) ...
2026-09-13 23:14:01,878 intt512_gs3_B_seam_window96 INFO [0.2867s]: Found 1 solutions so far... objective (minimize cycles): currently  (Cycles ~ 86.0, IPC ~ 0.56), bound  (Cycles ~ 77.0, IPC ~ 0.62)
2026-09-13 23:14:01,894 intt512_gs3_B_seam_window96 INFO [0.3030s]: Found 2 solutions so far... objective (minimize cycles): currently  (Cycles ~ 85.0, IPC ~ 0.56), bound  (Cycles ~ 77.0, IPC ~ 0.62)
2026-09-13 23:14:01,911 intt512_gs3_B_seam_window96 INFO [0.3195s]: Found 3 solutions so far... objective (minimize cycles): currently  (Cycles ~ 84.0, IPC ~ 0.57), bound  (Cycles ~ 77.0, IPC ~ 0.62)
2026-09-13 23:14:01,932 intt512_gs3_B_seam_window96 INFO [0.3412s]: Found 4 solutions so far... objective (minimize cycles): currently  (Cycles ~ 83.0, IPC ~ 0.58), bound  (Cycles ~ 77.0, IPC ~ 0.62)
2026-09-13 23:14:01,939 intt512_gs3_B_seam_window96 INFO [0.3475s]: Found 5 solutions so far... objective (minimize cycles): currently  (Cycles ~ 82.0, IPC ~ 0.59), bound  (Cycles ~ 77.0, IPC ~ 0.62)
2026-09-13 23:14:01,954 intt512_gs3_B_seam_window96 INFO [0.3625s]: Found 6 solutions so far... objective (minimize cycles): currently  (Cycles ~ 81.0, IPC ~ 0.59), bound  (Cycles ~ 77.0, IPC ~ 0.62)
2026-09-13 23:14:01,961 intt512_gs3_B_seam_window96 INFO [0.3703s]: Found 7 solutions so far... objective (minimize cycles): currently  (Cycles ~ 80.0, IPC ~ 0.60), bound  (Cycles ~ 77.0, IPC ~ 0.62)
2026-09-13 23:14:01,980 intt512_gs3_B_seam_window96 INFO [0.3885s]: Found 8 solutions so far... objective (minimize cycles): currently  (Cycles ~ 79.0, IPC ~ 0.61), bound  (Cycles ~ 77.0, IPC ~ 0.62)
2026-09-13 23:14:02,000 intt512_gs3_B_seam_window96 INFO [0.4091s]: Found 9 solutions so far... objective (minimize cycles): currently  (Cycles ~ 78.0, IPC ~ 0.62), bound  (Cycles ~ 77.0, IPC ~ 0.62)
2026-09-13 23:14:02,006 intt512_gs3_B_seam_window96 INFO OPTIMAL, wall time: 0.414632 s
2026-09-13 23:14:02,009 intt512_gs3_B_seam_window96 INFO Booleans in result: 418
2026-09-13 23:14:02,019 intt512_gs3_B_seam_window96.selfcheck INFO OK!
2026-09-13 23:14:02,028 intt512_gs3_B_seam_window96 WARNING LLVM (llvm-mc, llvm-nm, llvm-readobj) not found, disabling selftest. Consider installing LLVM.
2026-09-13 23:14:02,039 intt512_gs3_B_seam_window144 INFO Setting timeout of 8 seconds...
2026-09-13 23:14:02,052 intt512_gs3_B_seam_window144 INFO Objective: minimize cycles
2026-09-13 23:14:02,053 intt512_gs3_B_seam_window144 INFO Invoking external constraint solver (OR-Tools CP-SAT v9.15.6755) ...
2026-09-13 23:14:02,388 intt512_gs3_B_seam_window144 INFO [0.3352s]: Found 1 solutions so far... objective (minimize cycles): currently  (Cycles ~ 108.0, IPC ~ 0.44), bound  (Cycles ~ 103.0, IPC ~ 0.47)
2026-09-13 23:14:02,422 intt512_gs3_B_seam_window144 INFO [0.3694s]: Found 2 solutions so far... objective (minimize cycles): currently  (Cycles ~ 107.0, IPC ~ 0.45), bound  (Cycles ~ 103.0, IPC ~ 0.47)
2026-09-13 23:14:02,592 intt512_gs3_B_seam_window144 INFO OPTIMAL, wall time: 0.539398 s
2026-09-13 23:14:02,596 intt512_gs3_B_seam_window144 INFO Booleans in result: 577
2026-09-13 23:14:02,606 intt512_gs3_B_seam_window144.selfcheck INFO OK!
2026-09-13 23:14:02,616 intt512_gs3_B_seam_window144 WARNING LLVM (llvm-mc, llvm-nm, llvm-readobj) not found, disabling selftest. Consider installing LLVM.
2026-09-13 23:14:02,627 intt512_gs3_B_seam_window192 INFO Setting timeout of 8 seconds...
2026-09-13 23:14:02,639 intt512_gs3_B_seam_window192 INFO Objective: minimize cycles
2026-09-13 23:14:02,639 intt512_gs3_B_seam_window192 INFO Invoking external constraint solver (OR-Tools CP-SAT v9.15.6755) ...
2026-09-13 23:14:02,952 intt512_gs3_B_seam_window192 INFO [0.3121s]: Found 1 solutions so far... objective (minimize cycles): currently  (Cycles ~ 93.0, IPC ~ 0.52), bound  (Cycles ~ 85.0, IPC ~ 0.56)
2026-09-13 23:14:03,036 intt512_gs3_B_seam_window192 INFO [0.3961s]: Found 2 solutions so far... objective (minimize cycles): currently  (Cycles ~ 92.0, IPC ~ 0.52), bound  (Cycles ~ 85.0, IPC ~ 0.56)
2026-09-13 23:14:03,047 intt512_gs3_B_seam_window192 INFO [0.4078s]: Found 3 solutions so far... objective (minimize cycles): currently  (Cycles ~ 91.0, IPC ~ 0.53), bound  (Cycles ~ 85.0, IPC ~ 0.56)
2026-09-13 23:14:03,050 intt512_gs3_B_seam_window192 INFO [0.4107s]: Found 4 solutions so far... objective (minimize cycles): currently  (Cycles ~ 88.0, IPC ~ 0.55), bound  (Cycles ~ 85.0, IPC ~ 0.56)
2026-09-13 23:14:03,071 intt512_gs3_B_seam_window192 INFO [0.4315s]: Found 5 solutions so far... objective (minimize cycles): currently  (Cycles ~ 87.0, IPC ~ 0.55), bound  (Cycles ~ 85.0, IPC ~ 0.56)
2026-09-13 23:14:03,155 intt512_gs3_B_seam_window192 INFO OPTIMAL, wall time: 0.515872 s
2026-09-13 23:14:03,158 intt512_gs3_B_seam_window192 INFO Booleans in result: 483
2026-09-13 23:14:03,168 intt512_gs3_B_seam_window192.selfcheck INFO OK!
2026-09-13 23:14:03,178 intt512_gs3_B_seam_window192 WARNING LLVM (llvm-mc, llvm-nm, llvm-readobj) not found, disabling selftest. Consider installing LLVM.
2026-09-13 23:14:03,185 intt512_gs3_B_seam_window240 INFO Setting timeout of 8 seconds...
2026-09-13 23:14:03,191 intt512_gs3_B_seam_window240 INFO Objective: minimize cycles
2026-09-13 23:14:03,191 intt512_gs3_B_seam_window240 INFO Invoking external constraint solver (OR-Tools CP-SAT v9.15.6755) ...
2026-09-13 23:14:03,226 intt512_gs3_B_seam_window240 INFO [0.0347s]: Found 1 solutions so far... objective (minimize cycles): currently  (Cycles ~ 47.0, IPC ~ 0.45), bound  (Cycles ~ 43.0, IPC ~ 0.49)
2026-09-13 23:14:03,228 intt512_gs3_B_seam_window240 INFO [0.0366s]: Found 2 solutions so far... objective (minimize cycles): currently  (Cycles ~ 43.0, IPC ~ 0.49), bound  (Cycles ~ 43.0, IPC ~ 0.49)
2026-09-13 23:14:03,228 intt512_gs3_B_seam_window240 INFO Closer than 0 stalls to theoretical optimum... stop
2026-09-13 23:14:03,230 intt512_gs3_B_seam_window240 INFO OPTIMAL, wall time: 0.039021 s
2026-09-13 23:14:03,232 intt512_gs3_B_seam_window240 INFO Booleans in result: 119
2026-09-13 23:14:03,238 intt512_gs3_B_seam_window240.selfcheck INFO OK!
2026-09-13 23:14:03,243 intt512_gs3_B_seam_window240 WARNING LLVM (llvm-mc, llvm-nm, llvm-readobj) not found, disabling selftest. Consider installing LLVM.
2026-09-13 23:14:03,296 intt512_gs2_wide_A_window0 INFO Setting timeout of 8 seconds...
2026-09-13 23:14:03,310 intt512_gs2_wide_A_window0 INFO Objective: minimize cycles
2026-09-13 23:14:03,310 intt512_gs2_wide_A_window0 INFO Invoking external constraint solver (OR-Tools CP-SAT v9.15.6755) ...
2026-09-13 23:14:03,572 intt512_gs2_wide_A_window0 INFO [0.2612s]: Found 1 solutions so far... objective (minimize cycles): currently  (Cycles ~ 105.0, IPC ~ 0.46), bound  (Cycles ~ 101.0, IPC ~ 0.48)
2026-09-13 23:14:03,670 intt512_gs2_wide_A_window0 INFO [0.3594s]: Found 2 solutions so far... objective (minimize cycles): currently  (Cycles ~ 104.0, IPC ~ 0.46), bound  (Cycles ~ 101.0, IPC ~ 0.48)
2026-09-13 23:14:03,829 intt512_gs2_wide_A_window0 INFO [0.5184s]: Found 3 solutions so far... objective (minimize cycles): currently  (Cycles ~ 103.0, IPC ~ 0.47), bound  (Cycles ~ 101.0, IPC ~ 0.48)
2026-09-13 23:14:04,130 intt512_gs2_wide_A_window0 INFO [0.8193s]: Found 4 solutions so far... objective (minimize cycles): currently  (Cycles ~ 102.0, IPC ~ 0.47), bound  (Cycles ~ 101.0, IPC ~ 0.48)
2026-09-13 23:14:04,424 intt512_gs2_wide_A_window0 INFO [1.1130s]: Found 5 solutions so far... objective (minimize cycles): currently  (Cycles ~ 101.0, IPC ~ 0.48), bound  (Cycles ~ 101.0, IPC ~ 0.48)
2026-09-13 23:14:04,424 intt512_gs2_wide_A_window0 INFO Closer than 0 stalls to theoretical optimum... stop
2026-09-13 23:14:04,428 intt512_gs2_wide_A_window0 INFO OPTIMAL, wall time: 1.117520 s
2026-09-13 23:14:04,432 intt512_gs2_wide_A_window0 INFO Booleans in result: 660
2026-09-13 23:14:04,443 intt512_gs2_wide_A_window0.selfcheck INFO OK!
2026-09-13 23:14:04,452 intt512_gs2_wide_A_window0 WARNING LLVM (llvm-mc, llvm-nm, llvm-readobj) not found, disabling selftest. Consider installing LLVM.
2026-09-13 23:14:04,462 intt512_gs2_wide_A_window48 INFO Setting timeout of 8 seconds...
2026-09-13 23:14:04,470 intt512_gs2_wide_A_window48 INFO Objective: minimize cycles
2026-09-13 23:14:04,470 intt512_gs2_wide_A_window48 INFO Invoking external constraint solver (OR-Tools CP-SAT v9.15.6755) ...
2026-09-13 23:14:04,627 intt512_gs2_wide_A_window48 INFO [0.1566s]: Found 1 solutions so far... objective (minimize cycles): currently  (Cycles ~ 70.0, IPC ~ 0.50), bound  (Cycles ~ 63.0, IPC ~ 0.56)
2026-09-13 23:14:04,678 intt512_gs2_wide_A_window48 INFO [0.2072s]: Found 2 solutions so far... objective (minimize cycles): currently  (Cycles ~ 69.0, IPC ~ 0.51), bound  (Cycles ~ 63.0, IPC ~ 0.56)
2026-09-13 23:14:04,683 intt512_gs2_wide_A_window48 INFO [0.2120s]: Found 3 solutions so far... objective (minimize cycles): currently  (Cycles ~ 68.0, IPC ~ 0.51), bound  (Cycles ~ 64.0, IPC ~ 0.55)
2026-09-13 23:14:04,690 intt512_gs2_wide_A_window48 INFO [0.2191s]: Found 4 solutions so far... objective (minimize cycles): currently  (Cycles ~ 67.0, IPC ~ 0.52), bound  (Cycles ~ 64.0, IPC ~ 0.55)
2026-09-13 23:14:04,711 intt512_gs2_wide_A_window48 INFO [0.2406s]: Found 5 solutions so far... objective (minimize cycles): currently  (Cycles ~ 64.0, IPC ~ 0.55), bound  (Cycles ~ 64.0, IPC ~ 0.55)
2026-09-13 23:14:04,712 intt512_gs2_wide_A_window48 INFO Closer than 0 stalls to theoretical optimum... stop
2026-09-13 23:14:04,715 intt512_gs2_wide_A_window48 INFO OPTIMAL, wall time: 0.244254 s
2026-09-13 23:14:04,717 intt512_gs2_wide_A_window48 INFO Booleans in result: 255
2026-09-13 23:14:04,725 intt512_gs2_wide_A_window48.selfcheck INFO OK!
2026-09-13 23:14:04,732 intt512_gs2_wide_A_window48 WARNING LLVM (llvm-mc, llvm-nm, llvm-readobj) not found, disabling selftest. Consider installing LLVM.
2026-09-13 23:14:04,750 intt512_gs2_wide_B_seam_window0 INFO Setting timeout of 8 seconds...
2026-09-13 23:14:04,762 intt512_gs2_wide_B_seam_window0 INFO Objective: minimize cycles
2026-09-13 23:14:04,762 intt512_gs2_wide_B_seam_window0 INFO Invoking external constraint solver (OR-Tools CP-SAT v9.15.6755) ...
2026-09-13 23:14:05,118 intt512_gs2_wide_B_seam_window0 INFO [0.3560s]: Found 1 solutions so far... objective (minimize cycles): currently  (Cycles ~ 95.0, IPC ~ 0.51), bound  (Cycles ~ 93.0, IPC ~ 0.52)
2026-09-13 23:14:05,129 intt512_gs2_wide_B_seam_window0 INFO [0.3665s]: Found 2 solutions so far... objective (minimize cycles): currently  (Cycles ~ 94.0, IPC ~ 0.51), bound  (Cycles ~ 93.0, IPC ~ 0.52)
2026-09-13 23:14:05,154 intt512_gs2_wide_B_seam_window0 INFO [0.3920s]: Found 3 solutions so far... objective (minimize cycles): currently  (Cycles ~ 93.0, IPC ~ 0.52), bound  (Cycles ~ 93.0, IPC ~ 0.52)
2026-09-13 23:14:05,155 intt512_gs2_wide_B_seam_window0 INFO Closer than 0 stalls to theoretical optimum... stop
2026-09-13 23:14:05,161 intt512_gs2_wide_B_seam_window0 INFO OPTIMAL, wall time: 0.398378 s
2026-09-13 23:14:05,164 intt512_gs2_wide_B_seam_window0 INFO Booleans in result: 528
2026-09-13 23:14:05,174 intt512_gs2_wide_B_seam_window0.selfcheck INFO OK!
2026-09-13 23:14:05,183 intt512_gs2_wide_B_seam_window0 WARNING LLVM (llvm-mc, llvm-nm, llvm-readobj) not found, disabling selftest. Consider installing LLVM.
2026-09-13 23:14:05,193 intt512_gs2_wide_B_seam_window48 INFO Setting timeout of 8 seconds...
2026-09-13 23:14:05,202 intt512_gs2_wide_B_seam_window48 INFO Objective: minimize cycles
2026-09-13 23:14:05,202 intt512_gs2_wide_B_seam_window48 INFO Invoking external constraint solver (OR-Tools CP-SAT v9.15.6755) ...
2026-09-13 23:14:05,395 intt512_gs2_wide_B_seam_window48 INFO [0.1930s]: Found 1 solutions so far... objective (minimize cycles): currently  (Cycles ~ 75.0, IPC ~ 0.47), bound  (Cycles ~ 71.0, IPC ~ 0.49)
2026-09-13 23:14:05,418 intt512_gs2_wide_B_seam_window48 INFO [0.2155s]: Found 2 solutions so far... objective (minimize cycles): currently  (Cycles ~ 71.0, IPC ~ 0.49), bound  (Cycles ~ 71.0, IPC ~ 0.49)
2026-09-13 23:14:05,418 intt512_gs2_wide_B_seam_window48 INFO Closer than 0 stalls to theoretical optimum... stop
2026-09-13 23:14:05,422 intt512_gs2_wide_B_seam_window48 INFO OPTIMAL, wall time: 0.219896 s
2026-09-13 23:14:05,425 intt512_gs2_wide_B_seam_window48 INFO Booleans in result: 318
2026-09-13 23:14:05,433 intt512_gs2_wide_B_seam_window48.selfcheck INFO OK!
2026-09-13 23:14:05,464 intt512_gs2_wide_B_seam_window48 WARNING LLVM (llvm-mc, llvm-nm, llvm-readobj) not found, disabling selftest. Consider installing LLVM.
2026-09-13 23:14:05,494 ntt1024_ct2_A INFO Setting timeout of 8 seconds...
2026-09-13 23:14:05,507 ntt1024_ct2_A INFO Objective: minimize cycles
2026-09-13 23:14:05,508 ntt1024_ct2_A INFO Invoking external constraint solver (OR-Tools CP-SAT v9.15.6755) ...
2026-09-13 23:14:05,940 ntt1024_ct2_A INFO [0.4319s]: Found 1 solutions so far... objective (minimize cycles): currently  (Cycles ~ 128.0, IPC ~ 0.38), bound  (Cycles ~ 111.0, IPC ~ 0.44)
2026-09-13 23:14:06,005 ntt1024_ct2_A INFO [0.4973s]: Found 2 solutions so far... objective (minimize cycles): currently  (Cycles ~ 121.0, IPC ~ 0.40), bound  (Cycles ~ 111.0, IPC ~ 0.44)
2026-09-13 23:14:06,045 ntt1024_ct2_A INFO [0.5373s]: Found 3 solutions so far... objective (minimize cycles): currently  (Cycles ~ 120.0, IPC ~ 0.41), bound  (Cycles ~ 111.0, IPC ~ 0.44)
2026-09-13 23:14:06,058 ntt1024_ct2_A INFO [0.5496s]: Found 4 solutions so far... objective (minimize cycles): currently  (Cycles ~ 117.0, IPC ~ 0.42), bound  (Cycles ~ 111.0, IPC ~ 0.44)
2026-09-13 23:14:06,102 ntt1024_ct2_A INFO [0.5938s]: Found 5 solutions so far... objective (minimize cycles): currently  (Cycles ~ 116.0, IPC ~ 0.42), bound  (Cycles ~ 111.0, IPC ~ 0.44)
2026-09-13 23:14:06,662 ntt1024_ct2_A INFO OPTIMAL, wall time: 1.154339 s
2026-09-13 23:14:06,666 ntt1024_ct2_A INFO Booleans in result: 696
2026-09-13 23:14:06,677 ntt1024_ct2_A.selfcheck INFO OK!
2026-09-13 23:14:06,687 ntt1024_ct2_A WARNING LLVM (llvm-mc, llvm-nm, llvm-readobj) not found, disabling selftest. Consider installing LLVM.
2026-09-13 23:14:06,714 intt1024_gs2_A INFO Setting timeout of 8 seconds...
2026-09-13 23:14:06,732 intt1024_gs2_A INFO Objective: minimize cycles
2026-09-13 23:14:06,733 intt1024_gs2_A INFO Invoking external constraint solver (OR-Tools CP-SAT v9.15.6755) ...
2026-09-13 23:14:08,064 intt1024_gs2_A INFO [1.3307s]: Found 1 solutions so far... objective (minimize cycles): currently  (Cycles ~ 164.0, IPC ~ 0.39), bound  (Cycles ~ 155.0, IPC ~ 0.41)
2026-09-13 23:14:08,087 intt1024_gs2_A INFO [1.3535s]: Found 2 solutions so far... objective (minimize cycles): currently  (Cycles ~ 163.0, IPC ~ 0.39), bound  (Cycles ~ 155.0, IPC ~ 0.41)
2026-09-13 23:14:08,110 intt1024_gs2_A INFO [1.3761s]: Found 3 solutions so far... objective (minimize cycles): currently  (Cycles ~ 162.0, IPC ~ 0.40), bound  (Cycles ~ 155.0, IPC ~ 0.41)
2026-09-13 23:14:08,171 intt1024_gs2_A INFO [1.4379s]: Found 4 solutions so far... objective (minimize cycles): currently  (Cycles ~ 157.0, IPC ~ 0.41), bound  (Cycles ~ 155.0, IPC ~ 0.41)
2026-09-13 23:14:08,283 intt1024_gs2_A INFO [1.5500s]: Found 5 solutions so far... objective (minimize cycles): currently  (Cycles ~ 155.0, IPC ~ 0.41), bound  (Cycles ~ 155.0, IPC ~ 0.41)
2026-09-13 23:14:08,284 intt1024_gs2_A INFO Closer than 0 stalls to theoretical optimum... stop
2026-09-13 23:14:08,291 intt1024_gs2_A INFO OPTIMAL, wall time: 1.557366 s
2026-09-13 23:14:08,295 intt1024_gs2_A INFO Booleans in result: 1361
2026-09-13 23:14:08,307 intt1024_gs2_A.selfcheck INFO OK!
2026-09-13 23:14:08,319 intt1024_gs2_A WARNING LLVM (llvm-mc, llvm-nm, llvm-readobj) not found, disabling selftest. Consider installing LLVM.
2026-09-13 23:15:07,991 ntt512_ct2_wide_A INFO Setting timeout of 8 seconds...
2026-09-13 23:15:08,024 ntt512_ct2_wide_A INFO Objective: minimize cycles
2026-09-13 23:15:08,025 ntt512_ct2_wide_A INFO Invoking external constraint solver (OR-Tools CP-SAT v9.15.6755) ...
2026-09-13 23:15:09,885 ntt512_ct2_wide_A INFO [1.8594s]: Found 1 solutions so far... objective (minimize cycles): currently  (Cycles ~ 135.0, IPC ~ 0.49), bound  (Cycles ~ 121.0, IPC ~ 0.55)
2026-09-13 23:15:09,982 ntt512_ct2_wide_A INFO [1.9559s]: Found 2 solutions so far... objective (minimize cycles): currently  (Cycles ~ 133.0, IPC ~ 0.50), bound  (Cycles ~ 121.0, IPC ~ 0.55)
2026-09-13 23:15:10,049 ntt512_ct2_wide_A INFO [2.0238s]: Found 3 solutions so far... objective (minimize cycles): currently  (Cycles ~ 132.0, IPC ~ 0.50), bound  (Cycles ~ 121.0, IPC ~ 0.55)
2026-09-13 23:15:10,090 ntt512_ct2_wide_A INFO [2.0641s]: Found 4 solutions so far... objective (minimize cycles): currently  (Cycles ~ 131.0, IPC ~ 0.50), bound  (Cycles ~ 121.0, IPC ~ 0.55)
2026-09-13 23:15:10,281 ntt512_ct2_wide_A INFO [2.2549s]: Found 5 solutions so far... objective (minimize cycles): currently  (Cycles ~ 129.0, IPC ~ 0.51), bound  (Cycles ~ 121.0, IPC ~ 0.55)
2026-09-13 23:15:16,031 ntt512_ct2_wide_A INFO FEASIBLE, wall time: 8.004714 s
2026-09-13 23:15:16,035 ntt512_ct2_wide_A INFO Booleans in result: 1256
2026-09-13 23:15:16,050 ntt512_ct2_wide_A.selfcheck INFO OK!
2026-09-13 23:15:16,064 ntt512_ct2_wide_A WARNING LLVM (llvm-mc, llvm-nm, llvm-readobj) not found, disabling selftest. Consider installing LLVM.
2026-09-13 23:15:16,082 ntt512_ct2_wide_B_seam INFO Setting timeout of 8 seconds...
2026-09-13 23:15:16,102 ntt512_ct2_wide_B_seam INFO Objective: minimize cycles
2026-09-13 23:15:16,103 ntt512_ct2_wide_B_seam INFO Invoking external constraint solver (OR-Tools CP-SAT v9.15.6755) ...
2026-09-13 23:15:17,042 ntt512_ct2_wide_B_seam INFO [0.9383s]: Found 1 solutions so far... objective (minimize cycles): currently  (Cycles ~ 129.0, IPC ~ 0.51), bound  (Cycles ~ 122.0, IPC ~ 0.54)
2026-09-13 23:15:17,062 ntt512_ct2_wide_B_seam INFO [0.9584s]: Found 2 solutions so far... objective (minimize cycles): currently  (Cycles ~ 125.0, IPC ~ 0.53), bound  (Cycles ~ 122.0, IPC ~ 0.54)
2026-09-13 23:15:17,090 ntt512_ct2_wide_B_seam INFO [0.9869s]: Found 3 solutions so far... objective (minimize cycles): currently  (Cycles ~ 124.0, IPC ~ 0.53), bound  (Cycles ~ 122.0, IPC ~ 0.54)
2026-09-13 23:15:17,107 ntt512_ct2_wide_B_seam INFO OPTIMAL, wall time: 1.004001 s
2026-09-13 23:15:17,112 ntt512_ct2_wide_B_seam INFO Booleans in result: 959
2026-09-13 23:15:17,126 ntt512_ct2_wide_B_seam.selfcheck INFO OK!
2026-09-13 23:15:17,139 ntt512_ct2_wide_B_seam WARNING LLVM (llvm-mc, llvm-nm, llvm-readobj) not found, disabling selftest. Consider installing LLVM.
2026-09-13 23:15:17,161 ntt512_ct3_A_window0 INFO Setting timeout of 8 seconds...
2026-09-13 23:15:17,173 ntt512_ct3_A_window0 INFO Objective: minimize cycles
2026-09-13 23:15:17,174 ntt512_ct3_A_window0 INFO Invoking external constraint solver (OR-Tools CP-SAT v9.15.6755) ...
2026-09-13 23:15:17,502 ntt512_ct3_A_window0 INFO [0.3281s]: Found 1 solutions so far... objective (minimize cycles): currently  (Cycles ~ 92.0, IPC ~ 0.52), bound  (Cycles ~ 70.0, IPC ~ 0.69)
2026-09-13 23:15:17,591 ntt512_ct3_A_window0 INFO [0.4173s]: Found 2 solutions so far... objective (minimize cycles): currently  (Cycles ~ 86.0, IPC ~ 0.56), bound  (Cycles ~ 73.0, IPC ~ 0.66)
2026-09-13 23:15:17,756 ntt512_ct3_A_window0 INFO [0.5820s]: Found 3 solutions so far... objective (minimize cycles): currently  (Cycles ~ 85.0, IPC ~ 0.56), bound  (Cycles ~ 75.0, IPC ~ 0.64)
2026-09-13 23:15:17,760 ntt512_ct3_A_window0 INFO [0.5854s]: Found 4 solutions so far... objective (minimize cycles): currently  (Cycles ~ 84.0, IPC ~ 0.57), bound  (Cycles ~ 75.0, IPC ~ 0.64)
2026-09-13 23:15:17,763 ntt512_ct3_A_window0 INFO [0.5890s]: Found 5 solutions so far... objective (minimize cycles): currently  (Cycles ~ 81.0, IPC ~ 0.59), bound  (Cycles ~ 75.0, IPC ~ 0.64)
2026-09-13 23:15:17,807 ntt512_ct3_A_window0 INFO [0.6325s]: Found 6 solutions so far... objective (minimize cycles): currently  (Cycles ~ 80.0, IPC ~ 0.60), bound  (Cycles ~ 75.0, IPC ~ 0.64)
2026-09-13 23:15:17,866 ntt512_ct3_A_window0 INFO OPTIMAL, wall time: 0.691810 s
2026-09-13 23:15:17,870 ntt512_ct3_A_window0 INFO Booleans in result: 425
2026-09-13 23:15:17,880 ntt512_ct3_A_window0.selfcheck INFO OK!
2026-09-13 23:15:17,890 ntt512_ct3_A_window0 WARNING LLVM (llvm-mc, llvm-nm, llvm-readobj) not found, disabling selftest. Consider installing LLVM.
2026-09-13 23:15:17,902 ntt512_ct3_A_window48 INFO Setting timeout of 8 seconds...
2026-09-13 23:15:17,915 ntt512_ct3_A_window48 INFO Objective: minimize cycles
2026-09-13 23:15:17,915 ntt512_ct3_A_window48 INFO Invoking external constraint solver (OR-Tools CP-SAT v9.15.6755) ...
2026-09-13 23:15:18,179 ntt512_ct3_A_window48 INFO [0.2638s]: Found 1 solutions so far... objective (minimize cycles): currently  (Cycles ~ 107.0, IPC ~ 0.45), bound  (Cycles ~ 78.0, IPC ~ 0.62)
2026-09-13 23:15:18,218 ntt512_ct3_A_window48 INFO [0.3023s]: Found 2 solutions so far... objective (minimize cycles): currently  (Cycles ~ 105.0, IPC ~ 0.46), bound  (Cycles ~ 78.0, IPC ~ 0.62)
2026-09-13 23:15:18,256 ntt512_ct3_A_window48 INFO [0.3408s]: Found 3 solutions so far... objective (minimize cycles): currently  (Cycles ~ 101.0, IPC ~ 0.48), bound  (Cycles ~ 78.0, IPC ~ 0.62)
2026-09-13 23:15:18,307 ntt512_ct3_A_window48 INFO [0.3917s]: Found 4 solutions so far... objective (minimize cycles): currently  (Cycles ~ 100.0, IPC ~ 0.48), bound  (Cycles ~ 78.0, IPC ~ 0.62)
2026-09-13 23:15:18,369 ntt512_ct3_A_window48 INFO [0.4533s]: Found 5 solutions so far... objective (minimize cycles): currently  (Cycles ~ 99.0, IPC ~ 0.48), bound  (Cycles ~ 78.0, IPC ~ 0.62)
2026-09-13 23:15:18,377 ntt512_ct3_A_window48 INFO [0.4614s]: Found 6 solutions so far... objective (minimize cycles): currently  (Cycles ~ 95.0, IPC ~ 0.51), bound  (Cycles ~ 78.0, IPC ~ 0.62)
2026-09-13 23:15:18,381 ntt512_ct3_A_window48 INFO [0.4660s]: Found 7 solutions so far... objective (minimize cycles): currently  (Cycles ~ 94.0, IPC ~ 0.51), bound  (Cycles ~ 78.0, IPC ~ 0.62)
2026-09-13 23:15:18,423 ntt512_ct3_A_window48 INFO [0.5080s]: Found 8 solutions so far... objective (minimize cycles): currently  (Cycles ~ 93.0, IPC ~ 0.52), bound  (Cycles ~ 82.0, IPC ~ 0.59)
2026-09-13 23:15:18,427 ntt512_ct3_A_window48 INFO [0.5118s]: Found 9 solutions so far... objective (minimize cycles): currently  (Cycles ~ 92.0, IPC ~ 0.52), bound  (Cycles ~ 82.0, IPC ~ 0.59)
2026-09-13 23:15:18,442 ntt512_ct3_A_window48 INFO [0.5264s]: Found 10 solutions so far... objective (minimize cycles): currently  (Cycles ~ 91.0, IPC ~ 0.53), bound  (Cycles ~ 83.0, IPC ~ 0.58)
2026-09-13 23:15:18,450 ntt512_ct3_A_window48 INFO [0.5344s]: Found 11 solutions so far... objective (minimize cycles): currently  (Cycles ~ 90.0, IPC ~ 0.53), bound  (Cycles ~ 83.0, IPC ~ 0.58)
2026-09-13 23:15:18,461 ntt512_ct3_A_window48 INFO [0.5457s]: Found 12 solutions so far... objective (minimize cycles): currently  (Cycles ~ 89.0, IPC ~ 0.54), bound  (Cycles ~ 83.0, IPC ~ 0.58)
2026-09-13 23:15:18,465 ntt512_ct3_A_window48 INFO [0.5493s]: Found 13 solutions so far... objective (minimize cycles): currently  (Cycles ~ 88.0, IPC ~ 0.55), bound  (Cycles ~ 83.0, IPC ~ 0.58)
2026-09-13 23:15:18,491 ntt512_ct3_A_window48 INFO OPTIMAL, wall time: 0.575482 s
2026-09-13 23:15:18,494 ntt512_ct3_A_window48 INFO Booleans in result: 575
2026-09-13 23:15:18,506 ntt512_ct3_A_window48.selfcheck INFO OK!
2026-09-13 23:15:18,517 ntt512_ct3_A_window48 WARNING LLVM (llvm-mc, llvm-nm, llvm-readobj) not found, disabling selftest. Consider installing LLVM.
2026-09-13 23:15:18,529 ntt512_ct3_A_window96 INFO Setting timeout of 8 seconds...
2026-09-13 23:15:18,542 ntt512_ct3_A_window96 INFO Objective: minimize cycles
2026-09-13 23:15:18,543 ntt512_ct3_A_window96 INFO Invoking external constraint solver (OR-Tools CP-SAT v9.15.6755) ...
2026-09-13 23:15:18,998 ntt512_ct3_A_window96 INFO [0.4547s]: Found 1 solutions so far... objective (minimize cycles): currently  (Cycles ~ 110.0, IPC ~ 0.44), bound  (Cycles ~ 102.0, IPC ~ 0.47)
2026-09-13 23:15:19,038 ntt512_ct3_A_window96 INFO [0.4951s]: Found 2 solutions so far... objective (minimize cycles): currently  (Cycles ~ 107.0, IPC ~ 0.45), bound  (Cycles ~ 102.0, IPC ~ 0.47)
2026-09-13 23:15:19,089 ntt512_ct3_A_window96 INFO [0.5458s]: Found 3 solutions so far... objective (minimize cycles): currently  (Cycles ~ 104.0, IPC ~ 0.46), bound  (Cycles ~ 102.0, IPC ~ 0.47)
2026-09-13 23:15:19,116 ntt512_ct3_A_window96 INFO [0.5732s]: Found 4 solutions so far... objective (minimize cycles): currently  (Cycles ~ 103.0, IPC ~ 0.47), bound  (Cycles ~ 102.0, IPC ~ 0.47)
2026-09-13 23:15:19,125 ntt512_ct3_A_window96 INFO OPTIMAL, wall time: 0.581966 s
2026-09-13 23:15:19,128 ntt512_ct3_A_window96 INFO Booleans in result: 543
2026-09-13 23:15:19,140 ntt512_ct3_A_window96.selfcheck INFO OK!
2026-09-13 23:15:19,151 ntt512_ct3_A_window96 WARNING LLVM (llvm-mc, llvm-nm, llvm-readobj) not found, disabling selftest. Consider installing LLVM.
2026-09-13 23:15:19,163 ntt512_ct3_A_window144 INFO Setting timeout of 8 seconds...
2026-09-13 23:15:19,177 ntt512_ct3_A_window144 INFO Objective: minimize cycles
2026-09-13 23:15:19,177 ntt512_ct3_A_window144 INFO Invoking external constraint solver (OR-Tools CP-SAT v9.15.6755) ...
2026-09-13 23:15:19,425 ntt512_ct3_A_window144 INFO [0.2476s]: Found 1 solutions so far... objective (minimize cycles): currently  (Cycles ~ 106.0, IPC ~ 0.45), bound  (Cycles ~ 97.0, IPC ~ 0.49)
2026-09-13 23:15:19,485 ntt512_ct3_A_window144 INFO [0.3075s]: Found 2 solutions so far... objective (minimize cycles): currently  (Cycles ~ 102.0, IPC ~ 0.47), bound  (Cycles ~ 97.0, IPC ~ 0.49)
2026-09-13 23:15:19,510 ntt512_ct3_A_window144 INFO [0.3332s]: Found 3 solutions so far... objective (minimize cycles): currently  (Cycles ~ 101.0, IPC ~ 0.48), bound  (Cycles ~ 97.0, IPC ~ 0.49)
2026-09-13 23:15:19,659 ntt512_ct3_A_window144 INFO [0.4811s]: Found 4 solutions so far... objective (minimize cycles): currently  (Cycles ~ 100.0, IPC ~ 0.48), bound  (Cycles ~ 97.0, IPC ~ 0.49)
2026-09-13 23:15:23,004 ntt512_ct3_A_window144 INFO OPTIMAL, wall time: 3.827090 s
2026-09-13 23:15:23,008 ntt512_ct3_A_window144 INFO Booleans in result: 618
2026-09-13 23:15:23,020 ntt512_ct3_A_window144.selfcheck INFO OK!
2026-09-13 23:15:23,030 ntt512_ct3_A_window144 WARNING LLVM (llvm-mc, llvm-nm, llvm-readobj) not found, disabling selftest. Consider installing LLVM.
2026-09-13 23:15:23,036 ntt512_ct3_A_window192 INFO Setting timeout of 8 seconds...
2026-09-13 23:15:23,038 ntt512_ct3_A_window192 INFO Objective: minimize cycles
2026-09-13 23:15:23,039 ntt512_ct3_A_window192 INFO Invoking external constraint solver (OR-Tools CP-SAT v9.15.6755) ...
2026-09-13 23:15:23,040 ntt512_ct3_A_window192 INFO [0.0015s]: Found 1 solutions so far... objective (minimize cycles): currently  (Cycles ~ 3.0, IPC ~ 1.00), bound  (Cycles ~ 3.0, IPC ~ 1.00)
2026-09-13 23:15:23,041 ntt512_ct3_A_window192 INFO Closer than 0 stalls to theoretical optimum... stop
2026-09-13 23:15:23,043 ntt512_ct3_A_window192 INFO OPTIMAL, wall time: 0.003691 s
2026-09-13 23:15:23,043 ntt512_ct3_A_window192 INFO Booleans in result: 6
2026-09-13 23:15:23,048 ntt512_ct3_A_window192.selfcheck INFO OK!
2026-09-13 23:15:23,052 ntt512_ct3_A_window192 WARNING LLVM (llvm-mc, llvm-nm, llvm-readobj) not found, disabling selftest. Consider installing LLVM.
2026-09-13 23:15:23,076 ntt512_ct3_B_seam_window0 INFO Setting timeout of 8 seconds...
2026-09-13 23:15:23,089 ntt512_ct3_B_seam_window0 INFO Objective: minimize cycles
2026-09-13 23:15:23,090 ntt512_ct3_B_seam_window0 INFO Invoking external constraint solver (OR-Tools CP-SAT v9.15.6755) ...
2026-09-13 23:15:23,604 ntt512_ct3_B_seam_window0 INFO [0.5138s]: Found 1 solutions so far... objective (minimize cycles): currently  (Cycles ~ 103.0, IPC ~ 0.47), bound  (Cycles ~ 102.0, IPC ~ 0.47)
2026-09-13 23:15:23,614 ntt512_ct3_B_seam_window0 INFO OPTIMAL, wall time: 0.523696 s
2026-09-13 23:15:23,617 ntt512_ct3_B_seam_window0 INFO Booleans in result: 550
2026-09-13 23:15:23,652 ntt512_ct3_B_seam_window0.selfcheck INFO OK!
2026-09-13 23:15:23,662 ntt512_ct3_B_seam_window0 WARNING LLVM (llvm-mc, llvm-nm, llvm-readobj) not found, disabling selftest. Consider installing LLVM.
2026-09-13 23:15:23,674 ntt512_ct3_B_seam_window48 INFO Setting timeout of 8 seconds...
2026-09-13 23:15:23,687 ntt512_ct3_B_seam_window48 INFO Objective: minimize cycles
2026-09-13 23:15:23,688 ntt512_ct3_B_seam_window48 INFO Invoking external constraint solver (OR-Tools CP-SAT v9.15.6755) ...
2026-09-13 23:15:24,035 ntt512_ct3_B_seam_window48 INFO [0.3471s]: Found 1 solutions so far... objective (minimize cycles): currently  (Cycles ~ 99.0, IPC ~ 0.48), bound  (Cycles ~ 97.0, IPC ~ 0.49)
2026-09-13 23:15:24,715 ntt512_ct3_B_seam_window48 INFO OPTIMAL, wall time: 1.026894 s
2026-09-13 23:15:24,718 ntt512_ct3_B_seam_window48 INFO Booleans in result: 579
2026-09-13 23:15:24,730 ntt512_ct3_B_seam_window48.selfcheck INFO OK!
2026-09-13 23:15:24,740 ntt512_ct3_B_seam_window48 WARNING LLVM (llvm-mc, llvm-nm, llvm-readobj) not found, disabling selftest. Consider installing LLVM.
2026-09-13 23:15:24,754 ntt512_ct3_B_seam_window96 INFO Setting timeout of 8 seconds...
2026-09-13 23:15:24,766 ntt512_ct3_B_seam_window96 INFO Objective: minimize cycles
2026-09-13 23:15:24,766 ntt512_ct3_B_seam_window96 INFO Invoking external constraint solver (OR-Tools CP-SAT v9.15.6755) ...
2026-09-13 23:15:25,017 ntt512_ct3_B_seam_window96 INFO [0.2506s]: Found 1 solutions so far... objective (minimize cycles): currently  (Cycles ~ 78.0, IPC ~ 0.62), bound  (Cycles ~ 72.0, IPC ~ 0.67)
2026-09-13 23:15:25,064 ntt512_ct3_B_seam_window96 INFO [0.2972s]: Found 2 solutions so far... objective (minimize cycles): currently  (Cycles ~ 77.0, IPC ~ 0.62), bound  (Cycles ~ 72.0, IPC ~ 0.67)
2026-09-13 23:15:25,299 ntt512_ct3_B_seam_window96 INFO OPTIMAL, wall time: 0.532846 s
2026-09-13 23:15:25,303 ntt512_ct3_B_seam_window96 INFO Booleans in result: 550
2026-09-13 23:15:25,313 ntt512_ct3_B_seam_window96.selfcheck INFO OK!
2026-09-13 23:15:25,323 ntt512_ct3_B_seam_window96 WARNING LLVM (llvm-mc, llvm-nm, llvm-readobj) not found, disabling selftest. Consider installing LLVM.
2026-09-13 23:15:25,335 ntt512_ct3_B_seam_window144 INFO Setting timeout of 8 seconds...
2026-09-13 23:15:25,347 ntt512_ct3_B_seam_window144 INFO Objective: minimize cycles
2026-09-13 23:15:25,348 ntt512_ct3_B_seam_window144 INFO Invoking external constraint solver (OR-Tools CP-SAT v9.15.6755) ...
2026-09-13 23:15:25,989 ntt512_ct3_B_seam_window144 INFO [0.6411s]: Found 1 solutions so far... objective (minimize cycles): currently  (Cycles ~ 93.0, IPC ~ 0.52), bound  (Cycles ~ 79.0, IPC ~ 0.61)
2026-09-13 23:15:26,003 ntt512_ct3_B_seam_window144 INFO [0.6552s]: Found 2 solutions so far... objective (minimize cycles): currently  (Cycles ~ 91.0, IPC ~ 0.53), bound  (Cycles ~ 80.0, IPC ~ 0.60)
2026-09-13 23:15:26,054 ntt512_ct3_B_seam_window144 INFO [0.7059s]: Found 3 solutions so far... objective (minimize cycles): currently  (Cycles ~ 90.0, IPC ~ 0.53), bound  (Cycles ~ 80.0, IPC ~ 0.60)
2026-09-13 23:15:26,056 ntt512_ct3_B_seam_window144 INFO [0.7082s]: Found 4 solutions so far... objective (minimize cycles): currently  (Cycles ~ 89.0, IPC ~ 0.54), bound  (Cycles ~ 80.0, IPC ~ 0.60)
2026-09-13 23:15:26,083 ntt512_ct3_B_seam_window144 INFO [0.7352s]: Found 5 solutions so far... objective (minimize cycles): currently  (Cycles ~ 88.0, IPC ~ 0.55), bound  (Cycles ~ 80.0, IPC ~ 0.60)
2026-09-13 23:15:26,149 ntt512_ct3_B_seam_window144 INFO [0.8007s]: Found 6 solutions so far... objective (minimize cycles): currently  (Cycles ~ 87.0, IPC ~ 0.55), bound  (Cycles ~ 84.0, IPC ~ 0.57)
2026-09-13 23:15:26,162 ntt512_ct3_B_seam_window144 INFO OPTIMAL, wall time: 0.813690 s
2026-09-13 23:15:26,165 ntt512_ct3_B_seam_window144 INFO Booleans in result: 696
2026-09-13 23:15:26,177 ntt512_ct3_B_seam_window144.selfcheck INFO OK!
2026-09-13 23:15:26,187 ntt512_ct3_B_seam_window144 WARNING LLVM (llvm-mc, llvm-nm, llvm-readobj) not found, disabling selftest. Consider installing LLVM.
2026-09-13 23:15:26,193 ntt512_ct3_B_seam_window192 INFO Setting timeout of 8 seconds...
2026-09-13 23:15:26,196 ntt512_ct3_B_seam_window192 INFO Objective: minimize cycles
2026-09-13 23:15:26,196 ntt512_ct3_B_seam_window192 INFO Invoking external constraint solver (OR-Tools CP-SAT v9.15.6755) ...
2026-09-13 23:15:26,198 ntt512_ct3_B_seam_window192 INFO [0.0017s]: Found 1 solutions so far... objective (minimize cycles): currently  (Cycles ~ 5.0, IPC ~ 0.60), bound  (Cycles ~ 5.0, IPC ~ 0.60)
2026-09-13 23:15:26,198 ntt512_ct3_B_seam_window192 INFO Closer than 0 stalls to theoretical optimum... stop
2026-09-13 23:15:26,200 ntt512_ct3_B_seam_window192 INFO OPTIMAL, wall time: 0.003943 s
2026-09-13 23:15:26,201 ntt512_ct3_B_seam_window192 INFO Booleans in result: 2
2026-09-13 23:15:26,206 ntt512_ct3_B_seam_window192.selfcheck INFO OK!
2026-09-13 23:15:26,210 ntt512_ct3_B_seam_window192 WARNING LLVM (llvm-mc, llvm-nm, llvm-readobj) not found, disabling selftest. Consider installing LLVM.
2026-09-13 23:15:26,247 ntt512_ct2_packed_A_window0 INFO Setting timeout of 8 seconds...
2026-09-13 23:15:26,255 ntt512_ct2_packed_A_window0 INFO Objective: minimize cycles
2026-09-13 23:15:26,256 ntt512_ct2_packed_A_window0 INFO Invoking external constraint solver (OR-Tools CP-SAT v9.15.6755) ...
2026-09-13 23:15:26,270 ntt512_ct2_packed_A_window0 INFO [0.0146s]: Found 1 solutions so far... objective (minimize cycles): currently  (Cycles ~ 55.0, IPC ~ 0.87), bound  (Cycles ~ 48.0, IPC ~ 1.00)
2026-09-13 23:15:26,272 ntt512_ct2_packed_A_window0 INFO [0.0162s]: Found 2 solutions so far... objective (minimize cycles): currently  (Cycles ~ 53.0, IPC ~ 0.91), bound  (Cycles ~ 48.0, IPC ~ 1.00)
2026-09-13 23:15:26,278 ntt512_ct2_packed_A_window0 INFO [0.0220s]: Found 3 solutions so far... objective (minimize cycles): currently  (Cycles ~ 52.0, IPC ~ 0.92), bound  (Cycles ~ 48.0, IPC ~ 1.00)
2026-09-13 23:15:26,279 ntt512_ct2_packed_A_window0 INFO [0.0229s]: Found 4 solutions so far... objective (minimize cycles): currently  (Cycles ~ 51.0, IPC ~ 0.94), bound  (Cycles ~ 48.0, IPC ~ 1.00)
2026-09-13 23:15:26,280 ntt512_ct2_packed_A_window0 INFO [0.0244s]: Found 5 solutions so far... objective (minimize cycles): currently  (Cycles ~ 50.0, IPC ~ 0.96), bound  (Cycles ~ 48.0, IPC ~ 1.00)
2026-09-13 23:15:26,281 ntt512_ct2_packed_A_window0 INFO [0.0247s]: Found 6 solutions so far... objective (minimize cycles): currently  (Cycles ~ 48.0, IPC ~ 1.00), bound  (Cycles ~ 48.0, IPC ~ 1.00)
2026-09-13 23:15:26,281 ntt512_ct2_packed_A_window0 INFO Closer than 0 stalls to theoretical optimum... stop
2026-09-13 23:15:26,284 ntt512_ct2_packed_A_window0 INFO OPTIMAL, wall time: 0.027996 s
2026-09-13 23:15:26,286 ntt512_ct2_packed_A_window0 INFO Booleans in result: 1
2026-09-13 23:15:26,296 ntt512_ct2_packed_A_window0.selfcheck INFO OK!
2026-09-13 23:15:26,304 ntt512_ct2_packed_A_window0 WARNING LLVM (llvm-mc, llvm-nm, llvm-readobj) not found, disabling selftest. Consider installing LLVM.
2026-09-13 23:15:26,315 ntt512_ct2_packed_A_window48 INFO Setting timeout of 8 seconds...
2026-09-13 23:15:26,325 ntt512_ct2_packed_A_window48 INFO Objective: minimize cycles
2026-09-13 23:15:26,326 ntt512_ct2_packed_A_window48 INFO Invoking external constraint solver (OR-Tools CP-SAT v9.15.6755) ...
2026-09-13 23:15:26,586 ntt512_ct2_packed_A_window48 INFO [0.2596s]: Found 1 solutions so far... objective (minimize cycles): currently  (Cycles ~ 90.0, IPC ~ 0.53), bound  (Cycles ~ 79.0, IPC ~ 0.61)
2026-09-13 23:15:26,681 ntt512_ct2_packed_A_window48 INFO [0.3553s]: Found 2 solutions so far... objective (minimize cycles): currently  (Cycles ~ 89.0, IPC ~ 0.54), bound  (Cycles ~ 81.0, IPC ~ 0.59)
2026-09-13 23:15:26,688 ntt512_ct2_packed_A_window48 INFO [0.3624s]: Found 3 solutions so far... objective (minimize cycles): currently  (Cycles ~ 87.0, IPC ~ 0.55), bound  (Cycles ~ 81.0, IPC ~ 0.59)
2026-09-13 23:15:26,739 ntt512_ct2_packed_A_window48 INFO [0.4121s]: Found 4 solutions so far... objective (minimize cycles): currently  (Cycles ~ 86.0, IPC ~ 0.56), bound  (Cycles ~ 81.0, IPC ~ 0.59)
2026-09-13 23:15:26,745 ntt512_ct2_packed_A_window48 INFO [0.4194s]: Found 5 solutions so far... objective (minimize cycles): currently  (Cycles ~ 85.0, IPC ~ 0.56), bound  (Cycles ~ 81.0, IPC ~ 0.59)
2026-09-13 23:15:26,749 ntt512_ct2_packed_A_window48 INFO [0.4230s]: Found 6 solutions so far... objective (minimize cycles): currently  (Cycles ~ 84.0, IPC ~ 0.57), bound  (Cycles ~ 82.0, IPC ~ 0.59)
2026-09-13 23:15:26,881 ntt512_ct2_packed_A_window48 INFO OPTIMAL, wall time: 0.555030 s
2026-09-13 23:15:26,884 ntt512_ct2_packed_A_window48 INFO Booleans in result: 427
2026-09-13 23:15:26,895 ntt512_ct2_packed_A_window48.selfcheck INFO OK!
2026-09-13 23:15:26,905 ntt512_ct2_packed_A_window48 WARNING LLVM (llvm-mc, llvm-nm, llvm-readobj) not found, disabling selftest. Consider installing LLVM.
2026-09-13 23:15:26,913 ntt512_ct2_packed_A_window96 INFO Setting timeout of 8 seconds...
2026-09-13 23:15:26,919 ntt512_ct2_packed_A_window96 INFO Objective: minimize cycles
2026-09-13 23:15:26,920 ntt512_ct2_packed_A_window96 INFO Invoking external constraint solver (OR-Tools CP-SAT v9.15.6755) ...
2026-09-13 23:15:26,961 ntt512_ct2_packed_A_window96 INFO [0.0411s]: Found 1 solutions so far... objective (minimize cycles): currently  (Cycles ~ 52.0, IPC ~ 0.44), bound  (Cycles ~ 47.0, IPC ~ 0.49)
2026-09-13 23:15:26,967 ntt512_ct2_packed_A_window96 INFO [0.0467s]: Found 2 solutions so far... objective (minimize cycles): currently  (Cycles ~ 49.0, IPC ~ 0.47), bound  (Cycles ~ 47.0, IPC ~ 0.49)
2026-09-13 23:15:26,971 ntt512_ct2_packed_A_window96 INFO OPTIMAL, wall time: 0.050661 s
2026-09-13 23:15:26,973 ntt512_ct2_packed_A_window96 INFO Booleans in result: 99
2026-09-13 23:15:26,980 ntt512_ct2_packed_A_window96.selfcheck INFO OK!
2026-09-13 23:15:26,987 ntt512_ct2_packed_A_window96 WARNING LLVM (llvm-mc, llvm-nm, llvm-readobj) not found, disabling selftest. Consider installing LLVM.
2026-09-13 23:15:27,005 ntt512_ct2_packed_B_seam_window0 INFO Setting timeout of 8 seconds...
2026-09-13 23:15:27,037 ntt512_ct2_packed_B_seam_window0 INFO Objective: minimize cycles
2026-09-13 23:15:27,038 ntt512_ct2_packed_B_seam_window0 INFO Invoking external constraint solver (OR-Tools CP-SAT v9.15.6755) ...
2026-09-13 23:15:27,497 ntt512_ct2_packed_B_seam_window0 INFO [0.4591s]: Found 1 solutions so far... objective (minimize cycles): currently  (Cycles ~ 93.0, IPC ~ 0.52), bound  (Cycles ~ 87.0, IPC ~ 0.55)
2026-09-13 23:15:27,532 ntt512_ct2_packed_B_seam_window0 INFO [0.4939s]: Found 2 solutions so far... objective (minimize cycles): currently  (Cycles ~ 92.0, IPC ~ 0.52), bound  (Cycles ~ 87.0, IPC ~ 0.55)
2026-09-13 23:15:27,576 ntt512_ct2_packed_B_seam_window0 INFO [0.5374s]: Found 3 solutions so far... objective (minimize cycles): currently  (Cycles ~ 89.0, IPC ~ 0.54), bound  (Cycles ~ 87.0, IPC ~ 0.55)
2026-09-13 23:15:27,584 ntt512_ct2_packed_B_seam_window0 INFO [0.5456s]: Found 4 solutions so far... objective (minimize cycles): currently  (Cycles ~ 88.0, IPC ~ 0.55), bound  (Cycles ~ 87.0, IPC ~ 0.55)
2026-09-13 23:15:27,699 ntt512_ct2_packed_B_seam_window0 INFO [0.6611s]: Found 5 solutions so far... objective (minimize cycles): currently  (Cycles ~ 87.0, IPC ~ 0.55), bound  (Cycles ~ 87.0, IPC ~ 0.55)
2026-09-13 23:15:27,700 ntt512_ct2_packed_B_seam_window0 INFO Closer than 0 stalls to theoretical optimum... stop
2026-09-13 23:15:27,703 ntt512_ct2_packed_B_seam_window0 INFO OPTIMAL, wall time: 0.664424 s
2026-09-13 23:15:27,706 ntt512_ct2_packed_B_seam_window0 INFO Booleans in result: 495
2026-09-13 23:15:27,717 ntt512_ct2_packed_B_seam_window0.selfcheck INFO OK!
2026-09-13 23:15:27,727 ntt512_ct2_packed_B_seam_window0 WARNING LLVM (llvm-mc, llvm-nm, llvm-readobj) not found, disabling selftest. Consider installing LLVM.
2026-09-13 23:15:27,738 ntt512_ct2_packed_B_seam_window48 INFO Setting timeout of 8 seconds...
2026-09-13 23:15:27,747 ntt512_ct2_packed_B_seam_window48 INFO Objective: minimize cycles
2026-09-13 23:15:27,748 ntt512_ct2_packed_B_seam_window48 INFO Invoking external constraint solver (OR-Tools CP-SAT v9.15.6755) ...
2026-09-13 23:15:27,877 ntt512_ct2_packed_B_seam_window48 INFO [0.1294s]: Found 1 solutions so far... objective (minimize cycles): currently  (Cycles ~ 60.0, IPC ~ 0.80), bound  (Cycles ~ 48.0, IPC ~ 1.00)
2026-09-13 23:15:27,883 ntt512_ct2_packed_B_seam_window48 INFO [0.1356s]: Found 2 solutions so far... objective (minimize cycles): currently  (Cycles ~ 58.0, IPC ~ 0.83), bound  (Cycles ~ 48.0, IPC ~ 1.00)
2026-09-13 23:15:27,891 ntt512_ct2_packed_B_seam_window48 INFO [0.1435s]: Found 3 solutions so far... objective (minimize cycles): currently  (Cycles ~ 57.0, IPC ~ 0.84), bound  (Cycles ~ 48.0, IPC ~ 1.00)
2026-09-13 23:15:27,895 ntt512_ct2_packed_B_seam_window48 INFO OPTIMAL, wall time: 0.147361 s
2026-09-13 23:15:27,898 ntt512_ct2_packed_B_seam_window48 INFO Booleans in result: 195
2026-09-13 23:15:27,908 ntt512_ct2_packed_B_seam_window48.selfcheck INFO OK!
2026-09-13 23:15:27,917 ntt512_ct2_packed_B_seam_window48 WARNING LLVM (llvm-mc, llvm-nm, llvm-readobj) not found, disabling selftest. Consider installing LLVM.
2026-09-13 23:15:27,924 ntt512_ct2_packed_B_seam_window96 INFO Setting timeout of 8 seconds...
2026-09-13 23:15:27,929 ntt512_ct2_packed_B_seam_window96 INFO Objective: minimize cycles
2026-09-13 23:15:27,929 ntt512_ct2_packed_B_seam_window96 INFO Invoking external constraint solver (OR-Tools CP-SAT v9.15.6755) ...
2026-09-13 23:15:27,939 ntt512_ct2_packed_B_seam_window96 INFO [0.0096s]: Found 1 solutions so far... objective (minimize cycles): currently  (Cycles ~ 35.0, IPC ~ 0.66), bound  (Cycles ~ 23.0, IPC ~ 1.00)
2026-09-13 23:15:27,941 ntt512_ct2_packed_B_seam_window96 INFO [0.0117s]: Found 2 solutions so far... objective (minimize cycles): currently  (Cycles ~ 30.0, IPC ~ 0.77), bound  (Cycles ~ 23.0, IPC ~ 1.00)
2026-09-13 23:15:27,945 ntt512_ct2_packed_B_seam_window96 INFO [0.0155s]: Found 3 solutions so far... objective (minimize cycles): currently  (Cycles ~ 29.0, IPC ~ 0.79), bound  (Cycles ~ 23.0, IPC ~ 1.00)
2026-09-13 23:15:27,948 ntt512_ct2_packed_B_seam_window96 INFO [0.0187s]: Found 4 solutions so far... objective (minimize cycles): currently  (Cycles ~ 28.0, IPC ~ 0.82), bound  (Cycles ~ 23.0, IPC ~ 1.00)
2026-09-13 23:15:27,954 ntt512_ct2_packed_B_seam_window96 INFO OPTIMAL, wall time: 0.024438 s
2026-09-13 23:15:27,956 ntt512_ct2_packed_B_seam_window96 INFO Booleans in result: 43
2026-09-13 23:15:27,963 ntt512_ct2_packed_B_seam_window96.selfcheck INFO OK!
2026-09-13 23:15:27,969 ntt512_ct2_packed_B_seam_window96 WARNING LLVM (llvm-mc, llvm-nm, llvm-readobj) not found, disabling selftest. Consider installing LLVM.
2026-09-13 23:15:27,999 ntt_shared_final2_A INFO Setting timeout of 8 seconds...
2026-09-13 23:15:28,016 ntt_shared_final2_A INFO Objective: minimize cycles
2026-09-13 23:15:28,017 ntt_shared_final2_A INFO Invoking external constraint solver (OR-Tools CP-SAT v9.15.6755) ...
2026-09-13 23:15:31,701 ntt_shared_final2_A INFO [3.6839s]: Found 1 solutions so far... objective (minimize cycles): currently  (Cycles ~ 147.0, IPC ~ 0.37), bound  (Cycles ~ 130.0, IPC ~ 0.42)
2026-09-13 23:15:31,771 ntt_shared_final2_A INFO [3.7538s]: Found 2 solutions so far... objective (minimize cycles): currently  (Cycles ~ 143.0, IPC ~ 0.38), bound  (Cycles ~ 130.0, IPC ~ 0.42)
2026-09-13 23:15:31,895 ntt_shared_final2_A INFO [3.8783s]: Found 3 solutions so far... objective (minimize cycles): currently  (Cycles ~ 141.0, IPC ~ 0.38), bound  (Cycles ~ 130.0, IPC ~ 0.42)
2026-09-13 23:15:32,035 ntt_shared_final2_A INFO [4.0177s]: Found 4 solutions so far... objective (minimize cycles): currently  (Cycles ~ 139.0, IPC ~ 0.39), bound  (Cycles ~ 131.0, IPC ~ 0.41)
2026-09-13 23:15:32,276 ntt_shared_final2_A INFO [4.2594s]: Found 5 solutions so far... objective (minimize cycles): currently  (Cycles ~ 138.0, IPC ~ 0.39), bound  (Cycles ~ 131.0, IPC ~ 0.41)
2026-09-13 23:15:32,518 ntt_shared_final2_A INFO [4.5009s]: Found 6 solutions so far... objective (minimize cycles): currently  (Cycles ~ 137.0, IPC ~ 0.39), bound  (Cycles ~ 131.0, IPC ~ 0.41)
2026-09-13 23:15:33,844 ntt_shared_final2_A INFO OPTIMAL, wall time: 5.827014 s
2026-09-13 23:15:33,848 ntt_shared_final2_A INFO Booleans in result: 2935
2026-09-13 23:15:33,860 ntt_shared_final2_A.selfcheck INFO OK!
2026-09-13 23:15:33,872 ntt_shared_final2_A WARNING LLVM (llvm-mc, llvm-nm, llvm-readobj) not found, disabling selftest. Consider installing LLVM.
2026-09-13 23:15:33,888 ntt_shared_final2_B_seam INFO Setting timeout of 8 seconds...
2026-09-13 23:15:33,905 ntt_shared_final2_B_seam INFO Objective: minimize cycles
2026-09-13 23:15:33,905 ntt_shared_final2_B_seam INFO Invoking external constraint solver (OR-Tools CP-SAT v9.15.6755) ...
2026-09-13 23:15:35,103 ntt_shared_final2_B_seam INFO [1.1972s]: Found 1 solutions so far... objective (minimize cycles): currently  (Cycles ~ 137.0, IPC ~ 0.39), bound  (Cycles ~ 132.0, IPC ~ 0.41)
2026-09-13 23:15:35,151 ntt_shared_final2_B_seam INFO [1.2453s]: Found 2 solutions so far... objective (minimize cycles): currently  (Cycles ~ 136.0, IPC ~ 0.40), bound  (Cycles ~ 134.0, IPC ~ 0.40)
2026-09-13 23:15:35,230 ntt_shared_final2_B_seam INFO OPTIMAL, wall time: 1.324458 s
2026-09-13 23:15:35,234 ntt_shared_final2_B_seam INFO Booleans in result: 1407
2026-09-13 23:15:35,247 ntt_shared_final2_B_seam.selfcheck INFO OK!
2026-09-13 23:15:35,259 ntt_shared_final2_B_seam WARNING LLVM (llvm-mc, llvm-nm, llvm-readobj) not found, disabling selftest. Consider installing LLVM.
2026-09-13 23:15:35,284 intt_shared_first2_A INFO Setting timeout of 8 seconds...
2026-09-13 23:15:35,306 intt_shared_first2_A INFO Objective: minimize cycles
2026-09-13 23:15:35,307 intt_shared_first2_A INFO Invoking external constraint solver (OR-Tools CP-SAT v9.15.6755) ...
2026-09-13 23:15:38,477 intt_shared_first2_A INFO [3.1697s]: Found 1 solutions so far... objective (minimize cycles): currently  (Cycles ~ 179.0, IPC ~ 0.37), bound  (Cycles ~ 151.0, IPC ~ 0.44)
2026-09-13 23:15:38,531 intt_shared_first2_A INFO [3.2236s]: Found 2 solutions so far... objective (minimize cycles): currently  (Cycles ~ 178.0, IPC ~ 0.37), bound  (Cycles ~ 151.0, IPC ~ 0.44)
2026-09-13 23:15:38,549 intt_shared_first2_A INFO [3.2422s]: Found 3 solutions so far... objective (minimize cycles): currently  (Cycles ~ 177.0, IPC ~ 0.37), bound  (Cycles ~ 151.0, IPC ~ 0.44)
2026-09-13 23:15:38,626 intt_shared_first2_A INFO [3.3189s]: Found 4 solutions so far... objective (minimize cycles): currently  (Cycles ~ 176.0, IPC ~ 0.38), bound  (Cycles ~ 151.0, IPC ~ 0.44)
2026-09-13 23:15:38,684 intt_shared_first2_A INFO [3.3767s]: Found 5 solutions so far... objective (minimize cycles): currently  (Cycles ~ 175.0, IPC ~ 0.38), bound  (Cycles ~ 151.0, IPC ~ 0.44)
2026-09-13 23:15:38,703 intt_shared_first2_A INFO [3.3961s]: Found 6 solutions so far... objective (minimize cycles): currently  (Cycles ~ 174.0, IPC ~ 0.38), bound  (Cycles ~ 151.0, IPC ~ 0.44)
2026-09-13 23:15:38,756 intt_shared_first2_A INFO [3.4489s]: Found 7 solutions so far... objective (minimize cycles): currently  (Cycles ~ 173.0, IPC ~ 0.38), bound  (Cycles ~ 151.0, IPC ~ 0.44)
2026-09-13 23:15:38,791 intt_shared_first2_A INFO [3.4839s]: Found 8 solutions so far... objective (minimize cycles): currently  (Cycles ~ 172.0, IPC ~ 0.38), bound  (Cycles ~ 151.0, IPC ~ 0.44)
2026-09-13 23:15:38,842 intt_shared_first2_A INFO [3.5354s]: Found 9 solutions so far... objective (minimize cycles): currently  (Cycles ~ 171.0, IPC ~ 0.39), bound  (Cycles ~ 151.0, IPC ~ 0.44)
2026-09-13 23:15:38,897 intt_shared_first2_A INFO [3.5897s]: Found 10 solutions so far... objective (minimize cycles): currently  (Cycles ~ 170.0, IPC ~ 0.39), bound  (Cycles ~ 151.0, IPC ~ 0.44)
2026-09-13 23:15:39,022 intt_shared_first2_A INFO [3.7152s]: Found 11 solutions so far... objective (minimize cycles): currently  (Cycles ~ 169.0, IPC ~ 0.39), bound  (Cycles ~ 151.0, IPC ~ 0.44)
2026-09-13 23:15:39,129 intt_shared_first2_A INFO [3.8216s]: Found 12 solutions so far... objective (minimize cycles): currently  (Cycles ~ 163.0, IPC ~ 0.40), bound  (Cycles ~ 151.0, IPC ~ 0.44)
2026-09-13 23:15:39,579 intt_shared_first2_A INFO [4.2723s]: Found 13 solutions so far... objective (minimize cycles): currently  (Cycles ~ 161.0, IPC ~ 0.41), bound  (Cycles ~ 151.0, IPC ~ 0.44)
2026-09-13 23:15:39,798 intt_shared_first2_A INFO [4.4914s]: Found 14 solutions so far... objective (minimize cycles): currently  (Cycles ~ 158.0, IPC ~ 0.42), bound  (Cycles ~ 151.0, IPC ~ 0.44)
2026-09-13 23:15:41,124 intt_shared_first2_A INFO [5.8168s]: Found 15 solutions so far... objective (minimize cycles): currently  (Cycles ~ 157.0, IPC ~ 0.42), bound  (Cycles ~ 153.0, IPC ~ 0.43)
2026-09-13 23:15:43,313 intt_shared_first2_A INFO FEASIBLE, wall time: 8.005897 s
2026-09-13 23:15:43,317 intt_shared_first2_A INFO Booleans in result: 2104
2026-09-13 23:15:43,332 intt_shared_first2_A.selfcheck INFO OK!
2026-09-13 23:15:43,347 intt_shared_first2_A WARNING LLVM (llvm-mc, llvm-nm, llvm-readobj) not found, disabling selftest. Consider installing LLVM.
2026-09-13 23:15:43,365 intt_shared_first2_B_seam INFO Setting timeout of 8 seconds...
2026-09-13 23:15:43,387 intt_shared_first2_B_seam INFO Objective: minimize cycles
2026-09-13 23:15:43,388 intt_shared_first2_B_seam INFO Invoking external constraint solver (OR-Tools CP-SAT v9.15.6755) ...
2026-09-13 23:15:48,990 intt_shared_first2_B_seam INFO [5.6025s]: Found 1 solutions so far... objective (minimize cycles): currently  (Cycles ~ 175.0, IPC ~ 0.38), bound  (Cycles ~ 154.0, IPC ~ 0.43)
2026-09-13 23:15:49,155 intt_shared_first2_B_seam INFO [5.7668s]: Found 2 solutions so far... objective (minimize cycles): currently  (Cycles ~ 165.0, IPC ~ 0.40), bound  (Cycles ~ 154.0, IPC ~ 0.43)
2026-09-13 23:15:49,370 intt_shared_first2_B_seam INFO [5.9823s]: Found 3 solutions so far... objective (minimize cycles): currently  (Cycles ~ 160.0, IPC ~ 0.41), bound  (Cycles ~ 154.0, IPC ~ 0.43)
2026-09-13 23:15:49,512 intt_shared_first2_B_seam INFO [6.1239s]: Found 4 solutions so far... objective (minimize cycles): currently  (Cycles ~ 159.0, IPC ~ 0.42), bound  (Cycles ~ 154.0, IPC ~ 0.43)
2026-09-13 23:15:49,536 intt_shared_first2_B_seam INFO [6.1476s]: Found 5 solutions so far... objective (minimize cycles): currently  (Cycles ~ 158.0, IPC ~ 0.42), bound  (Cycles ~ 154.0, IPC ~ 0.43)
2026-09-13 23:15:49,568 intt_shared_first2_B_seam INFO [6.1798s]: Found 6 solutions so far... objective (minimize cycles): currently  (Cycles ~ 157.0, IPC ~ 0.42), bound  (Cycles ~ 154.0, IPC ~ 0.43)
2026-09-13 23:15:49,580 intt_shared_first2_B_seam INFO [6.1921s]: Found 7 solutions so far... objective (minimize cycles): currently  (Cycles ~ 156.0, IPC ~ 0.42), bound  (Cycles ~ 154.0, IPC ~ 0.43)
2026-09-13 23:15:49,695 intt_shared_first2_B_seam INFO [6.3066s]: Found 8 solutions so far... objective (minimize cycles): currently  (Cycles ~ 155.0, IPC ~ 0.43), bound  (Cycles ~ 154.0, IPC ~ 0.43)
2026-09-13 23:15:49,916 intt_shared_first2_B_seam INFO OPTIMAL, wall time: 6.528267 s
2026-09-13 23:15:49,921 intt_shared_first2_B_seam INFO Booleans in result: 2790
2026-09-13 23:15:49,936 intt_shared_first2_B_seam.selfcheck INFO OK!
2026-09-13 23:15:49,972 intt_shared_first2_B_seam WARNING LLVM (llvm-mc, llvm-nm, llvm-readobj) not found, disabling selftest. Consider installing LLVM.
2026-09-13 23:15:49,996 intt512_gs2_packed_A_window0 INFO Setting timeout of 8 seconds...
2026-09-13 23:15:50,006 intt512_gs2_packed_A_window0 INFO Objective: minimize cycles
2026-09-13 23:15:50,006 intt512_gs2_packed_A_window0 INFO Invoking external constraint solver (OR-Tools CP-SAT v9.15.6755) ...
2026-09-13 23:15:50,040 intt512_gs2_packed_A_window0 INFO [0.0340s]: Found 1 solutions so far... objective (minimize cycles): currently  (Cycles ~ 69.0, IPC ~ 0.70), bound  (Cycles ~ 48.0, IPC ~ 1.00)
2026-09-13 23:15:50,045 intt512_gs2_packed_A_window0 INFO [0.0387s]: Found 2 solutions so far... objective (minimize cycles): currently  (Cycles ~ 66.0, IPC ~ 0.73), bound  (Cycles ~ 48.0, IPC ~ 1.00)
2026-09-13 23:15:50,054 intt512_gs2_packed_A_window0 INFO [0.0478s]: Found 3 solutions so far... objective (minimize cycles): currently  (Cycles ~ 65.0, IPC ~ 0.74), bound  (Cycles ~ 49.0, IPC ~ 0.98)
2026-09-13 23:15:50,061 intt512_gs2_packed_A_window0 INFO [0.0545s]: Found 4 solutions so far... objective (minimize cycles): currently  (Cycles ~ 62.0, IPC ~ 0.77), bound  (Cycles ~ 49.0, IPC ~ 0.98)
2026-09-13 23:15:50,069 intt512_gs2_packed_A_window0 INFO [0.0626s]: Found 5 solutions so far... objective (minimize cycles): currently  (Cycles ~ 61.0, IPC ~ 0.79), bound  (Cycles ~ 49.0, IPC ~ 0.98)
2026-09-13 23:15:50,072 intt512_gs2_packed_A_window0 INFO [0.0652s]: Found 6 solutions so far... objective (minimize cycles): currently  (Cycles ~ 60.0, IPC ~ 0.80), bound  (Cycles ~ 49.0, IPC ~ 0.98)
2026-09-13 23:15:50,073 intt512_gs2_packed_A_window0 INFO [0.0670s]: Found 7 solutions so far... objective (minimize cycles): currently  (Cycles ~ 59.0, IPC ~ 0.81), bound  (Cycles ~ 49.0, IPC ~ 0.98)
2026-09-13 23:15:50,075 intt512_gs2_packed_A_window0 INFO [0.0687s]: Found 8 solutions so far... objective (minimize cycles): currently  (Cycles ~ 58.0, IPC ~ 0.83), bound  (Cycles ~ 49.0, IPC ~ 0.98)
2026-09-13 23:15:50,084 intt512_gs2_packed_A_window0 INFO OPTIMAL, wall time: 0.077852 s
2026-09-13 23:15:50,087 intt512_gs2_packed_A_window0 INFO Booleans in result: 133
2026-09-13 23:15:50,097 intt512_gs2_packed_A_window0.selfcheck INFO OK!
2026-09-13 23:15:50,106 intt512_gs2_packed_A_window0 WARNING LLVM (llvm-mc, llvm-nm, llvm-readobj) not found, disabling selftest. Consider installing LLVM.
2026-09-13 23:15:50,117 intt512_gs2_packed_A_window48 INFO Setting timeout of 8 seconds...
2026-09-13 23:15:50,127 intt512_gs2_packed_A_window48 INFO Objective: minimize cycles
2026-09-13 23:15:50,127 intt512_gs2_packed_A_window48 INFO Invoking external constraint solver (OR-Tools CP-SAT v9.15.6755) ...
2026-09-13 23:15:50,346 intt512_gs2_packed_A_window48 INFO [0.2184s]: Found 1 solutions so far... objective (minimize cycles): currently  (Cycles ~ 98.0, IPC ~ 0.49), bound  (Cycles ~ 87.0, IPC ~ 0.55)
2026-09-13 23:15:50,380 intt512_gs2_packed_A_window48 INFO [0.2526s]: Found 2 solutions so far... objective (minimize cycles): currently  (Cycles ~ 95.0, IPC ~ 0.51), bound  (Cycles ~ 87.0, IPC ~ 0.55)
2026-09-13 23:15:50,448 intt512_gs2_packed_A_window48 INFO [0.3209s]: Found 3 solutions so far... objective (minimize cycles): currently  (Cycles ~ 94.0, IPC ~ 0.51), bound  (Cycles ~ 87.0, IPC ~ 0.55)
2026-09-13 23:15:50,455 intt512_gs2_packed_A_window48 INFO [0.3276s]: Found 4 solutions so far... objective (minimize cycles): currently  (Cycles ~ 93.0, IPC ~ 0.52), bound  (Cycles ~ 87.0, IPC ~ 0.55)
2026-09-13 23:15:50,461 intt512_gs2_packed_A_window48 INFO [0.3335s]: Found 5 solutions so far... objective (minimize cycles): currently  (Cycles ~ 92.0, IPC ~ 0.52), bound  (Cycles ~ 87.0, IPC ~ 0.55)
2026-09-13 23:15:50,475 intt512_gs2_packed_A_window48 INFO [0.3474s]: Found 6 solutions so far... objective (minimize cycles): currently  (Cycles ~ 91.0, IPC ~ 0.53), bound  (Cycles ~ 87.0, IPC ~ 0.55)
2026-09-13 23:15:50,482 intt512_gs2_packed_A_window48 INFO [0.3549s]: Found 7 solutions so far... objective (minimize cycles): currently  (Cycles ~ 90.0, IPC ~ 0.53), bound  (Cycles ~ 87.0, IPC ~ 0.55)
2026-09-13 23:15:50,495 intt512_gs2_packed_A_window48 INFO [0.3674s]: Found 8 solutions so far... objective (minimize cycles): currently  (Cycles ~ 89.0, IPC ~ 0.54), bound  (Cycles ~ 87.0, IPC ~ 0.55)
2026-09-13 23:15:50,515 intt512_gs2_packed_A_window48 INFO [0.3874s]: Found 9 solutions so far... objective (minimize cycles): currently  (Cycles ~ 88.0, IPC ~ 0.55), bound  (Cycles ~ 87.0, IPC ~ 0.55)
2026-09-13 23:15:50,590 intt512_gs2_packed_A_window48 INFO [0.4624s]: Found 10 solutions so far... objective (minimize cycles): currently  (Cycles ~ 87.0, IPC ~ 0.55), bound  (Cycles ~ 87.0, IPC ~ 0.55)
2026-09-13 23:15:50,590 intt512_gs2_packed_A_window48 INFO Closer than 0 stalls to theoretical optimum... stop
2026-09-13 23:15:50,593 intt512_gs2_packed_A_window48 INFO OPTIMAL, wall time: 0.465929 s
2026-09-13 23:15:50,596 intt512_gs2_packed_A_window48 INFO Booleans in result: 418
2026-09-13 23:15:50,607 intt512_gs2_packed_A_window48.selfcheck INFO OK!
2026-09-13 23:15:50,617 intt512_gs2_packed_A_window48 WARNING LLVM (llvm-mc, llvm-nm, llvm-readobj) not found, disabling selftest. Consider installing LLVM.
2026-09-13 23:15:50,628 intt512_gs2_packed_A_window96 INFO Setting timeout of 8 seconds...
2026-09-13 23:15:50,638 intt512_gs2_packed_A_window96 INFO Objective: minimize cycles
2026-09-13 23:15:50,638 intt512_gs2_packed_A_window96 INFO Invoking external constraint solver (OR-Tools CP-SAT v9.15.6755) ...
2026-09-13 23:15:50,869 intt512_gs2_packed_A_window96 INFO [0.2308s]: Found 1 solutions so far... objective (minimize cycles): currently  (Cycles ~ 76.0, IPC ~ 0.62), bound  (Cycles ~ 63.0, IPC ~ 0.75)
2026-09-13 23:15:50,876 intt512_gs2_packed_A_window96 INFO [0.2372s]: Found 2 solutions so far... objective (minimize cycles): currently  (Cycles ~ 75.0, IPC ~ 0.63), bound  (Cycles ~ 63.0, IPC ~ 0.75)
2026-09-13 23:15:50,890 intt512_gs2_packed_A_window96 INFO [0.2515s]: Found 3 solutions so far... objective (minimize cycles): currently  (Cycles ~ 74.0, IPC ~ 0.64), bound  (Cycles ~ 63.0, IPC ~ 0.75)
2026-09-13 23:15:50,948 intt512_gs2_packed_A_window96 INFO [0.3098s]: Found 4 solutions so far... objective (minimize cycles): currently  (Cycles ~ 73.0, IPC ~ 0.64), bound  (Cycles ~ 63.0, IPC ~ 0.75)
2026-09-13 23:15:50,956 intt512_gs2_packed_A_window96 INFO [0.3178s]: Found 5 solutions so far... objective (minimize cycles): currently  (Cycles ~ 72.0, IPC ~ 0.65), bound  (Cycles ~ 63.0, IPC ~ 0.75)
2026-09-13 23:15:50,972 intt512_gs2_packed_A_window96 INFO [0.3338s]: Found 6 solutions so far... objective (minimize cycles): currently  (Cycles ~ 69.0, IPC ~ 0.68), bound  (Cycles ~ 63.0, IPC ~ 0.75)
2026-09-13 23:15:51,042 intt512_gs2_packed_A_window96 INFO [0.4034s]: Found 7 solutions so far... objective (minimize cycles): currently  (Cycles ~ 68.0, IPC ~ 0.69), bound  (Cycles ~ 65.0, IPC ~ 0.72)
2026-09-13 23:15:51,085 intt512_gs2_packed_A_window96 INFO [0.4463s]: Found 8 solutions so far... objective (minimize cycles): currently  (Cycles ~ 67.0, IPC ~ 0.70), bound  (Cycles ~ 66.0, IPC ~ 0.71)
2026-09-13 23:15:51,098 intt512_gs2_packed_A_window96 INFO OPTIMAL, wall time: 0.459702 s
2026-09-13 23:15:51,101 intt512_gs2_packed_A_window96 INFO Booleans in result: 318
2026-09-13 23:15:51,111 intt512_gs2_packed_A_window96.selfcheck INFO OK!
2026-09-13 23:15:51,121 intt512_gs2_packed_A_window96 WARNING LLVM (llvm-mc, llvm-nm, llvm-readobj) not found, disabling selftest. Consider installing LLVM.
2026-09-13 23:15:51,142 intt512_gs2_packed_B_seam_window0 INFO Setting timeout of 8 seconds...
2026-09-13 23:15:51,152 intt512_gs2_packed_B_seam_window0 INFO Objective: minimize cycles
2026-09-13 23:15:51,153 intt512_gs2_packed_B_seam_window0 INFO Invoking external constraint solver (OR-Tools CP-SAT v9.15.6755) ...
2026-09-13 23:15:51,339 intt512_gs2_packed_B_seam_window0 INFO [0.1862s]: Found 1 solutions so far... objective (minimize cycles): currently  (Cycles ~ 75.0, IPC ~ 0.64), bound  (Cycles ~ 71.0, IPC ~ 0.68)
2026-09-13 23:15:51,397 intt512_gs2_packed_B_seam_window0 INFO [0.2442s]: Found 2 solutions so far... objective (minimize cycles): currently  (Cycles ~ 74.0, IPC ~ 0.65), bound  (Cycles ~ 71.0, IPC ~ 0.68)
2026-09-13 23:15:51,406 intt512_gs2_packed_B_seam_window0 INFO [0.2528s]: Found 3 solutions so far... objective (minimize cycles): currently  (Cycles ~ 72.0, IPC ~ 0.67), bound  (Cycles ~ 71.0, IPC ~ 0.68)
2026-09-13 23:15:51,417 intt512_gs2_packed_B_seam_window0 INFO OPTIMAL, wall time: 0.263880 s
2026-09-13 23:15:51,420 intt512_gs2_packed_B_seam_window0 INFO Booleans in result: 310
2026-09-13 23:15:51,431 intt512_gs2_packed_B_seam_window0.selfcheck INFO OK!
2026-09-13 23:15:51,441 intt512_gs2_packed_B_seam_window0 WARNING LLVM (llvm-mc, llvm-nm, llvm-readobj) not found, disabling selftest. Consider installing LLVM.
2026-09-13 23:15:51,452 intt512_gs2_packed_B_seam_window48 INFO Setting timeout of 8 seconds...
2026-09-13 23:15:51,462 intt512_gs2_packed_B_seam_window48 INFO Objective: minimize cycles
2026-09-13 23:15:51,462 intt512_gs2_packed_B_seam_window48 INFO Invoking external constraint solver (OR-Tools CP-SAT v9.15.6755) ...
2026-09-13 23:15:51,855 intt512_gs2_packed_B_seam_window48 INFO [0.3921s]: Found 1 solutions so far... objective (minimize cycles): currently  (Cycles ~ 66.0, IPC ~ 0.73), bound  (Cycles ~ 52.0, IPC ~ 0.92)
2026-09-13 23:15:51,874 intt512_gs2_packed_B_seam_window48 INFO OPTIMAL, wall time: 0.411570 s
2026-09-13 23:15:51,877 intt512_gs2_packed_B_seam_window48 INFO Booleans in result: 254
2026-09-13 23:15:51,887 intt512_gs2_packed_B_seam_window48.selfcheck INFO OK!
2026-09-13 23:15:51,896 intt512_gs2_packed_B_seam_window48 WARNING LLVM (llvm-mc, llvm-nm, llvm-readobj) not found, disabling selftest. Consider installing LLVM.
2026-09-13 23:15:51,907 intt512_gs2_packed_B_seam_window96 INFO Setting timeout of 8 seconds...
2026-09-13 23:15:51,916 intt512_gs2_packed_B_seam_window96 INFO Objective: minimize cycles
2026-09-13 23:15:51,917 intt512_gs2_packed_B_seam_window96 INFO Invoking external constraint solver (OR-Tools CP-SAT v9.15.6755) ...
2026-09-13 23:15:51,977 intt512_gs2_packed_B_seam_window96 INFO [0.0601s]: Found 1 solutions so far... objective (minimize cycles): currently  (Cycles ~ 78.0, IPC ~ 0.60), bound  (Cycles ~ 67.0, IPC ~ 0.70)
2026-09-13 23:15:52,039 intt512_gs2_packed_B_seam_window96 INFO OPTIMAL, wall time: 0.121684 s
2026-09-13 23:15:52,041 intt512_gs2_packed_B_seam_window96 INFO Booleans in result: 302
2026-09-13 23:15:52,052 intt512_gs2_packed_B_seam_window96.selfcheck INFO OK!
2026-09-13 23:15:52,061 intt512_gs2_packed_B_seam_window96 WARNING LLVM (llvm-mc, llvm-nm, llvm-readobj) not found, disabling selftest. Consider installing LLVM.
2026-09-13 23:15:52,098 intt512_gs3_A_window0 INFO Setting timeout of 8 seconds...
2026-09-13 23:15:52,111 intt512_gs3_A_window0 INFO Objective: minimize cycles
2026-09-13 23:15:52,112 intt512_gs3_A_window0 INFO Invoking external constraint solver (OR-Tools CP-SAT v9.15.6755) ...
2026-09-13 23:15:52,388 intt512_gs3_A_window0 INFO [0.2763s]: Found 1 solutions so far... objective (minimize cycles): currently  (Cycles ~ 110.0, IPC ~ 0.44), bound  (Cycles ~ 97.0, IPC ~ 0.49)
2026-09-13 23:15:52,400 intt512_gs3_A_window0 INFO [0.2883s]: Found 2 solutions so far... objective (minimize cycles): currently  (Cycles ~ 106.0, IPC ~ 0.45), bound  (Cycles ~ 97.0, IPC ~ 0.49)
2026-09-13 23:15:52,418 intt512_gs3_A_window0 INFO [0.3062s]: Found 3 solutions so far... objective (minimize cycles): currently  (Cycles ~ 105.0, IPC ~ 0.46), bound  (Cycles ~ 97.0, IPC ~ 0.49)
2026-09-13 23:15:52,513 intt512_gs3_A_window0 INFO [0.4011s]: Found 4 solutions so far... objective (minimize cycles): currently  (Cycles ~ 104.0, IPC ~ 0.46), bound  (Cycles ~ 97.0, IPC ~ 0.49)
2026-09-13 23:15:52,520 intt512_gs3_A_window0 INFO [0.4082s]: Found 5 solutions so far... objective (minimize cycles): currently  (Cycles ~ 101.0, IPC ~ 0.48), bound  (Cycles ~ 97.0, IPC ~ 0.49)
2026-09-13 23:15:52,574 intt512_gs3_A_window0 INFO [0.4620s]: Found 6 solutions so far... objective (minimize cycles): currently  (Cycles ~ 99.0, IPC ~ 0.48), bound  (Cycles ~ 97.0, IPC ~ 0.49)
2026-09-13 23:15:52,683 intt512_gs3_A_window0 INFO [0.5715s]: Found 7 solutions so far... objective (minimize cycles): currently  (Cycles ~ 98.0, IPC ~ 0.49), bound  (Cycles ~ 97.0, IPC ~ 0.49)
2026-09-13 23:15:52,980 intt512_gs3_A_window0 INFO [0.8683s]: Found 8 solutions so far... objective (minimize cycles): currently  (Cycles ~ 97.0, IPC ~ 0.49), bound  (Cycles ~ 97.0, IPC ~ 0.49)
2026-09-13 23:15:52,981 intt512_gs3_A_window0 INFO Closer than 0 stalls to theoretical optimum... stop
2026-09-13 23:15:52,984 intt512_gs3_A_window0 INFO OPTIMAL, wall time: 0.872595 s
2026-09-13 23:15:52,988 intt512_gs3_A_window0 INFO Booleans in result: 527
2026-09-13 23:15:53,023 intt512_gs3_A_window0.selfcheck INFO OK!
2026-09-13 23:15:53,034 intt512_gs3_A_window0 WARNING LLVM (llvm-mc, llvm-nm, llvm-readobj) not found, disabling selftest. Consider installing LLVM.
2026-09-13 23:15:53,045 intt512_gs3_A_window48 INFO Setting timeout of 8 seconds...
2026-09-13 23:15:53,058 intt512_gs3_A_window48 INFO Objective: minimize cycles
2026-09-13 23:15:53,058 intt512_gs3_A_window48 INFO Invoking external constraint solver (OR-Tools CP-SAT v9.15.6755) ...
2026-09-13 23:15:53,358 intt512_gs3_A_window48 INFO [0.2994s]: Found 1 solutions so far... objective (minimize cycles): currently  (Cycles ~ 92.0, IPC ~ 0.52), bound  (Cycles ~ 84.0, IPC ~ 0.57)
2026-09-13 23:15:53,449 intt512_gs3_A_window48 INFO [0.3903s]: Found 2 solutions so far... objective (minimize cycles): currently  (Cycles ~ 90.0, IPC ~ 0.53), bound  (Cycles ~ 84.0, IPC ~ 0.57)
2026-09-13 23:15:53,485 intt512_gs3_A_window48 INFO [0.4261s]: Found 3 solutions so far... objective (minimize cycles): currently  (Cycles ~ 89.0, IPC ~ 0.54), bound  (Cycles ~ 84.0, IPC ~ 0.57)
2026-09-13 23:15:53,501 intt512_gs3_A_window48 INFO [0.4424s]: Found 4 solutions so far... objective (minimize cycles): currently  (Cycles ~ 87.0, IPC ~ 0.55), bound  (Cycles ~ 84.0, IPC ~ 0.57)
2026-09-13 23:15:53,551 intt512_gs3_A_window48 INFO [0.4919s]: Found 5 solutions so far... objective (minimize cycles): currently  (Cycles ~ 86.0, IPC ~ 0.56), bound  (Cycles ~ 85.0, IPC ~ 0.56)
2026-09-13 23:15:53,593 intt512_gs3_A_window48 INFO [0.5343s]: Found 6 solutions so far... objective (minimize cycles): currently  (Cycles ~ 85.0, IPC ~ 0.56), bound  (Cycles ~ 85.0, IPC ~ 0.56)
2026-09-13 23:15:53,594 intt512_gs3_A_window48 INFO Closer than 0 stalls to theoretical optimum... stop
2026-09-13 23:15:53,599 intt512_gs3_A_window48 INFO OPTIMAL, wall time: 0.539825 s
2026-09-13 23:15:53,602 intt512_gs3_A_window48 INFO Booleans in result: 521
2026-09-13 23:15:53,613 intt512_gs3_A_window48.selfcheck INFO OK!
2026-09-13 23:15:53,623 intt512_gs3_A_window48 WARNING LLVM (llvm-mc, llvm-nm, llvm-readobj) not found, disabling selftest. Consider installing LLVM.
2026-09-13 23:15:53,635 intt512_gs3_A_window96 INFO Setting timeout of 8 seconds...
2026-09-13 23:15:53,648 intt512_gs3_A_window96 INFO Objective: minimize cycles
2026-09-13 23:15:53,648 intt512_gs3_A_window96 INFO Invoking external constraint solver (OR-Tools CP-SAT v9.15.6755) ...
2026-09-13 23:15:54,149 intt512_gs3_A_window96 INFO [0.5010s]: Found 1 solutions so far... objective (minimize cycles): currently  (Cycles ~ 123.0, IPC ~ 0.39), bound  (Cycles ~ 117.0, IPC ~ 0.41)
2026-09-13 23:15:54,157 intt512_gs3_A_window96 INFO [0.5086s]: Found 2 solutions so far... objective (minimize cycles): currently  (Cycles ~ 119.0, IPC ~ 0.40), bound  (Cycles ~ 117.0, IPC ~ 0.41)
2026-09-13 23:15:54,172 intt512_gs3_A_window96 INFO [0.5241s]: Found 3 solutions so far... objective (minimize cycles): currently  (Cycles ~ 118.0, IPC ~ 0.41), bound  (Cycles ~ 117.0, IPC ~ 0.41)
2026-09-13 23:15:54,203 intt512_gs3_A_window96 INFO [0.5544s]: Found 4 solutions so far... objective (minimize cycles): currently  (Cycles ~ 117.0, IPC ~ 0.41), bound  (Cycles ~ 117.0, IPC ~ 0.41)
2026-09-13 23:15:54,203 intt512_gs3_A_window96 INFO Closer than 0 stalls to theoretical optimum... stop
2026-09-13 23:15:54,208 intt512_gs3_A_window96 INFO OPTIMAL, wall time: 0.559364 s
2026-09-13 23:15:54,211 intt512_gs3_A_window96 INFO Booleans in result: 639
2026-09-13 23:15:54,223 intt512_gs3_A_window96.selfcheck INFO OK!
2026-09-13 23:15:54,233 intt512_gs3_A_window96 WARNING LLVM (llvm-mc, llvm-nm, llvm-readobj) not found, disabling selftest. Consider installing LLVM.
2026-09-13 23:15:54,245 intt512_gs3_A_window144 INFO Setting timeout of 8 seconds...
2026-09-13 23:15:54,258 intt512_gs3_A_window144 INFO Objective: minimize cycles
2026-09-13 23:15:54,258 intt512_gs3_A_window144 INFO Invoking external constraint solver (OR-Tools CP-SAT v9.15.6755) ...
2026-09-13 23:15:54,804 intt512_gs3_A_window144 INFO [0.5458s]: Found 1 solutions so far... objective (minimize cycles): currently  (Cycles ~ 108.0, IPC ~ 0.44), bound  (Cycles ~ 93.0, IPC ~ 0.52)
2026-09-13 23:15:54,812 intt512_gs3_A_window144 INFO [0.5538s]: Found 2 solutions so far... objective (minimize cycles): currently  (Cycles ~ 107.0, IPC ~ 0.45), bound  (Cycles ~ 93.0, IPC ~ 0.52)
2026-09-13 23:15:54,827 intt512_gs3_A_window144 INFO [0.5682s]: Found 3 solutions so far... objective (minimize cycles): currently  (Cycles ~ 106.0, IPC ~ 0.45), bound  (Cycles ~ 93.0, IPC ~ 0.52)
2026-09-13 23:15:54,834 intt512_gs3_A_window144 INFO [0.5760s]: Found 4 solutions so far... objective (minimize cycles): currently  (Cycles ~ 105.0, IPC ~ 0.46), bound  (Cycles ~ 93.0, IPC ~ 0.52)
2026-09-13 23:15:54,856 intt512_gs3_A_window144 INFO [0.5972s]: Found 5 solutions so far... objective (minimize cycles): currently  (Cycles ~ 104.0, IPC ~ 0.46), bound  (Cycles ~ 93.0, IPC ~ 0.52)
2026-09-13 23:15:54,886 intt512_gs3_A_window144 INFO [0.6276s]: Found 6 solutions so far... objective (minimize cycles): currently  (Cycles ~ 103.0, IPC ~ 0.47), bound  (Cycles ~ 93.0, IPC ~ 0.52)
2026-09-13 23:15:54,924 intt512_gs3_A_window144 INFO [0.6659s]: Found 7 solutions so far... objective (minimize cycles): currently  (Cycles ~ 102.0, IPC ~ 0.47), bound  (Cycles ~ 93.0, IPC ~ 0.52)
2026-09-13 23:15:54,934 intt512_gs3_A_window144 INFO [0.6752s]: Found 8 solutions so far... objective (minimize cycles): currently  (Cycles ~ 101.0, IPC ~ 0.48), bound  (Cycles ~ 93.0, IPC ~ 0.52)
2026-09-13 23:15:54,958 intt512_gs3_A_window144 INFO [0.6999s]: Found 9 solutions so far... objective (minimize cycles): currently  (Cycles ~ 100.0, IPC ~ 0.48), bound  (Cycles ~ 93.0, IPC ~ 0.52)
2026-09-13 23:15:55,046 intt512_gs3_A_window144 INFO [0.7871s]: Found 10 solutions so far... objective (minimize cycles): currently  (Cycles ~ 94.0, IPC ~ 0.51), bound  (Cycles ~ 93.0, IPC ~ 0.52)
2026-09-13 23:15:55,244 intt512_gs3_A_window144 INFO [0.9851s]: Found 11 solutions so far... objective (minimize cycles): currently  (Cycles ~ 93.0, IPC ~ 0.52), bound  (Cycles ~ 93.0, IPC ~ 0.52)
2026-09-13 23:15:55,244 intt512_gs3_A_window144 INFO Closer than 0 stalls to theoretical optimum... stop
2026-09-13 23:15:55,248 intt512_gs3_A_window144 INFO OPTIMAL, wall time: 0.989562 s
2026-09-13 23:15:55,252 intt512_gs3_A_window144 INFO Booleans in result: 530
2026-09-13 23:15:55,263 intt512_gs3_A_window144.selfcheck INFO OK!
2026-09-13 23:15:55,275 intt512_gs3_A_window144 WARNING LLVM (llvm-mc, llvm-nm, llvm-readobj) not found, disabling selftest. Consider installing LLVM.
2026-09-13 23:15:55,286 intt512_gs3_A_window192 INFO Setting timeout of 8 seconds...
2026-09-13 23:15:55,299 intt512_gs3_A_window192 INFO Objective: minimize cycles
2026-09-13 23:15:55,299 intt512_gs3_A_window192 INFO Invoking external constraint solver (OR-Tools CP-SAT v9.15.6755) ...
2026-09-13 23:15:55,873 intt512_gs3_A_window192 INFO [0.5734s]: Found 1 solutions so far... objective (minimize cycles): currently  (Cycles ~ 97.0, IPC ~ 0.49), bound  (Cycles ~ 91.0, IPC ~ 0.53)
2026-09-13 23:15:55,942 intt512_gs3_A_window192 INFO [0.6423s]: Found 2 solutions so far... objective (minimize cycles): currently  (Cycles ~ 96.0, IPC ~ 0.50), bound  (Cycles ~ 91.0, IPC ~ 0.53)
2026-09-13 23:15:56,015 intt512_gs3_A_window192 INFO [0.7160s]: Found 3 solutions so far... objective (minimize cycles): currently  (Cycles ~ 94.0, IPC ~ 0.51), bound  (Cycles ~ 92.0, IPC ~ 0.52)
2026-09-13 23:15:56,055 intt512_gs3_A_window192 INFO [0.7552s]: Found 4 solutions so far... objective (minimize cycles): currently  (Cycles ~ 92.0, IPC ~ 0.52), bound  (Cycles ~ 92.0, IPC ~ 0.52)
2026-09-13 23:15:56,055 intt512_gs3_A_window192 INFO Closer than 0 stalls to theoretical optimum... stop
2026-09-13 23:15:56,058 intt512_gs3_A_window192 INFO OPTIMAL, wall time: 0.758747 s
2026-09-13 23:15:56,062 intt512_gs3_A_window192 INFO Booleans in result: 588
2026-09-13 23:15:56,073 intt512_gs3_A_window192.selfcheck INFO OK!
2026-09-13 23:15:56,083 intt512_gs3_A_window192 WARNING LLVM (llvm-mc, llvm-nm, llvm-readobj) not found, disabling selftest. Consider installing LLVM.
2026-09-13 23:15:56,091 intt512_gs3_A_window240 INFO Setting timeout of 8 seconds...
2026-09-13 23:15:56,097 intt512_gs3_A_window240 INFO Objective: minimize cycles
2026-09-13 23:15:56,098 intt512_gs3_A_window240 INFO Invoking external constraint solver (OR-Tools CP-SAT v9.15.6755) ...
2026-09-13 23:15:56,122 intt512_gs3_A_window240 INFO [0.0235s]: Found 1 solutions so far... objective (minimize cycles): currently  (Cycles ~ 47.0, IPC ~ 0.45), bound  (Cycles ~ 40.0, IPC ~ 0.53)
2026-09-13 23:15:56,125 intt512_gs3_A_window240 INFO [0.0271s]: Found 2 solutions so far... objective (minimize cycles): currently  (Cycles ~ 46.0, IPC ~ 0.46), bound  (Cycles ~ 41.0, IPC ~ 0.51)
2026-09-13 23:15:56,127 intt512_gs3_A_window240 INFO [0.0289s]: Found 3 solutions so far... objective (minimize cycles): currently  (Cycles ~ 45.0, IPC ~ 0.47), bound  (Cycles ~ 41.0, IPC ~ 0.51)
2026-09-13 23:15:56,130 intt512_gs3_A_window240 INFO [0.0321s]: Found 4 solutions so far... objective (minimize cycles): currently  (Cycles ~ 44.0, IPC ~ 0.48), bound  (Cycles ~ 44.0, IPC ~ 0.48)
2026-09-13 23:15:56,130 intt512_gs3_A_window240 INFO Closer than 0 stalls to theoretical optimum... stop
2026-09-13 23:15:56,133 intt512_gs3_A_window240 INFO OPTIMAL, wall time: 0.034549 s
2026-09-13 23:15:56,134 intt512_gs3_A_window240 INFO Booleans in result: 80
2026-09-13 23:15:56,141 intt512_gs3_A_window240.selfcheck INFO OK!
2026-09-13 23:15:56,147 intt512_gs3_A_window240 WARNING LLVM (llvm-mc, llvm-nm, llvm-readobj) not found, disabling selftest. Consider installing LLVM.
2026-09-13 23:15:56,178 intt512_gs3_B_seam_window0 INFO Setting timeout of 8 seconds...
2026-09-13 23:15:56,191 intt512_gs3_B_seam_window0 INFO Objective: minimize cycles
2026-09-13 23:15:56,192 intt512_gs3_B_seam_window0 INFO Invoking external constraint solver (OR-Tools CP-SAT v9.15.6755) ...
2026-09-13 23:15:56,552 intt512_gs3_B_seam_window0 INFO [0.3601s]: Found 1 solutions so far... objective (minimize cycles): currently  (Cycles ~ 113.0, IPC ~ 0.42), bound  (Cycles ~ 107.0, IPC ~ 0.45)
2026-09-13 23:15:56,596 intt512_gs3_B_seam_window0 INFO [0.4044s]: Found 2 solutions so far... objective (minimize cycles): currently  (Cycles ~ 112.0, IPC ~ 0.43), bound  (Cycles ~ 107.0, IPC ~ 0.45)
2026-09-13 23:15:56,791 intt512_gs3_B_seam_window0 INFO OPTIMAL, wall time: 0.599618 s
2026-09-13 23:15:56,795 intt512_gs3_B_seam_window0 INFO Booleans in result: 575
2026-09-13 23:15:56,807 intt512_gs3_B_seam_window0.selfcheck INFO OK!
2026-09-13 23:15:56,817 intt512_gs3_B_seam_window0 WARNING LLVM (llvm-mc, llvm-nm, llvm-readobj) not found, disabling selftest. Consider installing LLVM.
2026-09-13 23:15:56,829 intt512_gs3_B_seam_window48 INFO Setting timeout of 8 seconds...
2026-09-13 23:15:56,842 intt512_gs3_B_seam_window48 INFO Objective: minimize cycles
2026-09-13 23:15:56,843 intt512_gs3_B_seam_window48 INFO Invoking external constraint solver (OR-Tools CP-SAT v9.15.6755) ...
2026-09-13 23:15:57,158 intt512_gs3_B_seam_window48 INFO [0.3152s]: Found 1 solutions so far... objective (minimize cycles): currently  (Cycles ~ 89.0, IPC ~ 0.54), bound  (Cycles ~ 87.0, IPC ~ 0.55)
2026-09-13 23:15:57,234 intt512_gs3_B_seam_window48 INFO [0.3911s]: Found 2 solutions so far... objective (minimize cycles): currently  (Cycles ~ 87.0, IPC ~ 0.55), bound  (Cycles ~ 87.0, IPC ~ 0.55)
2026-09-13 23:15:57,234 intt512_gs3_B_seam_window48 INFO Closer than 0 stalls to theoretical optimum... stop
2026-09-13 23:15:57,238 intt512_gs3_B_seam_window48 INFO OPTIMAL, wall time: 0.394448 s
2026-09-13 23:15:57,241 intt512_gs3_B_seam_window48 INFO Booleans in result: 575
2026-09-13 23:15:57,253 intt512_gs3_B_seam_window48.selfcheck INFO OK!
2026-09-13 23:15:57,262 intt512_gs3_B_seam_window48 WARNING LLVM (llvm-mc, llvm-nm, llvm-readobj) not found, disabling selftest. Consider installing LLVM.
2026-09-13 23:15:57,298 intt512_gs3_B_seam_window96 INFO Setting timeout of 8 seconds...
2026-09-13 23:15:57,311 intt512_gs3_B_seam_window96 INFO Objective: minimize cycles
2026-09-13 23:15:57,311 intt512_gs3_B_seam_window96 INFO Invoking external constraint solver (OR-Tools CP-SAT v9.15.6755) ...
2026-09-13 23:15:57,587 intt512_gs3_B_seam_window96 INFO [0.2754s]: Found 1 solutions so far... objective (minimize cycles): currently  (Cycles ~ 89.0, IPC ~ 0.54), bound  (Cycles ~ 77.0, IPC ~ 0.62)
2026-09-13 23:15:57,632 intt512_gs3_B_seam_window96 INFO [0.3209s]: Found 2 solutions so far... objective (minimize cycles): currently  (Cycles ~ 85.0, IPC ~ 0.56), bound  (Cycles ~ 77.0, IPC ~ 0.62)
2026-09-13 23:15:57,669 intt512_gs3_B_seam_window96 INFO [0.3577s]: Found 3 solutions so far... objective (minimize cycles): currently  (Cycles ~ 83.0, IPC ~ 0.58), bound  (Cycles ~ 77.0, IPC ~ 0.62)
2026-09-13 23:15:57,675 intt512_gs3_B_seam_window96 INFO [0.3633s]: Found 4 solutions so far... objective (minimize cycles): currently  (Cycles ~ 82.0, IPC ~ 0.59), bound  (Cycles ~ 77.0, IPC ~ 0.62)
2026-09-13 23:15:57,708 intt512_gs3_B_seam_window96 INFO [0.3961s]: Found 5 solutions so far... objective (minimize cycles): currently  (Cycles ~ 81.0, IPC ~ 0.59), bound  (Cycles ~ 77.0, IPC ~ 0.62)
2026-09-13 23:15:57,743 intt512_gs3_B_seam_window96 INFO [0.4318s]: Found 6 solutions so far... objective (minimize cycles): currently  (Cycles ~ 80.0, IPC ~ 0.60), bound  (Cycles ~ 77.0, IPC ~ 0.62)
2026-09-13 23:15:57,762 intt512_gs3_B_seam_window96 INFO [0.4506s]: Found 7 solutions so far... objective (minimize cycles): currently  (Cycles ~ 79.0, IPC ~ 0.61), bound  (Cycles ~ 77.0, IPC ~ 0.62)
2026-09-13 23:15:57,782 intt512_gs3_B_seam_window96 INFO [0.4705s]: Found 8 solutions so far... objective (minimize cycles): currently  (Cycles ~ 78.0, IPC ~ 0.62), bound  (Cycles ~ 77.0, IPC ~ 0.62)
2026-09-13 23:15:57,788 intt512_gs3_B_seam_window96 INFO OPTIMAL, wall time: 0.476462 s
2026-09-13 23:15:57,792 intt512_gs3_B_seam_window96 INFO Booleans in result: 411
2026-09-13 23:15:57,803 intt512_gs3_B_seam_window96.selfcheck INFO OK!
2026-09-13 23:15:57,813 intt512_gs3_B_seam_window96 WARNING LLVM (llvm-mc, llvm-nm, llvm-readobj) not found, disabling selftest. Consider installing LLVM.
2026-09-13 23:15:57,824 intt512_gs3_B_seam_window144 INFO Setting timeout of 8 seconds...
2026-09-13 23:15:57,838 intt512_gs3_B_seam_window144 INFO Objective: minimize cycles
2026-09-13 23:15:57,839 intt512_gs3_B_seam_window144 INFO Invoking external constraint solver (OR-Tools CP-SAT v9.15.6755) ...
2026-09-13 23:15:58,150 intt512_gs3_B_seam_window144 INFO [0.3108s]: Found 1 solutions so far... objective (minimize cycles): currently  (Cycles ~ 108.0, IPC ~ 0.44), bound  (Cycles ~ 107.0, IPC ~ 0.45)
2026-09-13 23:15:58,174 intt512_gs3_B_seam_window144 INFO [0.3356s]: Found 2 solutions so far... objective (minimize cycles): currently  (Cycles ~ 107.0, IPC ~ 0.45), bound  (Cycles ~ 107.0, IPC ~ 0.45)
2026-09-13 23:15:58,175 intt512_gs3_B_seam_window144 INFO Closer than 0 stalls to theoretical optimum... stop
2026-09-13 23:15:58,179 intt512_gs3_B_seam_window144 INFO OPTIMAL, wall time: 0.340480 s
2026-09-13 23:15:58,183 intt512_gs3_B_seam_window144 INFO Booleans in result: 557
2026-09-13 23:15:58,194 intt512_gs3_B_seam_window144.selfcheck INFO OK!
2026-09-13 23:15:58,204 intt512_gs3_B_seam_window144 WARNING LLVM (llvm-mc, llvm-nm, llvm-readobj) not found, disabling selftest. Consider installing LLVM.
2026-09-13 23:15:58,217 intt512_gs3_B_seam_window192 INFO Setting timeout of 8 seconds...
2026-09-13 23:15:58,229 intt512_gs3_B_seam_window192 INFO Objective: minimize cycles
2026-09-13 23:15:58,229 intt512_gs3_B_seam_window192 INFO Invoking external constraint solver (OR-Tools CP-SAT v9.15.6755) ...
2026-09-13 23:15:58,558 intt512_gs3_B_seam_window192 INFO [0.3279s]: Found 1 solutions so far... objective (minimize cycles): currently  (Cycles ~ 93.0, IPC ~ 0.52), bound  (Cycles ~ 85.0, IPC ~ 0.56)
2026-09-13 23:15:58,638 intt512_gs3_B_seam_window192 INFO [0.4080s]: Found 2 solutions so far... objective (minimize cycles): currently  (Cycles ~ 89.0, IPC ~ 0.54), bound  (Cycles ~ 85.0, IPC ~ 0.56)
2026-09-13 23:15:58,678 intt512_gs3_B_seam_window192 INFO [0.4487s]: Found 3 solutions so far... objective (minimize cycles): currently  (Cycles ~ 88.0, IPC ~ 0.55), bound  (Cycles ~ 85.0, IPC ~ 0.56)
2026-09-13 23:15:58,687 intt512_gs3_B_seam_window192 INFO [0.4577s]: Found 4 solutions so far... objective (minimize cycles): currently  (Cycles ~ 87.0, IPC ~ 0.55), bound  (Cycles ~ 85.0, IPC ~ 0.56)
2026-09-13 23:15:58,796 intt512_gs3_B_seam_window192 INFO OPTIMAL, wall time: 0.566099 s
2026-09-13 23:15:58,799 intt512_gs3_B_seam_window192 INFO Booleans in result: 467
2026-09-13 23:15:58,810 intt512_gs3_B_seam_window192.selfcheck INFO OK!
2026-09-13 23:15:58,820 intt512_gs3_B_seam_window192 WARNING LLVM (llvm-mc, llvm-nm, llvm-readobj) not found, disabling selftest. Consider installing LLVM.
2026-09-13 23:15:58,828 intt512_gs3_B_seam_window240 INFO Setting timeout of 8 seconds...
2026-09-13 23:15:58,834 intt512_gs3_B_seam_window240 INFO Objective: minimize cycles
2026-09-13 23:15:58,834 intt512_gs3_B_seam_window240 INFO Invoking external constraint solver (OR-Tools CP-SAT v9.15.6755) ...
2026-09-13 23:15:58,863 intt512_gs3_B_seam_window240 INFO [0.0286s]: Found 1 solutions so far... objective (minimize cycles): currently  (Cycles ~ 47.0, IPC ~ 0.45), bound  (Cycles ~ 43.0, IPC ~ 0.49)
2026-09-13 23:15:58,870 intt512_gs3_B_seam_window240 INFO [0.0357s]: Found 2 solutions so far... objective (minimize cycles): currently  (Cycles ~ 46.0, IPC ~ 0.46), bound  (Cycles ~ 43.0, IPC ~ 0.49)
2026-09-13 23:15:58,876 intt512_gs3_B_seam_window240 INFO [0.0412s]: Found 3 solutions so far... objective (minimize cycles): currently  (Cycles ~ 45.0, IPC ~ 0.47), bound  (Cycles ~ 43.0, IPC ~ 0.49)
2026-09-13 23:15:58,877 intt512_gs3_B_seam_window240 INFO [0.0429s]: Found 4 solutions so far... objective (minimize cycles): currently  (Cycles ~ 43.0, IPC ~ 0.49), bound  (Cycles ~ 43.0, IPC ~ 0.49)
2026-09-13 23:15:58,878 intt512_gs3_B_seam_window240 INFO Closer than 0 stalls to theoretical optimum... stop
2026-09-13 23:15:58,880 intt512_gs3_B_seam_window240 INFO OPTIMAL, wall time: 0.045420 s
2026-09-13 23:15:58,882 intt512_gs3_B_seam_window240 INFO Booleans in result: 89
2026-09-13 23:15:58,889 intt512_gs3_B_seam_window240.selfcheck INFO OK!
2026-09-13 23:15:58,896 intt512_gs3_B_seam_window240 WARNING LLVM (llvm-mc, llvm-nm, llvm-readobj) not found, disabling selftest. Consider installing LLVM.
2026-09-13 23:15:58,950 intt512_gs2_wide_A_window0 INFO Setting timeout of 8 seconds...
2026-09-13 23:15:58,965 intt512_gs2_wide_A_window0 INFO Objective: minimize cycles
2026-09-13 23:15:58,965 intt512_gs2_wide_A_window0 INFO Invoking external constraint solver (OR-Tools CP-SAT v9.15.6755) ...
2026-09-13 23:15:59,251 intt512_gs2_wide_A_window0 INFO [0.2853s]: Found 1 solutions so far... objective (minimize cycles): currently  (Cycles ~ 114.0, IPC ~ 0.42), bound  (Cycles ~ 101.0, IPC ~ 0.48)
2026-09-13 23:15:59,261 intt512_gs2_wide_A_window0 INFO [0.2952s]: Found 2 solutions so far... objective (minimize cycles): currently  (Cycles ~ 110.0, IPC ~ 0.44), bound  (Cycles ~ 101.0, IPC ~ 0.48)
2026-09-13 23:15:59,276 intt512_gs2_wide_A_window0 INFO [0.3107s]: Found 3 solutions so far... objective (minimize cycles): currently  (Cycles ~ 109.0, IPC ~ 0.44), bound  (Cycles ~ 101.0, IPC ~ 0.48)
2026-09-13 23:15:59,343 intt512_gs2_wide_A_window0 INFO [0.3770s]: Found 4 solutions so far... objective (minimize cycles): currently  (Cycles ~ 106.0, IPC ~ 0.45), bound  (Cycles ~ 101.0, IPC ~ 0.48)
2026-09-13 23:15:59,459 intt512_gs2_wide_A_window0 INFO [0.4934s]: Found 5 solutions so far... objective (minimize cycles): currently  (Cycles ~ 102.0, IPC ~ 0.47), bound  (Cycles ~ 101.0, IPC ~ 0.48)
2026-09-13 23:15:59,902 intt512_gs2_wide_A_window0 INFO [0.9368s]: Found 6 solutions so far... objective (minimize cycles): currently  (Cycles ~ 101.0, IPC ~ 0.48), bound  (Cycles ~ 101.0, IPC ~ 0.48)
2026-09-13 23:15:59,903 intt512_gs2_wide_A_window0 INFO Closer than 0 stalls to theoretical optimum... stop
2026-09-13 23:15:59,906 intt512_gs2_wide_A_window0 INFO OPTIMAL, wall time: 0.940581 s
2026-09-13 23:15:59,910 intt512_gs2_wide_A_window0 INFO Booleans in result: 702
2026-09-13 23:15:59,921 intt512_gs2_wide_A_window0.selfcheck INFO OK!
2026-09-13 23:15:59,932 intt512_gs2_wide_A_window0 WARNING LLVM (llvm-mc, llvm-nm, llvm-readobj) not found, disabling selftest. Consider installing LLVM.
2026-09-13 23:15:59,943 intt512_gs2_wide_A_window48 INFO Setting timeout of 8 seconds...
2026-09-13 23:15:59,951 intt512_gs2_wide_A_window48 INFO Objective: minimize cycles
2026-09-13 23:15:59,952 intt512_gs2_wide_A_window48 INFO Invoking external constraint solver (OR-Tools CP-SAT v9.15.6755) ...
2026-09-13 23:16:00,114 intt512_gs2_wide_A_window48 INFO [0.1624s]: Found 1 solutions so far... objective (minimize cycles): currently  (Cycles ~ 70.0, IPC ~ 0.50), bound  (Cycles ~ 63.0, IPC ~ 0.56)
2026-09-13 23:16:00,167 intt512_gs2_wide_A_window48 INFO [0.2151s]: Found 2 solutions so far... objective (minimize cycles): currently  (Cycles ~ 68.0, IPC ~ 0.51), bound  (Cycles ~ 63.0, IPC ~ 0.56)
2026-09-13 23:16:00,174 intt512_gs2_wide_A_window48 INFO [0.2225s]: Found 3 solutions so far... objective (minimize cycles): currently  (Cycles ~ 67.0, IPC ~ 0.52), bound  (Cycles ~ 64.0, IPC ~ 0.55)
2026-09-13 23:16:00,205 intt512_gs2_wide_A_window48 INFO [0.2532s]: Found 4 solutions so far... objective (minimize cycles): currently  (Cycles ~ 64.0, IPC ~ 0.55), bound  (Cycles ~ 64.0, IPC ~ 0.55)
2026-09-13 23:16:00,205 intt512_gs2_wide_A_window48 INFO Closer than 0 stalls to theoretical optimum... stop
2026-09-13 23:16:00,208 intt512_gs2_wide_A_window48 INFO OPTIMAL, wall time: 0.256114 s
2026-09-13 23:16:00,210 intt512_gs2_wide_A_window48 INFO Booleans in result: 255
2026-09-13 23:16:00,219 intt512_gs2_wide_A_window48.selfcheck INFO OK!
2026-09-13 23:16:00,229 intt512_gs2_wide_A_window48 WARNING LLVM (llvm-mc, llvm-nm, llvm-readobj) not found, disabling selftest. Consider installing LLVM.
2026-09-13 23:16:00,246 intt512_gs2_wide_B_seam_window0 INFO Setting timeout of 8 seconds...
2026-09-13 23:16:00,259 intt512_gs2_wide_B_seam_window0 INFO Objective: minimize cycles
2026-09-13 23:16:00,260 intt512_gs2_wide_B_seam_window0 INFO Invoking external constraint solver (OR-Tools CP-SAT v9.15.6755) ...
2026-09-13 23:16:00,786 intt512_gs2_wide_B_seam_window0 INFO [0.5260s]: Found 1 solutions so far... objective (minimize cycles): currently  (Cycles ~ 96.0, IPC ~ 0.50), bound  (Cycles ~ 94.0, IPC ~ 0.51)
2026-09-13 23:16:00,801 intt512_gs2_wide_B_seam_window0 INFO [0.5411s]: Found 2 solutions so far... objective (minimize cycles): currently  (Cycles ~ 95.0, IPC ~ 0.51), bound  (Cycles ~ 94.0, IPC ~ 0.51)
2026-09-13 23:16:00,806 intt512_gs2_wide_B_seam_window0 INFO OPTIMAL, wall time: 0.546221 s
2026-09-13 23:16:00,810 intt512_gs2_wide_B_seam_window0 INFO Booleans in result: 558
2026-09-13 23:16:00,821 intt512_gs2_wide_B_seam_window0.selfcheck INFO OK!
2026-09-13 23:16:00,831 intt512_gs2_wide_B_seam_window0 WARNING LLVM (llvm-mc, llvm-nm, llvm-readobj) not found, disabling selftest. Consider installing LLVM.
2026-09-13 23:16:00,842 intt512_gs2_wide_B_seam_window48 INFO Setting timeout of 8 seconds...
2026-09-13 23:16:00,852 intt512_gs2_wide_B_seam_window48 INFO Objective: minimize cycles
2026-09-13 23:16:00,852 intt512_gs2_wide_B_seam_window48 INFO Invoking external constraint solver (OR-Tools CP-SAT v9.15.6755) ...
2026-09-13 23:16:01,064 intt512_gs2_wide_B_seam_window48 INFO [0.2118s]: Found 1 solutions so far... objective (minimize cycles): currently  (Cycles ~ 73.0, IPC ~ 0.48), bound  (Cycles ~ 69.0, IPC ~ 0.51)
2026-09-13 23:16:01,092 intt512_gs2_wide_B_seam_window48 INFO [0.2400s]: Found 2 solutions so far... objective (minimize cycles): currently  (Cycles ~ 70.0, IPC ~ 0.50), bound  (Cycles ~ 69.0, IPC ~ 0.51)
2026-09-13 23:16:01,144 intt512_gs2_wide_B_seam_window48 INFO [0.2912s]: Found 3 solutions so far... objective (minimize cycles): currently  (Cycles ~ 69.0, IPC ~ 0.51), bound  (Cycles ~ 69.0, IPC ~ 0.51)
2026-09-13 23:16:01,144 intt512_gs2_wide_B_seam_window48 INFO Closer than 0 stalls to theoretical optimum... stop
2026-09-13 23:16:01,149 intt512_gs2_wide_B_seam_window48 INFO OPTIMAL, wall time: 0.296364 s
2026-09-13 23:16:01,152 intt512_gs2_wide_B_seam_window48 INFO Booleans in result: 307
2026-09-13 23:16:01,161 intt512_gs2_wide_B_seam_window48.selfcheck INFO OK!
2026-09-13 23:16:01,170 intt512_gs2_wide_B_seam_window48 WARNING LLVM (llvm-mc, llvm-nm, llvm-readobj) not found, disabling selftest. Consider installing LLVM.
2026-09-13 23:16:01,226 ntt1024_ct2_A INFO Setting timeout of 8 seconds...
2026-09-13 23:16:01,240 ntt1024_ct2_A INFO Objective: minimize cycles
2026-09-13 23:16:01,240 ntt1024_ct2_A INFO Invoking external constraint solver (OR-Tools CP-SAT v9.15.6755) ...
2026-09-13 23:16:01,753 ntt1024_ct2_A INFO [0.5128s]: Found 1 solutions so far... objective (minimize cycles): currently  (Cycles ~ 119.0, IPC ~ 0.41), bound  (Cycles ~ 111.0, IPC ~ 0.44)
2026-09-13 23:16:01,780 ntt1024_ct2_A INFO [0.5398s]: Found 2 solutions so far... objective (minimize cycles): currently  (Cycles ~ 117.0, IPC ~ 0.42), bound  (Cycles ~ 111.0, IPC ~ 0.44)
2026-09-13 23:16:01,840 ntt1024_ct2_A INFO [0.5988s]: Found 3 solutions so far... objective (minimize cycles): currently  (Cycles ~ 116.0, IPC ~ 0.42), bound  (Cycles ~ 111.0, IPC ~ 0.44)
2026-09-13 23:16:02,193 ntt1024_ct2_A INFO OPTIMAL, wall time: 0.952631 s
2026-09-13 23:16:02,197 ntt1024_ct2_A INFO Booleans in result: 762
2026-09-13 23:16:02,208 ntt1024_ct2_A.selfcheck INFO OK!
2026-09-13 23:16:02,219 ntt1024_ct2_A WARNING LLVM (llvm-mc, llvm-nm, llvm-readobj) not found, disabling selftest. Consider installing LLVM.
2026-09-13 23:16:02,244 intt1024_gs2_A INFO Setting timeout of 8 seconds...
2026-09-13 23:16:02,264 intt1024_gs2_A INFO Objective: minimize cycles
2026-09-13 23:16:02,264 intt1024_gs2_A INFO Invoking external constraint solver (OR-Tools CP-SAT v9.15.6755) ...
2026-09-13 23:16:03,625 intt1024_gs2_A INFO [1.3607s]: Found 1 solutions so far... objective (minimize cycles): currently  (Cycles ~ 164.0, IPC ~ 0.39), bound  (Cycles ~ 155.0, IPC ~ 0.41)
2026-09-13 23:16:03,648 intt1024_gs2_A INFO [1.3838s]: Found 2 solutions so far... objective (minimize cycles): currently  (Cycles ~ 163.0, IPC ~ 0.39), bound  (Cycles ~ 155.0, IPC ~ 0.41)
2026-09-13 23:16:03,673 intt1024_gs2_A INFO [1.4083s]: Found 3 solutions so far... objective (minimize cycles): currently  (Cycles ~ 162.0, IPC ~ 0.40), bound  (Cycles ~ 155.0, IPC ~ 0.41)
2026-09-13 23:16:03,764 intt1024_gs2_A INFO [1.4991s]: Found 4 solutions so far... objective (minimize cycles): currently  (Cycles ~ 157.0, IPC ~ 0.41), bound  (Cycles ~ 155.0, IPC ~ 0.41)
2026-09-13 23:16:03,843 intt1024_gs2_A INFO [1.5787s]: Found 5 solutions so far... objective (minimize cycles): currently  (Cycles ~ 155.0, IPC ~ 0.41), bound  (Cycles ~ 155.0, IPC ~ 0.41)
2026-09-13 23:16:03,844 intt1024_gs2_A INFO Closer than 0 stalls to theoretical optimum... stop
2026-09-13 23:16:03,851 intt1024_gs2_A INFO OPTIMAL, wall time: 1.585947 s
2026-09-13 23:16:03,855 intt1024_gs2_A INFO Booleans in result: 1291
2026-09-13 23:16:03,869 intt1024_gs2_A.selfcheck INFO OK!
2026-09-13 23:16:03,882 intt1024_gs2_A WARNING LLVM (llvm-mc, llvm-nm, llvm-readobj) not found, disabling selftest. Consider installing LLVM.
