[exec_wrapper] configuring FLEXMEM...
[exec_wrapper] starting OpenOCD on port 3351...
[exec_wrapper] SWO redirect port 57179
[exec_wrapper] /Users/seungwon/FALCON/fn-dsa_m55/measurement_mlkem_native/env/openocd-4e9b167/bin/openocd -f interface/stlink.cfg -c transport select swd -f target/stm32n6x.cfg -c if {[lsearch -exact [target names] stm32n6x.cpu] >= 0} { stm32n6x.cpu configure -defer-examine } -c adapter speed 8000 -c adapter serial 003C00223335510735383531 -c reset_config srst_only srst_nogate -c gdb_port 3351 -c tcl_port disabled -c telnet_port disabled -c init -c stm32n6x.cpu arp_examine -c stm32n6x.swo configure -protocol uart -traceclk 100000000 -pin-freq 1000000 -output :57179 -formatter 0 -c stm32n6x.swo enable -c stm32n6x.cpu itm port 0 on
============ GDB SCRIPT ============
set pagination off
set confirm off
target remote localhost:3351
load
tbreak *0x1000c434
hbreak *0x1000f6a0
set $early_fault_bp = $bpnum
jump *0x1000f6b5
if $pc != 0x1000c434
echo [[STARTUP-FAULT]]\n
info registers
x/8wx $psp
x/8wx $msp
x/8i *(unsigned int*)($psp+24)
x/6wx 0xE000ED28
x/6wx 0xE001E000
monitor reset_config none
monitor reset run
quit 1
end
delete $early_fault_bp
echo TCM_CONTROL_START=
output/x *(unsigned int*)0x56008008
echo \n
echo TCM_MSCR_START=
output/x *(unsigned int*)0xE001E000
echo \n
restore /var/folders/cl/qszfy4ys3t51fgwf6m125j080000gt/T/tmpojuf1feh/argv.bin binary 0x340b0000
set $nucleo_exit_code = -1
break *0x1000c3e4
commands
  set $nucleo_exit_code = $r0
  echo [[NUCLEO-DONE]]\n
end
break *0x1000f6a0
commands
  echo [[NUCLEO-HARDFAULT]]\n
end
continue
if $nucleo_exit_code != -1
  echo NUCLEO_EXIT_CODE=
  output/d $nucleo_exit_code
  echo \n
end
info registers
x/4wx $sp
echo CFSR=
output/x *(unsigned int *)0xE000ED28
echo \n
echo HFSR=
output/x *(unsigned int *)0xE000ED2C
echo \n
echo DFSR=
output/x *(unsigned int *)0xE000ED30
echo \n
echo MMFAR=
output/x *(unsigned int *)0xE000ED34
echo \n
echo BFAR=
output/x *(unsigned int *)0xE000ED38
echo \n
echo AFSR=
output/x *(unsigned int *)0xE000ED3C
echo \n
echo SHCSR=
output/x *(unsigned int *)0xE000ED24
echo \n
echo CCR=
output/x *(unsigned int *)0xE000ED14
echo \n
echo MSP=
output/x $msp
echo \n
echo PSP=
output/x $psp
echo \n
echo LR=
output/x $lr
echo \n
echo PC=
output/x $pc
echo \n
echo STACKED_R0_R1_R2_R3_R12_LR_PC_XPSR:\n
if ($lr & 4)
  x/8wx $psp
else
  x/8wx $msp
end
x/4wx 0xE000ED28
x/wx 0xE000ED38
echo TCM_CONTROL_END=
output/x *(unsigned int*)0x56008008
echo \n
echo TCM_MSCR_END=
output/x *(unsigned int*)0xE001E000
echo \n
monitor reset_config none
monitor reset run
====================================
[exec_wrapper] running gdb batch
Open On-Chip Debugger 0.12.0+dev-g4e9b167 (2026-09-09-11:52)
Licensed under GNU GPL v2
For bug reports, read
	http://openocd.org/doc/doxygen/bugs.html
adapter speed: 8000 kHz
srst_only separate srst_nogate srst_open_drain connect_deassert_srst
DEPRECATED! use 'gdb port', not 'gdb_port'
DEPRECATED! use 'tcl port' not 'tcl_port'
DEPRECATED! use 'telnet port', not 'telnet_port'
Info : STLINK V3J15M6 (API v3) VID:PID 0483:3754
Info : Target voltage: 3.276064
Info : clock speed 8000 kHz
Info : SWD DPIDR 0x6ba02477
Info : [stm32n6x.ap0] Examination succeed
Info : [stm32n6x.ap0] gdb port disabled
Info : [stm32n6x.cpu] starting gdb server on 3351
Info : Listening on port 3351 for gdb connections
Info : [stm32n6x.cpu] Cortex-M55 r1p1 processor detected
Info : [stm32n6x.cpu] target has 8 breakpoints, 8 watchpoints
Info : starting trace server for stm32n6x.swo on 57179
Info : Listening on port 57179 for tpiu_swo_trace connections
Info : tcl server disabled
Info : telnet server disabled
Info : accepting 'tpiu_swo_trace' connection on tcp/57179
Info : accepting 'gdb' connection on tcp/3351
stm32n6x.cpu in Secure state
[stm32n6x.cpu] halted due to debug-request, current mode: Thread
xPSR: 0x61000000 pc: 0x18005988 msp: 0x341037a0
Info : New GDB Connection: 1, Target stm32n6x.cpu, state: halted
Warn : Prefer GDB command "target extended-remote :3351" instead of "target remote :3351"
COMPARE_BEGIN batches=10 calls=100 primes=308 patterns=8
HW cpu=800000000 sysclk=400000000 hclk=200000000 ccr=00000611 itcmcr=00000049 dtcmcr=00000049
ADDR orig_mq=10001001 opt_mq=1000400d orig_mp=10007001 opt_mp=10008801 data_mq=3000b4c0 data_mp=3000cd40 gm=30009c60 igm=30008c60 igm_full=30007c60
TIMER wait_us=1000 cycles=800139
CHECK family=mq cases=72 mismatches=0 range_errors=0 canary_errors=0
PROGRESS audit_prime=0
PROGRESS audit_prime=28
PROGRESS audit_prime=56
PROGRESS audit_prime=84
PROGRESS audit_prime=112
PROGRESS audit_prime=140
PROGRESS audit_prime=168
PROGRESS audit_prime=196
PROGRESS audit_prime=224
PROGRESS audit_prime=252
PROGRESS audit_prime=280
CHECK family=mp cases=27104 mismatches=0 range_errors=0 canary_errors=0
AUDIT_DONE cases=27176 independent_dft=1548
BENCH family=mq logn=9 pi=0 dir=0 calls=100 old=3387010,3387010,3387010,3387010,3387010,3387010,3387010,3387010,3387010,3387010 opt=1031810,1031810,1031810,1031810,1031811,1031810,1031810,1031810,1031810,1031810
BENCH family=mq logn=9 pi=0 dir=1 calls=100 old=3863010,3863010,3863010,3863010,3863010,3863010,3863010,3863010,3863010,3863010 opt=1285610,1285610,1285610,1285610,1285610,1285610,1285610,1285610,1285610,1285610
BENCH family=mq logn=10 pi=0 dir=0 calls=100 old=7509310,7509310,7509310,7509310,7509310,7509310,7509310,7509311,7509310,7509310 opt=2540810,2540810,2540810,2540810,2540810,2540810,2540810,2540810,2540810,2540810
BENCH family=mq logn=10 pi=0 dir=1 calls=100 old=8561610,8561610,8561610,8561610,8561611,8561610,8561610,8561610,8561610,8561610 opt=3102410,3102410,3102410,3102410,3102410,3102410,3102410,3102410,3102410,3102410
BENCH family=mp logn=4 pi=0 dir=0 calls=100 old=89711,89711,89711,89711,89711,89711,89711,89711,89711,89711 opt=32411,32411,32411,32411,32411,32411,32411,32411,32411,32411
BENCH family=mp logn=4 pi=0 dir=1 calls=100 old=102611,102611,102611,102611,102611,102611,102611,102611,102611,102611 opt=35011,35011,35011,35011,35011,35011,35011,35011,35011,35011
BENCH family=mp logn=5 pi=0 dir=0 calls=100 old=212111,212111,212111,212111,212111,212111,212111,212111,212112,212111 opt=72611,72611,72611,72611,72611,72611,72611,72611,72611,72611
BENCH family=mp logn=5 pi=0 dir=1 calls=100 old=241811,241811,241811,241811,241811,241811,241811,241811,241811,241811 opt=74311,74311,74311,74311,74311,74311,74311,74311,74311,74311
BENCH family=mp logn=6 pi=0 dir=0 calls=100 old=485211,485211,485211,485211,485211,485211,485211,485211,485211,485211 opt=150211,150211,150211,150211,150211,150211,150211,150211,150211,150211
BENCH family=mp logn=6 pi=0 dir=1 calls=100 old=555811,555811,555811,555811,555811,555811,555811,555811,555811,555811 opt=152311,152311,152311,152311,152311,152311,152311,152311,152311,152311
BENCH family=mp logn=7 pi=0 dir=0 calls=100 old=1124411,1124411,1124411,1124411,1124411,1124411,1124411,1124411,1124411,1124411 opt=348511,348511,348511,348511,348511,348511,348511,348511,348511,348511
BENCH family=mp logn=7 pi=0 dir=1 calls=100 old=1283811,1283811,1283811,1283811,1283811,1283811,1283811,1283811,1283811,1283811 opt=341811,341811,341811,341811,341811,341811,341811,341811,341811,341811
BENCH family=mp logn=8 pi=0 dir=0 calls=100 old=2503111,2503111,2503111,2503112,2503111,2503111,2503111,2503111,2503111,2503111 opt=759411,759411,759411,759411,759411,759411,759411,759411,759411,759411
BENCH family=mp logn=8 pi=0 dir=1 calls=100 old=2866611,2866611,2866611,2866611,2866611,2866611,2866611,2866611,2866611,2866611 opt=735211,735211,735211,735211,735211,735211,735211,735211,735211,735211
BENCH family=mp logn=9 pi=0 dir=0 calls=100 old=5655911,5655911,5655912,5655911,5655911,5655911,5655911,5655911,5655911,5655911 opt=1709911,1709911,1709911,1709911,1709911,1709911,1709911,1709911,1709911,1709911
BENCH family=mp logn=9 pi=0 dir=1 calls=100 old=6458611,6458611,6458612,6458611,6458611,6458611,6458611,6458611,6458611,6458611 opt=1646711,1646711,1646711,1646711,1646711,1646711,1646711,1646711,1646711,1646711
BENCH family=mp logn=10 pi=0 dir=0 calls=100 old=12349812,12349811,12349811,12349811,12349811,12349812,12349811,12349811,12349811,12349811 opt=3696011,3696011,3696011,3696011,3696011,3696011,3696011,3696011,3696011,3696011
BENCH family=mp logn=10 pi=0 dir=1 calls=100 old=14134212,14134211,14134211,14134211,14134211,14134211,14134211,14134211,14134211,14134212 opt=3544111,3544111,3544111,3544111,3544112,3544111,3544111,3544111,3544111,3544111
PROGRESS timing_prime=0
BENCH family=mp logn=4 pi=1 dir=0 calls=100 old=89711,89711,89711,89711,89711,89711,89711,89711,89711,89711 opt=32411,32411,32411,32411,32411,32411,32411,32411,32411,32411
BENCH family=mp logn=4 pi=1 dir=1 calls=100 old=102611,102611,102611,102611,102611,102611,102611,102611,102611,102611 opt=35011,35011,35011,35011,35011,35011,35011,35011,35011,35011
BENCH family=mp logn=5 pi=1 dir=0 calls=100 old=212111,212111,212111,212111,212111,212111,212111,212111,212111,212111 opt=72611,72611,72611,72611,72611,72611,72611,72611,72611,72611
BENCH family=mp logn=5 pi=1 dir=1 calls=100 old=241811,241811,241811,241811,241811,241811,241811,241811,241811,241811 opt=74311,74311,74311,74311,74311,74311,74311,74311,74311,74311
BENCH family=mp logn=6 pi=1 dir=0 calls=100 old=485211,485211,485211,485211,485211,485211,485211,485211,485211,485211 opt=150211,150211,150211,150211,150211,150211,150211,150211,150211,150211
BENCH family=mp logn=6 pi=1 dir=1 calls=100 old=555811,555811,555811,555811,555811,555811,555811,555811,555811,555811 opt=152311,152311,152311,152311,152311,152311,152311,152311,152311,152311
BENCH family=mp logn=7 pi=1 dir=0 calls=100 old=1124411,1124411,1124411,1124411,1124411,1124411,1124411,1124411,1124411,1124411 opt=348511,348511,348511,348511,348511,348511,348511,348511,348511,348511
BENCH family=mp logn=7 pi=1 dir=1 calls=100 old=1283811,1283811,1283811,1283811,1283811,1283811,1283811,1283811,1283811,1283811 opt=341811,341811,341812,341811,341811,341811,341811,341811,341811,341811
BENCH family=mp logn=8 pi=1 dir=0 calls=100 old=2503111,2503111,2503111,2503111,2503111,2503111,2503111,2503111,2503111,2503111 opt=759411,759411,759411,759411,759411,759411,759411,759411,759411,759411
BENCH family=mp logn=8 pi=1 dir=1 calls=100 old=2866611,2866611,2866611,2866611,2866611,2866611,2866611,2866612,2866611,2866611 opt=735211,735211,735211,735211,735211,735211,735211,735211,735211,735211
BENCH family=mp logn=9 pi=1 dir=0 calls=100 old=5655911,5655911,5655911,5655911,5655911,5655911,5655911,5655911,5655911,5655911 opt=1709911,1709911,1709911,1709911,1709911,1709911,1709911,1709911,1709911,1709912
BENCH family=mp logn=9 pi=1 dir=1 calls=100 old=6458611,6458611,6458611,6458611,6458611,6458611,6458611,6458611,6458612,6458611 opt=1646711,1646711,1646711,1646711,1646711,1646711,1646711,1646711,1646711,1646711
BENCH family=mp logn=10 pi=1 dir=0 calls=100 old=12349811,12349811,12349811,12349811,12349812,12349811,12349811,12349811,12349811,12349811 opt=3696011,3696011,3696011,3696011,3696011,3696011,3696011,3696011,3696011,3696012
BENCH family=mp logn=10 pi=1 dir=1 calls=100 old=14134211,14134211,14134211,14134212,14134211,14134211,14134211,14134212,14134211,14134211 opt=3544111,3544111,3544111,3544111,3544111,3544111,3544111,3544111,3544111,3544111
BENCH family=mp logn=4 pi=2 dir=0 calls=100 old=89711,89711,89711,89711,89711,89711,89711,89711,89711,89711 opt=32411,32411,32411,32411,32411,32411,32411,32411,32411,32411
BENCH family=mp logn=4 pi=2 dir=1 calls=100 old=102611,102611,102611,102611,102611,102611,102611,102611,102611,102611 opt=35011,35011,35011,35011,35011,35011,35011,35011,35011,35011
BENCH family=mp logn=5 pi=2 dir=0 calls=100 old=212111,212111,212111,212111,212111,212111,212111,212111,212111,212111 opt=72611,72611,72611,72611,72611,72611,72611,72611,72611,72611
BENCH family=mp logn=5 pi=2 dir=1 calls=100 old=241811,241811,241811,241811,241811,241811,241811,241811,241811,241811 opt=74311,74311,74311,74311,74311,74311,74311,74311,74311,74311
BENCH family=mp logn=6 pi=2 dir=0 calls=100 old=485211,485211,485211,485211,485211,485211,485211,485211,485211,485211 opt=150211,150211,150211,150211,150211,150211,150211,150211,150211,150211
BENCH family=mp logn=6 pi=2 dir=1 calls=100 old=555811,555811,555811,555811,555811,555811,555811,555811,555811,555811 opt=152311,152311,152311,152311,152311,152311,152311,152311,152311,152311
BENCH family=mp logn=7 pi=2 dir=0 calls=100 old=1124411,1124411,1124411,1124411,1124411,1124411,1124411,1124411,1124411,1124411 opt=348511,348511,348511,348511,348511,348511,348511,348511,348511,348511
BENCH family=mp logn=7 pi=2 dir=1 calls=100 old=1283811,1283811,1283811,1283811,1283811,1283811,1283811,1283811,1283811,1283811 opt=341811,341811,341811,341811,341811,341811,341811,341811,341811,341811
BENCH family=mp logn=8 pi=2 dir=0 calls=100 old=2503111,2503111,2503111,2503111,2503111,2503111,2503111,2503111,2503111,2503111 opt=759411,759411,759411,759411,759411,759411,759411,759411,759411,759411
BENCH family=mp logn=8 pi=2 dir=1 calls=100 old=2866611,2866611,2866611,2866611,2866611,2866611,2866611,2866611,2866611,2866611 opt=735211,735212,735211,735211,735211,735211,735211,735211,735211,735211
BENCH family=mp logn=9 pi=2 dir=0 calls=100 old=5655911,5655911,5655911,5655911,5655911,5655912,5655911,5655911,5655911,5655911 opt=1709911,1709911,1709911,1709911,1709911,1709911,1709911,1709911,1709911,1709911
BENCH family=mp logn=9 pi=2 dir=1 calls=100 old=6458611,6458611,6458611,6458611,6458611,6458612,6458611,6458611,6458611,6458611 opt=1646711,1646711,1646711,1646711,1646711,1646711,1646711,1646711,1646711,1646711
BENCH family=mp logn=10 pi=2 dir=0 calls=100 old=12349811,12349811,12349812,12349811,12349811,12349811,12349811,12349812,12349811,12349811 opt=3696011,3696011,3696011,3696011,3696011,3696011,3696011,3696011,3696011,3696011
BENCH family=mp logn=10 pi=2 dir=1 calls=100 old=14134211,14134212,14134211,14134211,14134211,14134211,14134212,14134211,14134211,14134211 opt=3544111,3544111,3544111,3544111,3544111,3544111,3544111,3544111,3544111,3544111
BENCH family=mp logn=4 pi=3 dir=0 calls=100 old=89711,89711,89711,89711,89711,89711,89711,89711,89711,89711 opt=32411,32411,32411,32411,32411,32411,32411,32411,32411,32411
BENCH family=mp logn=4 pi=3 dir=1 calls=100 old=102611,102611,102611,102611,102611,102611,102611,102611,102611,102611 opt=35011,35011,35011,35011,35011,35011,35011,35011,35011,35011
BENCH family=mp logn=5 pi=3 dir=0 calls=100 old=212111,212111,212111,212111,212111,212111,212111,212111,212111,212111 opt=72611,72611,72611,72611,72611,72611,72611,72611,72611,72611
BENCH family=mp logn=5 pi=3 dir=1 calls=100 old=241811,241811,241812,241811,241811,241811,241811,241811,241811,241811 opt=74311,74311,74311,74311,74311,74311,74311,74311,74311,74311
BENCH family=mp logn=6 pi=3 dir=0 calls=100 old=485211,485211,485211,485211,485211,485211,485211,485211,485211,485211 opt=150211,150211,150211,150211,150211,150211,150211,150211,150211,150211
BENCH family=mp logn=6 pi=3 dir=1 calls=100 old=555811,555811,555811,555811,555811,555811,555811,555811,555811,555811 opt=152311,152311,152311,152311,152311,152311,152311,152311,152311,152311
BENCH family=mp logn=7 pi=3 dir=0 calls=100 old=1124411,1124411,1124411,1124411,1124411,1124411,1124411,1124411,1124411,1124411 opt=348511,348511,348511,348511,348511,348511,348511,348511,348511,348511
BENCH family=mp logn=7 pi=3 dir=1 calls=100 old=1283811,1283811,1283811,1283811,1283811,1283811,1283811,1283811,1283811,1283811 opt=341811,341811,341811,341811,341811,341811,341811,341811,341811,341811
BENCH family=mp logn=8 pi=3 dir=0 calls=100 old=2503111,2503111,2503111,2503111,2503111,2503111,2503111,2503111,2503111,2503111 opt=759411,759411,759411,759411,759411,759412,759411,759411,759411,759411
BENCH family=mp logn=8 pi=3 dir=1 calls=100 old=2866611,2866611,2866611,2866611,2866611,2866611,2866611,2866611,2866611,2866611 opt=735211,735211,735211,735211,735211,735211,735211,735211,735211,735211
BENCH family=mp logn=9 pi=3 dir=0 calls=100 old=5655911,5655911,5655912,5655911,5655911,5655911,5655911,5655911,5655911,5655911 opt=1709911,1709911,1709911,1709911,1709911,1709911,1709911,1709911,1709911,1709911
BENCH family=mp logn=9 pi=3 dir=1 calls=100 old=6458611,6458611,6458611,6458611,6458611,6458611,6458611,6458611,6458611,6458611 opt=1646711,1646711,1646712,1646711,1646711,1646711,1646711,1646711,1646711,1646711
BENCH family=mp logn=10 pi=3 dir=0 calls=100 old=12349811,12349811,12349811,12349811,12349811,12349811,12349812,12349811,12349811,12349811 opt=3696011,3696012,3696011,3696011,3696011,3696011,3696011,3696011,3696011,3696011
BENCH family=mp logn=10 pi=3 dir=1 calls=100 old=14134212,14134211,14134211,14134211,14134211,14134211,14134211,14134211,14134211,14134212 opt=3544111,3544111,3544111,3544111,3544111,3544112,3544111,3544111,3544111,3544111
BENCH family=mp logn=4 pi=4 dir=0 calls=100 old=89711,89711,89711,89711,89711,89711,89711,89711,89711,89711 opt=32411,32411,32411,32411,32411,32411,32411,32411,32411,32411
BENCH family=mp logn=4 pi=4 dir=1 calls=100 old=102611,102611,102611,102611,102611,102611,102611,102611,102611,102611 opt=35011,35011,35011,35011,35011,35011,35011,35011,35011,35011
BENCH family=mp logn=5 pi=4 dir=0 calls=100 old=212111,212111,212111,212111,212111,212111,212111,212111,212111,212111 opt=72611,72611,72611,72611,72611,72611,72611,72611,72611,72611
BENCH family=mp logn=5 pi=4 dir=1 calls=100 old=241811,241811,241811,241811,241811,241811,241811,241811,241811,241811 opt=74311,74311,74311,74311,74311,74311,74311,74311,74311,74311
BENCH family=mp logn=6 pi=4 dir=0 calls=100 old=485211,485211,485211,485211,485211,485211,485211,485211,485211,485211 opt=150211,150211,150211,150211,150211,150211,150211,150211,150211,150211
BENCH family=mp logn=6 pi=4 dir=1 calls=100 old=555811,555811,555811,555811,555811,555811,555811,555811,555811,555811 opt=152311,152311,152311,152311,152311,152311,152311,152311,152311,152311
BENCH family=mp logn=7 pi=4 dir=0 calls=100 old=1124411,1124411,1124411,1124411,1124411,1124411,1124411,1124411,1124411,1124411 opt=348511,348511,348511,348511,348511,348511,348511,348511,348511,348511
BENCH family=mp logn=7 pi=4 dir=1 calls=100 old=1283811,1283811,1283811,1283811,1283811,1283811,1283811,1283812,1283811,1283811 opt=341811,341811,341811,341811,341811,341811,341811,341811,341811,341811
BENCH family=mp logn=8 pi=4 dir=0 calls=100 old=2503111,2503111,2503111,2503111,2503111,2503111,2503111,2503111,2503111,2503111 opt=759411,759411,759411,759411,759411,759411,759411,759411,759411,759411
BENCH family=mp logn=8 pi=4 dir=1 calls=100 old=2866611,2866611,2866611,2866611,2866611,2866611,2866611,2866611,2866611,2866612 opt=735211,735211,735211,735211,735211,735211,735211,735211,735211,735211
BENCH family=mp logn=9 pi=4 dir=0 calls=100 old=5655911,5655911,5655911,5655911,5655911,5655911,5655911,5655911,5655911,5655911 opt=1709911,1709911,1709911,1709911,1709911,1709911,1709911,1709911,1709911,1709911
BENCH family=mp logn=9 pi=4 dir=1 calls=100 old=6458611,6458611,6458611,6458611,6458611,6458611,6458611,6458611,6458611,6458612 opt=1646711,1646711,1646711,1646711,1646711,1646711,1646711,1646711,1646711,1646711
BENCH family=mp logn=10 pi=4 dir=0 calls=100 old=12349811,12349811,12349811,12349811,12349812,12349811,12349811,12349811,12349811,12349812 opt=3696011,3696011,3696011,3696011,3696011,3696011,3696011,3696011,3696011,3696011
BENCH family=mp logn=10 pi=4 dir=1 calls=100 old=14134211,14134211,14134211,14134212,14134211,14134211,14134211,14134211,14134212,14134211 opt=3544111,3544111,3544111,3544111,3544111,3544111,3544111,3544111,3544111,3544111
BENCH family=mp logn=4 pi=5 dir=0 calls=100 old=89711,89711,89711,89711,89711,89711,89711,89711,89711,89711 opt=32411,32411,32411,32411,32411,32411,32411,32411,32411,32411
BENCH family=mp logn=4 pi=5 dir=1 calls=100 old=102611,102611,102611,102611,102611,102611,102611,102611,102611,102611 opt=35011,35011,35011,35011,35011,35011,35011,35011,35011,35011
BENCH family=mp logn=5 pi=5 dir=0 calls=100 old=212111,212111,212111,212111,212111,212111,212111,212111,212111,212111 opt=72611,72611,72611,72611,72611,72611,72611,72611,72611,72611
BENCH family=mp logn=5 pi=5 dir=1 calls=100 old=241811,241811,241811,241811,241811,241811,241811,241811,241811,241811 opt=74311,74311,74311,74311,74311,74311,74311,74311,74311,74311
BENCH family=mp logn=6 pi=5 dir=0 calls=100 old=485211,485211,485211,485211,485211,485211,485211,485211,485211,485211 opt=150211,150211,150211,150211,150211,150211,150211,150211,150211,150211
BENCH family=mp logn=6 pi=5 dir=1 calls=100 old=555811,555811,555811,555811,555811,555811,555811,555811,555811,555811 opt=152311,152311,152311,152311,152311,152311,152311,152311,152311,152311
BENCH family=mp logn=7 pi=5 dir=0 calls=100 old=1124411,1124411,1124411,1124411,1124411,1124411,1124411,1124411,1124411,1124411 opt=348511,348511,348512,348511,348511,348511,348511,348511,348511,348511
BENCH family=mp logn=7 pi=5 dir=1 calls=100 old=1283811,1283811,1283811,1283811,1283811,1283811,1283811,1283811,1283811,1283811 opt=341811,341811,341811,341811,341811,341811,341811,341811,341811,341811
BENCH family=mp logn=8 pi=5 dir=0 calls=100 old=2503111,2503111,2503111,2503111,2503111,2503111,2503111,2503111,2503111,2503111 opt=759411,759411,759411,759411,759411,759411,759411,759411,759411,759411
BENCH family=mp logn=8 pi=5 dir=1 calls=100 old=2866611,2866611,2866612,2866611,2866611,2866611,2866611,2866611,2866611,2866611 opt=735211,735211,735211,735211,735211,735211,735211,735211,735211,735211
BENCH family=mp logn=9 pi=5 dir=0 calls=100 old=5655911,5655911,5655911,5655911,5655911,5655911,5655912,5655911,5655911,5655911 opt=1709911,1709911,1709911,1709911,1709911,1709911,1709911,1709911,1709911,1709911
BENCH family=mp logn=9 pi=5 dir=1 calls=100 old=6458611,6458611,6458611,6458611,6458611,6458611,6458612,6458611,6458611,6458611 opt=1646711,1646711,1646711,1646711,1646711,1646711,1646711,1646711,1646711,1646711
BENCH family=mp logn=10 pi=5 dir=0 calls=100 old=12349811,12349811,12349811,12349811,12349811,12349811,12349811,12349812,12349811,12349811 opt=3696011,3696011,3696012,3696011,3696011,3696011,3696011,3696011,3696011,3696011
BENCH family=mp logn=10 pi=5 dir=1 calls=100 old=14134211,14134211,14134212,14134211,14134211,14134211,14134211,14134211,14134211,14134211 opt=3544111,3544111,3544111,3544111,3544111,3544111,3544112,3544111,3544111,3544111
BENCH family=mp logn=4 pi=6 dir=0 calls=100 old=89711,89711,89711,89711,89711,89711,89711,89711,89711,89711 opt=32411,32411,32411,32411,32411,32411,32411,32411,32411,32411
BENCH family=mp logn=4 pi=6 dir=1 calls=100 old=102611,102611,102611,102611,102611,102611,102611,102611,102611,102611 opt=35011,35011,35011,35011,35011,35011,35011,35011,35011,35011
BENCH family=mp logn=5 pi=6 dir=0 calls=100 old=212111,212111,212111,212111,212111,212111,212111,212111,212111,212111 opt=72611,72611,72611,72611,72611,72611,72611,72611,72611,72611
BENCH family=mp logn=5 pi=6 dir=1 calls=100 old=241811,241811,241811,241811,241811,241811,241811,241811,241811,241811 opt=74311,74311,74311,74311,74311,74311,74311,74311,74311,74311
BENCH family=mp logn=6 pi=6 dir=0 calls=100 old=485211,485211,485211,485211,485211,485211,485211,485211,485211,485211 opt=150211,150211,150211,150211,150211,150211,150211,150211,150211,150211
BENCH family=mp logn=6 pi=6 dir=1 calls=100 old=555811,555811,555811,555811,555811,555811,555811,555811,555811,555811 opt=152311,152311,152311,152311,152311,152311,152311,152311,152311,152311
BENCH family=mp logn=7 pi=6 dir=0 calls=100 old=1124411,1124411,1124411,1124411,1124411,1124411,1124411,1124411,1124411,1124411 opt=348511,348511,348511,348511,348511,348511,348511,348511,348511,348511
BENCH family=mp logn=7 pi=6 dir=1 calls=100 old=1283811,1283811,1283811,1283811,1283811,1283811,1283811,1283811,1283811,1283811 opt=341811,341811,341811,341811,341811,341811,341811,341811,341811,341811
BENCH family=mp logn=8 pi=6 dir=0 calls=100 old=2503111,2503111,2503111,2503111,2503111,2503111,2503112,2503111,2503111,2503111 opt=759411,759411,759411,759411,759411,759411,759411,759411,759411,759411
BENCH family=mp logn=8 pi=6 dir=1 calls=100 old=2866611,2866611,2866611,2866611,2866611,2866611,2866611,2866611,2866611,2866611 opt=735211,735211,735211,735211,735211,735211,735211,735211,735211,735211
BENCH family=mp logn=9 pi=6 dir=0 calls=100 old=5655911,5655911,5655911,5655912,5655911,5655911,5655911,5655911,5655911,5655911 opt=1709911,1709911,1709911,1709911,1709911,1709911,1709911,1709911,1709911,1709911
BENCH family=mp logn=9 pi=6 dir=1 calls=100 old=6458611,6458611,6458611,6458612,6458611,6458611,6458611,6458611,6458611,6458611 opt=1646711,1646711,1646711,1646711,1646711,1646711,1646711,1646711,1646711,1646711
BENCH family=mp logn=10 pi=6 dir=0 calls=100 old=12349811,12349812,12349811,12349811,12349811,12349811,12349812,12349811,12349811,12349811 opt=3696011,3696011,3696011,3696011,3696011,3696011,3696011,3696011,3696011,3696011
BENCH family=mp logn=10 pi=6 dir=1 calls=100 old=14134211,14134211,14134211,14134211,14134211,14134212,14134211,14134211,14134211,14134212 opt=3544112,3544111,3544111,3544111,3544111,3544111,3544111,3544111,3544111,3544111
BENCH family=mp logn=4 pi=7 dir=0 calls=100 old=89711,89711,89711,89711,89711,89711,89711,89711,89711,89711 opt=32411,32411,32411,32411,32411,32411,32411,32411,32411,32411
BENCH family=mp logn=4 pi=7 dir=1 calls=100 old=102611,102611,102611,102611,102611,102611,102611,102611,102611,102611 opt=35011,35011,35011,35011,35011,35011,35011,35011,35011,35011
BENCH family=mp logn=5 pi=7 dir=0 calls=100 old=212111,212111,212111,212111,212111,212111,212111,212111,212111,212111 opt=72611,72611,72611,72611,72611,72611,72611,72611,72611,72611
BENCH family=mp logn=5 pi=7 dir=1 calls=100 old=241811,241811,241811,241811,241811,241811,241811,241811,241811,241811 opt=74311,74311,74311,74311,74311,74311,74311,74311,74311,74311
BENCH family=mp logn=6 pi=7 dir=0 calls=100 old=485211,485211,485211,485211,485211,485211,485211,485211,485211,485211 opt=150211,150211,150211,150211,150211,150211,150211,150211,150211,150211
BENCH family=mp logn=6 pi=7 dir=1 calls=100 old=555811,555811,555811,555811,555811,555811,555811,555811,555811,555811 opt=152311,152311,152311,152311,152311,152311,152311,152311,152311,152311
BENCH family=mp logn=7 pi=7 dir=0 calls=100 old=1124411,1124411,1124411,1124411,1124411,1124411,1124411,1124411,1124411,1124411 opt=348511,348511,348511,348511,348511,348511,348511,348511,348511,348511
BENCH family=mp logn=7 pi=7 dir=1 calls=100 old=1283811,1283811,1283811,1283811,1283811,1283811,1283811,1283811,1283811,1283812 opt=341811,341811,341811,341811,341811,341811,341811,341811,341811,341811
BENCH family=mp logn=8 pi=7 dir=0 calls=100 old=2503111,2503111,2503111,2503111,2503111,2503111,2503111,2503111,2503111,2503111 opt=759411,759411,759411,759411,759411,759411,759411,759411,759411,759411
BENCH family=mp logn=8 pi=7 dir=1 calls=100 old=2866611,2866611,2866611,2866611,2866611,2866611,2866611,2866611,2866611,2866611 opt=735211,735211,735211,735211,735211,735211,735211,735211,735211,735211
BENCH family=mp logn=9 pi=7 dir=0 calls=100 old=5655911,5655911,5655911,5655911,5655911,5655911,5655911,5655911,5655911,5655911 opt=1709911,1709911,1709911,1709911,1709911,1709911,1709911,1709911,1709911,1709911
BENCH family=mp logn=9 pi=7 dir=1 calls=100 old=6458612,6458611,6458611,6458611,6458611,6458611,6458611,6458611,6458611,6458611 opt=1646711,1646711,1646711,1646711,1646711,1646711,1646711,1646711,1646711,1646711
BENCH family=mp logn=10 pi=7 dir=0 calls=100 old=12349811,12349811,12349811,12349811,12349812,12349811,12349811,12349811,12349811,12349812 opt=3696011,3696011,3696011,3696011,3696011,3696011,3696011,3696011,3696011,3696011
BENCH family=mp logn=10 pi=7 dir=1 calls=100 old=14134211,14134211,14134211,14134212,14134211,14134211,14134211,14134211,14134212,14134211 opt=3544111,3544111,3544111,3544111,3544111,3544111,3544111,3544111,3544111,3544111
BENCH family=mp logn=4 pi=8 dir=0 calls=100 old=89711,89711,89711,89711,89711,89711,89711,89711,89711,89711 opt=32411,32411,32411,32411,32411,32411,32411,32411,32411,32411
BENCH family=mp logn=4 pi=8 dir=1 calls=100 old=102611,102611,102611,102611,102611,102611,102611,102611,102611,102611 opt=35011,35011,35011,35011,35011,35011,35011,35011,35011,35011
BENCH family=mp logn=5 pi=8 dir=0 calls=100 old=212111,212111,212111,212111,212111,212111,212111,212111,212111,212111 opt=72611,72611,72611,72611,72611,72611,72611,72611,72611,72611
BENCH family=mp logn=5 pi=8 dir=1 calls=100 old=241811,241811,241811,241811,241811,241811,241811,241811,241811,241811 opt=74311,74311,74311,74311,74311,74311,74311,74311,74311,74311
BENCH family=mp logn=6 pi=8 dir=0 calls=100 old=485211,485211,485211,485211,485211,485211,485211,485211,485211,485211 opt=150211,150211,150211,150211,150211,150211,150211,150211,150211,150211
BENCH family=mp logn=6 pi=8 dir=1 calls=100 old=555811,555811,555811,555811,555811,555811,555811,555811,555811,555811 opt=152311,152311,152311,152311,152311,152311,152311,152311,152311,152311
BENCH family=mp logn=7 pi=8 dir=0 calls=100 old=1124411,1124411,1124411,1124411,1124411,1124412,1124411,1124411,1124411,1124411 opt=348511,348511,348511,348511,348511,348511,348511,348511,348511,348511
BENCH family=mp logn=7 pi=8 dir=1 calls=100 old=1283811,1283811,1283811,1283811,1283811,1283811,1283811,1283811,1283811,1283811 opt=341811,341811,341811,341811,341811,341811,341811,341811,341811,341811
BENCH family=mp logn=8 pi=8 dir=0 calls=100 old=2503111,2503111,2503111,2503111,2503111,2503111,2503111,2503111,2503111,2503111 opt=759411,759411,759411,759411,759411,759411,759411,759411,759411,759411
BENCH family=mp logn=8 pi=8 dir=1 calls=100 old=2866611,2866611,2866611,2866612,2866611,2866611,2866611,2866611,2866611,2866611 opt=735211,735211,735211,735211,735211,735211,735211,735211,735211,735211
BENCH family=mp logn=9 pi=8 dir=0 calls=100 old=5655911,5655911,5655911,5655911,5655911,5655911,5655911,5655911,5655911,5655911 opt=1709911,1709911,1709911,1709911,1709911,1709911,1709911,1709912,1709911,1709911
BENCH family=mp logn=9 pi=8 dir=1 calls=100 old=6458611,6458611,6458611,6458611,6458611,6458611,6458612,6458611,6458611,6458611 opt=1646711,1646711,1646711,1646711,1646711,1646711,1646711,1646711,1646711,1646711
BENCH family=mp logn=10 pi=8 dir=0 calls=100 old=12349811,12349811,12349811,12349811,12349811,12349811,12349811,12349811,12349812,12349811 opt=3696011,3696011,3696011,3696012,3696011,3696011,3696011,3696011,3696011,3696011
BENCH family=mp logn=10 pi=8 dir=1 calls=100 old=14134211,14134211,14134212,14134211,14134211,14134211,14134211,14134211,14134211,14134211 opt=3544111,3544111,3544111,3544111,3544111,3544111,3544111,3544112,3544111,3544111
BENCH family=mp logn=4 pi=9 dir=0 calls=100 old=89711,89711,89711,89711,89711,89711,89711,89711,89711,89711 opt=32411,32411,32411,32411,32411,32411,32411,32411,32411,32411
BENCH family=mp logn=4 pi=9 dir=1 calls=100 old=102611,102611,102611,102611,102611,102611,102611,102611,102611,102611 opt=35011,35011,35011,35011,35011,35011,35011,35011,35011,35011
BENCH family=mp logn=5 pi=9 dir=0 calls=100 old=212111,212111,212111,212111,212111,212111,212111,212111,212111,212111 opt=72611,72611,72611,72611,72611,72611,72611,72611,72611,72611
BENCH family=mp logn=5 pi=9 dir=1 calls=100 old=241811,241811,241811,241811,241811,241811,241811,241811,241811,241811 opt=74311,74311,74311,74311,74311,74311,74311,74311,74311,74311
BENCH family=mp logn=6 pi=9 dir=0 calls=100 old=485211,485211,485211,485212,485211,485211,485211,485211,485211,485211 opt=150211,150211,150211,150211,150211,150211,150211,150211,150211,150211
BENCH family=mp logn=6 pi=9 dir=1 calls=100 old=555811,555811,555811,555811,555811,555811,555811,555811,555811,555811 opt=152311,152311,152311,152311,152311,152311,152311,152311,152311,152311
BENCH family=mp logn=7 pi=9 dir=0 calls=100 old=1124411,1124411,1124411,1124411,1124411,1124411,1124411,1124411,1124411,1124411 opt=348511,348511,348511,348511,348511,348511,348511,348511,348511,348511
BENCH family=mp logn=7 pi=9 dir=1 calls=100 old=1283811,1283811,1283811,1283811,1283811,1283811,1283811,1283811,1283811,1283811 opt=341811,341811,341811,341811,341811,341811,341811,341811,341811,341811
BENCH family=mp logn=8 pi=9 dir=0 calls=100 old=2503111,2503111,2503111,2503111,2503111,2503111,2503111,2503112,2503111,2503111 opt=759411,759411,759411,759411,759411,759411,759411,759411,759411,759411
BENCH family=mp logn=8 pi=9 dir=1 calls=100 old=2866611,2866611,2866611,2866611,2866611,2866611,2866611,2866611,2866611,2866611 opt=735211,735211,735211,735211,735211,735211,735211,735211,735211,735211
BENCH family=mp logn=9 pi=9 dir=0 calls=100 old=5655911,5655911,5655911,5655912,5655911,5655911,5655911,5655911,5655911,5655911 opt=1709911,1709911,1709911,1709911,1709911,1709911,1709911,1709911,1709911,1709911
BENCH family=mp logn=9 pi=9 dir=1 calls=100 old=6458611,6458611,6458611,6458612,6458611,6458611,6458611,6458611,6458611,6458611 opt=1646711,1646711,1646711,1646711,1646711,1646711,1646711,1646711,1646711,1646711
BENCH family=mp logn=10 pi=9 dir=0 calls=100 old=12349811,12349812,12349811,12349811,12349811,12349811,12349812,12349811,12349811,12349811 opt=3696011,3696011,3696011,3696011,3696011,3696011,3696011,3696011,3696011,3696011
BENCH family=mp logn=10 pi=9 dir=1 calls=100 old=14134211,14134211,14134211,14134211,14134211,14134212,14134211,14134211,14134211,14134211 opt=3544112,3544111,3544111,3544111,3544111,3544111,3544111,3544111,3544111,3544111
BENCH family=mp logn=4 pi=10 dir=0 calls=100 old=89711,89711,89711,89711,89711,89711,89711,89711,89711,89711 opt=32411,32411,32411,32411,32411,32411,32411,32411,32411,32411
BENCH family=mp logn=4 pi=10 dir=1 calls=100 old=102611,102611,102611,102611,102611,102611,102611,102611,102611,102611 opt=35011,35011,35011,35011,35011,35011,35011,35011,35011,35011
BENCH family=mp logn=5 pi=10 dir=0 calls=100 old=212111,212111,212111,212111,212111,212111,212111,212111,212111,212111 opt=72611,72611,72611,72611,72611,72611,72611,72611,72611,72611
BENCH family=mp logn=5 pi=10 dir=1 calls=100 old=241811,241811,241811,241811,241811,241811,241811,241811,241811,241811 opt=74311,74311,74311,74311,74311,74311,74311,74311,74311,74311
BENCH family=mp logn=6 pi=10 dir=0 calls=100 old=485211,485211,485211,485211,485211,485211,485211,485211,485211,485211 opt=150211,150211,150211,150211,150211,150211,150211,150211,150211,150211
BENCH family=mp logn=6 pi=10 dir=1 calls=100 old=555811,555811,555811,555811,555811,555811,555811,555811,555811,555811 opt=152311,152311,152311,152311,152311,152311,152311,152311,152311,152311
BENCH family=mp logn=7 pi=10 dir=0 calls=100 old=1124411,1124411,1124411,1124411,1124411,1124411,1124411,1124411,1124411,1124411 opt=348511,348511,348511,348511,348511,348511,348511,348511,348511,348511
BENCH family=mp logn=7 pi=10 dir=1 calls=100 old=1283811,1283811,1283811,1283811,1283811,1283811,1283811,1283811,1283811,1283811 opt=341811,341811,341811,341811,341811,341811,341811,341811,341811,341811
BENCH family=mp logn=8 pi=10 dir=0 calls=100 old=2503111,2503111,2503111,2503111,2503111,2503111,2503111,2503111,2503111,2503111 opt=759411,759411,759411,759411,759411,759411,759411,759411,759411,759411
BENCH family=mp logn=8 pi=10 dir=1 calls=100 old=2866611,2866611,2866611,2866611,2866611,2866611,2866611,2866611,2866611,2866611 opt=735211,735211,735211,735211,735211,735211,735211,735211,735211,735211
BENCH family=mp logn=9 pi=10 dir=0 calls=100 old=5655912,5655911,5655911,5655911,5655911,5655911,5655911,5655911,5655911,5655911 opt=1709911,1709911,1709911,1709911,1709911,1709911,1709911,1709911,1709911,1709911
BENCH family=mp logn=9 pi=10 dir=1 calls=100 old=6458612,6458611,6458611,6458611,6458611,6458611,6458611,6458611,6458611,6458611 opt=1646711,1646711,1646711,1646711,1646711,1646711,1646711,1646711,1646711,1646711
BENCH family=mp logn=10 pi=10 dir=0 calls=100 old=12349811,12349811,12349811,12349811,12349811,12349811,12349811,12349811,12349811,12349812 opt=3696011,3696011,3696011,3696011,3696012,3696011,3696011,3696011,3696011,3696011
BENCH family=mp logn=10 pi=10 dir=1 calls=100 old=14134211,14134211,14134211,14134211,14134212,14134211,14134211,14134211,14134212,14134211 opt=3544111,3544111,3544111,3544111,3544111,3544111,3544111,3544111,3544111,3544111
BENCH family=mp logn=4 pi=11 dir=0 calls=100 old=89711,89711,89711,89711,89711,89711,89711,89711,89711,89711 opt=32411,32411,32411,32411,32411,32411,32411,32411,32411,32411
BENCH family=mp logn=4 pi=11 dir=1 calls=100 old=102611,102611,102611,102611,102611,102611,102611,102611,102611,102611 opt=35011,35011,35011,35011,35011,35011,35011,35011,35011,35011
BENCH family=mp logn=5 pi=11 dir=0 calls=100 old=212111,212111,212111,212111,212111,212111,212111,212111,212111,212111 opt=72611,72611,72611,72611,72611,72611,72611,72611,72611,72611
BENCH family=mp logn=5 pi=11 dir=1 calls=100 old=241811,241811,241811,241811,241811,241811,241811,241811,241811,241811 opt=74311,74311,74311,74311,74311,74311,74311,74311,74311,74311
BENCH family=mp logn=6 pi=11 dir=0 calls=100 old=485211,485211,485211,485211,485211,485211,485211,485211,485211,485211 opt=150211,150211,150211,150211,150211,150211,150211,150211,150211,150211
BENCH family=mp logn=6 pi=11 dir=1 calls=100 old=555811,555811,555811,555811,555811,555811,555811,555811,555811,555811 opt=152311,152311,152311,152311,152311,152311,152311,152311,152311,152311
BENCH family=mp logn=7 pi=11 dir=0 calls=100 old=1124411,1124411,1124411,1124411,1124411,1124411,1124411,1124411,1124411,1124411 opt=348511,348511,348511,348511,348511,348511,348512,348511,348511,348511
BENCH family=mp logn=7 pi=11 dir=1 calls=100 old=1283811,1283811,1283811,1283811,1283811,1283811,1283811,1283811,1283811,1283811 opt=341811,341811,341811,341811,341811,341811,341811,341811,341811,341811
BENCH family=mp logn=8 pi=11 dir=0 calls=100 old=2503111,2503111,2503111,2503111,2503111,2503111,2503111,2503111,2503111,2503111 opt=759411,759411,759411,759411,759411,759411,759411,759411,759411,759411
BENCH family=mp logn=8 pi=11 dir=1 calls=100 old=2866611,2866611,2866611,2866611,2866612,2866611,2866611,2866611,2866611,2866611 opt=735211,735211,735211,735211,735211,735211,735211,735211,735211,735211
BENCH family=mp logn=9 pi=11 dir=0 calls=100 old=5655911,5655911,5655911,5655911,5655911,5655911,5655911,5655912,5655911,5655911 opt=1709911,1709911,1709911,1709911,1709911,1709911,1709911,1709911,1709911,1709911
BENCH family=mp logn=9 pi=11 dir=1 calls=100 old=6458611,6458611,6458611,6458611,6458611,6458611,6458611,6458611,6458611,6458611 opt=1646711,1646711,1646711,1646711,1646711,1646711,1646711,1646712,1646711,1646711
BENCH family=mp logn=10 pi=11 dir=0 calls=100 old=12349811,12349811,12349811,12349812,12349811,12349811,12349811,12349811,12349812,12349811 opt=3696011,3696011,3696011,3696011,3696011,3696011,3696011,3696011,3696011,3696011
BENCH family=mp logn=10 pi=11 dir=1 calls=100 old=14134211,14134211,14134212,14134211,14134211,14134211,14134211,14134211,14134211,14134211 opt=3544111,3544111,3544111,3544111,3544111,3544111,3544111,3544112,3544111,3544111
BENCH family=mp logn=4 pi=12 dir=0 calls=100 old=89711,89711,89711,89711,89711,89711,89711,89711,89711,89711 opt=32411,32411,32411,32411,32411,32411,32411,32411,32411,32411
BENCH family=mp logn=4 pi=12 dir=1 calls=100 old=102611,102611,102611,102611,102611,102611,102611,102611,102611,102611 opt=35011,35011,35011,35011,35011,35011,35011,35011,35011,35011
BENCH family=mp logn=5 pi=12 dir=0 calls=100 old=212111,212111,212111,212111,212111,212111,212111,212111,212111,212111 opt=72611,72611,72611,72611,72611,72611,72611,72611,72611,72611
BENCH family=mp logn=5 pi=12 dir=1 calls=100 old=241811,241811,241811,241811,241811,241811,241811,241811,241811,241811 opt=74311,74311,74311,74311,74311,74311,74311,74311,74311,74311
BENCH family=mp logn=6 pi=12 dir=0 calls=100 old=485211,485211,485211,485211,485211,485211,485211,485211,485211,485211 opt=150211,150211,150211,150211,150211,150211,150211,150211,150211,150211
BENCH family=mp logn=6 pi=12 dir=1 calls=100 old=555811,555811,555811,555811,555811,555811,555811,555811,555811,555811 opt=152311,152311,152311,152311,152311,152311,152311,152311,152311,152311
BENCH family=mp logn=7 pi=12 dir=0 calls=100 old=1124411,1124411,1124411,1124411,1124411,1124411,1124411,1124411,1124411,1124411 opt=348511,348511,348511,348511,348511,348511,348511,348511,348511,348511
BENCH family=mp logn=7 pi=12 dir=1 calls=100 old=1283811,1283811,1283811,1283811,1283811,1283811,1283811,1283811,1283811,1283811 opt=341811,341811,341811,341811,341811,341811,341811,341811,341811,341811
BENCH family=mp logn=8 pi=12 dir=0 calls=100 old=2503111,2503111,2503111,2503111,2503111,2503111,2503111,2503111,2503112,2503111 opt=759411,759411,759411,759411,759411,759411,759411,759411,759411,759411
BENCH family=mp logn=8 pi=12 dir=1 calls=100 old=2866611,2866611,2866611,2866611,2866611,2866611,2866611,2866611,2866611,2866611 opt=735211,735211,735211,735211,735211,735211,735211,735211,735211,735211
BENCH family=mp logn=9 pi=12 dir=0 calls=100 old=5655911,5655911,5655911,5655911,5655912,5655911,5655911,5655911,5655911,5655911 opt=1709911,1709911,1709911,1709911,1709911,1709911,1709911,1709911,1709911,1709911
BENCH family=mp logn=9 pi=12 dir=1 calls=100 old=6458611,6458611,6458611,6458611,6458612,6458611,6458611,6458611,6458611,6458611 opt=1646711,1646711,1646711,1646711,1646711,1646711,1646711,1646711,1646711,1646711
BENCH family=mp logn=10 pi=12 dir=0 calls=100 old=12349811,12349812,12349811,12349811,12349811,12349811,12349811,12349811,12349811,12349811 opt=3696011,3696011,3696011,3696011,3696011,3696011,3696012,3696011,3696011,3696011
BENCH family=mp logn=10 pi=12 dir=1 calls=100 old=14134211,14134212,14134211,14134211,14134211,14134212,14134211,14134211,14134211,14134211 opt=3544111,3544111,3544111,3544111,3544111,3544111,3544111,3544111,3544111,3544111
BENCH family=mp logn=4 pi=13 dir=0 calls=100 old=89711,89711,89711,89711,89711,89711,89711,89711,89711,89711 opt=32411,32411,32411,32411,32411,32411,32411,32411,32411,32411
BENCH family=mp logn=4 pi=13 dir=1 calls=100 old=102611,102611,102611,102611,102611,102611,102611,102611,102611,102611 opt=35011,35011,35011,35011,35011,35011,35011,35011,35011,35011
BENCH family=mp logn=5 pi=13 dir=0 calls=100 old=212111,212111,212111,212111,212111,212111,212111,212111,212111,212111 opt=72611,72611,72611,72611,72611,72611,72611,72611,72611,72611
BENCH family=mp logn=5 pi=13 dir=1 calls=100 old=241811,241811,241811,241811,241811,241811,241811,241811,241811,241811 opt=74311,74311,74311,74311,74311,74311,74311,74311,74311,74311
BENCH family=mp logn=6 pi=13 dir=0 calls=100 old=485211,485211,485211,485211,485211,485211,485211,485211,485211,485211 opt=150211,150211,150211,150211,150211,150211,150211,150211,150211,150211
BENCH family=mp logn=6 pi=13 dir=1 calls=100 old=555811,555811,555811,555811,555811,555811,555811,555811,555811,555811 opt=152311,152311,152311,152311,152311,152311,152311,152311,152311,152311
BENCH family=mp logn=7 pi=13 dir=0 calls=100 old=1124411,1124411,1124411,1124411,1124411,1124411,1124411,1124411,1124411,1124411 opt=348511,348511,348511,348511,348511,348511,348511,348511,348511,348511
BENCH family=mp logn=7 pi=13 dir=1 calls=100 old=1283811,1283811,1283811,1283811,1283811,1283811,1283811,1283811,1283811,1283811 opt=341811,341811,341811,341811,341811,341811,341811,341811,341811,341811
BENCH family=mp logn=8 pi=13 dir=0 calls=100 old=2503111,2503112,2503111,2503111,2503111,2503111,2503111,2503111,2503111,2503111 opt=759411,759411,759411,759411,759411,759411,759411,759411,759411,759411
BENCH family=mp logn=8 pi=13 dir=1 calls=100 old=2866611,2866611,2866611,2866611,2866611,2866611,2866611,2866611,2866611,2866611 opt=735211,735211,735211,735211,735211,735211,735211,735211,735211,735211
BENCH family=mp logn=9 pi=13 dir=0 calls=100 old=5655911,5655911,5655911,5655911,5655911,5655911,5655911,5655911,5655911,5655911 opt=1709911,1709912,1709911,1709911,1709911,1709911,1709911,1709911,1709911,1709911
BENCH family=mp logn=9 pi=13 dir=1 calls=100 old=6458611,6458612,6458611,6458611,6458611,6458611,6458611,6458611,6458611,6458611 opt=1646711,1646711,1646711,1646711,1646711,1646711,1646711,1646711,1646711,1646711
BENCH family=mp logn=10 pi=13 dir=0 calls=100 old=12349812,12349811,12349811,12349811,12349811,12349811,12349811,12349811,12349811,12349811 opt=3696011,3696011,3696011,3696011,3696011,3696012,3696011,3696011,3696011,3696011
BENCH family=mp logn=10 pi=13 dir=1 calls=100 old=14134211,14134211,14134211,14134211,14134212,14134211,14134211,14134211,14134211,14134211 opt=3544111,3544111,3544111,3544111,3544111,3544111,3544111,3544111,3544112,3544111
BENCH family=mp logn=4 pi=14 dir=0 calls=100 old=89711,89711,89711,89711,89711,89711,89711,89711,89711,89711 opt=32411,32411,32411,32411,32411,32411,32411,32411,32411,32411
BENCH family=mp logn=4 pi=14 dir=1 calls=100 old=102611,102611,102611,102611,102611,102611,102611,102611,102611,102611 opt=35011,35011,35011,35011,35011,35011,35011,35011,35011,35011
BENCH family=mp logn=5 pi=14 dir=0 calls=100 old=212111,212111,212111,212111,212111,212111,212111,212111,212111,212111 opt=72611,72611,72611,72611,72611,72611,72611,72611,72611,72611
BENCH family=mp logn=5 pi=14 dir=1 calls=100 old=241811,241811,241811,241811,241811,241811,241811,241811,241811,241811 opt=74311,74311,74311,74311,74311,74311,74311,74311,74311,74311
BENCH family=mp logn=6 pi=14 dir=0 calls=100 old=485211,485211,485211,485211,485211,485211,485211,485211,485211,485211 opt=150211,150211,150211,150211,150211,150211,150211,150211,150211,150211
BENCH family=mp logn=6 pi=14 dir=1 calls=100 old=555811,555811,555811,555811,555811,555811,555811,555811,555811,555811 opt=152311,152311,152311,152311,152311,152311,152311,152311,152311,152311
BENCH family=mp logn=7 pi=14 dir=0 calls=100 old=1124411,1124411,1124411,1124411,1124411,1124411,1124411,1124411,1124411,1124411 opt=348511,348511,348511,348511,348511,348511,348511,348511,348511,348511
BENCH family=mp logn=7 pi=14 dir=1 calls=100 old=1283811,1283811,1283811,1283811,1283811,1283811,1283811,1283811,1283811,1283811 opt=341811,341811,341811,341811,341811,341811,341811,341811,341811,341811
BENCH family=mp logn=8 pi=14 dir=0 calls=100 old=2503111,2503111,2503111,2503111,2503111,2503111,2503111,2503111,2503111,2503111 opt=759411,759411,759411,759411,759411,759411,759411,759411,759411,759411
BENCH family=mp logn=8 pi=14 dir=1 calls=100 old=2866611,2866611,2866611,2866611,2866611,2866611,2866612,2866611,2866611,2866611 opt=735211,735211,735211,735211,735211,735211,735211,735211,735211,735211
BENCH family=mp logn=9 pi=14 dir=0 calls=100 old=5655911,5655911,5655911,5655911,5655911,5655911,5655911,5655911,5655912,5655911 opt=1709911,1709911,1709911,1709911,1709911,1709911,1709911,1709911,1709911,1709911
BENCH family=mp logn=9 pi=14 dir=1 calls=100 old=6458611,6458611,6458611,6458611,6458611,6458611,6458611,6458611,6458612,6458611 opt=1646711,1646711,1646711,1646711,1646711,1646711,1646711,1646711,1646711,1646711
BENCH family=mp logn=10 pi=14 dir=0 calls=100 old=12349811,12349811,12349811,12349812,12349811,12349811,12349811,12349811,12349812,12349811 opt=3696011,3696011,3696011,3696011,3696011,3696011,3696011,3696011,3696011,3696011
BENCH family=mp logn=10 pi=14 dir=1 calls=100 old=14134211,14134211,14134211,14134211,14134211,14134211,14134211,14134212,14134211,14134211 opt=3544111,3544111,3544111,3544112,3544111,3544111,3544111,3544111,3544111,3544111
BENCH family=mp logn=4 pi=15 dir=0 calls=100 old=89711,89711,89711,89711,89711,89711,89711,89711,89711,89711 opt=32411,32411,32411,32411,32411,32411,32411,32411,32411,32411
BENCH family=mp logn=4 pi=15 dir=1 calls=100 old=102611,102611,102611,102611,102611,102611,102611,102611,102611,102611 opt=35011,35011,35011,35011,35011,35011,35011,35011,35011,35011
BENCH family=mp logn=5 pi=15 dir=0 calls=100 old=212111,212111,212111,212111,212111,212111,212111,212111,212111,212111 opt=72611,72611,72611,72611,72611,72611,72611,72611,72611,72611
BENCH family=mp logn=5 pi=15 dir=1 calls=100 old=241811,241811,241811,241811,241811,241811,241811,241811,241811,241811 opt=74311,74311,74311,74311,74311,74311,74311,74311,74311,74311
BENCH family=mp logn=6 pi=15 dir=0 calls=100 old=485211,485211,485211,485211,485211,485211,485211,485211,485211,485211 opt=150211,150211,150211,150211,150211,150211,150211,150211,150211,150211
BENCH family=mp logn=6 pi=15 dir=1 calls=100 old=555811,555811,555811,555811,555811,555812,555811,555811,555811,555811 opt=152311,152311,152311,152311,152311,152311,152311,152311,152311,152311
BENCH family=mp logn=7 pi=15 dir=0 calls=100 old=1124411,1124411,1124411,1124411,1124411,1124411,1124411,1124411,1124411,1124411 opt=348511,348511,348511,348511,348511,348511,348511,348511,348511,348511
BENCH family=mp logn=7 pi=15 dir=1 calls=100 old=1283811,1283811,1283811,1283811,1283811,1283811,1283811,1283811,1283811,1283811 opt=341811,341811,341811,341811,341811,341811,341811,341811,341811,341811
BENCH family=mp logn=8 pi=15 dir=0 calls=100 old=2503111,2503111,2503111,2503111,2503111,2503111,2503111,2503111,2503111,2503111 opt=759411,759411,759411,759411,759411,759411,759411,759411,759411,759411
BENCH family=mp logn=8 pi=15 dir=1 calls=100 old=2866611,2866611,2866611,2866611,2866611,2866611,2866611,2866611,2866611,2866611 opt=735211,735211,735211,735211,735211,735211,735211,735211,735211,735211
BENCH family=mp logn=9 pi=15 dir=0 calls=100 old=5655911,5655911,5655911,5655911,5655911,5655911,5655911,5655911,5655911,5655911 opt=1709911,1709911,1709911,1709911,1709911,1709912,1709911,1709911,1709911,1709911
BENCH family=mp logn=9 pi=15 dir=1 calls=100 old=6458611,6458611,6458611,6458611,6458611,6458611,6458611,6458611,6458611,6458611 opt=1646711,1646711,1646711,1646711,1646711,1646712,1646711,1646711,1646711,1646711
BENCH family=mp logn=10 pi=15 dir=0 calls=100 old=12349811,12349811,12349812,12349811,12349811,12349811,12349811,12349811,12349811,12349811 opt=3696011,3696011,3696011,3696011,3696011,3696011,3696011,3696012,3696011,3696011
BENCH family=mp logn=10 pi=15 dir=1 calls=100 old=14134211,14134212,14134211,14134211,14134211,14134211,14134212,14134211,14134211,14134211 opt=3544111,3544111,3544111,3544111,3544111,3544111,3544111,3544111,3544111,3544111
BENCH family=mp logn=4 pi=16 dir=0 calls=100 old=89711,89711,89711,89711,89711,89711,89711,89711,89711,89711 opt=32411,32411,32411,32411,32411,32411,32411,32411,32411,32411
BENCH family=mp logn=4 pi=16 dir=1 calls=100 old=102611,102611,102611,102611,102611,102611,102611,102611,102611,102611 opt=35011,35011,35011,35011,35011,35011,35011,35011,35011,35011
BENCH family=mp logn=5 pi=16 dir=0 calls=100 old=212111,212111,212111,212112,212111,212111,212111,212111,212111,212111 opt=72611,72611,72611,72611,72611,72611,72611,72611,72611,72611
BENCH family=mp logn=5 pi=16 dir=1 calls=100 old=241811,241811,241811,241811,241811,241811,241811,241811,241811,241811 opt=74311,74311,74311,74311,74311,74311,74311,74311,74311,74311
BENCH family=mp logn=6 pi=16 dir=0 calls=100 old=485211,485211,485211,485211,485211,485211,485211,485211,485211,485211 opt=150211,150211,150211,150211,150211,150211,150211,150211,150211,150211
BENCH family=mp logn=6 pi=16 dir=1 calls=100 old=555811,555811,555811,555811,555811,555811,555811,555811,555811,555811 opt=152311,152311,152311,152311,152311,152311,152311,152311,152311,152311
BENCH family=mp logn=7 pi=16 dir=0 calls=100 old=1124411,1124411,1124411,1124411,1124411,1124411,1124411,1124411,1124411,1124411 opt=348511,348511,348511,348511,348511,348511,348511,348511,348511,348511
BENCH family=mp logn=7 pi=16 dir=1 calls=100 old=1283811,1283811,1283811,1283811,1283811,1283811,1283811,1283811,1283811,1283811 opt=341811,341811,341811,341811,341811,341811,341811,341811,341811,341811
BENCH family=mp logn=8 pi=16 dir=0 calls=100 old=2503111,2503111,2503111,2503111,2503111,2503111,2503111,2503111,2503111,2503111 opt=759411,759411,759411,759412,759411,759411,759411,759411,759411,759411
BENCH family=mp logn=8 pi=16 dir=1 calls=100 old=2866611,2866611,2866611,2866611,2866611,2866611,2866611,2866611,2866611,2866611 opt=735211,735211,735211,735211,735211,735211,735211,735211,735211,735211
BENCH family=mp logn=9 pi=16 dir=0 calls=100 old=5655911,5655912,5655911,5655911,5655911,5655911,5655911,5655911,5655911,5655911 opt=1709911,1709911,1709911,1709911,1709911,1709911,1709911,1709911,1709911,1709911
BENCH family=mp logn=9 pi=16 dir=1 calls=100 old=6458611,6458612,6458611,6458611,6458611,6458611,6458611,6458611,6458611,6458611 opt=1646711,1646711,1646711,1646711,1646711,1646711,1646711,1646711,1646711,1646711
BENCH family=mp logn=10 pi=16 dir=0 calls=100 old=12349812,12349811,12349811,12349811,12349811,12349812,12349811,12349811,12349811,12349811 opt=3696011,3696011,3696011,3696011,3696011,3696011,3696011,3696011,3696011,3696011
BENCH family=mp logn=10 pi=16 dir=1 calls=100 old=14134212,14134211,14134211,14134211,14134212,14134211,14134211,14134211,14134211,14134212 opt=3544111,3544111,3544111,3544111,3544111,3544111,3544111,3544111,3544111,3544111
BENCH family=mp logn=4 pi=17 dir=0 calls=100 old=89711,89711,89711,89711,89711,89711,89711,89711,89711,89711 opt=32411,32411,32411,32411,32411,32411,32411,32411,32411,32411
BENCH family=mp logn=4 pi=17 dir=1 calls=100 old=102611,102611,102611,102611,102611,102611,102611,102611,102611,102611 opt=35011,35011,35011,35011,35011,35011,35011,35011,35011,35011
BENCH family=mp logn=5 pi=17 dir=0 calls=100 old=212111,212111,212111,212111,212111,212111,212111,212111,212111,212111 opt=72611,72611,72611,72611,72611,72611,72611,72611,72611,72611
BENCH family=mp logn=5 pi=17 dir=1 calls=100 old=241811,241811,241811,241811,241811,241811,241811,241811,241811,241811 opt=74311,74311,74311,74311,74311,74311,74311,74311,74311,74311
BENCH family=mp logn=6 pi=17 dir=0 calls=100 old=485211,485211,485211,485211,485211,485211,485211,485211,485211,485211 opt=150211,150211,150211,150211,150211,150211,150211,150211,150211,150211
BENCH family=mp logn=6 pi=17 dir=1 calls=100 old=555811,555811,555811,555811,555811,555811,555811,555811,555811,555811 opt=152311,152311,152311,152311,152311,152311,152311,152311,152311,152311
BENCH family=mp logn=7 pi=17 dir=0 calls=100 old=1124411,1124411,1124411,1124411,1124411,1124411,1124411,1124411,1124411,1124411 opt=348511,348511,348511,348511,348511,348511,348511,348511,348511,348511
BENCH family=mp logn=7 pi=17 dir=1 calls=100 old=1283811,1283811,1283812,1283811,1283811,1283811,1283811,1283811,1283811,1283811 opt=341811,341811,341811,341811,341811,341811,341811,341811,341811,341811
BENCH family=mp logn=8 pi=17 dir=0 calls=100 old=2503111,2503111,2503111,2503111,2503111,2503111,2503111,2503111,2503111,2503111 opt=759411,759411,759411,759411,759411,759411,759411,759411,759411,759411
BENCH family=mp logn=8 pi=17 dir=1 calls=100 old=2866611,2866611,2866611,2866611,2866611,2866611,2866611,2866612,2866611,2866611 opt=735211,735211,735211,735211,735211,735211,735211,735211,735211,735211
BENCH family=mp logn=9 pi=17 dir=0 calls=100 old=5655911,5655911,5655911,5655911,5655911,5655911,5655911,5655911,5655911,5655911 opt=1709911,1709911,1709911,1709911,1709911,1709911,1709911,1709911,1709911,1709912
BENCH family=mp logn=9 pi=17 dir=1 calls=100 old=6458611,6458611,6458611,6458611,6458611,6458611,6458611,6458611,6458612,6458611 opt=1646711,1646711,1646711,1646711,1646711,1646711,1646711,1646711,1646711,1646711
BENCH family=mp logn=10 pi=17 dir=0 calls=100 old=12349811,12349811,12349811,12349812,12349811,12349811,12349811,12349811,12349811,12349811 opt=3696011,3696011,3696011,3696011,3696011,3696011,3696011,3696011,3696012,3696011
BENCH family=mp logn=10 pi=17 dir=1 calls=100 old=14134211,14134211,14134211,14134212,14134211,14134211,14134211,14134212,14134211,14134211 opt=3544111,3544111,3544111,3544111,3544111,3544111,3544111,3544111,3544111,3544111
BENCH family=mp logn=4 pi=18 dir=0 calls=100 old=89711,89711,89711,89711,89711,89711,89711,89711,89711,89711 opt=32411,32411,32411,32411,32411,32411,32411,32411,32411,32411
BENCH family=mp logn=4 pi=18 dir=1 calls=100 old=102611,102611,102611,102611,102611,102611,102611,102611,102611,102611 opt=35011,35011,35011,35011,35011,35011,35011,35011,35011,35011
BENCH family=mp logn=5 pi=18 dir=0 calls=100 old=212111,212111,212111,212111,212111,212111,212111,212111,212111,212111 opt=72611,72611,72611,72611,72611,72611,72611,72611,72611,72611
BENCH family=mp logn=5 pi=18 dir=1 calls=100 old=241811,241811,241811,241811,241811,241811,241811,241811,241811,241811 opt=74311,74311,74311,74311,74311,74311,74311,74311,74311,74311
BENCH family=mp logn=6 pi=18 dir=0 calls=100 old=485211,485211,485211,485211,485211,485211,485211,485211,485211,485211 opt=150211,150211,150211,150211,150211,150211,150211,150211,150211,150211
BENCH family=mp logn=6 pi=18 dir=1 calls=100 old=555811,555811,555811,555811,555811,555811,555811,555811,555812,555811 opt=152311,152311,152311,152311,152311,152311,152311,152311,152311,152311
BENCH family=mp logn=7 pi=18 dir=0 calls=100 old=1124411,1124411,1124411,1124411,1124411,1124411,1124411,1124411,1124411,1124411 opt=348511,348511,348511,348511,348511,348511,348511,348511,348511,348511
BENCH family=mp logn=7 pi=18 dir=1 calls=100 old=1283811,1283811,1283811,1283811,1283811,1283811,1283811,1283811,1283811,1283811 opt=341811,341811,341811,341811,341811,341811,341811,341811,341811,341811
BENCH family=mp logn=8 pi=18 dir=0 calls=100 old=2503111,2503111,2503111,2503111,2503111,2503111,2503111,2503111,2503111,2503111 opt=759411,759411,759411,759411,759411,759411,759411,759411,759411,759411
BENCH family=mp logn=8 pi=18 dir=1 calls=100 old=2866612,2866611,2866611,2866611,2866611,2866611,2866611,2866611,2866611,2866611 opt=735211,735211,735211,735211,735211,735211,735211,735211,735211,735211
BENCH family=mp logn=9 pi=18 dir=0 calls=100 old=5655911,5655911,5655911,5655911,5655911,5655912,5655911,5655911,5655911,5655911 opt=1709911,1709911,1709911,1709911,1709911,1709911,1709911,1709911,1709911,1709911
BENCH family=mp logn=9 pi=18 dir=1 calls=100 old=6458611,6458611,6458611,6458611,6458611,6458612,6458611,6458611,6458611,6458611 opt=1646711,1646711,1646711,1646711,1646711,1646711,1646711,1646711,1646711,1646711
BENCH family=mp logn=10 pi=18 dir=0 calls=100 old=12349811,12349811,12349812,12349811,12349811,12349811,12349811,12349812,12349811,12349811 opt=3696011,3696011,3696011,3696011,3696011,3696011,3696011,3696011,3696011,3696011
BENCH family=mp logn=10 pi=18 dir=1 calls=100 old=14134211,14134212,14134211,14134211,14134211,14134211,14134212,14134211,14134211,14134211 opt=3544111,3544111,3544111,3544111,3544111,3544111,3544111,3544111,3544111,3544111
BENCH family=mp logn=4 pi=19 dir=0 calls=100 old=89711,89711,89711,89711,89711,89711,89711,89711,89711,89711 opt=32411,32411,32411,32411,32411,32411,32411,32411,32411,32411
BENCH family=mp logn=4 pi=19 dir=1 calls=100 old=102611,102611,102611,102611,102611,102611,102611,102611,102611,102611 opt=35011,35011,35011,35011,35011,35011,35011,35011,35011,35011
BENCH family=mp logn=5 pi=19 dir=0 calls=100 old=212111,212111,212111,212111,212111,212111,212111,212111,212111,212111 opt=72611,72611,72611,72611,72611,72611,72611,72611,72611,72611
BENCH family=mp logn=5 pi=19 dir=1 calls=100 old=241811,241811,241811,241811,241811,241811,241811,241811,241811,241811 opt=74311,74311,74311,74311,74311,74311,74311,74311,74311,74311
BENCH family=mp logn=6 pi=19 dir=0 calls=100 old=485211,485211,485211,485211,485211,485211,485211,485211,485211,485211 opt=150211,150211,150211,150211,150211,150211,150211,150211,150211,150211
BENCH family=mp logn=6 pi=19 dir=1 calls=100 old=555811,555811,555811,555811,555811,555811,555811,555811,555811,555811 opt=152311,152311,152311,152311,152311,152311,152311,152311,152311,152311
BENCH family=mp logn=7 pi=19 dir=0 calls=100 old=1124411,1124411,1124411,1124411,1124411,1124411,1124411,1124411,1124411,1124411 opt=348511,348511,348511,348511,348511,348511,348511,348511,348511,348511
BENCH family=mp logn=7 pi=19 dir=1 calls=100 old=1283811,1283811,1283811,1283811,1283811,1283811,1283811,1283811,1283811,1283811 opt=341811,341811,341811,341811,341811,341811,341811,341811,341811,341811
BENCH family=mp logn=8 pi=19 dir=0 calls=100 old=2503111,2503111,2503111,2503112,2503111,2503111,2503111,2503111,2503111,2503111 opt=759411,759411,759411,759411,759411,759411,759411,759411,759411,759411
BENCH family=mp logn=8 pi=19 dir=1 calls=100 old=2866611,2866611,2866611,2866611,2866611,2866611,2866611,2866611,2866611,2866611 opt=735211,735211,735211,735211,735211,735211,735211,735211,735211,735211
BENCH family=mp logn=9 pi=19 dir=0 calls=100 old=5655911,5655912,5655911,5655911,5655911,5655911,5655911,5655911,5655911,5655911 opt=1709911,1709911,1709911,1709911,1709911,1709911,1709911,1709911,1709911,1709911
BENCH family=mp logn=9 pi=19 dir=1 calls=100 old=6458611,6458611,6458612,6458611,6458611,6458611,6458611,6458611,6458611,6458611 opt=1646711,1646711,1646711,1646711,1646711,1646711,1646711,1646711,1646711,1646711
BENCH family=mp logn=10 pi=19 dir=0 calls=100 old=12349812,12349811,12349811,12349811,12349811,12349812,12349811,12349811,12349811,12349811 opt=3696011,3696011,3696011,3696011,3696011,3696011,3696011,3696011,3696011,3696011
BENCH family=mp logn=10 pi=19 dir=1 calls=100 old=14134212,14134211,14134211,14134211,14134211,14134211,14134211,14134211,14134211,14134212 opt=3544111,3544111,3544111,3544111,3544112,3544111,3544111,3544111,3544111,3544111
BENCH family=mp logn=4 pi=20 dir=0 calls=100 old=89711,89711,89711,89711,89711,89711,89711,89711,89711,89711 opt=32411,32411,32411,32411,32411,32411,32411,32411,32411,32411
BENCH family=mp logn=4 pi=20 dir=1 calls=100 old=102611,102611,102611,102611,102611,102611,102611,102611,102611,102611 opt=35011,35011,35011,35011,35011,35011,35011,35011,35011,35011
BENCH family=mp logn=5 pi=20 dir=0 calls=100 old=212111,212111,212111,212111,212111,212111,212111,212111,212111,212111 opt=72611,72611,72611,72611,72611,72611,72611,72611,72611,72611
BENCH family=mp logn=5 pi=20 dir=1 calls=100 old=241811,241811,241811,241811,241811,241811,241811,241811,241811,241811 opt=74311,74311,74311,74311,74311,74311,74311,74311,74311,74311
BENCH family=mp logn=6 pi=20 dir=0 calls=100 old=485211,485211,485211,485211,485211,485211,485211,485211,485211,485211 opt=150211,150211,150211,150211,150211,150211,150211,150211,150211,150211
BENCH family=mp logn=6 pi=20 dir=1 calls=100 old=555811,555811,555811,555811,555811,555811,555811,555811,555811,555811 opt=152311,152311,152311,152311,152311,152311,152311,152311,152311,152311
BENCH family=mp logn=7 pi=20 dir=0 calls=100 old=1124411,1124411,1124411,1124411,1124411,1124411,1124411,1124411,1124411,1124411 opt=348511,348511,348511,348511,348511,348511,348511,348511,348511,348511
BENCH family=mp logn=7 pi=20 dir=1 calls=100 old=1283811,1283811,1283811,1283812,1283811,1283811,1283811,1283811,1283811,1283811 opt=341811,341811,341811,341811,341811,341811,341811,341811,341811,341811
BENCH family=mp logn=8 pi=20 dir=0 calls=100 old=2503111,2503111,2503111,2503111,2503111,2503111,2503111,2503111,2503111,2503111 opt=759411,759411,759411,759411,759411,759411,759411,759411,759411,759411
BENCH family=mp logn=8 pi=20 dir=1 calls=100 old=2866611,2866611,2866611,2866611,2866611,2866611,2866611,2866611,2866612,2866611 opt=735211,735211,735211,735211,735211,735211,735211,735211,735211,735211
BENCH family=mp logn=9 pi=20 dir=0 calls=100 old=5655911,5655911,5655911,5655911,5655911,5655911,5655911,5655911,5655911,5655912 opt=1709911,1709911,1709911,1709911,1709911,1709911,1709911,1709911,1709911,1709911
BENCH family=mp logn=9 pi=20 dir=1 calls=100 old=6458611,6458611,6458611,6458611,6458611,6458611,6458611,6458611,6458611,6458611 opt=1646711,1646711,1646711,1646711,1646711,1646711,1646711,1646711,1646712,1646711
BENCH family=mp logn=10 pi=20 dir=0 calls=100 old=12349811,12349811,12349811,12349811,12349812,12349811,12349811,12349811,12349811,12349811 opt=3696011,3696011,3696011,3696011,3696011,3696011,3696011,3696011,3696011,3696012
BENCH family=mp logn=10 pi=20 dir=1 calls=100 old=14134211,14134211,14134211,14134212,14134211,14134211,14134211,14134212,14134211,14134211 opt=3544111,3544111,3544111,3544111,3544111,3544111,3544111,3544111,3544111,3544111
BENCH family=mp logn=4 pi=21 dir=0 calls=100 old=89711,89711,89711,89711,89711,89711,89711,89711,89711,89711 opt=32411,32411,32411,32411,32411,32411,32411,32411,32411,32411
BENCH family=mp logn=4 pi=21 dir=1 calls=100 old=102611,102611,102611,102611,102611,102611,102611,102611,102611,102611 opt=35011,35011,35011,35011,35011,35011,35011,35011,35011,35011
BENCH family=mp logn=5 pi=21 dir=0 calls=100 old=212111,212111,212111,212111,212111,212111,212111,212111,212111,212111 opt=72611,72611,72611,72611,72611,72611,72611,72611,72611,72611
BENCH family=mp logn=5 pi=21 dir=1 calls=100 old=241811,241811,241811,241811,241811,241811,241811,241811,241811,241811 opt=74311,74311,74311,74311,74311,74311,74311,74311,74311,74311
BENCH family=mp logn=6 pi=21 dir=0 calls=100 old=485211,485211,485211,485211,485211,485211,485211,485211,485211,485211 opt=150211,150211,150211,150211,150211,150211,150211,150211,150211,150211
BENCH family=mp logn=6 pi=21 dir=1 calls=100 old=555811,555811,555811,555811,555811,555811,555811,555811,555811,555811 opt=152311,152311,152311,152311,152311,152311,152311,152311,152311,152311
BENCH family=mp logn=7 pi=21 dir=0 calls=100 old=1124411,1124411,1124411,1124411,1124411,1124411,1124411,1124411,1124411,1124411 opt=348511,348511,348511,348511,348511,348511,348511,348511,348511,348511
BENCH family=mp logn=7 pi=21 dir=1 calls=100 old=1283811,1283811,1283811,1283811,1283811,1283811,1283811,1283811,1283811,1283811 opt=341811,341811,341811,341811,341811,341811,341811,341811,341811,341811
BENCH family=mp logn=8 pi=21 dir=0 calls=100 old=2503111,2503111,2503111,2503111,2503111,2503111,2503111,2503111,2503111,2503111 opt=759411,759411,759411,759411,759411,759411,759411,759411,759411,759411
BENCH family=mp logn=8 pi=21 dir=1 calls=100 old=2866611,2866611,2866611,2866611,2866611,2866611,2866611,2866611,2866611,2866611 opt=735211,735212,735211,735211,735211,735211,735211,735211,735211,735211
BENCH family=mp logn=9 pi=21 dir=0 calls=100 old=5655911,5655911,5655911,5655911,5655911,5655912,5655911,5655911,5655911,5655911 opt=1709911,1709911,1709911,1709911,1709911,1709911,1709911,1709911,1709911,1709911
BENCH family=mp logn=9 pi=21 dir=1 calls=100 old=6458611,6458611,6458611,6458611,6458611,6458612,6458611,6458611,6458611,6458611 opt=1646711,1646711,1646711,1646711,1646711,1646711,1646711,1646711,1646711,1646711
BENCH family=mp logn=10 pi=21 dir=0 calls=100 old=12349811,12349811,12349812,12349811,12349811,12349811,12349811,12349812,12349811,12349811 opt=3696011,3696011,3696011,3696011,3696011,3696011,3696011,3696011,3696011,3696011
BENCH family=mp logn=10 pi=21 dir=1 calls=100 old=14134211,14134212,14134211,14134211,14134211,14134211,14134212,14134211,14134211,14134211 opt=3544111,3544111,3544111,3544111,3544111,3544111,3544111,3544111,3544111,3544111
BENCH family=mp logn=4 pi=22 dir=0 calls=100 old=89711,89711,89711,89711,89711,89711,89711,89711,89711,89711 opt=32411,32411,32411,32411,32411,32411,32411,32411,32411,32411
BENCH family=mp logn=4 pi=22 dir=1 calls=100 old=102611,102611,102611,102611,102611,102611,102611,102611,102611,102611 opt=35011,35011,35011,35011,35011,35011,35011,35011,35011,35011
BENCH family=mp logn=5 pi=22 dir=0 calls=100 old=212111,212111,212111,212111,212111,212111,212111,212111,212111,212111 opt=72611,72611,72611,72611,72611,72611,72611,72611,72611,72611
BENCH family=mp logn=5 pi=22 dir=1 calls=100 old=241811,241811,241811,241811,241811,241811,241811,241811,241811,241811 opt=74311,74311,74311,74311,74311,74311,74311,74311,74311,74311
BENCH family=mp logn=6 pi=22 dir=0 calls=100 old=485211,485211,485211,485211,485211,485211,485211,485211,485211,485211 opt=150211,150211,150211,150211,150211,150211,150211,150211,150211,150211
BENCH family=mp logn=6 pi=22 dir=1 calls=100 old=555811,555811,555811,555811,555811,555811,555811,555811,555811,555811 opt=152311,152311,152311,152311,152311,152311,152311,152311,152311,152311
BENCH family=mp logn=7 pi=22 dir=0 calls=100 old=1124411,1124411,1124411,1124411,1124411,1124411,1124411,1124411,1124411,1124411 opt=348511,348511,348511,348511,348511,348511,348511,348511,348511,348511
BENCH family=mp logn=7 pi=22 dir=1 calls=100 old=1283811,1283811,1283811,1283811,1283811,1283811,1283811,1283811,1283811,1283811 opt=341811,341811,341811,341811,341811,341811,341811,341811,341811,341811
BENCH family=mp logn=8 pi=22 dir=0 calls=100 old=2503111,2503111,2503111,2503111,2503112,2503111,2503111,2503111,2503111,2503111 opt=759411,759411,759411,759411,759411,759411,759411,759411,759411,759411
BENCH family=mp logn=8 pi=22 dir=1 calls=100 old=2866611,2866611,2866611,2866611,2866611,2866611,2866611,2866611,2866611,2866611 opt=735211,735211,735211,735211,735211,735211,735211,735211,735211,735211
BENCH family=mp logn=9 pi=22 dir=0 calls=100 old=5655911,5655911,5655912,5655911,5655911,5655911,5655911,5655911,5655911,5655911 opt=1709911,1709911,1709911,1709911,1709911,1709911,1709911,1709911,1709911,1709911
BENCH family=mp logn=9 pi=22 dir=1 calls=100 old=6458611,6458611,6458612,6458611,6458611,6458611,6458611,6458611,6458611,6458611 opt=1646711,1646711,1646711,1646711,1646711,1646711,1646711,1646711,1646711,1646711
BENCH family=mp logn=10 pi=22 dir=0 calls=100 old=12349811,12349811,12349811,12349811,12349811,12349812,12349811,12349811,12349811,12349811 opt=3696012,3696011,3696011,3696011,3696011,3696011,3696011,3696011,3696011,3696011
BENCH family=mp logn=10 pi=22 dir=1 calls=100 old=14134212,14134211,14134211,14134211,14134211,14134211,14134211,14134211,14134211,14134212 opt=3544111,3544111,3544111,3544111,3544112,3544111,3544111,3544111,3544111,3544111
BENCH family=mp logn=4 pi=23 dir=0 calls=100 old=89711,89711,89711,89711,89711,89711,89711,89711,89711,89711 opt=32411,32411,32411,32411,32411,32411,32411,32411,32411,32411
BENCH family=mp logn=4 pi=23 dir=1 calls=100 old=102611,102611,102611,102611,102611,102611,102611,102611,102611,102611 opt=35011,35011,35011,35011,35011,35011,35011,35011,35011,35011
BENCH family=mp logn=5 pi=23 dir=0 calls=100 old=212111,212111,212111,212111,212111,212111,212111,212111,212111,212111 opt=72611,72611,72611,72611,72611,72611,72611,72611,72611,72611
BENCH family=mp logn=5 pi=23 dir=1 calls=100 old=241811,241811,241811,241811,241811,241811,241811,241811,241811,241811 opt=74311,74311,74311,74311,74311,74311,74311,74311,74311,74311
BENCH family=mp logn=6 pi=23 dir=0 calls=100 old=485211,485211,485211,485211,485211,485211,485211,485211,485211,485211 opt=150211,150211,150211,150211,150211,150211,150211,150211,150211,150211
BENCH family=mp logn=6 pi=23 dir=1 calls=100 old=555811,555811,555811,555811,555811,555811,555811,555811,555811,555811 opt=152311,152311,152311,152311,152311,152311,152311,152311,152311,152311
BENCH family=mp logn=7 pi=23 dir=0 calls=100 old=1124411,1124411,1124411,1124411,1124411,1124411,1124411,1124411,1124411,1124411 opt=348511,348511,348511,348511,348511,348511,348511,348511,348511,348511
BENCH family=mp logn=7 pi=23 dir=1 calls=100 old=1283811,1283811,1283811,1283811,1283811,1283811,1283811,1283811,1283811,1283811 opt=341811,341811,341811,341811,341812,341811,341811,341811,341811,341811
BENCH family=mp logn=8 pi=23 dir=0 calls=100 old=2503111,2503111,2503111,2503111,2503111,2503111,2503111,2503111,2503111,2503111 opt=759411,759411,759411,759411,759411,759411,759411,759411,759411,759411
BENCH family=mp logn=8 pi=23 dir=1 calls=100 old=2866611,2866611,2866611,2866611,2866611,2866611,2866611,2866611,2866612,2866611 opt=735211,735211,735211,735211,735211,735211,735211,735211,735211,735211
BENCH family=mp logn=9 pi=23 dir=0 calls=100 old=5655911,5655911,5655911,5655911,5655911,5655911,5655911,5655911,5655911,5655912 opt=1709911,1709911,1709911,1709911,1709911,1709911,1709911,1709911,1709911,1709911
BENCH family=mp logn=9 pi=23 dir=1 calls=100 old=6458611,6458611,6458611,6458611,6458611,6458611,6458611,6458611,6458611,6458611 opt=1646711,1646711,1646711,1646711,1646711,1646711,1646711,1646711,1646711,1646712
BENCH family=mp logn=10 pi=23 dir=0 calls=100 old=12349811,12349811,12349811,12349811,12349812,12349811,12349811,12349811,12349811,12349811 opt=3696011,3696011,3696011,3696011,3696011,3696011,3696011,3696011,3696011,3696012
BENCH family=mp logn=10 pi=23 dir=1 calls=100 old=14134211,14134211,14134211,14134212,14134211,14134211,14134211,14134212,14134211,14134211 opt=3544111,3544111,3544111,3544111,3544111,3544111,3544111,3544111,3544111,3544111
BENCH family=mp logn=4 pi=24 dir=0 calls=100 old=89711,89711,89711,89711,89711,89711,89711,89711,89711,89711 opt=32411,32411,32411,32411,32411,32411,32411,32411,32411,32411
BENCH family=mp logn=4 pi=24 dir=1 calls=100 old=102611,102611,102611,102611,102611,102611,102611,102611,102611,102611 opt=35011,35011,35011,35011,35011,35011,35011,35011,35011,35011
BENCH family=mp logn=5 pi=24 dir=0 calls=100 old=212111,212111,212111,212111,212111,212111,212111,212111,212111,212111 opt=72611,72611,72611,72611,72611,72611,72611,72611,72611,72611
BENCH family=mp logn=5 pi=24 dir=1 calls=100 old=241811,241811,241811,241811,241811,241811,241811,241811,241811,241811 opt=74311,74311,74311,74311,74311,74311,74311,74311,74311,74311
BENCH family=mp logn=6 pi=24 dir=0 calls=100 old=485211,485211,485211,485211,485211,485211,485211,485211,485211,485211 opt=150211,150211,150211,150211,150211,150211,150211,150211,150211,150211
BENCH family=mp logn=6 pi=24 dir=1 calls=100 old=555811,555811,555811,555811,555811,555811,555811,555811,555811,555811 opt=152311,152311,152311,152311,152311,152311,152311,152311,152311,152311
BENCH family=mp logn=7 pi=24 dir=0 calls=100 old=1124412,1124411,1124411,1124411,1124411,1124411,1124411,1124411,1124411,1124411 opt=348511,348511,348511,348511,348511,348511,348511,348511,348511,348511
BENCH family=mp logn=7 pi=24 dir=1 calls=100 old=1283811,1283811,1283811,1283811,1283811,1283811,1283811,1283811,1283811,1283811 opt=341811,341811,341811,341811,341811,341811,341811,341811,341811,341811
BENCH family=mp logn=8 pi=24 dir=0 calls=100 old=2503111,2503111,2503111,2503111,2503111,2503111,2503111,2503111,2503111,2503111 opt=759411,759411,759411,759411,759411,759411,759411,759411,759411,759411
BENCH family=mp logn=8 pi=24 dir=1 calls=100 old=2866611,2866612,2866611,2866611,2866611,2866611,2866611,2866611,2866611,2866611 opt=735211,735211,735211,735211,735211,735211,735211,735211,735211,735211
BENCH family=mp logn=9 pi=24 dir=0 calls=100 old=5655911,5655911,5655911,5655911,5655911,5655911,5655912,5655911,5655911,5655911 opt=1709911,1709911,1709911,1709911,1709911,1709911,1709911,1709911,1709911,1709911
BENCH family=mp logn=9 pi=24 dir=1 calls=100 old=6458611,6458611,6458611,6458611,6458611,6458612,6458611,6458611,6458611,6458611 opt=1646711,1646711,1646711,1646711,1646711,1646711,1646711,1646711,1646711,1646711
BENCH family=mp logn=10 pi=24 dir=0 calls=100 old=12349811,12349811,12349812,12349811,12349811,12349811,12349811,12349812,12349811,12349811 opt=3696011,3696011,3696011,3696011,3696011,3696011,3696011,3696011,3696011,3696011
BENCH family=mp logn=10 pi=24 dir=1 calls=100 old=14134211,14134211,14134212,14134211,14134211,14134211,14134212,14134211,14134211,14134211 opt=3544111,3544111,3544111,3544111,3544111,3544111,3544111,3544111,3544111,3544111
BENCH family=mp logn=4 pi=25 dir=0 calls=100 old=89711,89711,89711,89711,89711,89711,89711,89711,89711,89711 opt=32411,32411,32411,32411,32411,32411,32411,32411,32411,32411
BENCH family=mp logn=4 pi=25 dir=1 calls=100 old=102611,102611,102611,102611,102611,102611,102611,102611,102611,102611 opt=35011,35011,35011,35011,35011,35011,35011,35011,35011,35011
BENCH family=mp logn=5 pi=25 dir=0 calls=100 old=212111,212111,212111,212111,212111,212111,212111,212111,212111,212111 opt=72611,72611,72611,72611,72611,72611,72611,72611,72611,72611
BENCH family=mp logn=5 pi=25 dir=1 calls=100 old=241811,241811,241811,241811,241811,241812,241811,241811,241811,241811 opt=74311,74311,74311,74311,74311,74311,74311,74311,74311,74311
BENCH family=mp logn=6 pi=25 dir=0 calls=100 old=485211,485211,485211,485211,485211,485211,485211,485211,485211,485211 opt=150211,150211,150211,150211,150211,150211,150211,150211,150211,150211
BENCH family=mp logn=6 pi=25 dir=1 calls=100 old=555811,555811,555811,555811,555811,555811,555811,555811,555811,555811 opt=152311,152311,152311,152311,152311,152311,152311,152311,152311,152311
BENCH family=mp logn=7 pi=25 dir=0 calls=100 old=1124411,1124411,1124411,1124411,1124411,1124411,1124411,1124411,1124411,1124411 opt=348511,348511,348511,348511,348511,348511,348511,348511,348511,348511
BENCH family=mp logn=7 pi=25 dir=1 calls=100 old=1283811,1283811,1283811,1283811,1283811,1283811,1283811,1283811,1283811,1283811 opt=341811,341811,341811,341811,341811,341811,341811,341811,341811,341811
BENCH family=mp logn=8 pi=25 dir=0 calls=100 old=2503111,2503111,2503111,2503111,2503111,2503111,2503111,2503111,2503111,2503111 opt=759411,759411,759411,759411,759411,759412,759411,759411,759411,759411
BENCH family=mp logn=8 pi=25 dir=1 calls=100 old=2866611,2866611,2866611,2866611,2866611,2866611,2866611,2866611,2866611,2866611 opt=735211,735211,735211,735211,735211,735211,735211,735211,735211,735211
BENCH family=mp logn=9 pi=25 dir=0 calls=100 old=5655911,5655911,5655911,5655911,5655911,5655911,5655911,5655911,5655911,5655911 opt=1709911,1709911,1709912,1709911,1709911,1709911,1709911,1709911,1709911,1709911
BENCH family=mp logn=9 pi=25 dir=1 calls=100 old=6458611,6458611,6458611,6458611,6458611,6458611,6458611,6458611,6458611,6458611 opt=1646711,1646711,1646712,1646711,1646711,1646711,1646711,1646711,1646711,1646711
BENCH family=mp logn=10 pi=25 dir=0 calls=100 old=12349811,12349811,12349811,12349811,12349811,12349811,12349812,12349811,12349811,12349811 opt=3696011,3696012,3696011,3696011,3696011,3696011,3696011,3696011,3696011,3696011
BENCH family=mp logn=10 pi=25 dir=1 calls=100 old=14134212,14134211,14134211,14134211,14134211,14134211,14134211,14134211,14134211,14134212 opt=3544111,3544111,3544111,3544111,3544111,3544112,3544111,3544111,3544111,3544111
BENCH family=mp logn=4 pi=26 dir=0 calls=100 old=89711,89711,89711,89711,89711,89711,89711,89711,89711,89711 opt=32411,32411,32411,32411,32411,32411,32411,32411,32411,32411
BENCH family=mp logn=4 pi=26 dir=1 calls=100 old=102611,102611,102611,102611,102611,102611,102611,102611,102611,102611 opt=35011,35011,35011,35011,35011,35011,35011,35011,35011,35011
BENCH family=mp logn=5 pi=26 dir=0 calls=100 old=212111,212111,212111,212111,212111,212111,212111,212111,212111,212111 opt=72611,72611,72611,72611,72611,72611,72611,72611,72611,72611
BENCH family=mp logn=5 pi=26 dir=1 calls=100 old=241811,241811,241811,241811,241811,241811,241811,241811,241811,241811 opt=74311,74311,74311,74311,74311,74311,74311,74311,74311,74311
BENCH family=mp logn=6 pi=26 dir=0 calls=100 old=485211,485211,485211,485211,485211,485211,485211,485211,485211,485211 opt=150211,150211,150211,150211,150211,150211,150211,150211,150211,150211
BENCH family=mp logn=6 pi=26 dir=1 calls=100 old=555811,555811,555811,555811,555811,555811,555811,555811,555811,555811 opt=152311,152311,152311,152311,152311,152311,152311,152311,152311,152311
BENCH family=mp logn=7 pi=26 dir=0 calls=100 old=1124411,1124411,1124411,1124411,1124411,1124411,1124411,1124411,1124411,1124411 opt=348511,348511,348511,348511,348511,348511,348511,348511,348511,348511
BENCH family=mp logn=7 pi=26 dir=1 calls=100 old=1283811,1283811,1283811,1283811,1283811,1283811,1283811,1283811,1283811,1283811 opt=341811,341811,341811,341811,341811,341811,341811,341812,341811,341811
BENCH family=mp logn=8 pi=26 dir=0 calls=100 old=2503111,2503111,2503111,2503111,2503111,2503111,2503111,2503111,2503111,2503111 opt=759411,759411,759411,759411,759411,759411,759411,759411,759411,759411
BENCH family=mp logn=8 pi=26 dir=1 calls=100 old=2866611,2866611,2866611,2866611,2866611,2866611,2866611,2866611,2866611,2866612 opt=735211,735211,735211,735211,735211,735211,735211,735211,735211,735211
BENCH family=mp logn=9 pi=26 dir=0 calls=100 old=5655911,5655911,5655911,5655911,5655911,5655911,5655911,5655911,5655911,5655911 opt=1709911,1709911,1709911,1709911,1709911,1709911,1709911,1709911,1709911,1709911
BENCH family=mp logn=9 pi=26 dir=1 calls=100 old=6458611,6458611,6458611,6458611,6458611,6458611,6458611,6458611,6458611,6458612 opt=1646711,1646711,1646711,1646711,1646711,1646711,1646711,1646711,1646711,1646711
BENCH family=mp logn=10 pi=26 dir=0 calls=100 old=12349811,12349811,12349811,12349811,12349812,12349811,12349811,12349811,12349811,12349812 opt=3696011,3696011,3696011,3696011,3696011,3696011,3696011,3696011,3696011,3696011
BENCH family=mp logn=10 pi=26 dir=1 calls=100 old=14134211,14134211,14134211,14134212,14134211,14134211,14134211,14134211,14134212,14134211 opt=3544111,3544111,3544111,3544111,3544111,3544111,3544111,3544111,3544111,3544111
BENCH family=mp logn=4 pi=27 dir=0 calls=100 old=89711,89711,89711,89711,89711,89711,89711,89711,89711,89711 opt=32411,32411,32411,32411,32411,32411,32411,32411,32411,32411
BENCH family=mp logn=4 pi=27 dir=1 calls=100 old=102611,102611,102611,102611,102611,102611,102611,102611,102611,102611 opt=35011,35011,35011,35011,35011,35011,35011,35011,35011,35011
BENCH family=mp logn=5 pi=27 dir=0 calls=100 old=212111,212111,212111,212111,212111,212111,212111,212111,212111,212111 opt=72611,72611,72611,72611,72611,72611,72611,72611,72611,72611
BENCH family=mp logn=5 pi=27 dir=1 calls=100 old=241811,241811,241811,241811,241811,241811,241811,241811,241811,241811 opt=74311,74311,74311,74311,74311,74311,74311,74311,74311,74311
BENCH family=mp logn=6 pi=27 dir=0 calls=100 old=485211,485211,485211,485211,485211,485211,485211,485211,485211,485211 opt=150211,150211,150211,150211,150211,150211,150211,150211,150211,150211
BENCH family=mp logn=6 pi=27 dir=1 calls=100 old=555811,555811,555811,555811,555811,555811,555811,555811,555811,555811 opt=152311,152311,152311,152311,152311,152311,152311,152311,152311,152311
BENCH family=mp logn=7 pi=27 dir=0 calls=100 old=1124411,1124411,1124412,1124411,1124411,1124411,1124411,1124411,1124411,1124411 opt=348511,348511,348511,348511,348511,348511,348511,348511,348511,348511
BENCH family=mp logn=7 pi=27 dir=1 calls=100 old=1283811,1283811,1283811,1283811,1283811,1283811,1283811,1283811,1283811,1283811 opt=341811,341811,341811,341811,341811,341811,341811,341811,341811,341811
BENCH family=mp logn=8 pi=27 dir=0 calls=100 old=2503111,2503111,2503111,2503111,2503111,2503111,2503111,2503111,2503111,2503111 opt=759411,759411,759411,759411,759411,759411,759411,759411,759411,759411
BENCH family=mp logn=8 pi=27 dir=1 calls=100 old=2866611,2866611,2866612,2866611,2866611,2866611,2866611,2866611,2866611,2866611 opt=735211,735211,735211,735211,735211,735211,735211,735211,735211,735211
BENCH family=mp logn=9 pi=27 dir=0 calls=100 old=5655911,5655911,5655911,5655911,5655911,5655911,5655912,5655911,5655911,5655911 opt=1709911,1709911,1709911,1709911,1709911,1709911,1709911,1709911,1709911,1709911
BENCH family=mp logn=9 pi=27 dir=1 calls=100 old=6458611,6458611,6458611,6458611,6458611,6458611,6458612,6458611,6458611,6458611 opt=1646711,1646711,1646711,1646711,1646711,1646711,1646711,1646711,1646711,1646711
BENCH family=mp logn=10 pi=27 dir=0 calls=100 old=12349811,12349811,12349811,12349811,12349811,12349811,12349811,12349812,12349811,12349811 opt=3696011,3696011,3696012,3696011,3696011,3696011,3696011,3696011,3696011,3696011
BENCH family=mp logn=10 pi=27 dir=1 calls=100 old=14134211,14134211,14134212,14134211,14134211,14134211,14134212,14134211,14134211,14134211 opt=3544111,3544111,3544111,3544111,3544111,3544111,3544111,3544111,3544111,3544111
BENCH family=mp logn=4 pi=28 dir=0 calls=100 old=89711,89711,89711,89711,89711,89711,89711,89711,89711,89711 opt=32411,32411,32411,32411,32411,32411,32411,32411,32411,32411
BENCH family=mp logn=4 pi=28 dir=1 calls=100 old=102611,102611,102611,102611,102611,102611,102611,102611,102611,102611 opt=35011,35011,35011,35011,35011,35011,35011,35011,35011,35011
BENCH family=mp logn=5 pi=28 dir=0 calls=100 old=212111,212111,212111,212111,212111,212111,212111,212111,212111,212111 opt=72611,72611,72611,72611,72611,72611,72611,72611,72611,72611
BENCH family=mp logn=5 pi=28 dir=1 calls=100 old=241811,241811,241811,241811,241811,241811,241811,241811,241811,241811 opt=74311,74311,74311,74311,74311,74311,74311,74311,74311,74311
BENCH family=mp logn=6 pi=28 dir=0 calls=100 old=485211,485211,485211,485211,485211,485211,485211,485211,485211,485211 opt=150211,150211,150211,150211,150211,150211,150211,150211,150211,150211
BENCH family=mp logn=6 pi=28 dir=1 calls=100 old=555811,555811,555811,555811,555811,555811,555811,555811,555811,555811 opt=152311,152311,152311,152311,152311,152311,152311,152311,152311,152311
BENCH family=mp logn=7 pi=28 dir=0 calls=100 old=1124411,1124411,1124411,1124411,1124411,1124411,1124411,1124411,1124411,1124411 opt=348511,348511,348511,348511,348511,348511,348511,348511,348511,348511
BENCH family=mp logn=7 pi=28 dir=1 calls=100 old=1283811,1283811,1283811,1283811,1283811,1283811,1283811,1283811,1283811,1283811 opt=341811,341811,341811,341811,341811,341811,341811,341811,341811,341811
BENCH family=mp logn=8 pi=28 dir=0 calls=100 old=2503111,2503111,2503111,2503111,2503111,2503111,2503112,2503111,2503111,2503111 opt=759411,759411,759411,759411,759411,759411,759411,759411,759411,759411
BENCH family=mp logn=8 pi=28 dir=1 calls=100 old=2866611,2866611,2866611,2866611,2866611,2866611,2866611,2866611,2866611,2866611 opt=735211,735211,735211,735211,735211,735211,735211,735211,735211,735211
BENCH family=mp logn=9 pi=28 dir=0 calls=100 old=5655911,5655911,5655911,5655912,5655911,5655911,5655911,5655911,5655911,5655911 opt=1709911,1709911,1709911,1709911,1709911,1709911,1709911,1709911,1709911,1709911
BENCH family=mp logn=9 pi=28 dir=1 calls=100 old=6458611,6458611,6458611,6458612,6458611,6458611,6458611,6458611,6458611,6458611 opt=1646711,1646711,1646711,1646711,1646711,1646711,1646711,1646711,1646711,1646711
BENCH family=mp logn=10 pi=28 dir=0 calls=100 old=12349811,12349812,12349811,12349811,12349811,12349811,12349812,12349811,12349811,12349811 opt=3696011,3696011,3696011,3696011,3696011,3696011,3696011,3696011,3696011,3696011
BENCH family=mp logn=10 pi=28 dir=1 calls=100 old=14134212,14134211,14134211,14134211,14134211,14134212,14134211,14134211,14134211,14134212 opt=3544111,3544111,3544111,3544111,3544111,3544111,3544111,3544111,3544111,3544111
PROGRESS timing_prime=28
BENCH family=mp logn=4 pi=29 dir=0 calls=100 old=89711,89711,89711,89711,89711,89711,89711,89711,89711,89711 opt=32411,32411,32411,32411,32411,32411,32411,32411,32411,32411
BENCH family=mp logn=4 pi=29 dir=1 calls=100 old=102611,102611,102611,102611,102611,102611,102611,102611,102611,102611 opt=35011,35011,35011,35011,35011,35011,35011,35011,35011,35011
BENCH family=mp logn=5 pi=29 dir=0 calls=100 old=212111,212111,212111,212111,212111,212111,212111,212111,212111,212111 opt=72611,72611,72611,72611,72611,72611,72611,72611,72611,72611
BENCH family=mp logn=5 pi=29 dir=1 calls=100 old=241811,241811,241811,241811,241811,241811,241811,241811,241811,241811 opt=74311,74311,74311,74311,74311,74311,74311,74311,74311,74311
BENCH family=mp logn=6 pi=29 dir=0 calls=100 old=485211,485211,485211,485211,485211,485211,485211,485211,485211,485211 opt=150211,150211,150211,150211,150211,150211,150211,150211,150211,150211
BENCH family=mp logn=6 pi=29 dir=1 calls=100 old=555811,555811,555811,555811,555811,555811,555811,555811,555811,555811 opt=152311,152311,152311,152311,152311,152311,152311,152311,152311,152311
BENCH family=mp logn=7 pi=29 dir=0 calls=100 old=1124411,1124411,1124411,1124411,1124411,1124411,1124411,1124411,1124411,1124411 opt=348511,348511,348511,348511,348511,348511,348511,348511,348511,348511
BENCH family=mp logn=7 pi=29 dir=1 calls=100 old=1283811,1283811,1283811,1283811,1283811,1283811,1283811,1283811,1283812,1283811 opt=341811,341811,341811,341811,341811,341811,341811,341811,341811,341811
BENCH family=mp logn=8 pi=29 dir=0 calls=100 old=2503111,2503111,2503111,2503111,2503111,2503111,2503111,2503111,2503111,2503111 opt=759411,759411,759411,759411,759411,759411,759411,759411,759411,759411
BENCH family=mp logn=8 pi=29 dir=1 calls=100 old=2866611,2866611,2866611,2866611,2866611,2866611,2866611,2866611,2866611,2866611 opt=735211,735211,735211,735211,735211,735211,735211,735211,735211,735211
BENCH family=mp logn=9 pi=29 dir=0 calls=100 old=5655911,5655911,5655911,5655911,5655911,5655911,5655911,5655911,5655911,5655911 opt=1709911,1709911,1709911,1709911,1709911,1709911,1709911,1709911,1709911,1709911
BENCH family=mp logn=9 pi=29 dir=1 calls=100 old=6458612,6458611,6458611,6458611,6458611,6458611,6458611,6458611,6458611,6458612 opt=1646711,1646711,1646711,1646711,1646711,1646711,1646711,1646711,1646711,1646711
BENCH family=mp logn=10 pi=29 dir=0 calls=100 old=12349811,12349811,12349811,12349811,12349812,12349811,12349811,12349811,12349811,12349812 opt=3696011,3696011,3696011,3696011,3696011,3696011,3696011,3696011,3696011,3696011
BENCH family=mp logn=10 pi=29 dir=1 calls=100 old=14134211,14134211,14134211,14134211,14134212,14134211,14134211,14134211,14134212,14134211 opt=3544111,3544111,3544111,3544111,3544111,3544111,3544111,3544111,3544111,3544111
BENCH family=mp logn=4 pi=30 dir=0 calls=100 old=89711,89711,89711,89711,89711,89711,89711,89711,89711,89711 opt=32411,32411,32411,32411,32411,32411,32411,32411,32411,32411
BENCH family=mp logn=4 pi=30 dir=1 calls=100 old=102611,102611,102611,102611,102611,102611,102611,102611,102611,102611 opt=35011,35011,35011,35011,35011,35011,35011,35011,35011,35011
BENCH family=mp logn=5 pi=30 dir=0 calls=100 old=212111,212111,212111,212111,212111,212111,212111,212111,212111,212111 opt=72611,72611,72611,72611,72611,72611,72611,72611,72611,72611
BENCH family=mp logn=5 pi=30 dir=1 calls=100 old=241811,241811,241811,241811,241811,241811,241811,241811,241811,241811 opt=74311,74311,74311,74311,74311,74311,74311,74311,74311,74311
BENCH family=mp logn=6 pi=30 dir=0 calls=100 old=485211,485211,485211,485211,485211,485211,485211,485211,485211,485211 opt=150211,150211,150211,150211,150211,150211,150211,150211,150211,150211
BENCH family=mp logn=6 pi=30 dir=1 calls=100 old=555811,555811,555811,555811,555811,555811,555811,555811,555811,555811 opt=152311,152311,152311,152311,152311,152311,152311,152311,152311,152311
BENCH family=mp logn=7 pi=30 dir=0 calls=100 old=1124411,1124411,1124411,1124411,1124411,1124411,1124412,1124411,1124411,1124411 opt=348511,348511,348511,348511,348511,348511,348511,348511,348511,348511
BENCH family=mp logn=7 pi=30 dir=1 calls=100 old=1283811,1283811,1283811,1283811,1283811,1283811,1283811,1283811,1283811,1283811 opt=341811,341811,341811,341811,341811,341811,341811,341811,341811,341811
BENCH family=mp logn=8 pi=30 dir=0 calls=100 old=2503111,2503111,2503111,2503111,2503111,2503111,2503111,2503111,2503111,2503111 opt=759411,759411,759411,759411,759411,759411,759411,759411,759411,759411
BENCH family=mp logn=8 pi=30 dir=1 calls=100 old=2866611,2866611,2866611,2866611,2866612,2866611,2866611,2866611,2866611,2866611 opt=735211,735211,735211,735211,735211,735211,735211,735211,735211,735211
BENCH family=mp logn=9 pi=30 dir=0 calls=100 old=5655911,5655911,5655911,5655911,5655911,5655911,5655911,5655912,5655911,5655911 opt=1709911,1709911,1709911,1709911,1709911,1709911,1709911,1709911,1709911,1709911
BENCH family=mp logn=9 pi=30 dir=1 calls=100 old=6458611,6458611,6458611,6458611,6458611,6458611,6458611,6458612,6458611,6458611 opt=1646711,1646711,1646711,1646711,1646711,1646711,1646711,1646711,1646711,1646711
BENCH family=mp logn=10 pi=30 dir=0 calls=100 old=12349811,12349811,12349811,12349812,12349811,12349811,12349811,12349811,12349812,12349811 opt=3696011,3696011,3696011,3696011,3696011,3696011,3696011,3696011,3696011,3696011
BENCH family=mp logn=10 pi=30 dir=1 calls=100 old=14134211,14134211,14134212,14134211,14134211,14134211,14134211,14134211,14134211,14134211 opt=3544111,3544111,3544111,3544111,3544111,3544111,3544111,3544112,3544111,3544111
BENCH family=mp logn=4 pi=31 dir=0 calls=100 old=89711,89711,89711,89711,89711,89711,89711,89711,89711,89711 opt=32411,32411,32411,32411,32411,32411,32411,32411,32411,32411
BENCH family=mp logn=4 pi=31 dir=1 calls=100 old=102611,102611,102611,102611,102611,102611,102611,102611,102611,102611 opt=35011,35011,35011,35011,35011,35011,35011,35011,35011,35011
BENCH family=mp logn=5 pi=31 dir=0 calls=100 old=212111,212111,212111,212111,212111,212111,212111,212111,212111,212111 opt=72611,72611,72611,72611,72611,72611,72611,72611,72611,72611
BENCH family=mp logn=5 pi=31 dir=1 calls=100 old=241811,241811,241811,241811,241811,241811,241811,241811,241811,241811 opt=74311,74311,74311,74311,74311,74311,74311,74311,74311,74311
BENCH family=mp logn=6 pi=31 dir=0 calls=100 old=485211,485211,485211,485211,485211,485211,485211,485212,485211,485211 opt=150211,150211,150211,150211,150211,150211,150211,150211,150211,150211
BENCH family=mp logn=6 pi=31 dir=1 calls=100 old=555811,555811,555811,555811,555811,555811,555811,555811,555811,555811 opt=152311,152311,152311,152311,152311,152311,152311,152311,152311,152311
BENCH family=mp logn=7 pi=31 dir=0 calls=100 old=1124411,1124411,1124411,1124411,1124411,1124411,1124411,1124411,1124411,1124411 opt=348511,348511,348511,348511,348511,348511,348511,348511,348511,348511
BENCH family=mp logn=7 pi=31 dir=1 calls=100 old=1283811,1283811,1283811,1283811,1283811,1283811,1283811,1283811,1283811,1283811 opt=341811,341811,341811,341811,341811,341811,341811,341811,341811,341811
BENCH family=mp logn=8 pi=31 dir=0 calls=100 old=2503111,2503111,2503111,2503111,2503111,2503111,2503111,2503111,2503112,2503111 opt=759411,759411,759411,759411,759411,759411,759411,759411,759411,759411
BENCH family=mp logn=8 pi=31 dir=1 calls=100 old=2866611,2866611,2866611,2866611,2866611,2866611,2866611,2866611,2866611,2866611 opt=735211,735211,735211,735211,735211,735211,735211,735211,735211,735211
BENCH family=mp logn=9 pi=31 dir=0 calls=100 old=5655911,5655911,5655911,5655911,5655912,5655911,5655911,5655911,5655911,5655911 opt=1709911,1709911,1709911,1709911,1709911,1709911,1709911,1709911,1709911,1709911
BENCH family=mp logn=9 pi=31 dir=1 calls=100 old=6458611,6458611,6458611,6458611,6458612,6458611,6458611,6458611,6458611,6458611 opt=1646711,1646711,1646711,1646711,1646711,1646711,1646711,1646711,1646711,1646711
BENCH family=mp logn=10 pi=31 dir=0 calls=100 old=12349811,12349812,12349811,12349811,12349811,12349811,12349812,12349811,12349811,12349811 opt=3696011,3696011,3696011,3696011,3696011,3696011,3696011,3696011,3696011,3696011
BENCH family=mp logn=10 pi=31 dir=1 calls=100 old=14134211,14134212,14134211,14134211,14134211,14134212,14134211,14134211,14134211,14134211 opt=3544111,3544111,3544111,3544111,3544111,3544111,3544111,3544111,3544111,3544111
BENCH family=mp logn=4 pi=32 dir=0 calls=100 old=89711,89711,89711,89711,89711,89711,89711,89711,89711,89711 opt=32411,32411,32411,32411,32411,32411,32411,32411,32411,32411
BENCH family=mp logn=4 pi=32 dir=1 calls=100 old=102611,102611,102611,102611,102611,102611,102611,102611,102611,102611 opt=35011,35011,35011,35011,35011,35011,35011,35011,35011,35011
BENCH family=mp logn=5 pi=32 dir=0 calls=100 old=212111,212111,212111,212111,212111,212111,212111,212111,212111,212111 opt=72611,72611,72611,72611,72611,72611,72611,72611,72611,72611
BENCH family=mp logn=5 pi=32 dir=1 calls=100 old=241811,241811,241811,241811,241811,241811,241811,241811,241811,241811 opt=74311,74311,74311,74311,74311,74311,74311,74311,74311,74311
BENCH family=mp logn=6 pi=32 dir=0 calls=100 old=485211,485211,485211,485211,485211,485211,485211,485211,485211,485211 opt=150211,150211,150211,150211,150211,150211,150211,150211,150211,150211
BENCH family=mp logn=6 pi=32 dir=1 calls=100 old=555811,555811,555811,555811,555811,555811,555811,555811,555811,555811 opt=152311,152311,152311,152311,152311,152311,152311,152311,152311,152311
BENCH family=mp logn=7 pi=32 dir=0 calls=100 old=1124411,1124411,1124411,1124411,1124411,1124411,1124411,1124411,1124411,1124411 opt=348511,348511,348511,348511,348511,348511,348511,348511,348511,348511
BENCH family=mp logn=7 pi=32 dir=1 calls=100 old=1283811,1283811,1283811,1283811,1283811,1283811,1283811,1283811,1283811,1283811 opt=341811,341811,341811,341811,341811,341811,341811,341811,341811,341811
BENCH family=mp logn=8 pi=32 dir=0 calls=100 old=2503111,2503111,2503111,2503111,2503111,2503111,2503111,2503111,2503111,2503111 opt=759412,759411,759411,759411,759411,759411,759411,759411,759411,759411
BENCH family=mp logn=8 pi=32 dir=1 calls=100 old=2866611,2866611,2866611,2866611,2866611,2866611,2866611,2866611,2866611,2866611 opt=735211,735211,735211,735211,735211,735211,735211,735211,735211,735211
BENCH family=mp logn=9 pi=32 dir=0 calls=100 old=5655911,5655911,5655911,5655911,5655911,5655911,5655911,5655911,5655911,5655911 opt=1709912,1709911,1709911,1709911,1709911,1709911,1709911,1709911,1709911,1709911
BENCH family=mp logn=9 pi=32 dir=1 calls=100 old=6458611,6458611,6458611,6458611,6458611,6458611,6458611,6458611,6458611,6458611 opt=1646711,1646712,1646711,1646711,1646711,1646711,1646711,1646711,1646711,1646711
BENCH family=mp logn=10 pi=32 dir=0 calls=100 old=12349812,12349811,12349811,12349811,12349811,12349811,12349811,12349811,12349811,12349811 opt=3696011,3696011,3696011,3696011,3696011,3696012,3696011,3696011,3696011,3696011
BENCH family=mp logn=10 pi=32 dir=1 calls=100 old=14134211,14134211,14134211,14134211,14134212,14134211,14134211,14134211,14134211,14134211 opt=3544111,3544111,3544111,3544111,3544111,3544111,3544111,3544111,3544112,3544111
BENCH family=mp logn=4 pi=33 dir=0 calls=100 old=89711,89711,89711,89711,89711,89711,89711,89711,89711,89711 opt=32411,32411,32411,32411,32411,32411,32411,32411,32411,32411
BENCH family=mp logn=4 pi=33 dir=1 calls=100 old=102611,102611,102611,102611,102611,102611,102611,102611,102611,102611 opt=35011,35011,35011,35011,35011,35011,35011,35011,35011,35011
BENCH family=mp logn=5 pi=33 dir=0 calls=100 old=212111,212111,212111,212111,212111,212111,212111,212111,212111,212111 opt=72611,72611,72611,72611,72611,72611,72611,72611,72611,72611
BENCH family=mp logn=5 pi=33 dir=1 calls=100 old=241811,241811,241811,241811,241811,241811,241811,241811,241811,241811 opt=74311,74311,74311,74311,74311,74311,74311,74311,74311,74311
BENCH family=mp logn=6 pi=33 dir=0 calls=100 old=485211,485211,485211,485211,485211,485211,485211,485211,485211,485211 opt=150211,150211,150211,150211,150211,150211,150211,150211,150211,150211
BENCH family=mp logn=6 pi=33 dir=1 calls=100 old=555811,555811,555811,555811,555811,555811,555811,555811,555811,555811 opt=152311,152311,152311,152311,152311,152311,152311,152311,152311,152311
BENCH family=mp logn=7 pi=33 dir=0 calls=100 old=1124411,1124411,1124411,1124411,1124411,1124411,1124411,1124411,1124411,1124411 opt=348511,348511,348511,348511,348511,348511,348511,348511,348511,348511
BENCH family=mp logn=7 pi=33 dir=1 calls=100 old=1283811,1283811,1283811,1283811,1283811,1283811,1283811,1283811,1283811,1283811 opt=341811,341811,341811,341811,341811,341811,341811,341811,341811,341811
BENCH family=mp logn=8 pi=33 dir=0 calls=100 old=2503111,2503111,2503111,2503111,2503111,2503111,2503111,2503111,2503111,2503111 opt=759411,759411,759411,759411,759411,759411,759411,759411,759411,759411
BENCH family=mp logn=8 pi=33 dir=1 calls=100 old=2866611,2866611,2866611,2866611,2866611,2866612,2866611,2866611,2866611,2866611 opt=735211,735211,735211,735211,735211,735211,735211,735211,735211,735211
BENCH family=mp logn=9 pi=33 dir=0 calls=100 old=5655911,5655911,5655911,5655911,5655911,5655911,5655911,5655911,5655912,5655911 opt=1709911,1709911,1709911,1709911,1709911,1709911,1709911,1709911,1709911,1709911
BENCH family=mp logn=9 pi=33 dir=1 calls=100 old=6458611,6458611,6458611,6458611,6458611,6458611,6458611,6458612,6458611,6458611 opt=1646711,1646711,1646711,1646711,1646711,1646711,1646711,1646711,1646711,1646711
BENCH family=mp logn=10 pi=33 dir=0 calls=100 old=12349811,12349811,12349811,12349812,12349811,12349811,12349811,12349811,12349812,12349811 opt=3696011,3696011,3696011,3696011,3696011,3696011,3696011,3696011,3696011,3696011
BENCH family=mp logn=10 pi=33 dir=1 calls=100 old=14134211,14134211,14134211,14134211,14134211,14134211,14134211,14134212,14134211,14134211 opt=3544111,3544111,3544112,3544111,3544111,3544111,3544111,3544111,3544111,3544111
BENCH family=mp logn=4 pi=34 dir=0 calls=100 old=89711,89711,89711,89711,89711,89711,89711,89711,89711,89711 opt=32411,32411,32411,32411,32411,32411,32411,32411,32411,32411
BENCH family=mp logn=4 pi=34 dir=1 calls=100 old=102611,102611,102611,102611,102611,102611,102611,102611,102611,102611 opt=35011,35011,35011,35011,35011,35011,35011,35011,35011,35011
BENCH family=mp logn=5 pi=34 dir=0 calls=100 old=212111,212111,212111,212111,212111,212111,212111,212111,212111,212111 opt=72611,72611,72611,72611,72611,72611,72611,72611,72611,72611
BENCH family=mp logn=5 pi=34 dir=1 calls=100 old=241811,241811,241811,241811,241811,241811,241811,241811,241811,241811 opt=74311,74311,74311,74311,74311,74311,74311,74311,74311,74311
BENCH family=mp logn=6 pi=34 dir=0 calls=100 old=485211,485211,485211,485211,485211,485211,485211,485211,485211,485211 opt=150211,150211,150211,150211,150211,150211,150211,150211,150211,150211
BENCH family=mp logn=6 pi=34 dir=1 calls=100 old=555811,555811,555811,555811,555811,555811,555811,555811,555811,555811 opt=152311,152311,152311,152311,152311,152311,152311,152311,152311,152311
BENCH family=mp logn=7 pi=34 dir=0 calls=100 old=1124411,1124411,1124411,1124411,1124411,1124411,1124411,1124411,1124411,1124411 opt=348511,348511,348511,348511,348511,348511,348511,348511,348511,348511
BENCH family=mp logn=7 pi=34 dir=1 calls=100 old=1283811,1283811,1283811,1283811,1283811,1283811,1283811,1283811,1283811,1283811 opt=341811,341811,341811,341811,341811,341811,341811,341811,341811,341811
BENCH family=mp logn=8 pi=34 dir=0 calls=100 old=2503111,2503111,2503111,2503111,2503111,2503111,2503111,2503111,2503111,2503112 opt=759411,759411,759411,759411,759411,759411,759411,759411,759411,759411
BENCH family=mp logn=8 pi=34 dir=1 calls=100 old=2866611,2866611,2866611,2866611,2866611,2866611,2866611,2866611,2866611,2866611 opt=735211,735211,735211,735211,735211,735211,735211,735211,735211,735211
BENCH family=mp logn=9 pi=34 dir=0 calls=100 old=5655911,5655911,5655911,5655911,5655911,5655911,5655911,5655911,5655911,5655911 opt=1709911,1709911,1709911,1709911,1709911,1709912,1709911,1709911,1709911,1709911
BENCH family=mp logn=9 pi=34 dir=1 calls=100 old=6458611,6458611,6458611,6458611,6458611,6458611,6458611,6458611,6458611,6458611 opt=1646711,1646711,1646711,1646711,1646712,1646711,1646711,1646711,1646711,1646711
BENCH family=mp logn=10 pi=34 dir=0 calls=100 old=12349811,12349811,12349812,12349811,12349811,12349811,12349811,12349811,12349811,12349811 opt=3696011,3696011,3696011,3696011,3696011,3696011,3696011,3696012,3696011,3696011
BENCH family=mp logn=10 pi=34 dir=1 calls=100 old=14134211,14134212,14134211,14134211,14134211,14134211,14134212,14134211,14134211,14134211 opt=3544111,3544111,3544111,3544111,3544111,3544111,3544111,3544111,3544111,3544111
BENCH family=mp logn=4 pi=35 dir=0 calls=100 old=89711,89711,89711,89711,89711,89711,89711,89711,89711,89711 opt=32411,32411,32411,32411,32411,32411,32411,32411,32411,32411
BENCH family=mp logn=4 pi=35 dir=1 calls=100 old=102611,102611,102611,102611,102611,102611,102611,102611,102611,102611 opt=35011,35011,35011,35011,35011,35011,35011,35011,35011,35011
BENCH family=mp logn=5 pi=35 dir=0 calls=100 old=212111,212111,212111,212111,212111,212111,212111,212111,212111,212111 opt=72611,72611,72611,72611,72611,72611,72611,72611,72611,72611
BENCH family=mp logn=5 pi=35 dir=1 calls=100 old=241811,241811,241811,241811,241811,241811,241811,241811,241811,241811 opt=74311,74311,74311,74311,74311,74311,74311,74311,74311,74311
BENCH family=mp logn=6 pi=35 dir=0 calls=100 old=485211,485211,485211,485211,485211,485211,485211,485211,485211,485211 opt=150211,150211,150211,150211,150211,150211,150211,150211,150211,150211
BENCH family=mp logn=6 pi=35 dir=1 calls=100 old=555811,555811,555811,555811,555811,555811,555811,555811,555811,555811 opt=152311,152311,152311,152311,152311,152311,152311,152311,152311,152311
BENCH family=mp logn=7 pi=35 dir=0 calls=100 old=1124411,1124411,1124411,1124411,1124411,1124411,1124411,1124411,1124411,1124411 opt=348511,348511,348511,348511,348511,348511,348511,348511,348511,348511
BENCH family=mp logn=7 pi=35 dir=1 calls=100 old=1283811,1283811,1283811,1283811,1283811,1283811,1283811,1283811,1283811,1283811 opt=341811,341811,341811,341811,341811,341811,341811,341811,341811,341811
BENCH family=mp logn=8 pi=35 dir=0 calls=100 old=2503111,2503111,2503112,2503111,2503111,2503111,2503111,2503111,2503111,2503111 opt=759411,759411,759411,759411,759411,759411,759411,759411,759411,759411
BENCH family=mp logn=8 pi=35 dir=1 calls=100 old=2866611,2866611,2866611,2866611,2866611,2866611,2866611,2866611,2866611,2866611 opt=735211,735211,735211,735211,735211,735211,735211,735211,735211,735211
BENCH family=mp logn=9 pi=35 dir=0 calls=100 old=5655911,5655912,5655911,5655911,5655911,5655911,5655911,5655911,5655911,5655911 opt=1709911,1709911,1709911,1709911,1709911,1709911,1709911,1709911,1709911,1709911
BENCH family=mp logn=9 pi=35 dir=1 calls=100 old=6458611,6458612,6458611,6458611,6458611,6458611,6458611,6458611,6458611,6458611 opt=1646711,1646711,1646711,1646711,1646711,1646711,1646711,1646711,1646711,1646711
BENCH family=mp logn=10 pi=35 dir=0 calls=100 old=12349812,12349811,12349811,12349811,12349811,12349812,12349811,12349811,12349811,12349811 opt=3696011,3696011,3696011,3696011,3696011,3696011,3696011,3696011,3696011,3696011
BENCH family=mp logn=10 pi=35 dir=1 calls=100 old=14134212,14134211,14134211,14134211,14134212,14134211,14134211,14134211,14134211,14134211 opt=3544111,3544111,3544111,3544111,3544111,3544111,3544111,3544111,3544111,3544112
BENCH family=mp logn=4 pi=36 dir=0 calls=100 old=89711,89711,89711,89711,89711,89711,89711,89711,89711,89711 opt=32411,32411,32411,32411,32411,32411,32411,32411,32411,32411
BENCH family=mp logn=4 pi=36 dir=1 calls=100 old=102611,102611,102611,102611,102611,102611,102611,102611,102611,102611 opt=35011,35011,35011,35011,35011,35011,35011,35011,35011,35011
BENCH family=mp logn=5 pi=36 dir=0 calls=100 old=212111,212111,212111,212111,212111,212111,212111,212111,212111,212111 opt=72611,72611,72611,72611,72611,72611,72611,72611,72611,72611
BENCH family=mp logn=5 pi=36 dir=1 calls=100 old=241811,241811,241811,241811,241811,241811,241811,241811,241811,241811 opt=74311,74311,74311,74311,74311,74311,74311,74311,74311,74311
BENCH family=mp logn=6 pi=36 dir=0 calls=100 old=485211,485211,485211,485211,485211,485211,485211,485211,485211,485211 opt=150211,150211,150211,150211,150211,150211,150211,150211,150211,150211
BENCH family=mp logn=6 pi=36 dir=1 calls=100 old=555811,555811,555811,555811,555811,555811,555811,555811,555811,555811 opt=152311,152311,152311,152311,152311,152311,152311,152311,152311,152311
BENCH family=mp logn=7 pi=36 dir=0 calls=100 old=1124411,1124411,1124411,1124411,1124411,1124411,1124411,1124411,1124411,1124411 opt=348511,348511,348511,348511,348511,348511,348511,348511,348511,348511
BENCH family=mp logn=7 pi=36 dir=1 calls=100 old=1283811,1283811,1283811,1283811,1283811,1283811,1283811,1283811,1283811,1283811 opt=341811,341812,341811,341811,341811,341811,341811,341811,341811,341811
BENCH family=mp logn=8 pi=36 dir=0 calls=100 old=2503111,2503111,2503111,2503111,2503111,2503111,2503111,2503111,2503111,2503111 opt=759411,759411,759411,759411,759411,759411,759411,759411,759411,759411
BENCH family=mp logn=8 pi=36 dir=1 calls=100 old=2866611,2866611,2866611,2866611,2866611,2866611,2866611,2866611,2866611,2866611 opt=735211,735211,735211,735211,735211,735211,735212,735211,735211,735211
BENCH family=mp logn=9 pi=36 dir=0 calls=100 old=5655911,5655911,5655911,5655911,5655911,5655911,5655911,5655911,5655911,5655911 opt=1709911,1709911,1709911,1709911,1709911,1709911,1709911,1709911,1709912,1709911
BENCH family=mp logn=9 pi=36 dir=1 calls=100 old=6458611,6458611,6458611,6458611,6458611,6458611,6458611,6458611,6458612,6458611 opt=1646711,1646711,1646711,1646711,1646711,1646711,1646711,1646711,1646711,1646711
BENCH family=mp logn=10 pi=36 dir=0 calls=100 old=12349811,12349811,12349811,12349812,12349811,12349811,12349811,12349811,12349812,12349811 opt=3696011,3696011,3696011,3696011,3696011,3696011,3696011,3696011,3696011,3696011
BENCH family=mp logn=10 pi=36 dir=1 calls=100 old=14134211,14134211,14134211,14134211,14134211,14134211,14134211,14134212,14134211,14134211 opt=3544111,3544111,3544111,3544112,3544111,3544111,3544111,3544111,3544111,3544111
BENCH family=mp logn=4 pi=37 dir=0 calls=100 old=89711,89711,89711,89711,89711,89711,89711,89711,89711,89711 opt=32411,32411,32411,32411,32411,32411,32411,32411,32411,32411
BENCH family=mp logn=4 pi=37 dir=1 calls=100 old=102611,102611,102611,102611,102611,102611,102611,102611,102611,102611 opt=35011,35011,35011,35011,35011,35011,35011,35011,35011,35011
BENCH family=mp logn=5 pi=37 dir=0 calls=100 old=212111,212111,212111,212111,212111,212111,212111,212111,212111,212111 opt=72611,72611,72611,72611,72611,72611,72611,72611,72611,72611
BENCH family=mp logn=5 pi=37 dir=1 calls=100 old=241811,241811,241811,241811,241811,241811,241811,241811,241811,241811 opt=74311,74311,74311,74311,74311,74311,74311,74311,74311,74311
BENCH family=mp logn=6 pi=37 dir=0 calls=100 old=485211,485211,485211,485211,485211,485211,485211,485211,485211,485211 opt=150211,150211,150211,150211,150211,150211,150211,150211,150211,150211
BENCH family=mp logn=6 pi=37 dir=1 calls=100 old=555811,555811,555811,555811,555811,555811,555811,555811,555811,555811 opt=152311,152311,152311,152311,152311,152312,152311,152311,152311,152311
BENCH family=mp logn=7 pi=37 dir=0 calls=100 old=1124411,1124411,1124411,1124411,1124411,1124411,1124411,1124411,1124411,1124411 opt=348511,348511,348511,348511,348511,348511,348511,348511,348511,348511
BENCH family=mp logn=7 pi=37 dir=1 calls=100 old=1283811,1283811,1283811,1283811,1283811,1283811,1283811,1283811,1283811,1283811 opt=341811,341811,341811,341811,341811,341811,341811,341811,341811,341811
BENCH family=mp logn=8 pi=37 dir=0 calls=100 old=2503111,2503111,2503111,2503111,2503111,2503111,2503111,2503111,2503111,2503111 opt=759411,759411,759411,759411,759411,759411,759411,759411,759411,759411
BENCH family=mp logn=8 pi=37 dir=1 calls=100 old=2866611,2866611,2866611,2866611,2866611,2866611,2866611,2866611,2866611,2866611 opt=735211,735211,735211,735211,735211,735211,735211,735211,735211,735211
BENCH family=mp logn=9 pi=37 dir=0 calls=100 old=5655911,5655911,5655911,5655911,5655911,5655912,5655911,5655911,5655911,5655911 opt=1709911,1709911,1709911,1709911,1709911,1709911,1709911,1709911,1709911,1709911
BENCH family=mp logn=9 pi=37 dir=1 calls=100 old=6458611,6458611,6458611,6458611,6458611,6458611,6458611,6458611,6458611,6458611 opt=1646711,1646711,1646711,1646711,1646711,1646712,1646711,1646711,1646711,1646711
BENCH family=mp logn=10 pi=37 dir=0 calls=100 old=12349811,12349811,12349812,12349811,12349811,12349811,12349811,12349812,12349811,12349811 opt=3696011,3696011,3696011,3696011,3696011,3696011,3696011,3696011,3696011,3696011
BENCH family=mp logn=10 pi=37 dir=1 calls=100 old=14134211,14134212,14134211,14134211,14134211,14134211,14134212,14134211,14134211,14134211 opt=3544111,3544111,3544111,3544111,3544111,3544111,3544111,3544111,3544111,3544111
BENCH family=mp logn=4 pi=38 dir=0 calls=100 old=89711,89711,89711,89711,89711,89711,89711,89711,89711,89711 opt=32411,32411,32411,32411,32411,32411,32411,32411,32411,32411
BENCH family=mp logn=4 pi=38 dir=1 calls=100 old=102611,102611,102611,102611,102611,102611,102611,102611,102611,102611 opt=35011,35011,35011,35011,35011,35011,35011,35011,35011,35011
BENCH family=mp logn=5 pi=38 dir=0 calls=100 old=212111,212111,212111,212111,212112,212111,212111,212111,212111,212111 opt=72611,72611,72611,72611,72611,72611,72611,72611,72611,72611
BENCH family=mp logn=5 pi=38 dir=1 calls=100 old=241811,241811,241811,241811,241811,241811,241811,241811,241811,241811 opt=74311,74311,74311,74311,74311,74311,74311,74311,74311,74311
BENCH family=mp logn=6 pi=38 dir=0 calls=100 old=485211,485211,485211,485211,485211,485211,485211,485211,485211,485211 opt=150211,150211,150211,150211,150211,150211,150211,150211,150211,150211
BENCH family=mp logn=6 pi=38 dir=1 calls=100 old=555811,555811,555811,555811,555811,555811,555811,555811,555811,555811 opt=152311,152311,152311,152311,152311,152311,152311,152311,152311,152311
BENCH family=mp logn=7 pi=38 dir=0 calls=100 old=1124411,1124411,1124411,1124411,1124411,1124411,1124411,1124411,1124411,1124411 opt=348511,348511,348511,348511,348511,348511,348511,348511,348511,348511
BENCH family=mp logn=7 pi=38 dir=1 calls=100 old=1283811,1283811,1283811,1283811,1283811,1283811,1283811,1283811,1283811,1283811 opt=341811,341811,341811,341811,341811,341811,341811,341811,341811,341811
BENCH family=mp logn=8 pi=38 dir=0 calls=100 old=2503111,2503111,2503111,2503111,2503111,2503111,2503111,2503111,2503111,2503111 opt=759411,759411,759411,759412,759411,759411,759411,759411,759411,759411
BENCH family=mp logn=8 pi=38 dir=1 calls=100 old=2866611,2866611,2866611,2866611,2866611,2866611,2866611,2866611,2866611,2866611 opt=735211,735211,735211,735211,735211,735211,735211,735211,735211,735211
BENCH family=mp logn=9 pi=38 dir=0 calls=100 old=5655911,5655912,5655911,5655911,5655911,5655911,5655911,5655911,5655911,5655911 opt=1709911,1709911,1709911,1709911,1709911,1709911,1709911,1709911,1709911,1709911
BENCH family=mp logn=9 pi=38 dir=1 calls=100 old=6458611,6458612,6458611,6458611,6458611,6458611,6458611,6458611,6458611,6458611 opt=1646711,1646711,1646711,1646711,1646711,1646711,1646711,1646711,1646711,1646711
BENCH family=mp logn=10 pi=38 dir=0 calls=100 old=12349812,12349811,12349811,12349811,12349811,12349812,12349811,12349811,12349811,12349811 opt=3696011,3696011,3696011,3696011,3696011,3696011,3696011,3696011,3696011,3696011
BENCH family=mp logn=10 pi=38 dir=1 calls=100 old=14134212,14134211,14134211,14134211,14134211,14134211,14134211,14134211,14134211,14134212 opt=3544111,3544111,3544111,3544111,3544112,3544111,3544111,3544111,3544111,3544111
BENCH family=mp logn=4 pi=39 dir=0 calls=100 old=89711,89711,89711,89711,89711,89711,89711,89711,89711,89711 opt=32411,32411,32411,32411,32411,32411,32411,32411,32411,32411
BENCH family=mp logn=4 pi=39 dir=1 calls=100 old=102611,102611,102611,102611,102611,102611,102611,102611,102611,102611 opt=35011,35011,35011,35011,35011,35011,35011,35011,35011,35011
BENCH family=mp logn=5 pi=39 dir=0 calls=100 old=212111,212111,212111,212111,212111,212111,212111,212111,212111,212111 opt=72611,72611,72611,72611,72611,72611,72611,72611,72611,72611
BENCH family=mp logn=5 pi=39 dir=1 calls=100 old=241811,241811,241811,241811,241811,241811,241811,241811,241811,241811 opt=74311,74311,74311,74311,74311,74311,74311,74311,74311,74311
BENCH family=mp logn=6 pi=39 dir=0 calls=100 old=485211,485211,485211,485211,485211,485211,485211,485211,485211,485211 opt=150211,150211,150211,150211,150211,150211,150211,150211,150211,150211
BENCH family=mp logn=6 pi=39 dir=1 calls=100 old=555811,555811,555811,555811,555811,555811,555811,555811,555811,555811 opt=152311,152311,152311,152311,152311,152311,152311,152311,152311,152311
BENCH family=mp logn=7 pi=39 dir=0 calls=100 old=1124411,1124411,1124411,1124411,1124411,1124411,1124411,1124411,1124411,1124411 opt=348511,348511,348511,348511,348511,348511,348511,348511,348511,348511
BENCH family=mp logn=7 pi=39 dir=1 calls=100 old=1283811,1283811,1283811,1283811,1283812,1283811,1283811,1283811,1283811,1283811 opt=341811,341811,341811,341811,341811,341811,341811,341811,341811,341811
BENCH family=mp logn=8 pi=39 dir=0 calls=100 old=2503111,2503111,2503111,2503111,2503111,2503111,2503111,2503111,2503111,2503111 opt=759411,759411,759411,759411,759411,759411,759411,759411,759411,759411
BENCH family=mp logn=8 pi=39 dir=1 calls=100 old=2866611,2866611,2866611,2866611,2866611,2866611,2866611,2866611,2866612,2866611 opt=735211,735211,735211,735211,735211,735211,735211,735211,735211,735211
BENCH family=mp logn=9 pi=39 dir=0 calls=100 old=5655911,5655911,5655911,5655911,5655911,5655911,5655911,5655911,5655911,5655912 opt=1709911,1709911,1709911,1709911,1709911,1709911,1709911,1709911,1709911,1709911
BENCH family=mp logn=9 pi=39 dir=1 calls=100 old=6458611,6458611,6458611,6458611,6458611,6458611,6458611,6458611,6458611,6458611 opt=1646711,1646711,1646711,1646711,1646711,1646711,1646711,1646711,1646712,1646711
BENCH family=mp logn=10 pi=39 dir=0 calls=100 old=12349811,12349811,12349811,12349811,12349812,12349811,12349811,12349811,12349811,12349811 opt=3696011,3696011,3696011,3696011,3696011,3696011,3696011,3696011,3696011,3696012
BENCH family=mp logn=10 pi=39 dir=1 calls=100 old=14134211,14134211,14134211,14134212,14134211,14134211,14134211,14134212,14134211,14134211 opt=3544111,3544111,3544111,3544111,3544111,3544111,3544111,3544111,3544111,3544111
BENCH family=mp logn=4 pi=40 dir=0 calls=100 old=89711,89711,89711,89711,89711,89711,89711,89711,89711,89711 opt=32411,32411,32411,32411,32411,32411,32411,32411,32411,32411
BENCH family=mp logn=4 pi=40 dir=1 calls=100 old=102611,102611,102611,102611,102611,102611,102611,102611,102611,102611 opt=35011,35011,35011,35011,35011,35011,35011,35011,35011,35011
BENCH family=mp logn=5 pi=40 dir=0 calls=100 old=212111,212111,212111,212111,212111,212111,212111,212111,212111,212111 opt=72611,72611,72611,72611,72611,72611,72611,72611,72611,72611
BENCH family=mp logn=5 pi=40 dir=1 calls=100 old=241811,241811,241811,241811,241811,241811,241811,241811,241811,241811 opt=74311,74311,74311,74311,74311,74311,74311,74311,74311,74311
BENCH family=mp logn=6 pi=40 dir=0 calls=100 old=485211,485211,485211,485211,485211,485211,485211,485211,485211,485211 opt=150211,150211,150211,150211,150211,150211,150211,150211,150211,150211
BENCH family=mp logn=6 pi=40 dir=1 calls=100 old=555811,555811,555811,555811,555811,555811,555811,555811,555811,555811 opt=152311,152311,152311,152311,152311,152311,152311,152311,152311,152311
BENCH family=mp logn=7 pi=40 dir=0 calls=100 old=1124412,1124411,1124411,1124411,1124411,1124411,1124411,1124411,1124411,1124411 opt=348511,348511,348511,348511,348511,348511,348511,348511,348511,348511
BENCH family=mp logn=7 pi=40 dir=1 calls=100 old=1283811,1283811,1283811,1283811,1283811,1283811,1283811,1283811,1283811,1283811 opt=341811,341811,341811,341811,341811,341811,341811,341811,341811,341811
BENCH family=mp logn=8 pi=40 dir=0 calls=100 old=2503111,2503111,2503111,2503111,2503111,2503111,2503111,2503111,2503111,2503111 opt=759411,759411,759411,759411,759411,759411,759411,759411,759411,759411
BENCH family=mp logn=8 pi=40 dir=1 calls=100 old=2866611,2866612,2866611,2866611,2866611,2866611,2866611,2866611,2866611,2866611 opt=735211,735211,735211,735211,735211,735211,735211,735211,735211,735211
BENCH family=mp logn=9 pi=40 dir=0 calls=100 old=5655911,5655911,5655911,5655911,5655911,5655911,5655912,5655911,5655911,5655911 opt=1709911,1709911,1709911,1709911,1709911,1709911,1709911,1709911,1709911,1709911
BENCH family=mp logn=9 pi=40 dir=1 calls=100 old=6458611,6458611,6458611,6458611,6458611,6458612,6458611,6458611,6458611,6458611 opt=1646711,1646711,1646711,1646711,1646711,1646711,1646711,1646711,1646711,1646711
BENCH family=mp logn=10 pi=40 dir=0 calls=100 old=12349811,12349811,12349812,12349811,12349811,12349811,12349811,12349812,12349811,12349811 opt=3696011,3696011,3696011,3696011,3696011,3696011,3696011,3696011,3696011,3696011
BENCH family=mp logn=10 pi=40 dir=1 calls=100 old=14134211,14134212,14134211,14134211,14134211,14134211,14134212,14134211,14134211,14134211 opt=3544111,3544111,3544111,3544111,3544111,3544111,3544111,3544111,3544111,3544111
BENCH family=mp logn=4 pi=41 dir=0 calls=100 old=89711,89711,89711,89711,89711,89711,89711,89711,89711,89711 opt=32411,32411,32411,32411,32411,32411,32411,32411,32411,32411
BENCH family=mp logn=4 pi=41 dir=1 calls=100 old=102611,102611,102611,102611,102611,102611,102611,102611,102611,102611 opt=35011,35011,35011,35011,35011,35011,35011,35011,35011,35011
BENCH family=mp logn=5 pi=41 dir=0 calls=100 old=212111,212111,212111,212111,212111,212111,212111,212111,212111,212111 opt=72611,72611,72611,72611,72611,72611,72611,72611,72611,72611
BENCH family=mp logn=5 pi=41 dir=1 calls=100 old=241811,241811,241811,241811,241811,241811,241811,241811,241811,241811 opt=74311,74311,74311,74311,74311,74311,74311,74311,74311,74311
BENCH family=mp logn=6 pi=41 dir=0 calls=100 old=485211,485211,485211,485211,485211,485211,485211,485211,485211,485211 opt=150211,150211,150211,150211,150211,150211,150211,150211,150211,150211
BENCH family=mp logn=6 pi=41 dir=1 calls=100 old=555811,555811,555811,555811,555811,555811,555811,555811,555811,555811 opt=152311,152311,152311,152311,152311,152311,152311,152311,152311,152311
BENCH family=mp logn=7 pi=41 dir=0 calls=100 old=1124411,1124411,1124411,1124411,1124411,1124411,1124411,1124411,1124411,1124411 opt=348511,348511,348511,348511,348511,348511,348511,348511,348511,348511
BENCH family=mp logn=7 pi=41 dir=1 calls=100 old=1283811,1283811,1283811,1283811,1283811,1283811,1283811,1283811,1283811,1283811 opt=341811,341811,341811,341811,341811,341811,341811,341811,341811,341811
BENCH family=mp logn=8 pi=41 dir=0 calls=100 old=2503111,2503111,2503111,2503111,2503112,2503111,2503111,2503111,2503111,2503111 opt=759411,759411,759411,759411,759411,759411,759411,759411,759411,759411
BENCH family=mp logn=8 pi=41 dir=1 calls=100 old=2866611,2866611,2866611,2866611,2866611,2866611,2866611,2866611,2866611,2866611 opt=735211,735211,735211,735211,735211,735211,735211,735211,735211,735211
BENCH family=mp logn=9 pi=41 dir=0 calls=100 old=5655911,5655911,5655912,5655911,5655911,5655911,5655911,5655911,5655911,5655911 opt=1709911,1709911,1709911,1709911,1709911,1709911,1709911,1709911,1709911,1709911
BENCH family=mp logn=9 pi=41 dir=1 calls=100 old=6458611,6458611,6458612,6458611,6458611,6458611,6458611,6458611,6458611,6458611 opt=1646711,1646711,1646711,1646711,1646711,1646711,1646711,1646711,1646711,1646711
BENCH family=mp logn=10 pi=41 dir=0 calls=100 old=12349811,12349811,12349811,12349811,12349811,12349812,12349811,12349811,12349811,12349811 opt=3696012,3696011,3696011,3696011,3696011,3696011,3696011,3696011,3696011,3696011
BENCH family=mp logn=10 pi=41 dir=1 calls=100 old=14134212,14134211,14134211,14134211,14134211,14134211,14134211,14134211,14134211,14134212 opt=3544111,3544111,3544111,3544111,3544112,3544111,3544111,3544111,3544111,3544111
BENCH family=mp logn=4 pi=42 dir=0 calls=100 old=89711,89711,89711,89711,89711,89711,89711,89711,89711,89711 opt=32411,32411,32411,32411,32411,32411,32411,32411,32411,32411
BENCH family=mp logn=4 pi=42 dir=1 calls=100 old=102611,102611,102611,102611,102611,102611,102611,102611,102611,102611 opt=35011,35011,35011,35011,35011,35011,35011,35011,35011,35011
BENCH family=mp logn=5 pi=42 dir=0 calls=100 old=212111,212111,212111,212111,212111,212111,212111,212111,212111,212111 opt=72611,72611,72611,72611,72611,72611,72611,72611,72611,72611
BENCH family=mp logn=5 pi=42 dir=1 calls=100 old=241811,241811,241811,241811,241811,241811,241811,241811,241811,241811 opt=74311,74311,74311,74311,74311,74311,74311,74311,74311,74311
BENCH family=mp logn=6 pi=42 dir=0 calls=100 old=485211,485211,485211,485211,485211,485211,485211,485211,485211,485211 opt=150211,150211,150211,150211,150211,150211,150211,150211,150211,150211
BENCH family=mp logn=6 pi=42 dir=1 calls=100 old=555811,555811,555811,555811,555811,555811,555811,555811,555811,555811 opt=152311,152311,152311,152311,152311,152311,152311,152311,152311,152311
BENCH family=mp logn=7 pi=42 dir=0 calls=100 old=1124411,1124411,1124411,1124411,1124411,1124411,1124411,1124411,1124411,1124411 opt=348511,348511,348511,348511,348511,348511,348511,348511,348511,348511
BENCH family=mp logn=7 pi=42 dir=1 calls=100 old=1283811,1283811,1283811,1283811,1283812,1283811,1283811,1283811,1283811,1283811 opt=341811,341811,341811,341811,341811,341811,341811,341811,341811,341811
BENCH family=mp logn=8 pi=42 dir=0 calls=100 old=2503111,2503111,2503111,2503111,2503111,2503111,2503111,2503111,2503111,2503111 opt=759411,759411,759411,759411,759411,759411,759411,759411,759411,759411
BENCH family=mp logn=8 pi=42 dir=1 calls=100 old=2866611,2866611,2866611,2866611,2866611,2866611,2866611,2866611,2866612,2866611 opt=735211,735211,735211,735211,735211,735211,735211,735211,735211,735211
BENCH family=mp logn=9 pi=42 dir=0 calls=100 old=5655911,5655911,5655911,5655911,5655911,5655911,5655911,5655911,5655911,5655912 opt=1709911,1709911,1709911,1709911,1709911,1709911,1709911,1709911,1709911,1709911
BENCH family=mp logn=9 pi=42 dir=1 calls=100 old=6458611,6458611,6458611,6458611,6458611,6458611,6458611,6458611,6458611,6458611 opt=1646711,1646711,1646711,1646711,1646711,1646711,1646711,1646711,1646711,1646712
BENCH family=mp logn=10 pi=42 dir=0 calls=100 old=12349811,12349811,12349811,12349811,12349812,12349811,12349811,12349811,12349811,12349811 opt=3696011,3696011,3696011,3696011,3696011,3696011,3696011,3696011,3696011,3696012
BENCH family=mp logn=10 pi=42 dir=1 calls=100 old=14134211,14134211,14134211,14134212,14134211,14134211,14134211,14134211,14134212,14134211 opt=3544111,3544111,3544111,3544111,3544111,3544111,3544111,3544111,3544111,3544111
BENCH family=mp logn=4 pi=43 dir=0 calls=100 old=89711,89711,89711,89711,89711,89711,89711,89711,89711,89711 opt=32411,32411,32411,32411,32411,32411,32411,32411,32411,32411
BENCH family=mp logn=4 pi=43 dir=1 calls=100 old=102611,102611,102611,102611,102611,102611,102611,102611,102611,102611 opt=35011,35011,35011,35011,35011,35011,35011,35011,35011,35011
BENCH family=mp logn=5 pi=43 dir=0 calls=100 old=212111,212111,212111,212111,212111,212111,212111,212111,212111,212111 opt=72611,72611,72611,72611,72611,72611,72611,72611,72611,72611
BENCH family=mp logn=5 pi=43 dir=1 calls=100 old=241811,241811,241811,241811,241811,241811,241811,241811,241811,241811 opt=74311,74311,74311,74311,74311,74311,74311,74311,74311,74311
BENCH family=mp logn=6 pi=43 dir=0 calls=100 old=485211,485211,485211,485211,485211,485211,485211,485211,485211,485211 opt=150211,150211,150211,150211,150211,150211,150211,150211,150211,150211
BENCH family=mp logn=6 pi=43 dir=1 calls=100 old=555811,555811,555811,555811,555811,555811,555811,555811,555811,555811 opt=152311,152311,152311,152311,152311,152311,152311,152311,152311,152311
BENCH family=mp logn=7 pi=43 dir=0 calls=100 old=1124412,1124411,1124411,1124411,1124411,1124411,1124411,1124411,1124411,1124411 opt=348511,348511,348511,348511,348511,348511,348511,348511,348511,348511
BENCH family=mp logn=7 pi=43 dir=1 calls=100 old=1283811,1283811,1283811,1283811,1283811,1283811,1283811,1283811,1283811,1283811 opt=341811,341811,341811,341811,341811,341811,341811,341811,341811,341811
BENCH family=mp logn=8 pi=43 dir=0 calls=100 old=2503111,2503111,2503111,2503111,2503111,2503111,2503111,2503111,2503111,2503111 opt=759411,759411,759411,759411,759411,759411,759411,759411,759411,759411
BENCH family=mp logn=8 pi=43 dir=1 calls=100 old=2866611,2866612,2866611,2866611,2866611,2866611,2866611,2866611,2866611,2866611 opt=735211,735211,735211,735211,735211,735211,735211,735211,735211,735211
BENCH family=mp logn=9 pi=43 dir=0 calls=100 old=5655911,5655911,5655911,5655911,5655911,5655911,5655912,5655911,5655911,5655911 opt=1709911,1709911,1709911,1709911,1709911,1709911,1709911,1709911,1709911,1709911
BENCH family=mp logn=9 pi=43 dir=1 calls=100 old=6458611,6458611,6458611,6458611,6458611,6458612,6458611,6458611,6458611,6458611 opt=1646711,1646711,1646711,1646711,1646711,1646711,1646711,1646711,1646711,1646711
BENCH family=mp logn=10 pi=43 dir=0 calls=100 old=12349811,12349811,12349812,12349811,12349811,12349811,12349811,12349812,12349811,12349811 opt=3696011,3696011,3696011,3696011,3696011,3696011,3696011,3696011,3696011,3696011
BENCH family=mp logn=10 pi=43 dir=1 calls=100 old=14134211,14134211,14134212,14134211,14134211,14134211,14134212,14134211,14134211,14134211 opt=3544111,3544111,3544111,3544111,3544111,3544111,3544111,3544111,3544111,3544111
BENCH family=mp logn=4 pi=44 dir=0 calls=100 old=89711,89711,89711,89711,89711,89711,89711,89711,89711,89711 opt=32411,32411,32411,32411,32411,32411,32411,32411,32411,32411
BENCH family=mp logn=4 pi=44 dir=1 calls=100 old=102611,102611,102611,102611,102611,102611,102611,102611,102611,102611 opt=35011,35011,35011,35011,35011,35011,35011,35011,35011,35011
BENCH family=mp logn=5 pi=44 dir=0 calls=100 old=212111,212111,212111,212111,212111,212111,212111,212111,212111,212111 opt=72611,72611,72611,72611,72611,72611,72611,72611,72611,72611
BENCH family=mp logn=5 pi=44 dir=1 calls=100 old=241811,241811,241811,241811,241811,241811,241811,241811,241811,241811 opt=74311,74311,74311,74311,74312,74311,74311,74311,74311,74311
BENCH family=mp logn=6 pi=44 dir=0 calls=100 old=485211,485211,485211,485211,485211,485211,485211,485211,485211,485211 opt=150211,150211,150211,150211,150211,150211,150211,150211,150211,150211
BENCH family=mp logn=6 pi=44 dir=1 calls=100 old=555811,555811,555811,555811,555811,555811,555811,555811,555811,555811 opt=152311,152311,152311,152311,152311,152311,152311,152311,152311,152311
BENCH family=mp logn=7 pi=44 dir=0 calls=100 old=1124411,1124411,1124411,1124411,1124411,1124411,1124411,1124411,1124411,1124411 opt=348511,348511,348511,348511,348511,348511,348511,348511,348511,348511
BENCH family=mp logn=7 pi=44 dir=1 calls=100 old=1283811,1283811,1283811,1283811,1283811,1283811,1283811,1283811,1283811,1283811 opt=341811,341811,341811,341811,341811,341811,341811,341811,341811,341811
BENCH family=mp logn=8 pi=44 dir=0 calls=100 old=2503111,2503111,2503111,2503111,2503111,2503111,2503111,2503111,2503111,2503111 opt=759411,759411,759411,759411,759411,759412,759411,759411,759411,759411
BENCH family=mp logn=8 pi=44 dir=1 calls=100 old=2866611,2866611,2866611,2866611,2866611,2866611,2866611,2866611,2866611,2866611 opt=735211,735211,735211,735211,735211,735211,735211,735211,735211,735211
BENCH family=mp logn=9 pi=44 dir=0 calls=100 old=5655911,5655911,5655911,5655911,5655911,5655911,5655911,5655911,5655911,5655911 opt=1709911,1709911,1709912,1709911,1709911,1709911,1709911,1709911,1709911,1709911
BENCH family=mp logn=9 pi=44 dir=1 calls=100 old=6458611,6458611,6458612,6458611,6458611,6458611,6458611,6458611,6458611,6458611 opt=1646711,1646711,1646711,1646711,1646711,1646711,1646711,1646711,1646711,1646711
BENCH family=mp logn=10 pi=44 dir=0 calls=100 old=12349811,12349811,12349811,12349811,12349811,12349812,12349811,12349811,12349811,12349811 opt=3696012,3696011,3696011,3696011,3696011,3696011,3696011,3696011,3696011,3696011
BENCH family=mp logn=10 pi=44 dir=1 calls=100 old=14134212,14134211,14134211,14134211,14134211,14134211,14134211,14134211,14134211,14134212 opt=3544111,3544111,3544111,3544111,3544111,3544112,3544111,3544111,3544111,3544111
BENCH family=mp logn=4 pi=45 dir=0 calls=100 old=89711,89711,89711,89711,89711,89711,89711,89711,89711,89711 opt=32411,32411,32411,32411,32411,32411,32411,32411,32411,32411
BENCH family=mp logn=4 pi=45 dir=1 calls=100 old=102611,102611,102611,102611,102611,102611,102611,102611,102611,102611 opt=35011,35011,35011,35011,35011,35011,35011,35011,35011,35011
BENCH family=mp logn=5 pi=45 dir=0 calls=100 old=212111,212111,212111,212111,212111,212111,212111,212111,212111,212111 opt=72611,72611,72611,72611,72611,72611,72611,72611,72611,72611
BENCH family=mp logn=5 pi=45 dir=1 calls=100 old=241811,241811,241811,241811,241811,241811,241811,241811,241811,241811 opt=74311,74311,74311,74311,74311,74311,74311,74311,74311,74311
BENCH family=mp logn=6 pi=45 dir=0 calls=100 old=485211,485211,485211,485211,485211,485211,485211,485211,485211,485211 opt=150211,150211,150211,150211,150211,150211,150211,150211,150211,150211
BENCH family=mp logn=6 pi=45 dir=1 calls=100 old=555811,555811,555811,555811,555811,555811,555811,555811,555811,555811 opt=152311,152311,152311,152311,152311,152311,152311,152311,152311,152311
BENCH family=mp logn=7 pi=45 dir=0 calls=100 old=1124411,1124411,1124411,1124411,1124411,1124411,1124411,1124411,1124411,1124411 opt=348511,348511,348511,348511,348511,348511,348511,348511,348511,348511
BENCH family=mp logn=7 pi=45 dir=1 calls=100 old=1283811,1283811,1283811,1283811,1283811,1283812,1283811,1283811,1283811,1283811 opt=341811,341811,341811,341811,341811,341811,341811,341811,341811,341811
BENCH family=mp logn=8 pi=45 dir=0 calls=100 old=2503111,2503111,2503111,2503111,2503111,2503111,2503111,2503111,2503111,2503111 opt=759411,759411,759411,759411,759411,759411,759411,759411,759411,759411
BENCH family=mp logn=8 pi=45 dir=1 calls=100 old=2866611,2866611,2866611,2866611,2866611,2866611,2866611,2866611,2866611,2866611 opt=735211,735211,735211,735211,735211,735211,735211,735211,735211,735212
BENCH family=mp logn=9 pi=45 dir=0 calls=100 old=5655911,5655911,5655911,5655911,5655911,5655911,5655911,5655911,5655911,5655912 opt=1709911,1709911,1709911,1709911,1709911,1709911,1709911,1709911,1709911,1709911
BENCH family=mp logn=9 pi=45 dir=1 calls=100 old=6458611,6458611,6458611,6458611,6458611,6458611,6458611,6458611,6458611,6458612 opt=1646711,1646711,1646711,1646711,1646711,1646711,1646711,1646711,1646711,1646711
BENCH family=mp logn=10 pi=45 dir=0 calls=100 old=12349811,12349811,12349811,12349811,12349812,12349811,12349811,12349811,12349811,12349812 opt=3696011,3696011,3696011,3696011,3696011,3696011,3696011,3696011,3696011,3696011
BENCH family=mp logn=10 pi=45 dir=1 calls=100 old=14134211,14134211,14134211,14134212,14134211,14134211,14134211,14134211,14134212,14134211 opt=3544111,3544111,3544111,3544111,3544111,3544111,3544111,3544111,3544111,3544111
BENCH family=mp logn=4 pi=46 dir=0 calls=100 old=89711,89711,89711,89711,89711,89711,89711,89711,89711,89711 opt=32411,32411,32411,32411,32411,32411,32411,32411,32411,32411
BENCH family=mp logn=4 pi=46 dir=1 calls=100 old=102611,102611,102611,102611,102611,102611,102611,102611,102611,102611 opt=35011,35011,35011,35011,35011,35011,35011,35011,35011,35011
BENCH family=mp logn=5 pi=46 dir=0 calls=100 old=212111,212111,212111,212111,212111,212111,212111,212111,212111,212111 opt=72611,72611,72611,72611,72611,72611,72611,72611,72611,72611
BENCH family=mp logn=5 pi=46 dir=1 calls=100 old=241811,241811,241811,241811,241811,241811,241811,241811,241811,241811 opt=74311,74311,74311,74311,74311,74311,74311,74311,74311,74311
BENCH family=mp logn=6 pi=46 dir=0 calls=100 old=485211,485211,485211,485211,485211,485211,485211,485211,485211,485211 opt=150211,150211,150211,150211,150211,150211,150211,150211,150211,150211
BENCH family=mp logn=6 pi=46 dir=1 calls=100 old=555811,555811,555811,555811,555811,555811,555811,555811,555811,555811 opt=152311,152311,152311,152311,152311,152311,152311,152311,152311,152311
BENCH family=mp logn=7 pi=46 dir=0 calls=100 old=1124411,1124412,1124411,1124411,1124411,1124411,1124411,1124411,1124411,1124411 opt=348511,348511,348511,348511,348511,348511,348511,348511,348511,348511
BENCH family=mp logn=7 pi=46 dir=1 calls=100 old=1283811,1283811,1283811,1283811,1283811,1283811,1283811,1283811,1283811,1283811 opt=341811,341811,341811,341811,341811,341811,341811,341811,341811,341811
BENCH family=mp logn=8 pi=46 dir=0 calls=100 old=2503111,2503111,2503111,2503111,2503111,2503111,2503111,2503111,2503111,2503111 opt=759411,759411,759411,759411,759411,759411,759411,759411,759411,759411
BENCH family=mp logn=8 pi=46 dir=1 calls=100 old=2866611,2866611,2866612,2866611,2866611,2866611,2866611,2866611,2866611,2866611 opt=735211,735211,735211,735211,735211,735211,735211,735211,735211,735211
BENCH family=mp logn=9 pi=46 dir=0 calls=100 old=5655911,5655911,5655911,5655911,5655911,5655911,5655912,5655911,5655911,5655911 opt=1709911,1709911,1709911,1709911,1709911,1709911,1709911,1709911,1709911,1709911
BENCH family=mp logn=9 pi=46 dir=1 calls=100 old=6458611,6458611,6458611,6458611,6458611,6458611,6458612,6458611,6458611,6458611 opt=1646711,1646711,1646711,1646711,1646711,1646711,1646711,1646711,1646711,1646711
BENCH family=mp logn=10 pi=46 dir=0 calls=100 old=12349811,12349811,12349811,12349811,12349811,12349811,12349811,12349812,12349811,12349811 opt=3696011,3696011,3696012,3696011,3696011,3696011,3696011,3696011,3696011,3696011
BENCH family=mp logn=10 pi=46 dir=1 calls=100 old=14134211,14134211,14134212,14134211,14134211,14134211,14134212,14134211,14134211,14134211 opt=3544111,3544111,3544111,3544111,3544111,3544111,3544111,3544111,3544111,3544111
BENCH family=mp logn=4 pi=47 dir=0 calls=100 old=89711,89711,89711,89711,89711,89711,89711,89711,89711,89711 opt=32411,32411,32411,32411,32411,32411,32411,32411,32411,32411
BENCH family=mp logn=4 pi=47 dir=1 calls=100 old=102611,102611,102611,102611,102611,102611,102611,102611,102611,102611 opt=35011,35011,35011,35011,35011,35011,35011,35011,35011,35011
BENCH family=mp logn=5 pi=47 dir=0 calls=100 old=212111,212111,212111,212111,212111,212111,212111,212111,212111,212111 opt=72611,72611,72611,72611,72611,72611,72611,72611,72611,72611
BENCH family=mp logn=5 pi=47 dir=1 calls=100 old=241811,241811,241811,241811,241811,241811,241811,241811,241811,241811 opt=74311,74311,74311,74311,74311,74311,74311,74311,74311,74311
BENCH family=mp logn=6 pi=47 dir=0 calls=100 old=485211,485211,485211,485211,485211,485211,485211,485211,485211,485211 opt=150211,150211,150211,150211,150211,150211,150211,150211,150211,150211
BENCH family=mp logn=6 pi=47 dir=1 calls=100 old=555811,555811,555811,555811,555811,555811,555811,555811,555811,555811 opt=152311,152311,152311,152311,152311,152311,152311,152311,152311,152311
BENCH family=mp logn=7 pi=47 dir=0 calls=100 old=1124411,1124411,1124411,1124411,1124411,1124411,1124411,1124411,1124411,1124411 opt=348511,348511,348511,348511,348511,348511,348511,348511,348511,348511
BENCH family=mp logn=7 pi=47 dir=1 calls=100 old=1283811,1283811,1283811,1283811,1283811,1283811,1283811,1283811,1283811,1283811 opt=341811,341811,341811,341811,341811,341811,341811,341811,341811,341811
BENCH family=mp logn=8 pi=47 dir=0 calls=100 old=2503111,2503111,2503111,2503111,2503111,2503112,2503111,2503111,2503111,2503111 opt=759411,759411,759411,759411,759411,759411,759411,759411,759411,759411
BENCH family=mp logn=8 pi=47 dir=1 calls=100 old=2866611,2866611,2866611,2866611,2866611,2866611,2866611,2866611,2866611,2866611 opt=735211,735211,735211,735211,735211,735211,735211,735211,735211,735211
BENCH family=mp logn=9 pi=47 dir=0 calls=100 old=5655911,5655911,5655911,5655911,5655911,5655911,5655911,5655911,5655911,5655911 opt=1709911,1709911,1709911,1709912,1709911,1709911,1709911,1709911,1709911,1709911
BENCH family=mp logn=9 pi=47 dir=1 calls=100 old=6458611,6458611,6458611,6458611,6458611,6458611,6458611,6458611,6458611,6458611 opt=1646711,1646711,1646711,1646712,1646711,1646711,1646711,1646711,1646711,1646711
BENCH family=mp logn=10 pi=47 dir=0 calls=100 old=12349811,12349811,12349811,12349811,12349811,12349811,12349812,12349811,12349811,12349811 opt=3696011,3696012,3696011,3696011,3696011,3696011,3696011,3696011,3696011,3696011
BENCH family=mp logn=10 pi=47 dir=1 calls=100 old=14134212,14134211,14134211,14134211,14134211,14134212,14134211,14134211,14134211,14134212 opt=3544111,3544111,3544111,3544111,3544111,3544111,3544111,3544111,3544111,3544111
BENCH family=mp logn=4 pi=48 dir=0 calls=100 old=89711,89711,89711,89711,89711,89711,89711,89711,89711,89711 opt=32411,32411,32411,32411,32411,32411,32411,32411,32411,32411
BENCH family=mp logn=4 pi=48 dir=1 calls=100 old=102611,102611,102611,102611,102611,102611,102611,102611,102611,102611 opt=35011,35011,35011,35011,35011,35011,35011,35011,35011,35011
BENCH family=mp logn=5 pi=48 dir=0 calls=100 old=212111,212111,212111,212111,212111,212111,212111,212111,212111,212111 opt=72611,72611,72611,72611,72611,72611,72611,72611,72611,72611
BENCH family=mp logn=5 pi=48 dir=1 calls=100 old=241811,241811,241811,241811,241811,241811,241811,241811,241811,241811 opt=74311,74311,74311,74311,74311,74311,74311,74311,74311,74311
BENCH family=mp logn=6 pi=48 dir=0 calls=100 old=485211,485211,485211,485211,485211,485211,485211,485211,485211,485211 opt=150211,150211,150211,150211,150211,150211,150211,150211,150211,150211
BENCH family=mp logn=6 pi=48 dir=1 calls=100 old=555811,555811,555811,555811,555811,555811,555811,555811,555811,555811 opt=152311,152311,152311,152311,152311,152311,152311,152311,152311,152311
BENCH family=mp logn=7 pi=48 dir=0 calls=100 old=1124411,1124411,1124411,1124411,1124411,1124411,1124411,1124411,1124411,1124411 opt=348511,348511,348511,348511,348511,348511,348511,348511,348511,348511
BENCH family=mp logn=7 pi=48 dir=1 calls=100 old=1283811,1283811,1283811,1283811,1283811,1283811,1283811,1283811,1283812,1283811 opt=341811,341811,341811,341811,341811,341811,341811,341811,341811,341811
BENCH family=mp logn=8 pi=48 dir=0 calls=100 old=2503111,2503111,2503111,2503111,2503111,2503111,2503111,2503111,2503111,2503111 opt=759411,759411,759411,759411,759411,759411,759411,759411,759411,759411
BENCH family=mp logn=8 pi=48 dir=1 calls=100 old=2866611,2866611,2866611,2866611,2866611,2866611,2866611,2866611,2866611,2866611 opt=735211,735211,735211,735211,735211,735211,735211,735211,735211,735211
BENCH family=mp logn=9 pi=48 dir=0 calls=100 old=5655911,5655911,5655911,5655911,5655911,5655911,5655911,5655911,5655911,5655911 opt=1709911,1709911,1709911,1709911,1709911,1709911,1709911,1709911,1709911,1709911
BENCH family=mp logn=9 pi=48 dir=1 calls=100 old=6458611,6458611,6458611,6458611,6458611,6458611,6458611,6458611,6458611,6458612 opt=1646711,1646711,1646711,1646711,1646711,1646711,1646711,1646711,1646711,1646711
BENCH family=mp logn=10 pi=48 dir=0 calls=100 old=12349811,12349811,12349811,12349811,12349812,12349811,12349811,12349811,12349811,12349812 opt=3696011,3696011,3696011,3696011,3696011,3696011,3696011,3696011,3696011,3696011
BENCH family=mp logn=10 pi=48 dir=1 calls=100 old=14134211,14134211,14134211,14134212,14134211,14134211,14134211,14134211,14134212,14134211 opt=3544111,3544111,3544111,3544111,3544111,3544111,3544111,3544111,3544111,3544111
BENCH family=mp logn=4 pi=49 dir=0 calls=100 old=89711,89711,89711,89711,89711,89711,89711,89711,89711,89711 opt=32411,32411,32411,32411,32411,32411,32411,32411,32411,32411
BENCH family=mp logn=4 pi=49 dir=1 calls=100 old=102611,102611,102611,102611,102611,102611,102611,102611,102611,102611 opt=35011,35011,35011,35011,35011,35011,35011,35011,35011,35011
BENCH family=mp logn=5 pi=49 dir=0 calls=100 old=212111,212111,212111,212111,212111,212111,212111,212111,212111,212111 opt=72611,72611,72611,72611,72611,72611,72611,72611,72611,72611
BENCH family=mp logn=5 pi=49 dir=1 calls=100 old=241811,241811,241811,241811,241811,241811,241811,241811,241811,241811 opt=74311,74311,74311,74311,74311,74311,74311,74311,74311,74311
BENCH family=mp logn=6 pi=49 dir=0 calls=100 old=485211,485211,485211,485211,485211,485211,485211,485211,485211,485211 opt=150211,150211,150211,150211,150211,150211,150211,150211,150211,150211
BENCH family=mp logn=6 pi=49 dir=1 calls=100 old=555811,555811,555811,555811,555811,555811,555811,555811,555811,555811 opt=152311,152311,152311,152311,152311,152311,152311,152311,152311,152311
BENCH family=mp logn=7 pi=49 dir=0 calls=100 old=1124411,1124411,1124411,1124411,1124412,1124411,1124411,1124411,1124411,1124411 opt=348511,348511,348511,348511,348511,348511,348511,348511,348511,348511
BENCH family=mp logn=7 pi=49 dir=1 calls=100 old=1283811,1283811,1283811,1283811,1283811,1283811,1283811,1283811,1283811,1283811 opt=341811,341811,341811,341811,341811,341811,341811,341811,341811,341811
BENCH family=mp logn=8 pi=49 dir=0 calls=100 old=2503111,2503111,2503111,2503111,2503111,2503111,2503111,2503111,2503111,2503111 opt=759411,759411,759411,759411,759411,759411,759411,759411,759411,759411
BENCH family=mp logn=8 pi=49 dir=1 calls=100 old=2866611,2866611,2866611,2866612,2866611,2866611,2866611,2866611,2866611,2866611 opt=735211,735211,735211,735211,735211,735211,735211,735211,735211,735211
BENCH family=mp logn=9 pi=49 dir=0 calls=100 old=5655911,5655911,5655911,5655911,5655911,5655911,5655911,5655911,5655911,5655911 opt=1709911,1709911,1709911,1709911,1709911,1709911,1709911,1709912,1709911,1709911
BENCH family=mp logn=9 pi=49 dir=1 calls=100 old=6458611,6458611,6458611,6458611,6458611,6458611,6458612,6458611,6458611,6458611 opt=1646711,1646711,1646711,1646711,1646711,1646711,1646711,1646711,1646711,1646711
BENCH family=mp logn=10 pi=49 dir=0 calls=100 old=12349811,12349811,12349811,12349811,12349811,12349811,12349811,12349812,12349811,12349811 opt=3696011,3696011,3696012,3696011,3696011,3696011,3696011,3696011,3696011,3696011
BENCH family=mp logn=10 pi=49 dir=1 calls=100 old=14134211,14134211,14134212,14134211,14134211,14134211,14134211,14134211,14134211,14134211 opt=3544111,3544111,3544111,3544111,3544111,3544111,3544112,3544111,3544111,3544111
BENCH family=mp logn=4 pi=50 dir=0 calls=100 old=89711,89711,89711,89711,89711,89711,89711,89711,89711,89711 opt=32411,32411,32411,32411,32411,32411,32411,32411,32411,32411
BENCH family=mp logn=4 pi=50 dir=1 calls=100 old=102611,102611,102611,102611,102611,102611,102611,102611,102611,102611 opt=35011,35011,35011,35011,35011,35011,35011,35011,35011,35011
BENCH family=mp logn=5 pi=50 dir=0 calls=100 old=212111,212111,212111,212111,212111,212111,212111,212111,212111,212111 opt=72611,72611,72611,72611,72611,72611,72611,72611,72611,72611
BENCH family=mp logn=5 pi=50 dir=1 calls=100 old=241811,241811,241811,241811,241811,241811,241811,241811,241811,241811 opt=74311,74311,74311,74311,74311,74311,74311,74311,74311,74311
BENCH family=mp logn=6 pi=50 dir=0 calls=100 old=485211,485211,485211,485211,485211,485211,485211,485211,485211,485211 opt=150211,150212,150211,150211,150211,150211,150211,150211,150211,150211
BENCH family=mp logn=6 pi=50 dir=1 calls=100 old=555811,555811,555811,555811,555811,555811,555811,555811,555811,555811 opt=152311,152311,152311,152311,152311,152311,152311,152311,152311,152311
BENCH family=mp logn=7 pi=50 dir=0 calls=100 old=1124411,1124411,1124411,1124411,1124411,1124411,1124411,1124411,1124411,1124411 opt=348511,348511,348511,348511,348511,348511,348511,348511,348511,348511
BENCH family=mp logn=7 pi=50 dir=1 calls=100 old=1283811,1283811,1283811,1283811,1283811,1283811,1283811,1283811,1283811,1283811 opt=341811,341811,341811,341811,341811,341811,341811,341811,341811,341811
BENCH family=mp logn=8 pi=50 dir=0 calls=100 old=2503111,2503111,2503111,2503111,2503111,2503111,2503112,2503111,2503111,2503111 opt=759411,759411,759411,759411,759411,759411,759411,759411,759411,759411
BENCH family=mp logn=8 pi=50 dir=1 calls=100 old=2866611,2866611,2866611,2866611,2866611,2866611,2866611,2866611,2866611,2866611 opt=735211,735211,735211,735211,735211,735211,735211,735211,735211,735211
BENCH family=mp logn=9 pi=50 dir=0 calls=100 old=5655911,5655911,5655911,5655912,5655911,5655911,5655911,5655911,5655911,5655911 opt=1709911,1709911,1709911,1709911,1709911,1709911,1709911,1709911,1709911,1709911
BENCH family=mp logn=9 pi=50 dir=1 calls=100 old=6458611,6458611,6458611,6458612,6458611,6458611,6458611,6458611,6458611,6458611 opt=1646711,1646711,1646711,1646711,1646711,1646711,1646711,1646711,1646711,1646711
BENCH family=mp logn=10 pi=50 dir=0 calls=100 old=12349811,12349812,12349811,12349811,12349811,12349811,12349812,12349811,12349811,12349811 opt=3696011,3696011,3696011,3696011,3696011,3696011,3696011,3696011,3696011,3696011
BENCH family=mp logn=10 pi=50 dir=1 calls=100 old=14134211,14134211,14134211,14134211,14134211,14134212,14134211,14134211,14134211,14134212 opt=3544112,3544111,3544111,3544111,3544111,3544111,3544111,3544111,3544111,3544111
BENCH family=mp logn=4 pi=51 dir=0 calls=100 old=89711,89711,89711,89711,89711,89711,89711,89711,89711,89711 opt=32411,32411,32411,32411,32411,32411,32411,32411,32411,32411
BENCH family=mp logn=4 pi=51 dir=1 calls=100 old=102611,102611,102611,102611,102611,102611,102611,102611,102611,102611 opt=35011,35011,35011,35011,35011,35011,35011,35011,35011,35011
BENCH family=mp logn=5 pi=51 dir=0 calls=100 old=212111,212111,212111,212111,212111,212111,212111,212111,212111,212111 opt=72611,72611,72611,72611,72611,72611,72611,72611,72611,72611
BENCH family=mp logn=5 pi=51 dir=1 calls=100 old=241811,241811,241811,241811,241811,241811,241811,241811,241811,241811 opt=74311,74311,74311,74311,74311,74311,74311,74311,74311,74311
BENCH family=mp logn=6 pi=51 dir=0 calls=100 old=485211,485211,485211,485211,485211,485211,485211,485211,485211,485211 opt=150211,150211,150211,150211,150211,150211,150211,150211,150211,150211
BENCH family=mp logn=6 pi=51 dir=1 calls=100 old=555811,555811,555811,555811,555811,555811,555811,555811,555811,555811 opt=152311,152311,152311,152311,152311,152311,152311,152311,152311,152311
BENCH family=mp logn=7 pi=51 dir=0 calls=100 old=1124411,1124411,1124411,1124411,1124411,1124411,1124411,1124411,1124411,1124411 opt=348511,348511,348511,348511,348511,348511,348511,348511,348511,348511
BENCH family=mp logn=7 pi=51 dir=1 calls=100 old=1283811,1283811,1283811,1283811,1283811,1283811,1283811,1283811,1283811,1283811 opt=341811,341811,341811,341811,341811,341811,341811,341811,341812,341811
BENCH family=mp logn=8 pi=51 dir=0 calls=100 old=2503111,2503111,2503111,2503111,2503111,2503111,2503111,2503111,2503111,2503111 opt=759411,759411,759411,759411,759411,759411,759411,759411,759411,759411
BENCH family=mp logn=8 pi=51 dir=1 calls=100 old=2866611,2866611,2866611,2866611,2866611,2866611,2866611,2866611,2866611,2866611 opt=735211,735211,735211,735211,735211,735211,735211,735211,735211,735211
BENCH family=mp logn=9 pi=51 dir=0 calls=100 old=5655911,5655911,5655911,5655911,5655911,5655911,5655911,5655911,5655911,5655911 opt=1709911,1709911,1709911,1709911,1709911,1709911,1709911,1709911,1709911,1709911
BENCH family=mp logn=9 pi=51 dir=1 calls=100 old=6458612,6458611,6458611,6458611,6458611,6458611,6458611,6458611,6458611,6458612 opt=1646711,1646711,1646711,1646711,1646711,1646711,1646711,1646711,1646711,1646711
BENCH family=mp logn=10 pi=51 dir=0 calls=100 old=12349811,12349811,12349811,12349811,12349812,12349811,12349811,12349811,12349811,12349812 opt=3696011,3696011,3696011,3696011,3696011,3696011,3696011,3696011,3696011,3696011
BENCH family=mp logn=10 pi=51 dir=1 calls=100 old=14134211,14134211,14134211,14134212,14134211,14134211,14134211,14134211,14134212,14134211 opt=3544111,3544111,3544111,3544111,3544111,3544111,3544111,3544111,3544111,3544111
BENCH family=mp logn=4 pi=52 dir=0 calls=100 old=89711,89711,89711,89711,89711,89711,89711,89711,89711,89711 opt=32411,32411,32411,32411,32411,32411,32411,32411,32411,32411
BENCH family=mp logn=4 pi=52 dir=1 calls=100 old=102611,102611,102611,102611,102611,102611,102611,102611,102611,102611 opt=35011,35011,35011,35011,35011,35011,35011,35011,35011,35011
BENCH family=mp logn=5 pi=52 dir=0 calls=100 old=212111,212111,212111,212111,212111,212111,212111,212111,212111,212111 opt=72611,72611,72611,72611,72611,72611,72611,72611,72611,72611
BENCH family=mp logn=5 pi=52 dir=1 calls=100 old=241811,241811,241811,241811,241811,241811,241811,241811,241811,241811 opt=74311,74311,74311,74311,74311,74311,74311,74311,74311,74311
BENCH family=mp logn=6 pi=52 dir=0 calls=100 old=485211,485211,485211,485211,485211,485211,485211,485211,485211,485211 opt=150211,150211,150211,150211,150211,150211,150211,150211,150211,150211
BENCH family=mp logn=6 pi=52 dir=1 calls=100 old=555811,555811,555811,555811,555811,555811,555811,555811,555811,555811 opt=152311,152311,152311,152311,152311,152311,152311,152311,152311,152311
BENCH family=mp logn=7 pi=52 dir=0 calls=100 old=1124411,1124411,1124411,1124412,1124411,1124411,1124411,1124411,1124411,1124411 opt=348511,348511,348511,348511,348511,348511,348511,348511,348511,348511
BENCH family=mp logn=7 pi=52 dir=1 calls=100 old=1283811,1283811,1283811,1283811,1283811,1283811,1283811,1283811,1283811,1283811 opt=341811,341811,341811,341811,341811,341811,341811,341811,341811,341811
BENCH family=mp logn=8 pi=52 dir=0 calls=100 old=2503111,2503111,2503111,2503111,2503111,2503111,2503111,2503111,2503111,2503111 opt=759411,759411,759411,759411,759411,759411,759411,759411,759411,759411
BENCH family=mp logn=8 pi=52 dir=1 calls=100 old=2866611,2866611,2866611,2866611,2866611,2866611,2866611,2866611,2866611,2866611 opt=735211,735211,735211,735212,735211,735211,735211,735211,735211,735211
BENCH family=mp logn=9 pi=52 dir=0 calls=100 old=5655911,5655911,5655911,5655911,5655911,5655911,5655911,5655911,5655911,5655911 opt=1709911,1709911,1709911,1709911,1709911,1709911,1709912,1709911,1709911,1709911
BENCH family=mp logn=9 pi=52 dir=1 calls=100 old=6458611,6458611,6458611,6458611,6458611,6458611,6458612,6458611,6458611,6458611 opt=1646711,1646711,1646711,1646711,1646711,1646711,1646711,1646711,1646711,1646711
BENCH family=mp logn=10 pi=52 dir=0 calls=100 old=12349811,12349811,12349811,12349811,12349811,12349811,12349811,12349812,12349811,12349811 opt=3696011,3696011,3696012,3696011,3696011,3696011,3696011,3696011,3696011,3696011
BENCH family=mp logn=10 pi=52 dir=1 calls=100 old=14134211,14134211,14134212,14134211,14134211,14134211,14134211,14134211,14134211,14134211 opt=3544111,3544111,3544111,3544111,3544111,3544111,3544112,3544111,3544111,3544111
BENCH family=mp logn=4 pi=53 dir=0 calls=100 old=89711,89711,89711,89711,89711,89711,89711,89711,89711,89711 opt=32411,32411,32411,32411,32411,32411,32411,32411,32411,32411
BENCH family=mp logn=4 pi=53 dir=1 calls=100 old=102611,102611,102611,102611,102611,102611,102611,102611,102611,102611 opt=35011,35011,35011,35011,35011,35011,35011,35011,35011,35011
BENCH family=mp logn=5 pi=53 dir=0 calls=100 old=212111,212111,212111,212111,212111,212111,212111,212111,212111,212111 opt=72611,72611,72611,72611,72611,72611,72611,72611,72611,72611
BENCH family=mp logn=5 pi=53 dir=1 calls=100 old=241811,241811,241811,241811,241811,241811,241811,241811,241811,241811 opt=74311,74311,74311,74311,74311,74311,74311,74311,74311,74311
BENCH family=mp logn=6 pi=53 dir=0 calls=100 old=485211,485212,485211,485211,485211,485211,485211,485211,485211,485211 opt=150211,150211,150211,150211,150211,150211,150211,150211,150211,150211
BENCH family=mp logn=6 pi=53 dir=1 calls=100 old=555811,555811,555811,555811,555811,555811,555811,555811,555811,555811 opt=152311,152311,152311,152311,152311,152311,152311,152311,152311,152311
BENCH family=mp logn=7 pi=53 dir=0 calls=100 old=1124411,1124411,1124411,1124411,1124411,1124411,1124411,1124411,1124411,1124411 opt=348511,348511,348511,348511,348511,348511,348511,348511,348511,348511
BENCH family=mp logn=7 pi=53 dir=1 calls=100 old=1283811,1283811,1283811,1283811,1283811,1283811,1283811,1283811,1283811,1283811 opt=341811,341811,341811,341811,341811,341811,341811,341811,341811,341811
BENCH family=mp logn=8 pi=53 dir=0 calls=100 old=2503111,2503111,2503111,2503111,2503111,2503111,2503111,2503111,2503111,2503111 opt=759411,759411,759411,759411,759411,759411,759412,759411,759411,759411
BENCH family=mp logn=8 pi=53 dir=1 calls=100 old=2866611,2866611,2866611,2866611,2866611,2866611,2866611,2866611,2866611,2866611 opt=735211,735211,735211,735211,735211,735211,735211,735211,735211,735211
BENCH family=mp logn=9 pi=53 dir=0 calls=100 old=5655911,5655911,5655911,5655912,5655911,5655911,5655911,5655911,5655911,5655911 opt=1709911,1709911,1709911,1709911,1709911,1709911,1709911,1709911,1709911,1709911
BENCH family=mp logn=9 pi=53 dir=1 calls=100 old=6458611,6458611,6458611,6458612,6458611,6458611,6458611,6458611,6458611,6458611 opt=1646711,1646711,1646711,1646711,1646711,1646711,1646711,1646711,1646711,1646711
BENCH family=mp logn=10 pi=53 dir=0 calls=100 old=12349811,12349812,12349811,12349811,12349811,12349811,12349812,12349811,12349811,12349811 opt=3696011,3696011,3696011,3696011,3696011,3696011,3696011,3696011,3696011,3696011
BENCH family=mp logn=10 pi=53 dir=1 calls=100 old=14134211,14134211,14134211,14134211,14134211,14134212,14134211,14134211,14134211,14134211 opt=3544111,3544112,3544111,3544111,3544111,3544111,3544111,3544111,3544111,3544111
BENCH family=mp logn=4 pi=54 dir=0 calls=100 old=89711,89711,89711,89711,89711,89711,89711,89711,89711,89711 opt=32411,32411,32411,32411,32411,32411,32411,32411,32411,32411
BENCH family=mp logn=4 pi=54 dir=1 calls=100 old=102611,102611,102611,102611,102611,102611,102611,102611,102611,102611 opt=35011,35011,35011,35011,35011,35011,35011,35011,35011,35011
BENCH family=mp logn=5 pi=54 dir=0 calls=100 old=212111,212111,212111,212111,212111,212111,212111,212111,212111,212111 opt=72611,72611,72611,72611,72611,72611,72611,72611,72611,72611
BENCH family=mp logn=5 pi=54 dir=1 calls=100 old=241811,241811,241811,241811,241811,241811,241811,241811,241811,241811 opt=74311,74311,74311,74311,74311,74311,74311,74311,74311,74311
BENCH family=mp logn=6 pi=54 dir=0 calls=100 old=485211,485211,485211,485211,485211,485211,485211,485211,485211,485211 opt=150211,150211,150211,150211,150211,150211,150211,150211,150211,150211
BENCH family=mp logn=6 pi=54 dir=1 calls=100 old=555811,555811,555811,555811,555811,555811,555811,555811,555811,555811 opt=152311,152311,152311,152311,152311,152311,152311,152311,152311,152311
BENCH family=mp logn=7 pi=54 dir=0 calls=100 old=1124411,1124411,1124411,1124411,1124411,1124411,1124411,1124411,1124411,1124411 opt=348511,348511,348511,348511,348511,348511,348511,348511,348511,348511
BENCH family=mp logn=7 pi=54 dir=1 calls=100 old=1283811,1283811,1283811,1283811,1283811,1283811,1283811,1283811,1283811,1283811 opt=341811,341811,341811,341811,341811,341811,341811,341811,341811,341811
BENCH family=mp logn=8 pi=54 dir=0 calls=100 old=2503111,2503111,2503111,2503111,2503111,2503111,2503111,2503111,2503111,2503111 opt=759411,759411,759411,759411,759411,759411,759411,759411,759411,759411
BENCH family=mp logn=8 pi=54 dir=1 calls=100 old=2866611,2866611,2866611,2866611,2866611,2866611,2866611,2866611,2866611,2866611 opt=735211,735211,735211,735211,735211,735211,735211,735211,735211,735211
BENCH family=mp logn=9 pi=54 dir=0 calls=100 old=5655912,5655911,5655911,5655911,5655911,5655911,5655911,5655911,5655911,5655911 opt=1709911,1709911,1709911,1709911,1709911,1709911,1709911,1709911,1709911,1709911
BENCH family=mp logn=9 pi=54 dir=1 calls=100 old=6458612,6458611,6458611,6458611,6458611,6458611,6458611,6458611,6458611,6458611 opt=1646711,1646711,1646711,1646711,1646711,1646711,1646711,1646711,1646711,1646711
BENCH family=mp logn=10 pi=54 dir=0 calls=100 old=12349811,12349811,12349811,12349811,12349811,12349811,12349811,12349811,12349811,12349812 opt=3696011,3696011,3696011,3696011,3696012,3696011,3696011,3696011,3696011,3696011
BENCH family=mp logn=10 pi=54 dir=1 calls=100 old=14134211,14134211,14134211,14134211,14134212,14134211,14134211,14134211,14134212,14134211 opt=3544111,3544111,3544111,3544111,3544111,3544111,3544111,3544111,3544111,3544111
BENCH family=mp logn=4 pi=55 dir=0 calls=100 old=89711,89711,89711,89711,89711,89711,89711,89711,89711,89711 opt=32411,32411,32411,32411,32411,32411,32411,32411,32411,32411
BENCH family=mp logn=4 pi=55 dir=1 calls=100 old=102611,102611,102611,102611,102611,102611,102611,102611,102611,102611 opt=35011,35011,35011,35011,35011,35011,35011,35011,35011,35011
BENCH family=mp logn=5 pi=55 dir=0 calls=100 old=212111,212111,212111,212111,212111,212111,212111,212111,212111,212111 opt=72611,72611,72611,72611,72611,72611,72611,72611,72611,72611
BENCH family=mp logn=5 pi=55 dir=1 calls=100 old=241811,241811,241811,241811,241811,241811,241811,241811,241811,241811 opt=74311,74311,74311,74311,74311,74311,74311,74311,74311,74311
BENCH family=mp logn=6 pi=55 dir=0 calls=100 old=485211,485211,485211,485211,485211,485211,485211,485211,485211,485211 opt=150211,150211,150211,150211,150211,150211,150211,150211,150211,150211
BENCH family=mp logn=6 pi=55 dir=1 calls=100 old=555811,555811,555811,555811,555811,555811,555811,555811,555811,555811 opt=152311,152311,152311,152311,152311,152311,152311,152311,152311,152311
BENCH family=mp logn=7 pi=55 dir=0 calls=100 old=1124411,1124411,1124411,1124411,1124411,1124411,1124411,1124411,1124412,1124411 opt=348511,348511,348511,348511,348511,348511,348511,348511,348511,348511
BENCH family=mp logn=7 pi=55 dir=1 calls=100 old=1283811,1283811,1283811,1283811,1283811,1283811,1283811,1283811,1283811,1283811 opt=341811,341811,341811,341811,341811,341811,341811,341811,341811,341811
BENCH family=mp logn=8 pi=55 dir=0 calls=100 old=2503111,2503111,2503111,2503111,2503111,2503111,2503111,2503111,2503111,2503111 opt=759411,759411,759411,759411,759411,759411,759411,759411,759411,759411
BENCH family=mp logn=8 pi=55 dir=1 calls=100 old=2866611,2866611,2866611,2866611,2866611,2866611,2866611,2866611,2866611,2866611 opt=735211,735211,735211,735211,735211,735212,735211,735211,735211,735211
BENCH family=mp logn=9 pi=55 dir=0 calls=100 old=5655911,5655911,5655911,5655911,5655911,5655911,5655911,5655912,5655911,5655911 opt=1709911,1709911,1709911,1709911,1709911,1709911,1709911,1709911,1709911,1709911
BENCH family=mp logn=9 pi=55 dir=1 calls=100 old=6458611,6458611,6458611,6458611,6458611,6458611,6458611,6458612,6458611,6458611 opt=1646711,1646711,1646711,1646711,1646711,1646711,1646711,1646711,1646711,1646711
BENCH family=mp logn=10 pi=55 dir=0 calls=100 old=12349811,12349811,12349811,12349812,12349811,12349811,12349811,12349811,12349812,12349811 opt=3696011,3696011,3696011,3696011,3696011,3696011,3696011,3696011,3696011,3696011
BENCH family=mp logn=10 pi=55 dir=1 calls=100 old=14134211,14134211,14134212,14134211,14134211,14134211,14134211,14134212,14134211,14134211 opt=3544111,3544111,3544111,3544111,3544111,3544111,3544111,3544111,3544111,3544111
BENCH family=mp logn=4 pi=56 dir=0 calls=100 old=89711,89711,89711,89711,89711,89711,89711,89711,89711,89711 opt=32411,32411,32411,32411,32411,32411,32411,32411,32411,32411
BENCH family=mp logn=4 pi=56 dir=1 calls=100 old=102611,102611,102611,102611,102611,102611,102611,102611,102611,102611 opt=35011,35011,35011,35011,35011,35011,35011,35011,35011,35011
BENCH family=mp logn=5 pi=56 dir=0 calls=100 old=212111,212111,212111,212111,212111,212111,212111,212111,212111,212111 opt=72611,72611,72611,72611,72611,72611,72611,72611,72611,72611
BENCH family=mp logn=5 pi=56 dir=1 calls=100 old=241811,241811,241811,241811,241811,241811,241811,241811,241811,241811 opt=74311,74311,74311,74311,74311,74311,74311,74311,74311,74311
BENCH family=mp logn=6 pi=56 dir=0 calls=100 old=485211,485211,485211,485211,485211,485211,485211,485211,485211,485211 opt=150211,150211,150211,150211,150211,150211,150211,150211,150211,150211
BENCH family=mp logn=6 pi=56 dir=1 calls=100 old=555811,555811,555811,555811,555811,555811,555811,555811,555811,555811 opt=152311,152311,152311,152311,152311,152311,152311,152311,152311,152311
BENCH family=mp logn=7 pi=56 dir=0 calls=100 old=1124411,1124411,1124411,1124411,1124411,1124411,1124411,1124411,1124411,1124411 opt=348511,348511,348511,348511,348511,348511,348511,348511,348511,348511
BENCH family=mp logn=7 pi=56 dir=1 calls=100 old=1283811,1283811,1283811,1283811,1283811,1283811,1283811,1283811,1283811,1283811 opt=341811,341811,341811,341811,341811,341811,341811,341811,341811,341811
BENCH family=mp logn=8 pi=56 dir=0 calls=100 old=2503111,2503111,2503111,2503111,2503111,2503111,2503111,2503111,2503112,2503111 opt=759411,759411,759411,759411,759411,759411,759411,759411,759411,759411
BENCH family=mp logn=8 pi=56 dir=1 calls=100 old=2866611,2866611,2866611,2866611,2866611,2866611,2866611,2866611,2866611,2866611 opt=735211,735211,735211,735211,735211,735211,735211,735211,735211,735211
BENCH family=mp logn=9 pi=56 dir=0 calls=100 old=5655911,5655911,5655911,5655911,5655912,5655911,5655911,5655911,5655911,5655911 opt=1709911,1709911,1709911,1709911,1709911,1709911,1709911,1709911,1709911,1709911
BENCH family=mp logn=9 pi=56 dir=1 calls=100 old=6458611,6458611,6458611,6458611,6458612,6458611,6458611,6458611,6458611,6458611 opt=1646711,1646711,1646711,1646711,1646711,1646711,1646711,1646711,1646711,1646711
BENCH family=mp logn=10 pi=56 dir=0 calls=100 old=12349811,12349812,12349811,12349811,12349811,12349811,12349812,12349811,12349811,12349811 opt=3696011,3696011,3696011,3696011,3696011,3696011,3696011,3696011,3696011,3696011
BENCH family=mp logn=10 pi=56 dir=1 calls=100 old=14134211,14134212,14134211,14134211,14134211,14134212,14134211,14134211,14134211,14134211 opt=3544111,3544111,3544111,3544111,3544111,3544111,3544111,3544111,3544111,3544111
PROGRESS timing_prime=56
BENCH family=mp logn=4 pi=57 dir=0 calls=100 old=89711,89711,89711,89711,89711,89711,89711,89711,89711,89711 opt=32411,32411,32411,32411,32411,32411,32411,32411,32411,32411
BENCH family=mp logn=4 pi=57 dir=1 calls=100 old=102611,102611,102611,102611,102611,102611,102611,102611,102611,102611 opt=35011,35011,35011,35011,35011,35011,35011,35011,35011,35011
BENCH family=mp logn=5 pi=57 dir=0 calls=100 old=212111,212111,212111,212111,212111,212111,212111,212111,212111,212111 opt=72611,72611,72611,72611,72611,72611,72611,72611,72611,72611
BENCH family=mp logn=5 pi=57 dir=1 calls=100 old=241811,241811,241811,241811,241811,241811,241811,241811,241811,241811 opt=74311,74311,74311,74311,74311,74311,74311,74311,74311,74311
BENCH family=mp logn=6 pi=57 dir=0 calls=100 old=485211,485211,485211,485211,485211,485211,485211,485211,485211,485211 opt=150211,150211,150211,150211,150211,150211,150211,150211,150211,150211
BENCH family=mp logn=6 pi=57 dir=1 calls=100 old=555811,555811,555811,555811,555811,555811,555811,555811,555811,555811 opt=152311,152311,152311,152311,152311,152311,152311,152311,152311,152311
BENCH family=mp logn=7 pi=57 dir=0 calls=100 old=1124411,1124411,1124411,1124411,1124411,1124411,1124411,1124411,1124411,1124411 opt=348511,348511,348511,348511,348511,348511,348511,348511,348511,348511
BENCH family=mp logn=7 pi=57 dir=1 calls=100 old=1283811,1283811,1283811,1283811,1283811,1283811,1283811,1283811,1283811,1283811 opt=341811,341811,341811,341811,341811,341811,341811,341811,341811,341811
BENCH family=mp logn=8 pi=57 dir=0 calls=100 old=2503111,2503111,2503111,2503111,2503111,2503111,2503111,2503111,2503111,2503111 opt=759411,759412,759411,759411,759411,759411,759411,759411,759411,759411
BENCH family=mp logn=8 pi=57 dir=1 calls=100 old=2866611,2866611,2866611,2866611,2866611,2866611,2866611,2866611,2866611,2866611 opt=735211,735211,735211,735211,735211,735211,735211,735211,735211,735211
BENCH family=mp logn=9 pi=57 dir=0 calls=100 old=5655911,5655911,5655911,5655911,5655911,5655911,5655911,5655911,5655911,5655911 opt=1709912,1709911,1709911,1709911,1709911,1709911,1709911,1709911,1709911,1709911
BENCH family=mp logn=9 pi=57 dir=1 calls=100 old=6458611,6458611,6458611,6458611,6458611,6458611,6458611,6458611,6458611,6458611 opt=1646711,1646712,1646711,1646711,1646711,1646711,1646711,1646711,1646711,1646711
BENCH family=mp logn=10 pi=57 dir=0 calls=100 old=12349812,12349811,12349811,12349811,12349811,12349811,12349811,12349811,12349811,12349811 opt=3696011,3696011,3696011,3696011,3696011,3696012,3696011,3696011,3696011,3696011
BENCH family=mp logn=10 pi=57 dir=1 calls=100 old=14134211,14134211,14134211,14134211,14134212,14134211,14134211,14134211,14134211,14134211 opt=3544111,3544111,3544111,3544111,3544111,3544111,3544111,3544111,3544112,3544111
BENCH family=mp logn=4 pi=58 dir=0 calls=100 old=89711,89711,89711,89711,89711,89711,89711,89711,89711,89711 opt=32411,32411,32411,32411,32411,32411,32411,32411,32411,32411
BENCH family=mp logn=4 pi=58 dir=1 calls=100 old=102611,102611,102611,102611,102611,102611,102611,102611,102611,102611 opt=35011,35011,35011,35011,35011,35011,35011,35011,35011,35011
BENCH family=mp logn=5 pi=58 dir=0 calls=100 old=212111,212111,212111,212111,212111,212111,212111,212111,212111,212111 opt=72611,72611,72611,72611,72611,72611,72611,72611,72611,72611
BENCH family=mp logn=5 pi=58 dir=1 calls=100 old=241811,241811,241811,241811,241811,241811,241811,241811,241811,241811 opt=74311,74311,74311,74311,74311,74311,74311,74311,74311,74311
BENCH family=mp logn=6 pi=58 dir=0 calls=100 old=485211,485211,485211,485211,485211,485211,485211,485211,485211,485211 opt=150211,150211,150211,150211,150211,150211,150211,150211,150211,150211
BENCH family=mp logn=6 pi=58 dir=1 calls=100 old=555811,555811,555811,555811,555811,555811,555811,555811,555811,555811 opt=152311,152311,152311,152311,152311,152311,152311,152311,152311,152311
BENCH family=mp logn=7 pi=58 dir=0 calls=100 old=1124411,1124411,1124411,1124411,1124411,1124411,1124411,1124411,1124411,1124411 opt=348511,348511,348511,348511,348511,348511,348511,348511,348511,348511
BENCH family=mp logn=7 pi=58 dir=1 calls=100 old=1283811,1283811,1283811,1283811,1283811,1283811,1283811,1283811,1283811,1283811 opt=341811,341811,341811,341811,341811,341811,341811,341811,341811,341811
BENCH family=mp logn=8 pi=58 dir=0 calls=100 old=2503111,2503111,2503111,2503111,2503111,2503111,2503111,2503111,2503111,2503111 opt=759411,759411,759411,759411,759411,759411,759411,759411,759411,759411
BENCH family=mp logn=8 pi=58 dir=1 calls=100 old=2866611,2866611,2866611,2866611,2866611,2866612,2866611,2866611,2866611,2866611 opt=735211,735211,735211,735211,735211,735211,735211,735211,735211,735211
BENCH family=mp logn=9 pi=58 dir=0 calls=100 old=5655911,5655911,5655911,5655911,5655911,5655911,5655911,5655911,5655912,5655911 opt=1709911,1709911,1709911,1709911,1709911,1709911,1709911,1709911,1709911,1709911
BENCH family=mp logn=9 pi=58 dir=1 calls=100 old=6458611,6458611,6458611,6458611,6458611,6458611,6458611,6458612,6458611,6458611 opt=1646711,1646711,1646711,1646711,1646711,1646711,1646711,1646711,1646711,1646711
BENCH family=mp logn=10 pi=58 dir=0 calls=100 old=12349811,12349811,12349811,12349812,12349811,12349811,12349811,12349811,12349812,12349811 opt=3696011,3696011,3696011,3696011,3696011,3696011,3696011,3696011,3696011,3696011
BENCH family=mp logn=10 pi=58 dir=1 calls=100 old=14134211,14134211,14134211,14134211,14134211,14134211,14134211,14134212,14134211,14134211 opt=3544111,3544111,3544112,3544111,3544111,3544111,3544111,3544111,3544111,3544111
BENCH family=mp logn=4 pi=59 dir=0 calls=100 old=89711,89711,89711,89711,89711,89711,89711,89711,89711,89711 opt=32411,32411,32411,32411,32411,32411,32411,32411,32411,32411
BENCH family=mp logn=4 pi=59 dir=1 calls=100 old=102611,102611,102611,102611,102611,102611,102611,102611,102611,102611 opt=35011,35011,35011,35011,35011,35011,35011,35011,35011,35011
BENCH family=mp logn=5 pi=59 dir=0 calls=100 old=212111,212111,212111,212111,212111,212111,212111,212111,212111,212111 opt=72611,72611,72611,72611,72611,72611,72611,72611,72611,72611
BENCH family=mp logn=5 pi=59 dir=1 calls=100 old=241811,241811,241811,241811,241811,241811,241811,241811,241811,241811 opt=74311,74311,74311,74311,74311,74311,74311,74311,74311,74311
BENCH family=mp logn=6 pi=59 dir=0 calls=100 old=485211,485211,485211,485211,485211,485211,485211,485211,485211,485211 opt=150211,150211,150211,150211,150211,150211,150211,150211,150211,150211
BENCH family=mp logn=6 pi=59 dir=1 calls=100 old=555811,555811,555812,555811,555811,555811,555811,555811,555811,555811 opt=152311,152311,152311,152311,152311,152311,152311,152311,152311,152311
BENCH family=mp logn=7 pi=59 dir=0 calls=100 old=1124411,1124411,1124411,1124411,1124411,1124411,1124411,1124411,1124411,1124411 opt=348511,348511,348511,348511,348511,348511,348511,348511,348511,348511
BENCH family=mp logn=7 pi=59 dir=1 calls=100 old=1283811,1283811,1283811,1283811,1283811,1283811,1283811,1283811,1283811,1283811 opt=341811,341811,341811,341811,341811,341811,341811,341811,341811,341811
BENCH family=mp logn=8 pi=59 dir=0 calls=100 old=2503111,2503111,2503111,2503111,2503111,2503111,2503111,2503111,2503111,2503111 opt=759411,759411,759411,759411,759411,759411,759411,759411,759411,759411
BENCH family=mp logn=8 pi=59 dir=1 calls=100 old=2866611,2866611,2866611,2866611,2866611,2866611,2866611,2866611,2866611,2866611 opt=735211,735211,735211,735211,735211,735211,735211,735211,735211,735211
BENCH family=mp logn=9 pi=59 dir=0 calls=100 old=5655911,5655911,5655911,5655911,5655911,5655911,5655911,5655911,5655911,5655911 opt=1709911,1709911,1709911,1709911,1709912,1709911,1709911,1709911,1709911,1709911
BENCH family=mp logn=9 pi=59 dir=1 calls=100 old=6458611,6458611,6458611,6458611,6458612,6458611,6458611,6458611,6458611,6458611 opt=1646711,1646711,1646711,1646711,1646711,1646711,1646711,1646711,1646711,1646711
BENCH family=mp logn=10 pi=59 dir=0 calls=100 old=12349811,12349812,12349811,12349811,12349811,12349811,12349811,12349811,12349811,12349811 opt=3696011,3696011,3696011,3696011,3696011,3696011,3696012,3696011,3696011,3696011
BENCH family=mp logn=10 pi=59 dir=1 calls=100 old=14134211,14134212,14134211,14134211,14134211,14134211,14134212,14134211,14134211,14134211 opt=3544111,3544111,3544111,3544111,3544111,3544111,3544111,3544111,3544111,3544111
BENCH family=mp logn=4 pi=60 dir=0 calls=100 old=89711,89711,89711,89711,89711,89711,89711,89711,89711,89711 opt=32411,32411,32411,32411,32411,32411,32411,32411,32411,32411
BENCH family=mp logn=4 pi=60 dir=1 calls=100 old=102611,102611,102611,102611,102611,102611,102611,102611,102611,102611 opt=35011,35011,35011,35011,35011,35011,35011,35011,35011,35011
BENCH family=mp logn=5 pi=60 dir=0 calls=100 old=212111,212111,212111,212111,212111,212111,212111,212111,212111,212111 opt=72611,72611,72611,72611,72611,72611,72611,72611,72611,72611
BENCH family=mp logn=5 pi=60 dir=1 calls=100 old=241811,241811,241811,241811,241811,241811,241811,241811,241811,241811 opt=74311,74311,74311,74311,74311,74311,74311,74311,74311,74311
BENCH family=mp logn=6 pi=60 dir=0 calls=100 old=485211,485211,485211,485211,485211,485211,485211,485211,485211,485211 opt=150211,150211,150211,150211,150211,150211,150211,150211,150211,150211
BENCH family=mp logn=6 pi=60 dir=1 calls=100 old=555811,555811,555811,555811,555811,555811,555811,555811,555811,555811 opt=152311,152311,152311,152311,152311,152311,152311,152311,152311,152311
BENCH family=mp logn=7 pi=60 dir=0 calls=100 old=1124411,1124411,1124411,1124411,1124411,1124411,1124411,1124411,1124411,1124411 opt=348511,348511,348511,348511,348511,348511,348511,348511,348511,348511
BENCH family=mp logn=7 pi=60 dir=1 calls=100 old=1283811,1283811,1283811,1283811,1283811,1283811,1283811,1283811,1283811,1283811 opt=341811,341811,341811,341811,341811,341811,341811,341811,341811,341811
BENCH family=mp logn=8 pi=60 dir=0 calls=100 old=2503111,2503111,2503112,2503111,2503111,2503111,2503111,2503111,2503111,2503111 opt=759411,759411,759411,759411,759411,759411,759411,759411,759411,759411
BENCH family=mp logn=8 pi=60 dir=1 calls=100 old=2866611,2866611,2866611,2866611,2866611,2866611,2866611,2866611,2866611,2866611 opt=735211,735211,735211,735211,735211,735211,735211,735211,735211,735211
BENCH family=mp logn=9 pi=60 dir=0 calls=100 old=5655911,5655912,5655911,5655911,5655911,5655911,5655911,5655911,5655911,5655911 opt=1709911,1709911,1709911,1709911,1709911,1709911,1709911,1709911,1709911,1709911
BENCH family=mp logn=9 pi=60 dir=1 calls=100 old=6458611,6458612,6458611,6458611,6458611,6458611,6458611,6458611,6458611,6458611 opt=1646711,1646711,1646711,1646711,1646711,1646711,1646711,1646711,1646711,1646711
BENCH family=mp logn=10 pi=60 dir=0 calls=100 old=12349812,12349811,12349811,12349811,12349811,12349812,12349811,12349811,12349811,12349811 opt=3696011,3696011,3696011,3696011,3696011,3696011,3696011,3696011,3696011,3696011
BENCH family=mp logn=10 pi=60 dir=1 calls=100 old=14134212,14134211,14134211,14134211,14134212,14134211,14134211,14134211,14134211,14134211 opt=3544111,3544111,3544111,3544111,3544111,3544111,3544111,3544111,3544111,3544112
BENCH family=mp logn=4 pi=61 dir=0 calls=100 old=89711,89711,89711,89711,89711,89711,89711,89711,89711,89711 opt=32411,32411,32411,32411,32411,32411,32411,32411,32411,32411
BENCH family=mp logn=4 pi=61 dir=1 calls=100 old=102611,102611,102611,102611,102611,102611,102611,102611,102611,102611 opt=35011,35011,35011,35011,35011,35011,35011,35011,35011,35011
BENCH family=mp logn=5 pi=61 dir=0 calls=100 old=212111,212111,212111,212111,212111,212111,212111,212111,212111,212111 opt=72611,72611,72611,72611,72611,72611,72611,72611,72611,72611
BENCH family=mp logn=5 pi=61 dir=1 calls=100 old=241811,241811,241811,241811,241811,241811,241811,241811,241811,241811 opt=74311,74311,74311,74311,74311,74311,74311,74311,74311,74311
BENCH family=mp logn=6 pi=61 dir=0 calls=100 old=485211,485211,485211,485211,485211,485211,485211,485211,485211,485211 opt=150211,150211,150211,150211,150211,150211,150211,150211,150211,150211
BENCH family=mp logn=6 pi=61 dir=1 calls=100 old=555811,555811,555811,555811,555811,555811,555811,555811,555811,555811 opt=152311,152311,152311,152311,152311,152311,152311,152311,152311,152311
BENCH family=mp logn=7 pi=61 dir=0 calls=100 old=1124411,1124411,1124411,1124411,1124411,1124411,1124411,1124411,1124411,1124411 opt=348511,348511,348511,348511,348511,348511,348511,348511,348511,348511
BENCH family=mp logn=7 pi=61 dir=1 calls=100 old=1283811,1283812,1283811,1283811,1283811,1283811,1283811,1283811,1283811,1283811 opt=341811,341811,341811,341811,341811,341811,341811,341811,341811,341811
BENCH family=mp logn=8 pi=61 dir=0 calls=100 old=2503111,2503111,2503111,2503111,2503111,2503111,2503111,2503111,2503111,2503111 opt=759411,759411,759411,759411,759411,759411,759411,759411,759411,759411
BENCH family=mp logn=8 pi=61 dir=1 calls=100 old=2866611,2866611,2866611,2866611,2866611,2866611,2866611,2866612,2866611,2866611 opt=735211,735211,735211,735211,735211,735211,735211,735211,735211,735211
BENCH family=mp logn=9 pi=61 dir=0 calls=100 old=5655911,5655911,5655911,5655911,5655911,5655911,5655911,5655911,5655911,5655911 opt=1709911,1709911,1709911,1709911,1709911,1709911,1709911,1709911,1709911,1709912
BENCH family=mp logn=9 pi=61 dir=1 calls=100 old=6458611,6458611,6458611,6458611,6458611,6458611,6458611,6458611,6458612,6458611 opt=1646711,1646711,1646711,1646711,1646711,1646711,1646711,1646711,1646711,1646711
BENCH family=mp logn=10 pi=61 dir=0 calls=100 old=12349811,12349811,12349811,12349812,12349811,12349811,12349811,12349811,12349811,12349811 opt=3696011,3696011,3696011,3696011,3696011,3696011,3696011,3696011,3696012,3696011
BENCH family=mp logn=10 pi=61 dir=1 calls=100 old=14134211,14134211,14134211,14134212,14134211,14134211,14134211,14134212,14134211,14134211 opt=3544111,3544111,3544111,3544111,3544111,3544111,3544111,3544111,3544111,3544111
BENCH family=mp logn=4 pi=62 dir=0 calls=100 old=89711,89711,89711,89711,89711,89711,89711,89711,89711,89711 opt=32411,32411,32411,32411,32411,32411,32411,32411,32411,32411
BENCH family=mp logn=4 pi=62 dir=1 calls=100 old=102611,102611,102611,102611,102611,102611,102611,102611,102611,102611 opt=35011,35011,35011,35011,35011,35011,35011,35011,35011,35011
BENCH family=mp logn=5 pi=62 dir=0 calls=100 old=212111,212111,212111,212111,212111,212111,212111,212111,212111,212111 opt=72611,72611,72611,72611,72611,72611,72611,72611,72611,72611
BENCH family=mp logn=5 pi=62 dir=1 calls=100 old=241811,241811,241811,241811,241811,241811,241811,241811,241811,241811 opt=74311,74311,74311,74311,74311,74311,74311,74311,74311,74311
BENCH family=mp logn=6 pi=62 dir=0 calls=100 old=485211,485211,485211,485211,485211,485211,485211,485211,485211,485211 opt=150211,150211,150211,150211,150211,150211,150211,150211,150211,150211
BENCH family=mp logn=6 pi=62 dir=1 calls=100 old=555811,555811,555811,555811,555811,555811,555811,555811,555811,555811 opt=152311,152311,152311,152311,152311,152311,152311,152311,152311,152312
BENCH family=mp logn=7 pi=62 dir=0 calls=100 old=1124411,1124411,1124411,1124411,1124411,1124411,1124411,1124411,1124411,1124411 opt=348511,348511,348511,348511,348511,348511,348511,348511,348511,348511
BENCH family=mp logn=7 pi=62 dir=1 calls=100 old=1283811,1283811,1283811,1283811,1283811,1283811,1283811,1283811,1283811,1283811 opt=341811,341811,341811,341811,341811,341811,341811,341811,341811,341811
BENCH family=mp logn=8 pi=62 dir=0 calls=100 old=2503111,2503111,2503111,2503111,2503111,2503111,2503111,2503111,2503111,2503111 opt=759411,759411,759411,759411,759411,759411,759411,759411,759411,759411
BENCH family=mp logn=8 pi=62 dir=1 calls=100 old=2866612,2866611,2866611,2866611,2866611,2866611,2866611,2866611,2866611,2866611 opt=735211,735211,735211,735211,735211,735211,735211,735211,735211,735211
BENCH family=mp logn=9 pi=62 dir=0 calls=100 old=5655911,5655911,5655911,5655911,5655911,5655912,5655911,5655911,5655911,5655911 opt=1709911,1709911,1709911,1709911,1709911,1709911,1709911,1709911,1709911,1709911
BENCH family=mp logn=9 pi=62 dir=1 calls=100 old=6458611,6458611,6458611,6458611,6458611,6458612,6458611,6458611,6458611,6458611 opt=1646711,1646711,1646711,1646711,1646711,1646711,1646711,1646711,1646711,1646711
BENCH family=mp logn=10 pi=62 dir=0 calls=100 old=12349811,12349811,12349812,12349811,12349811,12349811,12349811,12349812,12349811,12349811 opt=3696011,3696011,3696011,3696011,3696011,3696011,3696011,3696011,3696011,3696011
BENCH family=mp logn=10 pi=62 dir=1 calls=100 old=14134211,14134212,14134211,14134211,14134211,14134211,14134212,14134211,14134211,14134211 opt=3544111,3544111,3544111,3544111,3544111,3544111,3544111,3544111,3544111,3544111
BENCH family=mp logn=4 pi=63 dir=0 calls=100 old=89711,89711,89711,89711,89711,89711,89711,89711,89711,89711 opt=32411,32411,32411,32411,32411,32411,32411,32411,32411,32411
BENCH family=mp logn=4 pi=63 dir=1 calls=100 old=102611,102611,102611,102611,102611,102611,102611,102611,102611,102611 opt=35011,35011,35011,35011,35011,35011,35011,35011,35011,35011
BENCH family=mp logn=5 pi=63 dir=0 calls=100 old=212111,212111,212111,212111,212111,212111,212111,212111,212111,212111 opt=72611,72611,72611,72611,72611,72611,72611,72611,72611,72611
BENCH family=mp logn=5 pi=63 dir=1 calls=100 old=241811,241811,241811,241811,241811,241811,241811,241811,241811,241811 opt=74311,74311,74311,74311,74311,74311,74311,74311,74311,74311
BENCH family=mp logn=6 pi=63 dir=0 calls=100 old=485211,485211,485211,485211,485211,485211,485211,485211,485211,485211 opt=150211,150211,150211,150211,150211,150211,150211,150211,150211,150211
BENCH family=mp logn=6 pi=63 dir=1 calls=100 old=555811,555811,555811,555811,555811,555811,555811,555811,555811,555811 opt=152311,152311,152311,152311,152311,152311,152311,152311,152311,152311
BENCH family=mp logn=7 pi=63 dir=0 calls=100 old=1124411,1124411,1124411,1124411,1124411,1124411,1124411,1124411,1124411,1124411 opt=348511,348511,348511,348511,348511,348511,348511,348511,348511,348511
BENCH family=mp logn=7 pi=63 dir=1 calls=100 old=1283811,1283811,1283811,1283811,1283811,1283811,1283811,1283811,1283811,1283811 opt=341811,341811,341811,341811,341811,341811,341811,341811,341811,341811
BENCH family=mp logn=8 pi=63 dir=0 calls=100 old=2503111,2503111,2503111,2503112,2503111,2503111,2503111,2503111,2503111,2503111 opt=759411,759411,759411,759411,759411,759411,759411,759411,759411,759411
BENCH family=mp logn=8 pi=63 dir=1 calls=100 old=2866611,2866611,2866611,2866611,2866611,2866611,2866611,2866611,2866611,2866611 opt=735211,735211,735211,735211,735211,735211,735211,735211,735211,735211
BENCH family=mp logn=9 pi=63 dir=0 calls=100 old=5655911,5655911,5655912,5655911,5655911,5655911,5655911,5655911,5655911,5655911 opt=1709911,1709911,1709911,1709911,1709911,1709911,1709911,1709911,1709911,1709911
BENCH family=mp logn=9 pi=63 dir=1 calls=100 old=6458611,6458611,6458612,6458611,6458611,6458611,6458611,6458611,6458611,6458611 opt=1646711,1646711,1646711,1646711,1646711,1646711,1646711,1646711,1646711,1646711
BENCH family=mp logn=10 pi=63 dir=0 calls=100 old=12349812,12349811,12349811,12349811,12349811,12349812,12349811,12349811,12349811,12349811 opt=3696011,3696011,3696011,3696011,3696011,3696011,3696011,3696011,3696011,3696011
BENCH family=mp logn=10 pi=63 dir=1 calls=100 old=14134212,14134211,14134211,14134211,14134211,14134211,14134211,14134211,14134211,14134212 opt=3544111,3544111,3544111,3544111,3544112,3544111,3544111,3544111,3544111,3544111
BENCH family=mp logn=4 pi=64 dir=0 calls=100 old=89711,89711,89711,89711,89711,89711,89711,89711,89711,89711 opt=32411,32411,32411,32411,32411,32411,32411,32411,32411,32411
BENCH family=mp logn=4 pi=64 dir=1 calls=100 old=102611,102611,102611,102611,102611,102611,102611,102611,102611,102611 opt=35011,35011,35011,35011,35011,35011,35011,35011,35011,35011
BENCH family=mp logn=5 pi=64 dir=0 calls=100 old=212111,212111,212111,212111,212111,212111,212111,212111,212111,212111 opt=72611,72611,72611,72611,72611,72611,72611,72611,72611,72611
BENCH family=mp logn=5 pi=64 dir=1 calls=100 old=241811,241811,241811,241811,241811,241811,241811,241811,241811,241811 opt=74311,74311,74311,74311,74311,74311,74311,74311,74311,74311
BENCH family=mp logn=6 pi=64 dir=0 calls=100 old=485211,485211,485211,485211,485211,485211,485211,485211,485211,485211 opt=150211,150211,150211,150211,150211,150211,150211,150211,150211,150211
BENCH family=mp logn=6 pi=64 dir=1 calls=100 old=555811,555811,555811,555811,555811,555811,555811,555811,555811,555811 opt=152311,152311,152311,152311,152311,152311,152311,152311,152311,152311
BENCH family=mp logn=7 pi=64 dir=0 calls=100 old=1124411,1124411,1124411,1124411,1124411,1124411,1124411,1124411,1124411,1124411 opt=348511,348511,348511,348511,348511,348511,348511,348511,348511,348511
BENCH family=mp logn=7 pi=64 dir=1 calls=100 old=1283811,1283811,1283811,1283812,1283811,1283811,1283811,1283811,1283811,1283811 opt=341811,341811,341811,341811,341811,341811,341811,341811,341811,341811
BENCH family=mp logn=8 pi=64 dir=0 calls=100 old=2503111,2503111,2503111,2503111,2503111,2503111,2503111,2503111,2503111,2503111 opt=759411,759411,759411,759411,759411,759411,759411,759411,759411,759411
BENCH family=mp logn=8 pi=64 dir=1 calls=100 old=2866611,2866611,2866611,2866611,2866611,2866611,2866611,2866611,2866612,2866611 opt=735211,735211,735211,735211,735211,735211,735211,735211,735211,735211
BENCH family=mp logn=9 pi=64 dir=0 calls=100 old=5655911,5655911,5655911,5655911,5655911,5655911,5655911,5655911,5655911,5655912 opt=1709911,1709911,1709911,1709911,1709911,1709911,1709911,1709911,1709911,1709911
BENCH family=mp logn=9 pi=64 dir=1 calls=100 old=6458611,6458611,6458611,6458611,6458611,6458611,6458611,6458611,6458611,6458611 opt=1646711,1646711,1646711,1646711,1646711,1646711,1646711,1646711,1646711,1646711
BENCH family=mp logn=10 pi=64 dir=0 calls=100 old=12349811,12349811,12349811,12349811,12349812,12349811,12349811,12349811,12349811,12349811 opt=3696011,3696011,3696011,3696011,3696011,3696011,3696011,3696011,3696011,3696012
BENCH family=mp logn=10 pi=64 dir=1 calls=100 old=14134211,14134211,14134211,14134212,14134211,14134211,14134211,14134212,14134211,14134211 opt=3544111,3544111,3544111,3544111,3544111,3544111,3544111,3544111,3544111,3544111
BENCH family=mp logn=4 pi=65 dir=0 calls=100 old=89711,89711,89711,89711,89711,89711,89711,89711,89711,89711 opt=32411,32411,32411,32411,32411,32411,32411,32411,32411,32411
BENCH family=mp logn=4 pi=65 dir=1 calls=100 old=102611,102611,102611,102611,102611,102611,102611,102611,102611,102611 opt=35011,35011,35011,35011,35011,35011,35011,35011,35011,35011
BENCH family=mp logn=5 pi=65 dir=0 calls=100 old=212111,212111,212111,212111,212111,212111,212111,212111,212111,212111 opt=72611,72611,72611,72611,72611,72611,72611,72611,72611,72611
BENCH family=mp logn=5 pi=65 dir=1 calls=100 old=241811,241811,241811,241811,241811,241811,241811,241811,241811,241811 opt=74311,74311,74311,74311,74311,74311,74311,74311,74311,74311
BENCH family=mp logn=6 pi=65 dir=0 calls=100 old=485211,485211,485211,485211,485211,485211,485211,485211,485211,485211 opt=150211,150211,150211,150211,150211,150211,150211,150211,150211,150211
BENCH family=mp logn=6 pi=65 dir=1 calls=100 old=555811,555811,555811,555811,555811,555811,555811,555811,555811,555811 opt=152311,152311,152311,152311,152311,152311,152311,152311,152311,152311
BENCH family=mp logn=7 pi=65 dir=0 calls=100 old=1124411,1124411,1124411,1124411,1124411,1124411,1124411,1124411,1124411,1124411 opt=348511,348511,348511,348511,348511,348511,348511,348511,348511,348511
BENCH family=mp logn=7 pi=65 dir=1 calls=100 old=1283811,1283811,1283811,1283811,1283811,1283811,1283811,1283811,1283811,1283811 opt=341811,341811,341811,341811,341811,341811,341811,341811,341811,341811
BENCH family=mp logn=8 pi=65 dir=0 calls=100 old=2503111,2503111,2503111,2503111,2503111,2503111,2503111,2503111,2503111,2503111 opt=759411,759411,759411,759411,759411,759411,759411,759411,759411,759411
BENCH family=mp logn=8 pi=65 dir=1 calls=100 old=2866611,2866611,2866611,2866611,2866611,2866611,2866611,2866611,2866611,2866611 opt=735211,735212,735211,735211,735211,735211,735211,735211,735211,735211
BENCH family=mp logn=9 pi=65 dir=0 calls=100 old=5655911,5655911,5655911,5655911,5655911,5655911,5655912,5655911,5655911,5655911 opt=1709911,1709911,1709911,1709911,1709911,1709911,1709911,1709911,1709911,1709911
BENCH family=mp logn=9 pi=65 dir=1 calls=100 old=6458611,6458611,6458611,6458611,6458611,6458612,6458611,6458611,6458611,6458611 opt=1646711,1646711,1646711,1646711,1646711,1646711,1646711,1646711,1646711,1646711
BENCH family=mp logn=10 pi=65 dir=0 calls=100 old=12349811,12349811,12349812,12349811,12349811,12349811,12349811,12349812,12349811,12349811 opt=3696011,3696011,3696011,3696011,3696011,3696011,3696011,3696011,3696011,3696011
BENCH family=mp logn=10 pi=65 dir=1 calls=100 old=14134211,14134212,14134211,14134211,14134211,14134211,14134212,14134211,14134211,14134211 opt=3544111,3544111,3544111,3544111,3544111,3544111,3544111,3544111,3544111,3544111
BENCH family=mp logn=4 pi=66 dir=0 calls=100 old=89711,89711,89711,89711,89711,89711,89711,89711,89711,89711 opt=32411,32411,32411,32411,32411,32411,32411,32411,32411,32411
BENCH family=mp logn=4 pi=66 dir=1 calls=100 old=102611,102611,102611,102611,102611,102611,102611,102611,102611,102611 opt=35011,35011,35011,35011,35011,35011,35011,35011,35011,35011
BENCH family=mp logn=5 pi=66 dir=0 calls=100 old=212111,212111,212111,212111,212111,212111,212111,212111,212111,212111 opt=72611,72611,72611,72611,72611,72611,72611,72611,72611,72611
BENCH family=mp logn=5 pi=66 dir=1 calls=100 old=241811,241811,241812,241811,241811,241811,241811,241811,241811,241811 opt=74311,74311,74311,74311,74311,74311,74311,74311,74311,74311
BENCH family=mp logn=6 pi=66 dir=0 calls=100 old=485211,485211,485211,485211,485211,485211,485211,485211,485211,485211 opt=150211,150211,150211,150211,150211,150211,150211,150211,150211,150211
BENCH family=mp logn=6 pi=66 dir=1 calls=100 old=555811,555811,555811,555811,555811,555811,555811,555811,555811,555811 opt=152311,152311,152311,152311,152311,152311,152311,152311,152311,152311
BENCH family=mp logn=7 pi=66 dir=0 calls=100 old=1124411,1124411,1124411,1124411,1124411,1124411,1124411,1124411,1124411,1124411 opt=348511,348511,348511,348511,348511,348511,348511,348511,348511,348511
BENCH family=mp logn=7 pi=66 dir=1 calls=100 old=1283811,1283811,1283811,1283811,1283811,1283811,1283811,1283811,1283811,1283811 opt=341811,341811,341811,341811,341811,341811,341811,341811,341811,341811
BENCH family=mp logn=8 pi=66 dir=0 calls=100 old=2503111,2503111,2503111,2503111,2503111,2503111,2503111,2503111,2503111,2503111 opt=759411,759411,759411,759411,759412,759411,759411,759411,759411,759411
BENCH family=mp logn=8 pi=66 dir=1 calls=100 old=2866611,2866611,2866611,2866611,2866611,2866611,2866611,2866611,2866611,2866611 opt=735211,735211,735211,735211,735211,735211,735211,735211,735211,735211
BENCH family=mp logn=9 pi=66 dir=0 calls=100 old=5655911,5655911,5655912,5655911,5655911,5655911,5655911,5655911,5655911,5655911 opt=1709911,1709911,1709911,1709911,1709911,1709911,1709911,1709911,1709911,1709911
BENCH family=mp logn=9 pi=66 dir=1 calls=100 old=6458611,6458611,6458612,6458611,6458611,6458611,6458611,6458611,6458611,6458611 opt=1646711,1646711,1646711,1646711,1646711,1646711,1646711,1646711,1646711,1646711
BENCH family=mp logn=10 pi=66 dir=0 calls=100 old=12349811,12349811,12349811,12349811,12349811,12349812,12349811,12349811,12349811,12349811 opt=3696012,3696011,3696011,3696011,3696011,3696011,3696011,3696011,3696011,3696011
BENCH family=mp logn=10 pi=66 dir=1 calls=100 old=14134212,14134211,14134211,14134211,14134211,14134211,14134211,14134211,14134211,14134212 opt=3544111,3544111,3544111,3544111,3544111,3544112,3544111,3544111,3544111,3544111
BENCH family=mp logn=4 pi=67 dir=0 calls=100 old=89711,89711,89711,89711,89711,89711,89711,89711,89711,89711 opt=32411,32411,32411,32411,32411,32411,32411,32411,32411,32411
BENCH family=mp logn=4 pi=67 dir=1 calls=100 old=102611,102611,102611,102611,102611,102611,102611,102611,102611,102611 opt=35011,35011,35011,35011,35011,35011,35011,35011,35011,35011
BENCH family=mp logn=5 pi=67 dir=0 calls=100 old=212111,212111,212111,212111,212111,212111,212111,212111,212111,212111 opt=72611,72611,72611,72611,72611,72611,72611,72611,72611,72611
BENCH family=mp logn=5 pi=67 dir=1 calls=100 old=241811,241811,241811,241811,241811,241811,241811,241811,241811,241811 opt=74311,74311,74311,74311,74311,74311,74311,74311,74311,74311
BENCH family=mp logn=6 pi=67 dir=0 calls=100 old=485211,485211,485211,485211,485211,485211,485211,485211,485211,485211 opt=150211,150211,150211,150211,150211,150211,150211,150211,150211,150211
BENCH family=mp logn=6 pi=67 dir=1 calls=100 old=555811,555811,555811,555811,555811,555811,555811,555811,555811,555811 opt=152311,152311,152311,152311,152311,152311,152311,152311,152311,152311
BENCH family=mp logn=7 pi=67 dir=0 calls=100 old=1124411,1124411,1124411,1124411,1124411,1124411,1124411,1124411,1124411,1124411 opt=348511,348511,348511,348511,348511,348511,348511,348511,348511,348511
BENCH family=mp logn=7 pi=67 dir=1 calls=100 old=1283811,1283811,1283811,1283811,1283811,1283811,1283812,1283811,1283811,1283811 opt=341811,341811,341811,341811,341811,341811,341811,341811,341811,341811
BENCH family=mp logn=8 pi=67 dir=0 calls=100 old=2503111,2503111,2503111,2503111,2503111,2503111,2503111,2503111,2503111,2503111 opt=759411,759411,759411,759411,759411,759411,759411,759411,759411,759411
BENCH family=mp logn=8 pi=67 dir=1 calls=100 old=2866611,2866611,2866611,2866611,2866611,2866611,2866611,2866611,2866611,2866612 opt=735211,735211,735211,735211,735211,735211,735211,735211,735211,735211
BENCH family=mp logn=9 pi=67 dir=0 calls=100 old=5655911,5655911,5655911,5655911,5655911,5655911,5655911,5655911,5655911,5655912 opt=1709911,1709911,1709911,1709911,1709911,1709911,1709911,1709911,1709911,1709911
BENCH family=mp logn=9 pi=67 dir=1 calls=100 old=6458611,6458611,6458611,6458611,6458611,6458611,6458611,6458611,6458611,6458612 opt=1646711,1646711,1646711,1646711,1646711,1646711,1646711,1646711,1646711,1646711
BENCH family=mp logn=10 pi=67 dir=0 calls=100 old=12349811,12349811,12349811,12349811,12349812,12349811,12349811,12349811,12349811,12349812 opt=3696011,3696011,3696011,3696011,3696011,3696011,3696011,3696011,3696011,3696011
BENCH family=mp logn=10 pi=67 dir=1 calls=100 old=14134211,14134211,14134211,14134212,14134211,14134211,14134211,14134211,14134212,14134211 opt=3544111,3544111,3544111,3544111,3544111,3544111,3544111,3544111,3544111,3544111
BENCH family=mp logn=4 pi=68 dir=0 calls=100 old=89711,89711,89711,89711,89711,89711,89711,89711,89711,89711 opt=32411,32411,32411,32411,32411,32411,32411,32411,32411,32411
BENCH family=mp logn=4 pi=68 dir=1 calls=100 old=102611,102611,102611,102611,102611,102611,102611,102611,102611,102611 opt=35011,35011,35011,35011,35011,35011,35011,35011,35011,35011
BENCH family=mp logn=5 pi=68 dir=0 calls=100 old=212111,212111,212111,212111,212111,212111,212111,212111,212111,212111 opt=72611,72611,72611,72611,72611,72611,72611,72611,72611,72611
BENCH family=mp logn=5 pi=68 dir=1 calls=100 old=241811,241811,241811,241811,241811,241811,241811,241811,241811,241811 opt=74311,74311,74311,74311,74311,74311,74311,74311,74311,74311
BENCH family=mp logn=6 pi=68 dir=0 calls=100 old=485211,485211,485211,485211,485211,485211,485211,485211,485211,485211 opt=150211,150211,150211,150211,150211,150211,150211,150211,150211,150211
BENCH family=mp logn=6 pi=68 dir=1 calls=100 old=555811,555811,555811,555811,555811,555811,555811,555811,555811,555811 opt=152311,152311,152311,152311,152311,152311,152311,152311,152311,152311
BENCH family=mp logn=7 pi=68 dir=0 calls=100 old=1124411,1124412,1124411,1124411,1124411,1124411,1124411,1124411,1124411,1124411 opt=348511,348511,348511,348511,348511,348511,348511,348511,348511,348511
BENCH family=mp logn=7 pi=68 dir=1 calls=100 old=1283811,1283811,1283811,1283811,1283811,1283811,1283811,1283811,1283811,1283811 opt=341811,341811,341811,341811,341811,341811,341811,341811,341811,341811
BENCH family=mp logn=8 pi=68 dir=0 calls=100 old=2503111,2503111,2503111,2503111,2503111,2503111,2503111,2503111,2503111,2503111 opt=759411,759411,759411,759411,759411,759411,759411,759411,759411,759411
BENCH family=mp logn=8 pi=68 dir=1 calls=100 old=2866611,2866611,2866612,2866611,2866611,2866611,2866611,2866611,2866611,2866611 opt=735211,735211,735211,735211,735211,735211,735211,735211,735211,735211
BENCH family=mp logn=9 pi=68 dir=0 calls=100 old=5655911,5655911,5655911,5655911,5655911,5655911,5655912,5655911,5655911,5655911 opt=1709911,1709911,1709911,1709911,1709911,1709911,1709911,1709911,1709911,1709911
BENCH family=mp logn=9 pi=68 dir=1 calls=100 old=6458611,6458611,6458611,6458611,6458611,6458611,6458612,6458611,6458611,6458611 opt=1646711,1646711,1646711,1646711,1646711,1646711,1646711,1646711,1646711,1646711
BENCH family=mp logn=10 pi=68 dir=0 calls=100 old=12349811,12349811,12349811,12349811,12349811,12349811,12349811,12349812,12349811,12349811 opt=3696011,3696011,3696012,3696011,3696011,3696011,3696011,3696011,3696011,3696011
BENCH family=mp logn=10 pi=68 dir=1 calls=100 old=14134211,14134211,14134212,14134211,14134211,14134211,14134212,14134211,14134211,14134211 opt=3544111,3544111,3544111,3544111,3544111,3544111,3544111,3544111,3544111,3544111
BENCH family=mp logn=4 pi=69 dir=0 calls=100 old=89711,89711,89711,89711,89711,89711,89711,89711,89711,89711 opt=32411,32411,32411,32411,32411,32411,32411,32411,32411,32411
BENCH family=mp logn=4 pi=69 dir=1 calls=100 old=102611,102611,102611,102611,102611,102611,102611,102611,102611,102611 opt=35011,35011,35011,35011,35011,35011,35011,35011,35011,35011
BENCH family=mp logn=5 pi=69 dir=0 calls=100 old=212111,212111,212111,212111,212111,212111,212111,212111,212111,212111 opt=72611,72611,72611,72611,72611,72611,72611,72611,72611,72611
BENCH family=mp logn=5 pi=69 dir=1 calls=100 old=241811,241811,241811,241811,241811,241811,241811,241811,241811,241812 opt=74311,74311,74311,74311,74311,74311,74311,74311,74311,74311
BENCH family=mp logn=6 pi=69 dir=0 calls=100 old=485211,485211,485211,485211,485211,485211,485211,485211,485211,485211 opt=150211,150211,150211,150211,150211,150211,150211,150211,150211,150211
BENCH family=mp logn=6 pi=69 dir=1 calls=100 old=555811,555811,555811,555811,555811,555811,555811,555811,555811,555811 opt=152311,152311,152311,152311,152311,152311,152311,152311,152311,152311
BENCH family=mp logn=7 pi=69 dir=0 calls=100 old=1124411,1124411,1124411,1124411,1124411,1124411,1124411,1124411,1124411,1124411 opt=348511,348511,348511,348511,348511,348511,348511,348511,348511,348511
BENCH family=mp logn=7 pi=69 dir=1 calls=100 old=1283811,1283811,1283811,1283811,1283811,1283811,1283811,1283811,1283811,1283811 opt=341811,341811,341811,341811,341811,341811,341811,341811,341811,341811
BENCH family=mp logn=8 pi=69 dir=0 calls=100 old=2503111,2503111,2503111,2503111,2503111,2503112,2503111,2503111,2503111,2503111 opt=759411,759411,759411,759411,759411,759411,759411,759411,759411,759411
BENCH family=mp logn=8 pi=69 dir=1 calls=100 old=2866611,2866611,2866611,2866611,2866611,2866611,2866611,2866611,2866611,2866611 opt=735211,735211,735211,735211,735211,735211,735211,735211,735211,735211
BENCH family=mp logn=9 pi=69 dir=0 calls=100 old=5655911,5655911,5655911,5655911,5655911,5655911,5655911,5655911,5655911,5655911 opt=1709911,1709911,1709911,1709912,1709911,1709911,1709911,1709911,1709911,1709911
BENCH family=mp logn=9 pi=69 dir=1 calls=100 old=6458611,6458611,6458611,6458611,6458611,6458611,6458611,6458611,6458611,6458611 opt=1646711,1646711,1646711,1646712,1646711,1646711,1646711,1646711,1646711,1646711
BENCH family=mp logn=10 pi=69 dir=0 calls=100 old=12349811,12349811,12349811,12349811,12349811,12349811,12349812,12349811,12349811,12349811 opt=3696011,3696012,3696011,3696011,3696011,3696011,3696011,3696011,3696011,3696011
BENCH family=mp logn=10 pi=69 dir=1 calls=100 old=14134212,14134211,14134211,14134211,14134211,14134212,14134211,14134211,14134211,14134212 opt=3544111,3544111,3544111,3544111,3544111,3544111,3544111,3544111,3544111,3544111
BENCH family=mp logn=4 pi=70 dir=0 calls=100 old=89711,89711,89711,89711,89711,89711,89711,89711,89711,89711 opt=32411,32411,32411,32411,32411,32411,32411,32411,32411,32411
BENCH family=mp logn=4 pi=70 dir=1 calls=100 old=102611,102611,102611,102611,102611,102611,102611,102611,102611,102611 opt=35011,35011,35011,35011,35011,35011,35011,35011,35011,35011
BENCH family=mp logn=5 pi=70 dir=0 calls=100 old=212111,212111,212111,212111,212111,212111,212111,212111,212111,212111 opt=72611,72611,72611,72611,72611,72611,72611,72611,72611,72611
BENCH family=mp logn=5 pi=70 dir=1 calls=100 old=241811,241811,241811,241811,241811,241811,241811,241811,241811,241811 opt=74311,74311,74311,74311,74311,74311,74311,74311,74311,74311
BENCH family=mp logn=6 pi=70 dir=0 calls=100 old=485211,485211,485211,485211,485211,485211,485211,485211,485211,485211 opt=150211,150211,150211,150211,150211,150211,150211,150211,150211,150211
BENCH family=mp logn=6 pi=70 dir=1 calls=100 old=555811,555811,555811,555811,555811,555811,555811,555811,555811,555811 opt=152311,152311,152311,152311,152311,152311,152311,152311,152311,152311
BENCH family=mp logn=7 pi=70 dir=0 calls=100 old=1124411,1124411,1124411,1124411,1124411,1124411,1124411,1124411,1124411,1124411 opt=348511,348511,348511,348511,348511,348511,348511,348511,348511,348511
BENCH family=mp logn=7 pi=70 dir=1 calls=100 old=1283811,1283811,1283811,1283811,1283811,1283811,1283811,1283811,1283812,1283811 opt=341811,341811,341811,341811,341811,341811,341811,341811,341811,341811
BENCH family=mp logn=8 pi=70 dir=0 calls=100 old=2503111,2503111,2503111,2503111,2503111,2503111,2503111,2503111,2503111,2503111 opt=759411,759411,759411,759411,759411,759411,759411,759411,759411,759411
BENCH family=mp logn=8 pi=70 dir=1 calls=100 old=2866611,2866611,2866611,2866611,2866611,2866611,2866611,2866611,2866611,2866611 opt=735211,735211,735211,735211,735211,735211,735211,735211,735211,735211
BENCH family=mp logn=9 pi=70 dir=0 calls=100 old=5655911,5655911,5655911,5655911,5655911,5655911,5655911,5655911,5655911,5655911 opt=1709911,1709911,1709911,1709911,1709911,1709911,1709911,1709911,1709911,1709911
BENCH family=mp logn=9 pi=70 dir=1 calls=100 old=6458611,6458611,6458611,6458611,6458611,6458611,6458611,6458611,6458611,6458612 opt=1646711,1646711,1646711,1646711,1646711,1646711,1646711,1646711,1646711,1646711
BENCH family=mp logn=10 pi=70 dir=0 calls=100 old=12349811,12349811,12349811,12349811,12349812,12349811,12349811,12349811,12349811,12349812 opt=3696011,3696011,3696011,3696011,3696011,3696011,3696011,3696011,3696011,3696011
BENCH family=mp logn=10 pi=70 dir=1 calls=100 old=14134211,14134211,14134211,14134212,14134211,14134211,14134211,14134211,14134212,14134211 opt=3544111,3544111,3544111,3544111,3544111,3544111,3544111,3544111,3544111,3544111
BENCH family=mp logn=4 pi=71 dir=0 calls=100 old=89711,89711,89711,89711,89711,89711,89711,89711,89711,89711 opt=32411,32411,32411,32411,32411,32411,32411,32411,32411,32411
BENCH family=mp logn=4 pi=71 dir=1 calls=100 old=102611,102611,102611,102611,102611,102611,102611,102611,102611,102611 opt=35011,35011,35011,35011,35011,35011,35011,35011,35011,35011
BENCH family=mp logn=5 pi=71 dir=0 calls=100 old=212111,212111,212111,212111,212111,212111,212111,212111,212111,212111 opt=72611,72611,72611,72611,72611,72611,72611,72611,72611,72611
BENCH family=mp logn=5 pi=71 dir=1 calls=100 old=241811,241811,241811,241811,241811,241811,241811,241811,241811,241811 opt=74311,74311,74311,74311,74311,74311,74311,74311,74311,74311
BENCH family=mp logn=6 pi=71 dir=0 calls=100 old=485211,485211,485211,485211,485211,485211,485211,485211,485211,485211 opt=150211,150211,150211,150211,150211,150211,150211,150211,150211,150211
BENCH family=mp logn=6 pi=71 dir=1 calls=100 old=555811,555811,555811,555811,555811,555811,555811,555811,555811,555811 opt=152311,152311,152311,152311,152311,152311,152311,152311,152311,152311
BENCH family=mp logn=7 pi=71 dir=0 calls=100 old=1124411,1124411,1124411,1124411,1124411,1124411,1124411,1124411,1124411,1124411 opt=348511,348511,348511,348511,348512,348511,348511,348511,348511,348511
BENCH family=mp logn=7 pi=71 dir=1 calls=100 old=1283811,1283811,1283811,1283811,1283811,1283811,1283811,1283811,1283811,1283811 opt=341811,341811,341811,341811,341811,341811,341811,341811,341811,341811
BENCH family=mp logn=8 pi=71 dir=0 calls=100 old=2503111,2503111,2503111,2503111,2503111,2503111,2503111,2503111,2503111,2503111 opt=759411,759411,759411,759411,759411,759411,759411,759411,759411,759411
BENCH family=mp logn=8 pi=71 dir=1 calls=100 old=2866611,2866611,2866611,2866612,2866611,2866611,2866611,2866611,2866611,2866611 opt=735211,735211,735211,735211,735211,735211,735211,735211,735211,735211
BENCH family=mp logn=9 pi=71 dir=0 calls=100 old=5655911,5655911,5655911,5655911,5655911,5655911,5655911,5655911,5655911,5655911 opt=1709911,1709911,1709911,1709911,1709911,1709911,1709911,1709912,1709911,1709911
BENCH family=mp logn=9 pi=71 dir=1 calls=100 old=6458611,6458611,6458611,6458611,6458611,6458611,6458612,6458611,6458611,6458611 opt=1646711,1646711,1646711,1646711,1646711,1646711,1646711,1646711,1646711,1646711
BENCH family=mp logn=10 pi=71 dir=0 calls=100 old=12349811,12349811,12349811,12349811,12349811,12349811,12349811,12349812,12349811,12349811 opt=3696011,3696011,3696011,3696012,3696011,3696011,3696011,3696011,3696011,3696011
BENCH family=mp logn=10 pi=71 dir=1 calls=100 old=14134211,14134211,14134212,14134211,14134211,14134211,14134211,14134211,14134211,14134211 opt=3544111,3544111,3544111,3544111,3544111,3544111,3544112,3544111,3544111,3544111
BENCH family=mp logn=4 pi=72 dir=0 calls=100 old=89711,89711,89711,89711,89711,89711,89711,89711,89711,89711 opt=32411,32411,32411,32411,32411,32411,32411,32411,32411,32411
BENCH family=mp logn=4 pi=72 dir=1 calls=100 old=102611,102611,102611,102611,102611,102611,102611,102611,102611,102611 opt=35011,35011,35011,35011,35011,35011,35011,35011,35011,35011
BENCH family=mp logn=5 pi=72 dir=0 calls=100 old=212111,212111,212111,212111,212111,212111,212111,212111,212111,212111 opt=72611,72611,72611,72611,72611,72611,72611,72611,72611,72611
BENCH family=mp logn=5 pi=72 dir=1 calls=100 old=241811,241811,241811,241811,241811,241811,241811,241811,241811,241811 opt=74311,74311,74311,74311,74311,74311,74311,74311,74311,74311
BENCH family=mp logn=6 pi=72 dir=0 calls=100 old=485211,485211,485211,485212,485211,485211,485211,485211,485211,485211 opt=150211,150211,150211,150211,150211,150211,150211,150211,150211,150211
BENCH family=mp logn=6 pi=72 dir=1 calls=100 old=555811,555811,555811,555811,555811,555811,555811,555811,555811,555811 opt=152311,152311,152311,152311,152311,152311,152311,152311,152311,152311
BENCH family=mp logn=7 pi=72 dir=0 calls=100 old=1124411,1124411,1124411,1124411,1124411,1124411,1124411,1124411,1124411,1124411 opt=348511,348511,348511,348511,348511,348511,348511,348511,348511,348511
BENCH family=mp logn=7 pi=72 dir=1 calls=100 old=1283811,1283811,1283811,1283811,1283811,1283811,1283811,1283811,1283811,1283811 opt=341811,341811,341811,341811,341811,341811,341811,341811,341811,341811
BENCH family=mp logn=8 pi=72 dir=0 calls=100 old=2503111,2503111,2503111,2503111,2503111,2503111,2503111,2503112,2503111,2503111 opt=759411,759411,759411,759411,759411,759411,759411,759411,759411,759411
BENCH family=mp logn=8 pi=72 dir=1 calls=100 old=2866611,2866611,2866611,2866611,2866611,2866611,2866611,2866611,2866611,2866611 opt=735211,735211,735211,735211,735211,735211,735211,735211,735211,735211
BENCH family=mp logn=9 pi=72 dir=0 calls=100 old=5655911,5655911,5655911,5655912,5655911,5655911,5655911,5655911,5655911,5655911 opt=1709911,1709911,1709911,1709911,1709911,1709911,1709911,1709911,1709911,1709911
BENCH family=mp logn=9 pi=72 dir=1 calls=100 old=6458611,6458611,6458611,6458612,6458611,6458611,6458611,6458611,6458611,6458611 opt=1646711,1646711,1646711,1646711,1646711,1646711,1646711,1646711,1646711,1646711
BENCH family=mp logn=10 pi=72 dir=0 calls=100 old=12349811,12349812,12349811,12349811,12349811,12349811,12349812,12349811,12349811,12349811 opt=3696011,3696011,3696011,3696011,3696011,3696011,3696011,3696011,3696011,3696011
BENCH family=mp logn=10 pi=72 dir=1 calls=100 old=14134211,14134211,14134211,14134211,14134211,14134212,14134211,14134211,14134211,14134211 opt=3544111,3544112,3544111,3544111,3544111,3544111,3544111,3544111,3544111,3544111
BENCH family=mp logn=4 pi=73 dir=0 calls=100 old=89711,89711,89711,89711,89711,89711,89711,89711,89711,89711 opt=32411,32411,32411,32411,32411,32411,32411,32411,32411,32411
BENCH family=mp logn=4 pi=73 dir=1 calls=100 old=102611,102611,102611,102611,102611,102611,102611,102611,102611,102611 opt=35011,35011,35011,35011,35011,35011,35011,35011,35011,35011
BENCH family=mp logn=5 pi=73 dir=0 calls=100 old=212111,212111,212111,212111,212111,212111,212111,212111,212111,212111 opt=72611,72611,72611,72611,72611,72611,72611,72611,72611,72611
BENCH family=mp logn=5 pi=73 dir=1 calls=100 old=241811,241811,241811,241811,241811,241811,241811,241811,241811,241811 opt=74311,74311,74311,74311,74311,74311,74311,74311,74311,74311
BENCH family=mp logn=6 pi=73 dir=0 calls=100 old=485211,485211,485211,485211,485211,485211,485211,485211,485211,485211 opt=150211,150211,150211,150211,150211,150211,150211,150211,150211,150211
BENCH family=mp logn=6 pi=73 dir=1 calls=100 old=555811,555811,555811,555811,555811,555811,555811,555811,555811,555811 opt=152311,152311,152311,152311,152311,152311,152311,152311,152311,152311
BENCH family=mp logn=7 pi=73 dir=0 calls=100 old=1124411,1124411,1124411,1124411,1124411,1124411,1124411,1124411,1124411,1124411 opt=348511,348511,348511,348511,348511,348511,348511,348511,348511,348511
BENCH family=mp logn=7 pi=73 dir=1 calls=100 old=1283811,1283811,1283811,1283811,1283811,1283811,1283811,1283811,1283811,1283811 opt=341811,341811,341811,341811,341811,341811,341811,341811,341811,341811
BENCH family=mp logn=8 pi=73 dir=0 calls=100 old=2503111,2503111,2503111,2503111,2503111,2503111,2503111,2503111,2503111,2503111 opt=759411,759411,759411,759411,759411,759411,759411,759411,759411,759411
BENCH family=mp logn=8 pi=73 dir=1 calls=100 old=2866611,2866611,2866611,2866611,2866611,2866611,2866611,2866611,2866611,2866611 opt=735211,735211,735211,735211,735211,735211,735211,735211,735211,735211
BENCH family=mp logn=9 pi=73 dir=0 calls=100 old=5655912,5655911,5655911,5655911,5655911,5655911,5655911,5655911,5655911,5655911 opt=1709911,1709911,1709911,1709911,1709911,1709911,1709911,1709911,1709911,1709911
BENCH family=mp logn=9 pi=73 dir=1 calls=100 old=6458612,6458611,6458611,6458611,6458611,6458611,6458611,6458611,6458611,6458611 opt=1646711,1646711,1646711,1646711,1646711,1646711,1646711,1646711,1646711,1646711
BENCH family=mp logn=10 pi=73 dir=0 calls=100 old=12349811,12349811,12349811,12349811,12349811,12349811,12349811,12349811,12349811,12349812 opt=3696011,3696011,3696011,3696011,3696012,3696011,3696011,3696011,3696011,3696011
BENCH family=mp logn=10 pi=73 dir=1 calls=100 old=14134211,14134211,14134211,14134211,14134212,14134211,14134211,14134211,14134212,14134211 opt=3544111,3544111,3544111,3544111,3544111,3544111,3544111,3544111,3544111,3544111
BENCH family=mp logn=4 pi=74 dir=0 calls=100 old=89711,89711,89711,89711,89711,89711,89711,89711,89711,89711 opt=32411,32411,32411,32411,32411,32411,32411,32411,32411,32411
BENCH family=mp logn=4 pi=74 dir=1 calls=100 old=102611,102611,102611,102611,102611,102611,102611,102611,102611,102611 opt=35011,35011,35011,35011,35011,35011,35011,35011,35011,35011
BENCH family=mp logn=5 pi=74 dir=0 calls=100 old=212111,212111,212111,212111,212111,212111,212111,212111,212111,212111 opt=72611,72611,72611,72611,72611,72611,72611,72611,72611,72611
BENCH family=mp logn=5 pi=74 dir=1 calls=100 old=241811,241811,241811,241811,241811,241811,241811,241811,241811,241811 opt=74311,74311,74311,74311,74311,74311,74311,74311,74311,74311
BENCH family=mp logn=6 pi=74 dir=0 calls=100 old=485211,485211,485211,485211,485211,485211,485211,485211,485211,485211 opt=150211,150211,150211,150211,150211,150211,150211,150211,150211,150211
BENCH family=mp logn=6 pi=74 dir=1 calls=100 old=555811,555811,555811,555811,555811,555811,555811,555811,555811,555811 opt=152311,152311,152311,152311,152311,152311,152311,152311,152311,152311
BENCH family=mp logn=7 pi=74 dir=0 calls=100 old=1124411,1124411,1124411,1124411,1124411,1124411,1124411,1124412,1124411,1124411 opt=348511,348511,348511,348511,348511,348511,348511,348511,348511,348511
BENCH family=mp logn=7 pi=74 dir=1 calls=100 old=1283811,1283811,1283811,1283811,1283811,1283811,1283811,1283811,1283811,1283811 opt=341811,341811,341811,341811,341811,341811,341811,341811,341811,341811
BENCH family=mp logn=8 pi=74 dir=0 calls=100 old=2503111,2503111,2503111,2503111,2503111,2503111,2503111,2503111,2503111,2503111 opt=759411,759411,759411,759411,759411,759411,759411,759411,759411,759411
BENCH family=mp logn=8 pi=74 dir=1 calls=100 old=2866611,2866611,2866611,2866611,2866612,2866611,2866611,2866611,2866611,2866611 opt=735211,735211,735211,735211,735211,735211,735211,735211,735211,735211
BENCH family=mp logn=9 pi=74 dir=0 calls=100 old=5655911,5655911,5655911,5655911,5655911,5655911,5655911,5655912,5655911,5655911 opt=1709911,1709911,1709911,1709911,1709911,1709911,1709911,1709911,1709911,1709911
BENCH family=mp logn=9 pi=74 dir=1 calls=100 old=6458611,6458611,6458611,6458611,6458611,6458611,6458611,6458611,6458611,6458611 opt=1646711,1646711,1646711,1646711,1646711,1646711,1646711,1646712,1646711,1646711
BENCH family=mp logn=10 pi=74 dir=0 calls=100 old=12349811,12349811,12349811,12349812,12349811,12349811,12349811,12349811,12349812,12349811 opt=3696011,3696011,3696011,3696011,3696011,3696011,3696011,3696011,3696011,3696011
BENCH family=mp logn=10 pi=74 dir=1 calls=100 old=14134211,14134211,14134212,14134211,14134211,14134211,14134211,14134211,14134211,14134211 opt=3544111,3544111,3544111,3544111,3544111,3544111,3544111,3544112,3544111,3544111
BENCH family=mp logn=4 pi=75 dir=0 calls=100 old=89711,89711,89711,89711,89711,89711,89711,89711,89711,89711 opt=32411,32411,32411,32411,32411,32411,32411,32411,32411,32411
BENCH family=mp logn=4 pi=75 dir=1 calls=100 old=102611,102611,102611,102611,102611,102611,102611,102611,102611,102611 opt=35011,35011,35011,35011,35011,35011,35011,35011,35011,35011
BENCH family=mp logn=5 pi=75 dir=0 calls=100 old=212111,212111,212111,212111,212111,212111,212111,212111,212111,212111 opt=72611,72611,72611,72611,72611,72611,72611,72611,72611,72611
BENCH family=mp logn=5 pi=75 dir=1 calls=100 old=241811,241811,241811,241811,241811,241811,241811,241811,241811,241811 opt=74311,74311,74311,74311,74311,74311,74311,74311,74311,74311
BENCH family=mp logn=6 pi=75 dir=0 calls=100 old=485211,485211,485211,485211,485211,485211,485211,485211,485211,485211 opt=150211,150211,150211,150211,150211,150211,150211,150211,150212,150211
BENCH family=mp logn=6 pi=75 dir=1 calls=100 old=555811,555811,555811,555811,555811,555811,555811,555811,555811,555811 opt=152311,152311,152311,152311,152311,152311,152311,152311,152311,152311
BENCH family=mp logn=7 pi=75 dir=0 calls=100 old=1124411,1124411,1124411,1124411,1124411,1124411,1124411,1124411,1124411,1124411 opt=348511,348511,348511,348511,348511,348511,348511,348511,348511,348511
BENCH family=mp logn=7 pi=75 dir=1 calls=100 old=1283811,1283811,1283811,1283811,1283811,1283811,1283811,1283811,1283811,1283811 opt=341811,341811,341811,341811,341811,341811,341811,341811,341811,341811
BENCH family=mp logn=8 pi=75 dir=0 calls=100 old=2503111,2503111,2503111,2503111,2503111,2503111,2503111,2503111,2503112,2503111 opt=759411,759411,759411,759411,759411,759411,759411,759411,759411,759411
BENCH family=mp logn=8 pi=75 dir=1 calls=100 old=2866611,2866611,2866611,2866611,2866611,2866611,2866611,2866611,2866611,2866611 opt=735211,735211,735211,735211,735211,735211,735211,735211,735211,735211
BENCH family=mp logn=9 pi=75 dir=0 calls=100 old=5655911,5655911,5655911,5655911,5655912,5655911,5655911,5655911,5655911,5655911 opt=1709911,1709911,1709911,1709911,1709911,1709911,1709911,1709911,1709911,1709911
BENCH family=mp logn=9 pi=75 dir=1 calls=100 old=6458611,6458611,6458611,6458611,6458612,6458611,6458611,6458611,6458611,6458611 opt=1646711,1646711,1646711,1646711,1646711,1646711,1646711,1646711,1646711,1646711
BENCH family=mp logn=10 pi=75 dir=0 calls=100 old=12349811,12349812,12349811,12349811,12349811,12349811,12349812,12349811,12349811,12349811 opt=3696011,3696011,3696011,3696011,3696011,3696011,3696011,3696011,3696011,3696011
BENCH family=mp logn=10 pi=75 dir=1 calls=100 old=14134211,14134212,14134211,14134211,14134211,14134212,14134211,14134211,14134211,14134211 opt=3544111,3544111,3544111,3544111,3544111,3544111,3544111,3544111,3544111,3544111
BENCH family=mp logn=4 pi=76 dir=0 calls=100 old=89711,89711,89711,89711,89711,89711,89711,89711,89711,89711 opt=32411,32411,32411,32411,32411,32411,32411,32411,32411,32411
BENCH family=mp logn=4 pi=76 dir=1 calls=100 old=102611,102611,102611,102611,102611,102611,102611,102611,102611,102611 opt=35011,35011,35011,35011,35011,35011,35011,35011,35011,35011
BENCH family=mp logn=5 pi=76 dir=0 calls=100 old=212111,212111,212111,212111,212111,212111,212111,212111,212111,212111 opt=72611,72611,72611,72611,72611,72611,72611,72611,72611,72611
BENCH family=mp logn=5 pi=76 dir=1 calls=100 old=241811,241811,241811,241811,241811,241811,241811,241811,241811,241811 opt=74311,74311,74311,74311,74311,74311,74311,74311,74311,74311
BENCH family=mp logn=6 pi=76 dir=0 calls=100 old=485211,485211,485211,485211,485211,485211,485211,485211,485211,485211 opt=150211,150211,150211,150211,150211,150211,150211,150211,150211,150211
BENCH family=mp logn=6 pi=76 dir=1 calls=100 old=555811,555811,555811,555811,555811,555811,555811,555811,555811,555811 opt=152311,152311,152311,152311,152311,152311,152311,152311,152311,152311
BENCH family=mp logn=7 pi=76 dir=0 calls=100 old=1124411,1124411,1124411,1124411,1124411,1124411,1124411,1124411,1124411,1124411 opt=348511,348511,348511,348511,348511,348511,348511,348511,348511,348511
BENCH family=mp logn=7 pi=76 dir=1 calls=100 old=1283811,1283811,1283811,1283811,1283811,1283811,1283811,1283811,1283811,1283811 opt=341811,341811,341811,341811,341811,341811,341811,341811,341811,341811
BENCH family=mp logn=8 pi=76 dir=0 calls=100 old=2503111,2503111,2503111,2503111,2503111,2503111,2503111,2503111,2503111,2503111 opt=759411,759412,759411,759411,759411,759411,759411,759411,759411,759411
BENCH family=mp logn=8 pi=76 dir=1 calls=100 old=2866611,2866611,2866611,2866611,2866611,2866611,2866611,2866611,2866611,2866611 opt=735211,735211,735211,735211,735211,735211,735211,735211,735211,735211
BENCH family=mp logn=9 pi=76 dir=0 calls=100 old=5655911,5655911,5655911,5655911,5655911,5655911,5655911,5655911,5655911,5655911 opt=1709912,1709911,1709911,1709911,1709911,1709911,1709911,1709911,1709911,1709911
BENCH family=mp logn=9 pi=76 dir=1 calls=100 old=6458611,6458611,6458611,6458611,6458611,6458611,6458611,6458611,6458611,6458611 opt=1646711,1646712,1646711,1646711,1646711,1646711,1646711,1646711,1646711,1646711
BENCH family=mp logn=10 pi=76 dir=0 calls=100 old=12349812,12349811,12349811,12349811,12349811,12349811,12349811,12349811,12349811,12349811 opt=3696011,3696011,3696011,3696011,3696011,3696012,3696011,3696011,3696011,3696011
BENCH family=mp logn=10 pi=76 dir=1 calls=100 old=14134211,14134211,14134211,14134211,14134212,14134211,14134211,14134211,14134211,14134211 opt=3544111,3544111,3544111,3544111,3544111,3544111,3544111,3544111,3544112,3544111
BENCH family=mp logn=4 pi=77 dir=0 calls=100 old=89711,89711,89711,89711,89711,89711,89711,89711,89711,89711 opt=32411,32411,32411,32411,32411,32411,32411,32411,32411,32411
BENCH family=mp logn=4 pi=77 dir=1 calls=100 old=102611,102611,102611,102611,102611,102611,102611,102611,102611,102611 opt=35011,35011,35011,35011,35011,35011,35011,35011,35011,35011
BENCH family=mp logn=5 pi=77 dir=0 calls=100 old=212111,212111,212111,212111,212111,212111,212111,212111,212111,212111 opt=72611,72611,72611,72611,72611,72611,72611,72611,72611,72611
BENCH family=mp logn=5 pi=77 dir=1 calls=100 old=241811,241811,241811,241811,241811,241811,241811,241811,241811,241811 opt=74311,74311,74311,74311,74311,74311,74311,74311,74311,74311
BENCH family=mp logn=6 pi=77 dir=0 calls=100 old=485211,485211,485211,485211,485211,485211,485211,485211,485211,485211 opt=150211,150211,150211,150211,150211,150211,150211,150211,150211,150211
BENCH family=mp logn=6 pi=77 dir=1 calls=100 old=555811,555811,555811,555811,555811,555811,555811,555811,555811,555811 opt=152311,152311,152311,152311,152311,152311,152311,152311,152311,152311
BENCH family=mp logn=7 pi=77 dir=0 calls=100 old=1124411,1124411,1124411,1124411,1124411,1124411,1124411,1124411,1124411,1124411 opt=348511,348511,348511,348511,348511,348511,348511,348511,348511,348511
BENCH family=mp logn=7 pi=77 dir=1 calls=100 old=1283811,1283811,1283811,1283811,1283811,1283811,1283811,1283811,1283811,1283811 opt=341811,341811,341811,341811,341811,341811,341811,341811,341811,341811
BENCH family=mp logn=8 pi=77 dir=0 calls=100 old=2503111,2503111,2503111,2503111,2503111,2503111,2503111,2503111,2503111,2503111 opt=759411,759411,759411,759411,759411,759411,759411,759411,759411,759411
BENCH family=mp logn=8 pi=77 dir=1 calls=100 old=2866611,2866611,2866611,2866611,2866611,2866611,2866612,2866611,2866611,2866611 opt=735211,735211,735211,735211,735211,735211,735211,735211,735211,735211
BENCH family=mp logn=9 pi=77 dir=0 calls=100 old=5655911,5655911,5655911,5655911,5655911,5655911,5655911,5655911,5655912,5655911 opt=1709911,1709911,1709911,1709911,1709911,1709911,1709911,1709911,1709911,1709911
BENCH family=mp logn=9 pi=77 dir=1 calls=100 old=6458611,6458611,6458611,6458611,6458611,6458611,6458611,6458612,6458611,6458611 opt=1646711,1646711,1646711,1646711,1646711,1646711,1646711,1646711,1646711,1646711
BENCH family=mp logn=10 pi=77 dir=0 calls=100 old=12349811,12349811,12349811,12349812,12349811,12349811,12349811,12349811,12349812,12349811 opt=3696011,3696011,3696011,3696011,3696011,3696011,3696011,3696011,3696011,3696011
BENCH family=mp logn=10 pi=77 dir=1 calls=100 old=14134211,14134211,14134211,14134211,14134211,14134211,14134211,14134212,14134211,14134211 opt=3544111,3544111,3544112,3544111,3544111,3544111,3544111,3544111,3544111,3544111
BENCH family=mp logn=4 pi=78 dir=0 calls=100 old=89711,89711,89711,89711,89711,89711,89711,89711,89711,89711 opt=32411,32411,32411,32411,32411,32411,32411,32411,32411,32411
BENCH family=mp logn=4 pi=78 dir=1 calls=100 old=102611,102611,102611,102611,102611,102611,102611,102611,102611,102611 opt=35011,35011,35011,35011,35011,35011,35011,35011,35011,35011
BENCH family=mp logn=5 pi=78 dir=0 calls=100 old=212111,212111,212111,212111,212111,212111,212111,212111,212111,212111 opt=72611,72611,72611,72611,72611,72611,72611,72611,72611,72611
BENCH family=mp logn=5 pi=78 dir=1 calls=100 old=241811,241811,241811,241811,241811,241811,241811,241811,241811,241811 opt=74311,74311,74311,74311,74311,74311,74311,74311,74311,74311
BENCH family=mp logn=6 pi=78 dir=0 calls=100 old=485211,485211,485211,485211,485211,485211,485211,485211,485211,485211 opt=150211,150211,150211,150211,150211,150211,150211,150211,150211,150211
BENCH family=mp logn=6 pi=78 dir=1 calls=100 old=555811,555811,555811,555811,555811,555811,555811,555811,555811,555811 opt=152311,152311,152312,152311,152311,152311,152311,152311,152311,152311
BENCH family=mp logn=7 pi=78 dir=0 calls=100 old=1124411,1124411,1124411,1124411,1124411,1124411,1124411,1124411,1124411,1124411 opt=348511,348511,348511,348511,348511,348511,348511,348511,348511,348511
BENCH family=mp logn=7 pi=78 dir=1 calls=100 old=1283811,1283811,1283811,1283811,1283811,1283811,1283811,1283811,1283811,1283811 opt=341811,341811,341811,341811,341811,341811,341811,341811,341811,341811
BENCH family=mp logn=8 pi=78 dir=0 calls=100 old=2503111,2503111,2503111,2503111,2503111,2503111,2503111,2503111,2503111,2503111 opt=759411,759411,759411,759411,759411,759411,759411,759411,759411,759411
BENCH family=mp logn=8 pi=78 dir=1 calls=100 old=2866611,2866611,2866611,2866611,2866611,2866611,2866611,2866611,2866611,2866611 opt=735211,735211,735211,735211,735211,735211,735211,735211,735211,735211
BENCH family=mp logn=9 pi=78 dir=0 calls=100 old=5655911,5655911,5655911,5655911,5655911,5655911,5655911,5655911,5655911,5655911 opt=1709911,1709911,1709911,1709911,1709911,1709912,1709911,1709911,1709911,1709911
BENCH family=mp logn=9 pi=78 dir=1 calls=100 old=6458611,6458611,6458611,6458611,6458612,6458611,6458611,6458611,6458611,6458611 opt=1646711,1646711,1646711,1646711,1646711,1646711,1646711,1646711,1646711,1646711
BENCH family=mp logn=10 pi=78 dir=0 calls=100 old=12349811,12349811,12349812,12349811,12349811,12349811,12349811,12349811,12349811,12349811 opt=3696011,3696011,3696011,3696011,3696011,3696011,3696012,3696011,3696011,3696011
BENCH family=mp logn=10 pi=78 dir=1 calls=100 old=14134211,14134212,14134211,14134211,14134211,14134211,14134212,14134211,14134211,14134211 opt=3544111,3544111,3544111,3544111,3544111,3544111,3544111,3544111,3544111,3544111
BENCH family=mp logn=4 pi=79 dir=0 calls=100 old=89711,89711,89711,89711,89711,89711,89711,89711,89711,89711 opt=32411,32411,32411,32411,32411,32411,32411,32411,32411,32411
BENCH family=mp logn=4 pi=79 dir=1 calls=100 old=102611,102611,102611,102611,102611,102611,102611,102611,102611,102612 opt=35011,35011,35011,35011,35011,35011,35011,35011,35011,35011
BENCH family=mp logn=5 pi=79 dir=0 calls=100 old=212111,212111,212111,212111,212111,212111,212111,212111,212111,212111 opt=72611,72611,72611,72611,72611,72611,72611,72611,72611,72611
BENCH family=mp logn=5 pi=79 dir=1 calls=100 old=241811,241811,241811,241811,241811,241811,241811,241811,241811,241811 opt=74311,74311,74311,74311,74311,74311,74311,74311,74311,74311
BENCH family=mp logn=6 pi=79 dir=0 calls=100 old=485211,485211,485211,485211,485211,485211,485211,485211,485211,485211 opt=150211,150211,150211,150211,150211,150211,150211,150211,150211,150211
BENCH family=mp logn=6 pi=79 dir=1 calls=100 old=555811,555811,555811,555811,555811,555811,555811,555811,555811,555811 opt=152311,152311,152311,152311,152311,152311,152311,152311,152311,152311
BENCH family=mp logn=7 pi=79 dir=0 calls=100 old=1124411,1124411,1124411,1124411,1124411,1124411,1124411,1124411,1124411,1124411 opt=348511,348511,348511,348511,348511,348511,348511,348511,348511,348511
BENCH family=mp logn=7 pi=79 dir=1 calls=100 old=1283811,1283811,1283811,1283811,1283811,1283811,1283811,1283811,1283811,1283811 opt=341811,341811,341811,341811,341811,341811,341811,341811,341811,341811
BENCH family=mp logn=8 pi=79 dir=0 calls=100 old=2503111,2503112,2503111,2503111,2503111,2503111,2503111,2503111,2503111,2503111 opt=759411,759411,759411,759411,759411,759411,759411,759411,759411,759411
BENCH family=mp logn=8 pi=79 dir=1 calls=100 old=2866611,2866611,2866611,2866611,2866611,2866611,2866611,2866611,2866611,2866611 opt=735211,735211,735211,735211,735211,735211,735211,735211,735211,735211
BENCH family=mp logn=9 pi=79 dir=0 calls=100 old=5655911,5655912,5655911,5655911,5655911,5655911,5655911,5655911,5655911,5655911 opt=1709911,1709911,1709911,1709911,1709911,1709911,1709911,1709911,1709911,1709911
BENCH family=mp logn=9 pi=79 dir=1 calls=100 old=6458611,6458612,6458611,6458611,6458611,6458611,6458611,6458611,6458611,6458611 opt=1646711,1646711,1646711,1646711,1646711,1646711,1646711,1646711,1646711,1646711
BENCH family=mp logn=10 pi=79 dir=0 calls=100 old=12349812,12349811,12349811,12349811,12349811,12349812,12349811,12349811,12349811,12349811 opt=3696011,3696011,3696011,3696011,3696011,3696011,3696011,3696011,3696011,3696011
BENCH family=mp logn=10 pi=79 dir=1 calls=100 old=14134211,14134211,14134211,14134211,14134212,14134211,14134211,14134211,14134211,14134211 opt=3544111,3544111,3544111,3544111,3544111,3544111,3544111,3544111,3544111,3544112
BENCH family=mp logn=4 pi=80 dir=0 calls=100 old=89711,89711,89711,89711,89711,89711,89711,89711,89711,89711 opt=32411,32411,32411,32411,32411,32411,32411,32411,32411,32411
BENCH family=mp logn=4 pi=80 dir=1 calls=100 old=102611,102611,102611,102611,102611,102611,102611,102611,102611,102611 opt=35011,35011,35011,35011,35011,35011,35011,35011,35011,35011
BENCH family=mp logn=5 pi=80 dir=0 calls=100 old=212111,212111,212111,212111,212111,212111,212111,212111,212111,212111 opt=72611,72611,72611,72611,72611,72611,72611,72611,72611,72611
BENCH family=mp logn=5 pi=80 dir=1 calls=100 old=241811,241811,241811,241811,241811,241811,241811,241811,241811,241811 opt=74311,74311,74311,74311,74311,74311,74311,74311,74311,74311
BENCH family=mp logn=6 pi=80 dir=0 calls=100 old=485211,485211,485211,485211,485211,485211,485211,485211,485211,485211 opt=150211,150211,150211,150211,150211,150211,150211,150211,150211,150211
BENCH family=mp logn=6 pi=80 dir=1 calls=100 old=555811,555811,555811,555811,555811,555811,555811,555811,555811,555811 opt=152311,152311,152311,152311,152311,152311,152311,152311,152311,152311
BENCH family=mp logn=7 pi=80 dir=0 calls=100 old=1124411,1124411,1124411,1124411,1124411,1124411,1124411,1124411,1124411,1124411 opt=348511,348511,348511,348511,348511,348511,348511,348511,348511,348511
BENCH family=mp logn=7 pi=80 dir=1 calls=100 old=1283812,1283811,1283811,1283811,1283811,1283811,1283811,1283811,1283811,1283811 opt=341811,341811,341811,341811,341811,341811,341811,341811,341811,341811
BENCH family=mp logn=8 pi=80 dir=0 calls=100 old=2503111,2503111,2503111,2503111,2503111,2503111,2503111,2503111,2503111,2503111 opt=759411,759411,759411,759411,759411,759411,759411,759411,759411,759411
BENCH family=mp logn=8 pi=80 dir=1 calls=100 old=2866611,2866611,2866611,2866611,2866611,2866611,2866612,2866611,2866611,2866611 opt=735211,735211,735211,735211,735211,735211,735211,735211,735211,735211
BENCH family=mp logn=9 pi=80 dir=0 calls=100 old=5655911,5655911,5655911,5655911,5655911,5655911,5655911,5655911,5655912,5655911 opt=1709911,1709911,1709911,1709911,1709911,1709911,1709911,1709911,1709911,1709911
BENCH family=mp logn=9 pi=80 dir=1 calls=100 old=6458611,6458611,6458611,6458611,6458611,6458611,6458611,6458611,6458612,6458611 opt=1646711,1646711,1646711,1646711,1646711,1646711,1646711,1646711,1646711,1646711
BENCH family=mp logn=10 pi=80 dir=0 calls=100 old=12349811,12349811,12349811,12349812,12349811,12349811,12349811,12349811,12349812,12349811 opt=3696011,3696011,3696011,3696011,3696011,3696011,3696011,3696011,3696011,3696011
BENCH family=mp logn=10 pi=80 dir=1 calls=100 old=14134211,14134211,14134211,14134211,14134211,14134211,14134211,14134212,14134211,14134211 opt=3544111,3544111,3544111,3544112,3544111,3544111,3544111,3544111,3544111,3544111
BENCH family=mp logn=4 pi=81 dir=0 calls=100 old=89711,89711,89711,89711,89711,89711,89711,89711,89711,89711 opt=32411,32411,32411,32411,32411,32411,32411,32411,32411,32411
BENCH family=mp logn=4 pi=81 dir=1 calls=100 old=102611,102611,102611,102611,102611,102611,102611,102611,102611,102611 opt=35011,35011,35011,35011,35011,35011,35011,35011,35011,35011
BENCH family=mp logn=5 pi=81 dir=0 calls=100 old=212111,212111,212111,212111,212111,212111,212111,212111,212111,212111 opt=72611,72611,72611,72611,72611,72611,72611,72611,72611,72611
BENCH family=mp logn=5 pi=81 dir=1 calls=100 old=241811,241811,241811,241811,241811,241811,241811,241811,241811,241811 opt=74311,74311,74311,74311,74311,74311,74311,74311,74311,74311
BENCH family=mp logn=6 pi=81 dir=0 calls=100 old=485211,485211,485211,485211,485211,485211,485211,485211,485211,485211 opt=150211,150211,150211,150211,150211,150211,150211,150211,150211,150211
BENCH family=mp logn=6 pi=81 dir=1 calls=100 old=555811,555811,555811,555812,555811,555811,555811,555811,555811,555811 opt=152311,152311,152311,152311,152311,152311,152311,152311,152311,152311
BENCH family=mp logn=7 pi=81 dir=0 calls=100 old=1124411,1124411,1124411,1124411,1124411,1124411,1124411,1124411,1124411,1124411 opt=348511,348511,348511,348511,348511,348511,348511,348511,348511,348511
BENCH family=mp logn=7 pi=81 dir=1 calls=100 old=1283811,1283811,1283811,1283811,1283811,1283811,1283811,1283811,1283811,1283811 opt=341811,341811,341811,341811,341811,341811,341811,341811,341811,341811
BENCH family=mp logn=8 pi=81 dir=0 calls=100 old=2503111,2503111,2503111,2503111,2503111,2503111,2503111,2503111,2503111,2503111 opt=759411,759411,759411,759411,759411,759411,759411,759411,759411,759411
BENCH family=mp logn=8 pi=81 dir=1 calls=100 old=2866611,2866611,2866611,2866611,2866611,2866611,2866611,2866611,2866611,2866611 opt=735211,735211,735211,735211,735211,735211,735211,735211,735211,735211
BENCH family=mp logn=9 pi=81 dir=0 calls=100 old=5655911,5655911,5655911,5655911,5655911,5655911,5655911,5655911,5655911,5655911 opt=1709911,1709911,1709911,1709911,1709911,1709912,1709911,1709911,1709911,1709911
BENCH family=mp logn=9 pi=81 dir=1 calls=100 old=6458611,6458611,6458611,6458611,6458611,6458611,6458611,6458611,6458611,6458611 opt=1646711,1646711,1646711,1646711,1646712,1646711,1646711,1646711,1646711,1646711
BENCH family=mp logn=10 pi=81 dir=0 calls=100 old=12349811,12349811,12349812,12349811,12349811,12349811,12349811,12349811,12349811,12349811 opt=3696011,3696011,3696011,3696011,3696011,3696011,3696011,3696012,3696011,3696011
BENCH family=mp logn=10 pi=81 dir=1 calls=100 old=14134211,14134212,14134211,14134211,14134211,14134211,14134212,14134211,14134211,14134211 opt=3544111,3544111,3544111,3544111,3544111,3544111,3544111,3544111,3544111,3544111
BENCH family=mp logn=4 pi=82 dir=0 calls=100 old=89711,89711,89711,89711,89711,89711,89711,89711,89711,89711 opt=32411,32411,32411,32411,32411,32411,32411,32411,32411,32411
BENCH family=mp logn=4 pi=82 dir=1 calls=100 old=102611,102611,102611,102611,102611,102611,102611,102611,102611,102611 opt=35011,35011,35011,35011,35011,35011,35011,35011,35011,35011
BENCH family=mp logn=5 pi=82 dir=0 calls=100 old=212111,212111,212111,212111,212111,212111,212111,212111,212111,212111 opt=72611,72611,72611,72611,72611,72611,72611,72611,72611,72611
BENCH family=mp logn=5 pi=82 dir=1 calls=100 old=241811,241811,241811,241811,241811,241811,241811,241811,241811,241811 opt=74311,74311,74311,74311,74311,74311,74311,74311,74311,74311
BENCH family=mp logn=6 pi=82 dir=0 calls=100 old=485211,485211,485211,485211,485211,485211,485211,485211,485211,485211 opt=150211,150211,150211,150211,150211,150211,150211,150211,150211,150211
BENCH family=mp logn=6 pi=82 dir=1 calls=100 old=555811,555811,555811,555811,555811,555811,555811,555811,555811,555811 opt=152311,152311,152311,152311,152311,152311,152311,152311,152311,152311
BENCH family=mp logn=7 pi=82 dir=0 calls=100 old=1124411,1124411,1124411,1124411,1124411,1124411,1124411,1124411,1124411,1124411 opt=348511,348511,348511,348511,348511,348511,348511,348511,348511,348511
BENCH family=mp logn=7 pi=82 dir=1 calls=100 old=1283811,1283811,1283811,1283811,1283811,1283811,1283811,1283811,1283811,1283811 opt=341811,341811,341811,341811,341811,341811,341811,341811,341811,341811
BENCH family=mp logn=8 pi=82 dir=0 calls=100 old=2503111,2503111,2503111,2503111,2503111,2503111,2503111,2503111,2503111,2503111 opt=759411,759411,759412,759411,759411,759411,759411,759411,759411,759411
BENCH family=mp logn=8 pi=82 dir=1 calls=100 old=2866611,2866611,2866611,2866611,2866611,2866611,2866611,2866611,2866611,2866611 opt=735211,735211,735211,735211,735211,735211,735211,735211,735211,735211
BENCH family=mp logn=9 pi=82 dir=0 calls=100 old=5655911,5655912,5655911,5655911,5655911,5655911,5655911,5655911,5655911,5655911 opt=1709911,1709911,1709911,1709911,1709911,1709911,1709911,1709911,1709911,1709911
BENCH family=mp logn=9 pi=82 dir=1 calls=100 old=6458611,6458612,6458611,6458611,6458611,6458611,6458611,6458611,6458611,6458611 opt=1646711,1646711,1646711,1646711,1646711,1646711,1646711,1646711,1646711,1646711
BENCH family=mp logn=10 pi=82 dir=0 calls=100 old=12349812,12349811,12349811,12349811,12349811,12349812,12349811,12349811,12349811,12349811 opt=3696011,3696011,3696011,3696011,3696011,3696011,3696011,3696011,3696011,3696011
BENCH family=mp logn=10 pi=82 dir=1 calls=100 old=14134212,14134211,14134211,14134211,14134212,14134211,14134211,14134211,14134211,14134212 opt=3544111,3544111,3544111,3544111,3544111,3544111,3544111,3544111,3544111,3544111
BENCH family=mp logn=4 pi=83 dir=0 calls=100 old=89711,89711,89711,89711,89711,89711,89711,89711,89711,89711 opt=32411,32411,32411,32411,32411,32411,32411,32411,32411,32411
BENCH family=mp logn=4 pi=83 dir=1 calls=100 old=102611,102611,102611,102611,102611,102611,102611,102611,102611,102611 opt=35011,35011,35011,35011,35011,35011,35011,35011,35011,35011
BENCH family=mp logn=5 pi=83 dir=0 calls=100 old=212111,212111,212111,212111,212111,212111,212111,212111,212111,212111 opt=72611,72611,72611,72611,72611,72611,72611,72611,72611,72611
BENCH family=mp logn=5 pi=83 dir=1 calls=100 old=241811,241811,241811,241811,241811,241811,241811,241811,241811,241811 opt=74311,74311,74311,74311,74311,74311,74311,74311,74311,74311
BENCH family=mp logn=6 pi=83 dir=0 calls=100 old=485211,485211,485211,485211,485211,485211,485211,485211,485211,485211 opt=150211,150211,150211,150211,150211,150211,150211,150211,150211,150211
BENCH family=mp logn=6 pi=83 dir=1 calls=100 old=555811,555811,555811,555811,555811,555811,555811,555811,555811,555811 opt=152311,152311,152311,152311,152311,152311,152311,152311,152311,152311
BENCH family=mp logn=7 pi=83 dir=0 calls=100 old=1124411,1124411,1124411,1124411,1124411,1124411,1124411,1124411,1124411,1124411 opt=348511,348511,348511,348511,348511,348511,348511,348511,348511,348511
BENCH family=mp logn=7 pi=83 dir=1 calls=100 old=1283811,1283811,1283812,1283811,1283811,1283811,1283811,1283811,1283811,1283811 opt=341811,341811,341811,341811,341811,341811,341811,341811,341811,341811
BENCH family=mp logn=8 pi=83 dir=0 calls=100 old=2503111,2503111,2503111,2503111,2503111,2503111,2503111,2503111,2503111,2503111 opt=759411,759411,759411,759411,759411,759411,759411,759411,759411,759411
BENCH family=mp logn=8 pi=83 dir=1 calls=100 old=2866611,2866611,2866611,2866611,2866611,2866611,2866611,2866612,2866611,2866611 opt=735211,735211,735211,735211,735211,735211,735211,735211,735211,735211
BENCH family=mp logn=9 pi=83 dir=0 calls=100 old=5655911,5655911,5655911,5655911,5655911,5655911,5655911,5655911,5655911,5655911 opt=1709911,1709911,1709911,1709911,1709911,1709911,1709911,1709911,1709911,1709912
BENCH family=mp logn=9 pi=83 dir=1 calls=100 old=6458611,6458611,6458611,6458611,6458611,6458611,6458611,6458611,6458612,6458611 opt=1646711,1646711,1646711,1646711,1646711,1646711,1646711,1646711,1646711,1646711
BENCH family=mp logn=10 pi=83 dir=0 calls=100 old=12349811,12349811,12349811,12349812,12349811,12349811,12349811,12349811,12349811,12349811 opt=3696011,3696011,3696011,3696011,3696011,3696011,3696011,3696011,3696012,3696011
BENCH family=mp logn=10 pi=83 dir=1 calls=100 old=14134211,14134211,14134211,14134212,14134211,14134211,14134211,14134212,14134211,14134211 opt=3544111,3544111,3544111,3544111,3544111,3544111,3544111,3544111,3544111,3544111
BENCH family=mp logn=4 pi=84 dir=0 calls=100 old=89711,89711,89711,89711,89711,89711,89711,89711,89711,89711 opt=32411,32411,32411,32411,32411,32411,32411,32411,32411,32411
BENCH family=mp logn=4 pi=84 dir=1 calls=100 old=102611,102611,102611,102611,102611,102611,102611,102611,102611,102611 opt=35011,35011,35011,35011,35011,35011,35011,35011,35011,35011
BENCH family=mp logn=5 pi=84 dir=0 calls=100 old=212111,212111,212111,212111,212111,212111,212111,212111,212111,212111 opt=72611,72611,72611,72611,72611,72611,72611,72611,72611,72611
BENCH family=mp logn=5 pi=84 dir=1 calls=100 old=241811,241811,241811,241811,241811,241811,241811,241811,241811,241811 opt=74311,74311,74311,74311,74311,74311,74311,74311,74311,74311
BENCH family=mp logn=6 pi=84 dir=0 calls=100 old=485211,485211,485211,485211,485211,485211,485211,485211,485211,485211 opt=150211,150211,150211,150211,150211,150211,150211,150211,150211,150211
BENCH family=mp logn=6 pi=84 dir=1 calls=100 old=555811,555811,555811,555811,555811,555811,555811,555811,555811,555812 opt=152311,152311,152311,152311,152311,152311,152311,152311,152311,152311
BENCH family=mp logn=7 pi=84 dir=0 calls=100 old=1124411,1124411,1124411,1124411,1124411,1124411,1124411,1124411,1124411,1124411 opt=348511,348511,348511,348511,348511,348511,348511,348511,348511,348511
BENCH family=mp logn=7 pi=84 dir=1 calls=100 old=1283811,1283811,1283811,1283811,1283811,1283811,1283811,1283811,1283811,1283811 opt=341811,341811,341811,341811,341811,341811,341811,341811,341811,341811
BENCH family=mp logn=8 pi=84 dir=0 calls=100 old=2503111,2503111,2503111,2503111,2503111,2503111,2503111,2503111,2503111,2503111 opt=759411,759411,759411,759411,759411,759411,759411,759411,759411,759411
BENCH family=mp logn=8 pi=84 dir=1 calls=100 old=2866612,2866611,2866611,2866611,2866611,2866611,2866611,2866611,2866611,2866611 opt=735211,735211,735211,735211,735211,735211,735211,735211,735211,735211
BENCH family=mp logn=9 pi=84 dir=0 calls=100 old=5655911,5655911,5655911,5655911,5655911,5655912,5655911,5655911,5655911,5655911 opt=1709911,1709911,1709911,1709911,1709911,1709911,1709911,1709911,1709911,1709911
BENCH family=mp logn=9 pi=84 dir=1 calls=100 old=6458611,6458611,6458611,6458611,6458611,6458612,6458611,6458611,6458611,6458611 opt=1646711,1646711,1646711,1646711,1646711,1646711,1646711,1646711,1646711,1646711
BENCH family=mp logn=10 pi=84 dir=0 calls=100 old=12349811,12349811,12349812,12349811,12349811,12349811,12349811,12349812,12349811,12349811 opt=3696011,3696011,3696011,3696011,3696011,3696011,3696011,3696011,3696011,3696011
BENCH family=mp logn=10 pi=84 dir=1 calls=100 old=14134211,14134212,14134211,14134211,14134211,14134211,14134212,14134211,14134211,14134211 opt=3544111,3544111,3544111,3544111,3544111,3544111,3544111,3544111,3544111,3544111
PROGRESS timing_prime=84
BENCH family=mp logn=4 pi=85 dir=0 calls=100 old=89711,89711,89711,89711,89711,89711,89711,89711,89711,89711 opt=32411,32411,32411,32411,32411,32411,32411,32411,32411,32411
BENCH family=mp logn=4 pi=85 dir=1 calls=100 old=102611,102611,102611,102611,102611,102611,102611,102611,102611,102611 opt=35011,35011,35011,35011,35011,35011,35011,35011,35011,35011
BENCH family=mp logn=5 pi=85 dir=0 calls=100 old=212111,212111,212111,212111,212111,212111,212111,212111,212111,212111 opt=72611,72611,72611,72611,72611,72611,72611,72611,72611,72611
BENCH family=mp logn=5 pi=85 dir=1 calls=100 old=241811,241811,241811,241811,241811,241811,241811,241811,241811,241811 opt=74311,74311,74311,74311,74311,74311,74311,74311,74311,74311
BENCH family=mp logn=6 pi=85 dir=0 calls=100 old=485211,485211,485211,485211,485211,485211,485211,485211,485211,485211 opt=150211,150211,150211,150211,150211,150211,150211,150211,150211,150211
BENCH family=mp logn=6 pi=85 dir=1 calls=100 old=555811,555811,555811,555811,555811,555811,555811,555811,555811,555811 opt=152311,152311,152311,152311,152311,152311,152311,152311,152311,152311
BENCH family=mp logn=7 pi=85 dir=0 calls=100 old=1124411,1124411,1124411,1124411,1124411,1124411,1124411,1124411,1124411,1124411 opt=348511,348511,348511,348511,348511,348511,348511,348511,348511,348511
BENCH family=mp logn=7 pi=85 dir=1 calls=100 old=1283811,1283811,1283811,1283811,1283811,1283811,1283811,1283811,1283811,1283811 opt=341811,341811,341811,341811,341811,341811,341811,341811,341811,341811
BENCH family=mp logn=8 pi=85 dir=0 calls=100 old=2503111,2503111,2503111,2503112,2503111,2503111,2503111,2503111,2503111,2503111 opt=759411,759411,759411,759411,759411,759411,759411,759411,759411,759411
BENCH family=mp logn=8 pi=85 dir=1 calls=100 old=2866611,2866611,2866611,2866611,2866611,2866611,2866611,2866611,2866611,2866611 opt=735211,735211,735211,735211,735211,735211,735211,735211,735211,735211
BENCH family=mp logn=9 pi=85 dir=0 calls=100 old=5655911,5655912,5655911,5655911,5655911,5655911,5655911,5655911,5655911,5655911 opt=1709911,1709911,1709911,1709911,1709911,1709911,1709911,1709911,1709911,1709911
BENCH family=mp logn=9 pi=85 dir=1 calls=100 old=6458611,6458611,6458612,6458611,6458611,6458611,6458611,6458611,6458611,6458611 opt=1646711,1646711,1646711,1646711,1646711,1646711,1646711,1646711,1646711,1646711
BENCH family=mp logn=10 pi=85 dir=0 calls=100 old=12349812,12349811,12349811,12349811,12349811,12349812,12349811,12349811,12349811,12349811 opt=3696011,3696011,3696011,3696011,3696011,3696011,3696011,3696011,3696011,3696011
BENCH family=mp logn=10 pi=85 dir=1 calls=100 old=14134212,14134211,14134211,14134211,14134211,14134211,14134211,14134211,14134211,14134212 opt=3544111,3544111,3544111,3544111,3544112,3544111,3544111,3544111,3544111,3544111
BENCH family=mp logn=4 pi=86 dir=0 calls=100 old=89711,89711,89711,89711,89711,89711,89711,89711,89711,89711 opt=32411,32411,32411,32411,32411,32411,32411,32411,32411,32411
BENCH family=mp logn=4 pi=86 dir=1 calls=100 old=102611,102611,102611,102611,102611,102611,102611,102611,102611,102611 opt=35011,35011,35011,35011,35011,35011,35011,35011,35011,35011
BENCH family=mp logn=5 pi=86 dir=0 calls=100 old=212111,212111,212111,212111,212111,212111,212111,212111,212111,212111 opt=72611,72611,72611,72611,72611,72611,72611,72611,72611,72611
BENCH family=mp logn=5 pi=86 dir=1 calls=100 old=241811,241811,241811,241811,241811,241811,241811,241811,241811,241811 opt=74311,74311,74311,74311,74311,74311,74311,74311,74311,74311
BENCH family=mp logn=6 pi=86 dir=0 calls=100 old=485211,485211,485211,485211,485211,485211,485211,485211,485211,485211 opt=150211,150211,150211,150211,150211,150211,150211,150211,150211,150211
BENCH family=mp logn=6 pi=86 dir=1 calls=100 old=555811,555811,555811,555811,555811,555811,555811,555811,555811,555811 opt=152311,152311,152311,152311,152311,152311,152311,152311,152311,152311
BENCH family=mp logn=7 pi=86 dir=0 calls=100 old=1124411,1124411,1124411,1124411,1124411,1124411,1124411,1124411,1124411,1124411 opt=348511,348511,348511,348511,348511,348511,348511,348511,348511,348511
BENCH family=mp logn=7 pi=86 dir=1 calls=100 old=1283811,1283811,1283811,1283811,1283812,1283811,1283811,1283811,1283811,1283811 opt=341811,341811,341811,341811,341811,341811,341811,341811,341811,341811
BENCH family=mp logn=8 pi=86 dir=0 calls=100 old=2503111,2503111,2503111,2503111,2503111,2503111,2503111,2503111,2503111,2503111 opt=759411,759411,759411,759411,759411,759411,759411,759411,759411,759411
BENCH family=mp logn=8 pi=86 dir=1 calls=100 old=2866611,2866611,2866611,2866611,2866611,2866611,2866611,2866611,2866612,2866611 opt=735211,735211,735211,735211,735211,735211,735211,735211,735211,735211
BENCH family=mp logn=9 pi=86 dir=0 calls=100 old=5655911,5655911,5655911,5655911,5655911,5655911,5655911,5655911,5655911,5655912 opt=1709911,1709911,1709911,1709911,1709911,1709911,1709911,1709911,1709911,1709911
BENCH family=mp logn=9 pi=86 dir=1 calls=100 old=6458611,6458611,6458611,6458611,6458611,6458611,6458611,6458611,6458611,6458611 opt=1646711,1646711,1646711,1646711,1646711,1646711,1646711,1646711,1646712,1646711
BENCH family=mp logn=10 pi=86 dir=0 calls=100 old=12349811,12349811,12349811,12349811,12349812,12349811,12349811,12349811,12349811,12349811 opt=3696011,3696011,3696011,3696011,3696011,3696011,3696011,3696011,3696011,3696012
BENCH family=mp logn=10 pi=86 dir=1 calls=100 old=14134211,14134211,14134211,14134212,14134211,14134211,14134211,14134212,14134211,14134211 opt=3544111,3544111,3544111,3544111,3544111,3544111,3544111,3544111,3544111,3544111
BENCH family=mp logn=4 pi=87 dir=0 calls=100 old=89711,89711,89711,89711,89711,89711,89711,89711,89711,89711 opt=32411,32411,32411,32411,32411,32411,32411,32411,32411,32411
BENCH family=mp logn=4 pi=87 dir=1 calls=100 old=102611,102611,102611,102611,102611,102611,102611,102611,102611,102611 opt=35011,35011,35011,35011,35011,35011,35011,35011,35011,35011
BENCH family=mp logn=5 pi=87 dir=0 calls=100 old=212111,212111,212111,212111,212111,212111,212111,212111,212111,212111 opt=72611,72611,72611,72611,72611,72611,72611,72611,72611,72611
BENCH family=mp logn=5 pi=87 dir=1 calls=100 old=241811,241811,241811,241811,241811,241811,241811,241811,241811,241811 opt=74311,74311,74311,74311,74311,74311,74311,74311,74311,74311
BENCH family=mp logn=6 pi=87 dir=0 calls=100 old=485211,485211,485211,485211,485211,485211,485211,485211,485211,485211 opt=150211,150211,150211,150211,150211,150211,150211,150211,150211,150211
BENCH family=mp logn=6 pi=87 dir=1 calls=100 old=555811,555811,555811,555811,555811,555811,555811,555811,555811,555811 opt=152311,152311,152311,152311,152311,152311,152311,152311,152311,152311
BENCH family=mp logn=7 pi=87 dir=0 calls=100 old=1124411,1124411,1124411,1124411,1124411,1124411,1124411,1124411,1124411,1124411 opt=348511,348511,348511,348511,348511,348511,348511,348511,348511,348511
BENCH family=mp logn=7 pi=87 dir=1 calls=100 old=1283811,1283811,1283811,1283811,1283811,1283811,1283811,1283811,1283811,1283811 opt=341811,341811,341811,341811,341811,341811,341811,341811,341811,341811
BENCH family=mp logn=8 pi=87 dir=0 calls=100 old=2503111,2503111,2503111,2503111,2503111,2503111,2503111,2503111,2503111,2503111 opt=759411,759411,759411,759411,759411,759411,759411,759411,759411,759411
BENCH family=mp logn=8 pi=87 dir=1 calls=100 old=2866611,2866612,2866611,2866611,2866611,2866611,2866611,2866611,2866611,2866611 opt=735211,735211,735211,735211,735211,735211,735211,735211,735211,735211
BENCH family=mp logn=9 pi=87 dir=0 calls=100 old=5655911,5655911,5655911,5655911,5655911,5655911,5655912,5655911,5655911,5655911 opt=1709911,1709911,1709911,1709911,1709911,1709911,1709911,1709911,1709911,1709911
BENCH family=mp logn=9 pi=87 dir=1 calls=100 old=6458611,6458611,6458611,6458611,6458611,6458612,6458611,6458611,6458611,6458611 opt=1646711,1646711,1646711,1646711,1646711,1646711,1646711,1646711,1646711,1646711
BENCH family=mp logn=10 pi=87 dir=0 calls=100 old=12349811,12349811,12349812,12349811,12349811,12349811,12349811,12349812,12349811,12349811 opt=3696011,3696011,3696011,3696011,3696011,3696011,3696011,3696011,3696011,3696011
BENCH family=mp logn=10 pi=87 dir=1 calls=100 old=14134211,14134212,14134211,14134211,14134211,14134211,14134212,14134211,14134211,14134211 opt=3544111,3544111,3544111,3544111,3544111,3544111,3544111,3544111,3544111,3544111
BENCH family=mp logn=4 pi=88 dir=0 calls=100 old=89711,89711,89711,89711,89711,89711,89711,89711,89711,89711 opt=32411,32411,32411,32411,32411,32411,32411,32411,32411,32411
BENCH family=mp logn=4 pi=88 dir=1 calls=100 old=102611,102611,102611,102611,102611,102611,102611,102611,102611,102611 opt=35011,35011,35011,35011,35011,35011,35011,35011,35011,35011
BENCH family=mp logn=5 pi=88 dir=0 calls=100 old=212111,212111,212111,212111,212111,212111,212111,212111,212111,212111 opt=72611,72611,72611,72611,72611,72611,72611,72611,72611,72611
BENCH family=mp logn=5 pi=88 dir=1 calls=100 old=241811,241811,241812,241811,241811,241811,241811,241811,241811,241811 opt=74311,74311,74311,74311,74311,74311,74311,74311,74311,74311
BENCH family=mp logn=6 pi=88 dir=0 calls=100 old=485211,485211,485211,485211,485211,485211,485211,485211,485211,485211 opt=150211,150211,150211,150211,150211,150211,150211,150211,150211,150211
BENCH family=mp logn=6 pi=88 dir=1 calls=100 old=555811,555811,555811,555811,555811,555811,555811,555811,555811,555811 opt=152311,152311,152311,152311,152311,152311,152311,152311,152311,152311
BENCH family=mp logn=7 pi=88 dir=0 calls=100 old=1124411,1124411,1124411,1124411,1124411,1124411,1124411,1124411,1124411,1124411 opt=348511,348511,348511,348511,348511,348511,348511,348511,348511,348511
BENCH family=mp logn=7 pi=88 dir=1 calls=100 old=1283811,1283811,1283811,1283811,1283811,1283811,1283811,1283811,1283811,1283811 opt=341811,341811,341811,341811,341811,341811,341811,341811,341811,341811
BENCH family=mp logn=8 pi=88 dir=0 calls=100 old=2503111,2503111,2503111,2503111,2503111,2503111,2503111,2503111,2503111,2503111 opt=759411,759411,759411,759411,759412,759411,759411,759411,759411,759411
BENCH family=mp logn=8 pi=88 dir=1 calls=100 old=2866611,2866611,2866611,2866611,2866611,2866611,2866611,2866611,2866611,2866611 opt=735211,735211,735211,735211,735211,735211,735211,735211,735211,735211
BENCH family=mp logn=9 pi=88 dir=0 calls=100 old=5655911,5655911,5655912,5655911,5655911,5655911,5655911,5655911,5655911,5655911 opt=1709911,1709911,1709911,1709911,1709911,1709911,1709911,1709911,1709911,1709911
BENCH family=mp logn=9 pi=88 dir=1 calls=100 old=6458611,6458611,6458612,6458611,6458611,6458611,6458611,6458611,6458611,6458611 opt=1646711,1646711,1646711,1646711,1646711,1646711,1646711,1646711,1646711,1646711
BENCH family=mp logn=10 pi=88 dir=0 calls=100 old=12349811,12349811,12349811,12349811,12349811,12349812,12349811,12349811,12349811,12349811 opt=3696012,3696011,3696011,3696011,3696011,3696011,3696011,3696011,3696011,3696011
BENCH family=mp logn=10 pi=88 dir=1 calls=100 old=14134212,14134211,14134211,14134211,14134211,14134211,14134211,14134211,14134211,14134212 opt=3544111,3544111,3544111,3544111,3544111,3544112,3544111,3544111,3544111,3544111
BENCH family=mp logn=4 pi=89 dir=0 calls=100 old=89711,89711,89711,89711,89711,89711,89711,89711,89711,89711 opt=32411,32411,32411,32411,32411,32411,32411,32411,32411,32411
BENCH family=mp logn=4 pi=89 dir=1 calls=100 old=102611,102611,102611,102611,102611,102611,102611,102611,102611,102611 opt=35011,35011,35011,35011,35011,35011,35011,35011,35011,35011
BENCH family=mp logn=5 pi=89 dir=0 calls=100 old=212111,212111,212111,212111,212111,212111,212111,212111,212111,212111 opt=72611,72611,72611,72611,72611,72611,72611,72611,72611,72611
BENCH family=mp logn=5 pi=89 dir=1 calls=100 old=241811,241811,241811,241811,241811,241811,241811,241811,241811,241811 opt=74311,74311,74311,74311,74311,74311,74311,74311,74311,74311
BENCH family=mp logn=6 pi=89 dir=0 calls=100 old=485211,485211,485211,485211,485211,485211,485211,485211,485211,485211 opt=150211,150211,150211,150211,150211,150211,150211,150211,150211,150211
BENCH family=mp logn=6 pi=89 dir=1 calls=100 old=555811,555811,555811,555811,555811,555811,555811,555811,555811,555811 opt=152311,152311,152311,152311,152311,152311,152311,152311,152311,152311
BENCH family=mp logn=7 pi=89 dir=0 calls=100 old=1124411,1124411,1124411,1124411,1124411,1124411,1124411,1124411,1124411,1124411 opt=348511,348511,348511,348511,348511,348511,348511,348511,348511,348511
BENCH family=mp logn=7 pi=89 dir=1 calls=100 old=1283811,1283811,1283811,1283811,1283811,1283812,1283811,1283811,1283811,1283811 opt=341811,341811,341811,341811,341811,341811,341811,341811,341811,341811
BENCH family=mp logn=8 pi=89 dir=0 calls=100 old=2503111,2503111,2503111,2503111,2503111,2503111,2503111,2503111,2503111,2503111 opt=759411,759411,759411,759411,759411,759411,759411,759411,759411,759411
BENCH family=mp logn=8 pi=89 dir=1 calls=100 old=2866611,2866611,2866611,2866611,2866611,2866611,2866611,2866611,2866611,2866612 opt=735211,735211,735211,735211,735211,735211,735211,735211,735211,735211
BENCH family=mp logn=9 pi=89 dir=0 calls=100 old=5655911,5655911,5655911,5655911,5655911,5655911,5655911,5655911,5655911,5655911 opt=1709911,1709911,1709911,1709911,1709911,1709911,1709911,1709911,1709911,1709911
BENCH family=mp logn=9 pi=89 dir=1 calls=100 old=6458611,6458611,6458611,6458611,6458611,6458611,6458611,6458611,6458611,6458612 opt=1646711,1646711,1646711,1646711,1646711,1646711,1646711,1646711,1646711,1646711
BENCH family=mp logn=10 pi=89 dir=0 calls=100 old=12349811,12349811,12349811,12349811,12349812,12349811,12349811,12349811,12349811,12349812 opt=3696011,3696011,3696011,3696011,3696011,3696011,3696011,3696011,3696011,3696011
BENCH family=mp logn=10 pi=89 dir=1 calls=100 old=14134211,14134211,14134211,14134212,14134211,14134211,14134211,14134211,14134212,14134211 opt=3544111,3544111,3544111,3544111,3544111,3544111,3544111,3544111,3544111,3544111
BENCH family=mp logn=4 pi=90 dir=0 calls=100 old=89711,89711,89711,89711,89711,89711,89711,89711,89711,89711 opt=32411,32411,32411,32411,32411,32411,32411,32411,32411,32411
BENCH family=mp logn=4 pi=90 dir=1 calls=100 old=102611,102611,102611,102611,102611,102611,102611,102611,102611,102611 opt=35011,35011,35011,35011,35011,35011,35011,35011,35011,35011
BENCH family=mp logn=5 pi=90 dir=0 calls=100 old=212111,212111,212111,212111,212111,212111,212111,212111,212111,212111 opt=72611,72611,72611,72611,72611,72611,72611,72611,72611,72611
BENCH family=mp logn=5 pi=90 dir=1 calls=100 old=241811,241811,241811,241811,241811,241811,241811,241811,241811,241811 opt=74311,74311,74311,74311,74311,74311,74311,74311,74311,74311
BENCH family=mp logn=6 pi=90 dir=0 calls=100 old=485211,485211,485211,485211,485211,485211,485211,485211,485211,485211 opt=150211,150211,150211,150211,150211,150211,150211,150211,150211,150211
BENCH family=mp logn=6 pi=90 dir=1 calls=100 old=555811,555811,555811,555811,555811,555811,555811,555811,555811,555811 opt=152311,152311,152311,152311,152311,152311,152311,152311,152311,152311
BENCH family=mp logn=7 pi=90 dir=0 calls=100 old=1124411,1124411,1124411,1124411,1124411,1124411,1124411,1124411,1124411,1124411 opt=348511,348512,348511,348511,348511,348511,348511,348511,348511,348511
BENCH family=mp logn=7 pi=90 dir=1 calls=100 old=1283811,1283811,1283811,1283811,1283811,1283811,1283811,1283811,1283811,1283811 opt=341811,341811,341811,341811,341811,341811,341811,341811,341811,341811
BENCH family=mp logn=8 pi=90 dir=0 calls=100 old=2503111,2503111,2503111,2503111,2503111,2503111,2503111,2503111,2503111,2503111 opt=759411,759411,759411,759411,759411,759411,759411,759411,759411,759411
BENCH family=mp logn=8 pi=90 dir=1 calls=100 old=2866611,2866612,2866611,2866611,2866611,2866611,2866611,2866611,2866611,2866611 opt=735211,735211,735211,735211,735211,735211,735211,735211,735211,735211
BENCH family=mp logn=9 pi=90 dir=0 calls=100 old=5655911,5655911,5655911,5655911,5655911,5655911,5655912,5655911,5655911,5655911 opt=1709911,1709911,1709911,1709911,1709911,1709911,1709911,1709911,1709911,1709911
BENCH family=mp logn=9 pi=90 dir=1 calls=100 old=6458611,6458611,6458611,6458611,6458611,6458612,6458611,6458611,6458611,6458611 opt=1646711,1646711,1646711,1646711,1646711,1646711,1646711,1646711,1646711,1646711
BENCH family=mp logn=10 pi=90 dir=0 calls=100 old=12349811,12349811,12349812,12349811,12349811,12349811,12349811,12349812,12349811,12349811 opt=3696011,3696011,3696011,3696011,3696011,3696011,3696011,3696011,3696011,3696011
BENCH family=mp logn=10 pi=90 dir=1 calls=100 old=14134211,14134211,14134212,14134211,14134211,14134211,14134212,14134211,14134211,14134211 opt=3544111,3544111,3544111,3544111,3544111,3544111,3544111,3544111,3544111,3544111
BENCH family=mp logn=4 pi=91 dir=0 calls=100 old=89711,89711,89711,89711,89711,89711,89711,89711,89711,89711 opt=32411,32411,32411,32411,32411,32411,32411,32411,32411,32411
BENCH family=mp logn=4 pi=91 dir=1 calls=100 old=102611,102611,102611,102611,102611,102611,102611,102611,102611,102611 opt=35011,35011,35011,35011,35011,35011,35011,35011,35011,35011
BENCH family=mp logn=5 pi=91 dir=0 calls=100 old=212111,212111,212111,212111,212111,212111,212111,212111,212111,212111 opt=72611,72611,72611,72611,72611,72611,72611,72611,72611,72611
BENCH family=mp logn=5 pi=91 dir=1 calls=100 old=241811,241811,241811,241811,241811,241811,241811,241811,241811,241811 opt=74311,74311,74311,74311,74311,74311,74311,74311,74311,74311
BENCH family=mp logn=6 pi=91 dir=0 calls=100 old=485211,485211,485211,485211,485211,485211,485211,485211,485211,485211 opt=150211,150211,150211,150211,150211,150211,150211,150211,150211,150211
BENCH family=mp logn=6 pi=91 dir=1 calls=100 old=555811,555811,555811,555811,555811,555811,555811,555811,555811,555811 opt=152311,152311,152311,152311,152311,152311,152311,152311,152311,152311
BENCH family=mp logn=7 pi=91 dir=0 calls=100 old=1124411,1124411,1124411,1124411,1124411,1124411,1124411,1124411,1124411,1124411 opt=348511,348511,348511,348511,348511,348511,348511,348511,348511,348511
BENCH family=mp logn=7 pi=91 dir=1 calls=100 old=1283811,1283811,1283811,1283811,1283811,1283811,1283811,1283811,1283811,1283811 opt=341811,341811,341811,341811,341811,341811,341811,341811,341811,341811
BENCH family=mp logn=8 pi=91 dir=0 calls=100 old=2503111,2503111,2503111,2503111,2503111,2503111,2503111,2503111,2503111,2503111 opt=759411,759411,759411,759411,759412,759411,759411,759411,759411,759411
BENCH family=mp logn=8 pi=91 dir=1 calls=100 old=2866611,2866611,2866611,2866611,2866611,2866611,2866611,2866611,2866611,2866611 opt=735211,735211,735211,735211,735211,735211,735211,735211,735211,735211
BENCH family=mp logn=9 pi=91 dir=0 calls=100 old=5655911,5655911,5655912,5655911,5655911,5655911,5655911,5655911,5655911,5655911 opt=1709911,1709911,1709911,1709911,1709911,1709911,1709911,1709911,1709911,1709911
BENCH family=mp logn=9 pi=91 dir=1 calls=100 old=6458611,6458611,6458612,6458611,6458611,6458611,6458611,6458611,6458611,6458611 opt=1646711,1646711,1646711,1646711,1646711,1646711,1646711,1646711,1646711,1646711
BENCH family=mp logn=10 pi=91 dir=0 calls=100 old=12349811,12349811,12349811,12349811,12349811,12349812,12349811,12349811,12349811,12349811 opt=3696012,3696011,3696011,3696011,3696011,3696011,3696011,3696011,3696011,3696011
BENCH family=mp logn=10 pi=91 dir=1 calls=100 old=14134212,14134211,14134211,14134211,14134211,14134211,14134211,14134211,14134211,14134212 opt=3544111,3544111,3544111,3544111,3544112,3544111,3544111,3544111,3544111,3544111
BENCH family=mp logn=4 pi=92 dir=0 calls=100 old=89711,89711,89711,89711,89711,89711,89711,89711,89711,89711 opt=32411,32411,32411,32411,32411,32411,32411,32411,32411,32411
BENCH family=mp logn=4 pi=92 dir=1 calls=100 old=102611,102611,102611,102611,102611,102611,102611,102611,102611,102611 opt=35011,35011,35011,35011,35011,35011,35011,35011,35011,35011
BENCH family=mp logn=5 pi=92 dir=0 calls=100 old=212111,212111,212111,212111,212111,212111,212111,212111,212111,212111 opt=72611,72611,72611,72611,72611,72611,72611,72611,72611,72611
BENCH family=mp logn=5 pi=92 dir=1 calls=100 old=241811,241811,241811,241811,241811,241811,241811,241811,241811,241811 opt=74311,74311,74311,74311,74311,74311,74311,74311,74311,74311
BENCH family=mp logn=6 pi=92 dir=0 calls=100 old=485211,485211,485211,485211,485211,485211,485211,485211,485211,485211 opt=150211,150211,150211,150211,150211,150211,150211,150211,150211,150211
BENCH family=mp logn=6 pi=92 dir=1 calls=100 old=555811,555811,555811,555811,555811,555811,555811,555811,555811,555811 opt=152311,152311,152311,152311,152311,152311,152311,152311,152311,152311
BENCH family=mp logn=7 pi=92 dir=0 calls=100 old=1124411,1124411,1124411,1124411,1124411,1124411,1124411,1124411,1124411,1124411 opt=348511,348511,348511,348511,348511,348511,348511,348511,348511,348511
BENCH family=mp logn=7 pi=92 dir=1 calls=100 old=1283811,1283811,1283811,1283811,1283811,1283811,1283811,1283811,1283811,1283811 opt=341811,341811,341811,341811,341811,341812,341811,341811,341811,341811
BENCH family=mp logn=8 pi=92 dir=0 calls=100 old=2503111,2503111,2503111,2503111,2503111,2503111,2503111,2503111,2503111,2503111 opt=759411,759411,759411,759411,759411,759411,759411,759411,759411,759411
BENCH family=mp logn=8 pi=92 dir=1 calls=100 old=2866611,2866611,2866611,2866611,2866611,2866611,2866611,2866611,2866612,2866611 opt=735211,735211,735211,735211,735211,735211,735211,735211,735211,735211
BENCH family=mp logn=9 pi=92 dir=0 calls=100 old=5655911,5655911,5655911,5655911,5655911,5655911,5655911,5655911,5655911,5655912 opt=1709911,1709911,1709911,1709911,1709911,1709911,1709911,1709911,1709911,1709911
BENCH family=mp logn=9 pi=92 dir=1 calls=100 old=6458611,6458611,6458611,6458611,6458611,6458611,6458611,6458611,6458611,6458611 opt=1646711,1646711,1646711,1646711,1646711,1646711,1646711,1646711,1646711,1646712
BENCH family=mp logn=10 pi=92 dir=0 calls=100 old=12349811,12349811,12349811,12349811,12349812,12349811,12349811,12349811,12349811,12349811 opt=3696011,3696011,3696011,3696011,3696011,3696011,3696011,3696011,3696011,3696012
BENCH family=mp logn=10 pi=92 dir=1 calls=100 old=14134211,14134211,14134211,14134212,14134211,14134211,14134211,14134212,14134211,14134211 opt=3544111,3544111,3544111,3544111,3544111,3544111,3544111,3544111,3544111,3544111
BENCH family=mp logn=4 pi=93 dir=0 calls=100 old=89711,89711,89711,89711,89711,89711,89711,89711,89711,89711 opt=32411,32411,32411,32411,32411,32411,32411,32411,32411,32411
BENCH family=mp logn=4 pi=93 dir=1 calls=100 old=102611,102611,102611,102611,102611,102611,102611,102611,102611,102611 opt=35011,35011,35011,35011,35011,35011,35011,35011,35011,35011
BENCH family=mp logn=5 pi=93 dir=0 calls=100 old=212111,212111,212111,212111,212111,212111,212111,212111,212111,212111 opt=72611,72611,72611,72611,72611,72611,72611,72611,72611,72611
BENCH family=mp logn=5 pi=93 dir=1 calls=100 old=241811,241811,241811,241811,241811,241811,241811,241811,241811,241811 opt=74311,74311,74311,74311,74311,74311,74311,74311,74311,74311
BENCH family=mp logn=6 pi=93 dir=0 calls=100 old=485211,485211,485211,485211,485211,485211,485211,485211,485211,485211 opt=150211,150211,150211,150211,150211,150211,150211,150211,150211,150211
BENCH family=mp logn=6 pi=93 dir=1 calls=100 old=555811,555811,555811,555811,555811,555811,555811,555811,555811,555811 opt=152311,152311,152311,152311,152311,152311,152311,152311,152311,152311
BENCH family=mp logn=7 pi=93 dir=0 calls=100 old=1124412,1124411,1124411,1124411,1124411,1124411,1124411,1124411,1124411,1124411 opt=348511,348511,348511,348511,348511,348511,348511,348511,348511,348511
BENCH family=mp logn=7 pi=93 dir=1 calls=100 old=1283811,1283811,1283811,1283811,1283811,1283811,1283811,1283811,1283811,1283811 opt=341811,341811,341811,341811,341811,341811,341811,341811,341811,341811
BENCH family=mp logn=8 pi=93 dir=0 calls=100 old=2503111,2503111,2503111,2503111,2503111,2503111,2503111,2503111,2503111,2503111 opt=759411,759411,759411,759411,759411,759411,759411,759411,759411,759411
BENCH family=mp logn=8 pi=93 dir=1 calls=100 old=2866611,2866612,2866611,2866611,2866611,2866611,2866611,2866611,2866611,2866611 opt=735211,735211,735211,735211,735211,735211,735211,735211,735211,735211
BENCH family=mp logn=9 pi=93 dir=0 calls=100 old=5655911,5655911,5655911,5655911,5655911,5655911,5655912,5655911,5655911,5655911 opt=1709911,1709911,1709911,1709911,1709911,1709911,1709911,1709911,1709911,1709911
BENCH family=mp logn=9 pi=93 dir=1 calls=100 old=6458611,6458611,6458611,6458611,6458611,6458612,6458611,6458611,6458611,6458611 opt=1646711,1646711,1646711,1646711,1646711,1646711,1646711,1646711,1646711,1646711
BENCH family=mp logn=10 pi=93 dir=0 calls=100 old=12349811,12349811,12349812,12349811,12349811,12349811,12349811,12349812,12349811,12349811 opt=3696011,3696011,3696011,3696011,3696011,3696011,3696011,3696011,3696011,3696011
BENCH family=mp logn=10 pi=93 dir=1 calls=100 old=14134211,14134211,14134212,14134211,14134211,14134211,14134212,14134211,14134211,14134211 opt=3544111,3544111,3544111,3544111,3544111,3544111,3544111,3544111,3544111,3544111
BENCH family=mp logn=4 pi=94 dir=0 calls=100 old=89711,89711,89711,89711,89711,89711,89711,89711,89711,89711 opt=32411,32411,32411,32411,32411,32411,32411,32411,32411,32411
BENCH family=mp logn=4 pi=94 dir=1 calls=100 old=102611,102611,102611,102611,102611,102611,102611,102611,102611,102611 opt=35011,35011,35011,35011,35011,35011,35011,35011,35011,35011
BENCH family=mp logn=5 pi=94 dir=0 calls=100 old=212111,212111,212111,212111,212111,212111,212111,212111,212111,212111 opt=72611,72611,72611,72611,72611,72611,72611,72611,72611,72611
BENCH family=mp logn=5 pi=94 dir=1 calls=100 old=241811,241811,241811,241812,241811,241811,241811,241811,241811,241811 opt=74311,74311,74311,74311,74311,74311,74311,74311,74311,74311
BENCH family=mp logn=6 pi=94 dir=0 calls=100 old=485211,485211,485211,485211,485211,485211,485211,485211,485211,485211 opt=150211,150211,150211,150211,150211,150211,150211,150211,150211,150211
BENCH family=mp logn=6 pi=94 dir=1 calls=100 old=555811,555811,555811,555811,555811,555811,555811,555811,555811,555811 opt=152311,152311,152311,152311,152311,152311,152311,152311,152311,152311
BENCH family=mp logn=7 pi=94 dir=0 calls=100 old=1124411,1124411,1124411,1124411,1124411,1124411,1124411,1124411,1124411,1124411 opt=348511,348511,348511,348511,348511,348511,348511,348511,348511,348511
BENCH family=mp logn=7 pi=94 dir=1 calls=100 old=1283811,1283811,1283811,1283811,1283811,1283811,1283811,1283811,1283811,1283811 opt=341811,341811,341811,341811,341811,341811,341811,341811,341811,341811
BENCH family=mp logn=8 pi=94 dir=0 calls=100 old=2503111,2503111,2503111,2503111,2503111,2503111,2503111,2503111,2503111,2503111 opt=759411,759411,759411,759411,759412,759411,759411,759411,759411,759411
BENCH family=mp logn=8 pi=94 dir=1 calls=100 old=2866611,2866611,2866611,2866611,2866611,2866611,2866611,2866611,2866611,2866611 opt=735211,735211,735211,735211,735211,735211,735211,735211,735211,735211
BENCH family=mp logn=9 pi=94 dir=0 calls=100 old=5655911,5655911,5655912,5655911,5655911,5655911,5655911,5655911,5655911,5655911 opt=1709911,1709911,1709911,1709911,1709911,1709911,1709911,1709911,1709911,1709911
BENCH family=mp logn=9 pi=94 dir=1 calls=100 old=6458611,6458611,6458612,6458611,6458611,6458611,6458611,6458611,6458611,6458611 opt=1646711,1646711,1646711,1646711,1646711,1646711,1646711,1646711,1646711,1646711
BENCH family=mp logn=10 pi=94 dir=0 calls=100 old=12349811,12349811,12349811,12349811,12349811,12349812,12349811,12349811,12349811,12349811 opt=3696012,3696011,3696011,3696011,3696011,3696011,3696011,3696011,3696011,3696011
BENCH family=mp logn=10 pi=94 dir=1 calls=100 old=14134212,14134211,14134211,14134211,14134211,14134211,14134211,14134211,14134211,14134212 opt=3544111,3544111,3544111,3544111,3544111,3544112,3544111,3544111,3544111,3544111
BENCH family=mp logn=4 pi=95 dir=0 calls=100 old=89711,89711,89711,89711,89711,89711,89711,89711,89711,89711 opt=32411,32411,32411,32411,32411,32411,32411,32411,32411,32411
BENCH family=mp logn=4 pi=95 dir=1 calls=100 old=102611,102611,102611,102611,102611,102611,102611,102611,102611,102611 opt=35011,35011,35011,35011,35011,35011,35011,35011,35011,35011
BENCH family=mp logn=5 pi=95 dir=0 calls=100 old=212111,212111,212111,212111,212111,212111,212111,212111,212111,212111 opt=72611,72611,72611,72611,72611,72611,72611,72611,72611,72611
BENCH family=mp logn=5 pi=95 dir=1 calls=100 old=241811,241811,241811,241811,241811,241811,241811,241811,241811,241811 opt=74311,74311,74311,74311,74311,74311,74311,74311,74311,74311
BENCH family=mp logn=6 pi=95 dir=0 calls=100 old=485211,485211,485211,485211,485211,485211,485211,485211,485211,485211 opt=150211,150211,150211,150211,150211,150211,150211,150211,150211,150211
BENCH family=mp logn=6 pi=95 dir=1 calls=100 old=555811,555811,555811,555811,555811,555811,555811,555811,555811,555811 opt=152311,152311,152311,152311,152311,152311,152311,152311,152311,152311
BENCH family=mp logn=7 pi=95 dir=0 calls=100 old=1124411,1124411,1124411,1124411,1124411,1124411,1124411,1124411,1124411,1124411 opt=348511,348511,348511,348511,348511,348511,348511,348511,348511,348511
BENCH family=mp logn=7 pi=95 dir=1 calls=100 old=1283811,1283811,1283811,1283811,1283811,1283811,1283811,1283811,1283811,1283811 opt=341811,341811,341811,341811,341811,341812,341811,341811,341811,341811
BENCH family=mp logn=8 pi=95 dir=0 calls=100 old=2503111,2503111,2503111,2503111,2503111,2503111,2503111,2503111,2503111,2503111 opt=759411,759411,759411,759411,759411,759411,759411,759411,759411,759411
BENCH family=mp logn=8 pi=95 dir=1 calls=100 old=2866611,2866611,2866611,2866611,2866611,2866611,2866611,2866611,2866611,2866611 opt=735211,735211,735211,735211,735211,735211,735211,735211,735211,735212
BENCH family=mp logn=9 pi=95 dir=0 calls=100 old=5655911,5655911,5655911,5655911,5655911,5655911,5655911,5655911,5655911,5655912 opt=1709911,1709911,1709911,1709911,1709911,1709911,1709911,1709911,1709911,1709911
BENCH family=mp logn=9 pi=95 dir=1 calls=100 old=6458611,6458611,6458611,6458611,6458611,6458611,6458611,6458611,6458611,6458612 opt=1646711,1646711,1646711,1646711,1646711,1646711,1646711,1646711,1646711,1646711
BENCH family=mp logn=10 pi=95 dir=0 calls=100 old=12349811,12349811,12349811,12349811,12349812,12349811,12349811,12349811,12349811,12349812 opt=3696011,3696011,3696011,3696011,3696011,3696011,3696011,3696011,3696011,3696011
BENCH family=mp logn=10 pi=95 dir=1 calls=100 old=14134211,14134211,14134211,14134212,14134211,14134211,14134211,14134211,14134212,14134211 opt=3544111,3544111,3544111,3544111,3544111,3544111,3544111,3544111,3544111,3544111
BENCH family=mp logn=4 pi=96 dir=0 calls=100 old=89711,89711,89711,89711,89711,89711,89711,89711,89711,89711 opt=32411,32411,32411,32411,32411,32411,32411,32411,32411,32411
BENCH family=mp logn=4 pi=96 dir=1 calls=100 old=102611,102611,102611,102611,102611,102611,102611,102611,102611,102611 opt=35011,35011,35011,35011,35011,35011,35011,35011,35011,35011
BENCH family=mp logn=5 pi=96 dir=0 calls=100 old=212111,212111,212111,212111,212111,212111,212111,212111,212111,212111 opt=72611,72611,72611,72611,72611,72611,72611,72611,72611,72611
BENCH family=mp logn=5 pi=96 dir=1 calls=100 old=241811,241811,241811,241811,241811,241811,241811,241811,241811,241811 opt=74311,74311,74311,74311,74311,74311,74311,74311,74311,74311
BENCH family=mp logn=6 pi=96 dir=0 calls=100 old=485211,485211,485211,485211,485211,485211,485211,485211,485211,485211 opt=150211,150211,150211,150211,150211,150211,150211,150211,150211,150211
BENCH family=mp logn=6 pi=96 dir=1 calls=100 old=555811,555811,555811,555811,555811,555811,555811,555811,555811,555811 opt=152311,152311,152311,152311,152311,152311,152311,152311,152311,152311
BENCH family=mp logn=7 pi=96 dir=0 calls=100 old=1124412,1124411,1124411,1124411,1124411,1124411,1124411,1124411,1124411,1124411 opt=348511,348511,348511,348511,348511,348511,348511,348511,348511,348511
BENCH family=mp logn=7 pi=96 dir=1 calls=100 old=1283811,1283811,1283811,1283811,1283811,1283811,1283811,1283811,1283811,1283811 opt=341811,341811,341811,341811,341811,341811,341811,341811,341811,341811
BENCH family=mp logn=8 pi=96 dir=0 calls=100 old=2503111,2503111,2503111,2503111,2503111,2503111,2503111,2503111,2503111,2503111 opt=759411,759411,759411,759411,759411,759411,759411,759411,759411,759411
BENCH family=mp logn=8 pi=96 dir=1 calls=100 old=2866611,2866612,2866611,2866611,2866611,2866611,2866611,2866611,2866611,2866611 opt=735211,735211,735211,735211,735211,735211,735211,735211,735211,735211
BENCH family=mp logn=9 pi=96 dir=0 calls=100 old=5655911,5655911,5655911,5655911,5655911,5655911,5655912,5655911,5655911,5655911 opt=1709911,1709911,1709911,1709911,1709911,1709911,1709911,1709911,1709911,1709911
BENCH family=mp logn=9 pi=96 dir=1 calls=100 old=6458611,6458611,6458611,6458611,6458611,6458612,6458611,6458611,6458611,6458611 opt=1646711,1646711,1646711,1646711,1646711,1646711,1646711,1646711,1646711,1646711
BENCH family=mp logn=10 pi=96 dir=0 calls=100 old=12349811,12349811,12349812,12349811,12349811,12349811,12349811,12349812,12349811,12349811 opt=3696011,3696011,3696011,3696011,3696011,3696011,3696011,3696011,3696011,3696011
BENCH family=mp logn=10 pi=96 dir=1 calls=100 old=14134211,14134211,14134212,14134211,14134211,14134211,14134212,14134211,14134211,14134211 opt=3544111,3544111,3544111,3544111,3544111,3544111,3544111,3544111,3544111,3544111
BENCH family=mp logn=4 pi=97 dir=0 calls=100 old=89711,89711,89711,89711,89711,89711,89711,89711,89711,89711 opt=32411,32411,32411,32411,32411,32411,32411,32411,32411,32411
BENCH family=mp logn=4 pi=97 dir=1 calls=100 old=102611,102611,102611,102611,102611,102611,102611,102611,102611,102611 opt=35011,35011,35011,35011,35011,35011,35011,35011,35011,35011
BENCH family=mp logn=5 pi=97 dir=0 calls=100 old=212111,212111,212111,212111,212111,212111,212111,212111,212111,212111 opt=72611,72611,72611,72611,72611,72611,72611,72611,72611,72611
BENCH family=mp logn=5 pi=97 dir=1 calls=100 old=241811,241811,241811,241811,241811,241812,241811,241811,241811,241811 opt=74311,74311,74311,74311,74311,74311,74311,74311,74311,74311
BENCH family=mp logn=6 pi=97 dir=0 calls=100 old=485211,485211,485211,485211,485211,485211,485211,485211,485211,485211 opt=150211,150211,150211,150211,150211,150211,150211,150211,150211,150211
BENCH family=mp logn=6 pi=97 dir=1 calls=100 old=555811,555811,555811,555811,555811,555811,555811,555811,555811,555811 opt=152311,152311,152311,152311,152311,152311,152311,152311,152311,152311
BENCH family=mp logn=7 pi=97 dir=0 calls=100 old=1124411,1124411,1124411,1124411,1124411,1124411,1124411,1124411,1124411,1124411 opt=348511,348511,348511,348511,348511,348511,348511,348511,348511,348511
BENCH family=mp logn=7 pi=97 dir=1 calls=100 old=1283811,1283811,1283811,1283811,1283811,1283811,1283811,1283811,1283811,1283811 opt=341811,341811,341811,341811,341811,341811,341811,341811,341811,341811
BENCH family=mp logn=8 pi=97 dir=0 calls=100 old=2503111,2503111,2503111,2503111,2503111,2503111,2503111,2503111,2503111,2503111 opt=759411,759411,759411,759411,759411,759412,759411,759411,759411,759411
BENCH family=mp logn=8 pi=97 dir=1 calls=100 old=2866611,2866611,2866611,2866611,2866611,2866611,2866611,2866611,2866611,2866611 opt=735211,735211,735211,735211,735211,735211,735211,735211,735211,735211
BENCH family=mp logn=9 pi=97 dir=0 calls=100 old=5655911,5655911,5655912,5655911,5655911,5655911,5655911,5655911,5655911,5655911 opt=1709911,1709911,1709911,1709911,1709911,1709911,1709911,1709911,1709911,1709911
BENCH family=mp logn=9 pi=97 dir=1 calls=100 old=6458611,6458611,6458612,6458611,6458611,6458611,6458611,6458611,6458611,6458611 opt=1646711,1646711,1646711,1646711,1646711,1646711,1646711,1646711,1646711,1646711
BENCH family=mp logn=10 pi=97 dir=0 calls=100 old=12349811,12349811,12349811,12349811,12349811,12349811,12349812,12349811,12349811,12349811 opt=3696011,3696012,3696011,3696011,3696011,3696011,3696011,3696011,3696011,3696011
BENCH family=mp logn=10 pi=97 dir=1 calls=100 old=14134212,14134211,14134211,14134211,14134211,14134211,14134211,14134211,14134211,14134212 opt=3544111,3544111,3544111,3544111,3544111,3544112,3544111,3544111,3544111,3544111
BENCH family=mp logn=4 pi=98 dir=0 calls=100 old=89711,89711,89711,89711,89711,89711,89711,89711,89711,89711 opt=32411,32411,32411,32411,32411,32411,32411,32411,32411,32411
BENCH family=mp logn=4 pi=98 dir=1 calls=100 old=102611,102611,102611,102611,102611,102611,102611,102611,102611,102611 opt=35011,35011,35011,35011,35011,35011,35011,35011,35011,35011
BENCH family=mp logn=5 pi=98 dir=0 calls=100 old=212111,212111,212111,212111,212111,212111,212111,212111,212111,212111 opt=72611,72611,72611,72611,72611,72611,72611,72611,72611,72611
BENCH family=mp logn=5 pi=98 dir=1 calls=100 old=241811,241811,241811,241811,241811,241811,241811,241811,241811,241811 opt=74311,74311,74311,74311,74311,74311,74311,74311,74311,74311
BENCH family=mp logn=6 pi=98 dir=0 calls=100 old=485211,485211,485211,485211,485211,485211,485211,485211,485211,485211 opt=150211,150211,150211,150211,150211,150211,150211,150211,150211,150211
BENCH family=mp logn=6 pi=98 dir=1 calls=100 old=555811,555811,555811,555811,555811,555811,555811,555811,555811,555811 opt=152311,152311,152311,152311,152311,152311,152311,152311,152311,152311
BENCH family=mp logn=7 pi=98 dir=0 calls=100 old=1124411,1124411,1124411,1124411,1124411,1124411,1124411,1124411,1124411,1124411 opt=348511,348511,348511,348511,348511,348511,348511,348511,348511,348511
BENCH family=mp logn=7 pi=98 dir=1 calls=100 old=1283811,1283811,1283811,1283811,1283811,1283811,1283811,1283811,1283811,1283811 opt=341811,341811,341811,341811,341811,341811,341811,341812,341811,341811
BENCH family=mp logn=8 pi=98 dir=0 calls=100 old=2503111,2503111,2503111,2503111,2503111,2503111,2503111,2503111,2503111,2503111 opt=759411,759411,759411,759411,759411,759411,759411,759411,759411,759411
BENCH family=mp logn=8 pi=98 dir=1 calls=100 old=2866611,2866611,2866611,2866611,2866611,2866611,2866611,2866611,2866611,2866612 opt=735211,735211,735211,735211,735211,735211,735211,735211,735211,735211
BENCH family=mp logn=9 pi=98 dir=0 calls=100 old=5655911,5655911,5655911,5655911,5655911,5655911,5655911,5655911,5655911,5655911 opt=1709911,1709911,1709911,1709911,1709911,1709911,1709911,1709911,1709911,1709911
BENCH family=mp logn=9 pi=98 dir=1 calls=100 old=6458611,6458611,6458611,6458611,6458611,6458611,6458611,6458611,6458611,6458612 opt=1646711,1646711,1646711,1646711,1646711,1646711,1646711,1646711,1646711,1646711
BENCH family=mp logn=10 pi=98 dir=0 calls=100 old=12349811,12349811,12349811,12349811,12349812,12349811,12349811,12349811,12349811,12349812 opt=3696011,3696011,3696011,3696011,3696011,3696011,3696011,3696011,3696011,3696011
BENCH family=mp logn=10 pi=98 dir=1 calls=100 old=14134211,14134211,14134211,14134212,14134211,14134211,14134211,14134211,14134212,14134211 opt=3544111,3544111,3544111,3544111,3544111,3544111,3544111,3544111,3544111,3544111
BENCH family=mp logn=4 pi=99 dir=0 calls=100 old=89711,89711,89711,89711,89711,89711,89711,89711,89711,89711 opt=32411,32411,32411,32411,32411,32411,32411,32411,32411,32411
BENCH family=mp logn=4 pi=99 dir=1 calls=100 old=102611,102611,102611,102611,102611,102611,102611,102611,102611,102611 opt=35011,35011,35011,35011,35011,35011,35011,35011,35011,35011
BENCH family=mp logn=5 pi=99 dir=0 calls=100 old=212111,212111,212111,212111,212111,212111,212111,212111,212111,212111 opt=72611,72611,72611,72611,72611,72611,72611,72611,72611,72611
BENCH family=mp logn=5 pi=99 dir=1 calls=100 old=241811,241811,241811,241811,241811,241811,241811,241811,241811,241811 opt=74311,74311,74311,74311,74311,74311,74311,74311,74311,74311
BENCH family=mp logn=6 pi=99 dir=0 calls=100 old=485211,485211,485211,485211,485211,485211,485211,485211,485211,485211 opt=150211,150211,150211,150211,150211,150211,150211,150211,150211,150211
BENCH family=mp logn=6 pi=99 dir=1 calls=100 old=555811,555811,555811,555811,555811,555811,555811,555811,555811,555811 opt=152311,152311,152311,152311,152311,152311,152311,152311,152311,152311
BENCH family=mp logn=7 pi=99 dir=0 calls=100 old=1124411,1124411,1124412,1124411,1124411,1124411,1124411,1124411,1124411,1124411 opt=348511,348511,348511,348511,348511,348511,348511,348511,348511,348511
BENCH family=mp logn=7 pi=99 dir=1 calls=100 old=1283811,1283811,1283811,1283811,1283811,1283811,1283811,1283811,1283811,1283811 opt=341811,341811,341811,341811,341811,341811,341811,341811,341811,341811
BENCH family=mp logn=8 pi=99 dir=0 calls=100 old=2503111,2503111,2503111,2503111,2503111,2503111,2503111,2503111,2503111,2503111 opt=759411,759411,759411,759411,759411,759411,759411,759411,759411,759411
BENCH family=mp logn=8 pi=99 dir=1 calls=100 old=2866611,2866611,2866612,2866611,2866611,2866611,2866611,2866611,2866611,2866611 opt=735211,735211,735211,735211,735211,735211,735211,735211,735211,735211
BENCH family=mp logn=9 pi=99 dir=0 calls=100 old=5655911,5655911,5655911,5655911,5655911,5655911,5655912,5655911,5655911,5655911 opt=1709911,1709911,1709911,1709911,1709911,1709911,1709911,1709911,1709911,1709911
BENCH family=mp logn=9 pi=99 dir=1 calls=100 old=6458611,6458611,6458611,6458611,6458611,6458611,6458612,6458611,6458611,6458611 opt=1646711,1646711,1646711,1646711,1646711,1646711,1646711,1646711,1646711,1646711
BENCH family=mp logn=10 pi=99 dir=0 calls=100 old=12349811,12349811,12349812,12349811,12349811,12349811,12349811,12349812,12349811,12349811 opt=3696011,3696011,3696011,3696011,3696011,3696011,3696011,3696011,3696011,3696011
BENCH family=mp logn=10 pi=99 dir=1 calls=100 old=14134211,14134211,14134212,14134211,14134211,14134211,14134212,14134211,14134211,14134211 opt=3544111,3544111,3544111,3544111,3544111,3544111,3544111,3544111,3544111,3544111
BENCH family=mp logn=4 pi=100 dir=0 calls=100 old=89711,89711,89711,89711,89711,89711,89711,89711,89711,89711 opt=32411,32411,32411,32411,32411,32411,32411,32411,32411,32411
BENCH family=mp logn=4 pi=100 dir=1 calls=100 old=102611,102611,102611,102611,102611,102611,102611,102611,102611,102611 opt=35011,35011,35011,35011,35011,35011,35011,35011,35011,35011
BENCH family=mp logn=5 pi=100 dir=0 calls=100 old=212111,212111,212111,212111,212111,212111,212111,212111,212111,212111 opt=72611,72611,72611,72611,72611,72611,72611,72611,72611,72611
BENCH family=mp logn=5 pi=100 dir=1 calls=100 old=241811,241811,241811,241811,241811,241811,241811,241811,241811,241811 opt=74311,74311,74311,74311,74311,74311,74311,74311,74311,74311
BENCH family=mp logn=6 pi=100 dir=0 calls=100 old=485211,485211,485211,485211,485211,485211,485211,485211,485211,485211 opt=150211,150211,150211,150211,150211,150211,150211,150211,150211,150211
BENCH family=mp logn=6 pi=100 dir=1 calls=100 old=555811,555811,555811,555811,555811,555811,555811,555811,555811,555811 opt=152311,152311,152311,152311,152311,152311,152311,152311,152311,152311
BENCH family=mp logn=7 pi=100 dir=0 calls=100 old=1124411,1124411,1124411,1124411,1124411,1124411,1124411,1124411,1124411,1124411 opt=348511,348511,348511,348511,348511,348511,348511,348511,348511,348511
BENCH family=mp logn=7 pi=100 dir=1 calls=100 old=1283811,1283811,1283811,1283811,1283811,1283811,1283811,1283811,1283811,1283811 opt=341811,341811,341811,341811,341811,341811,341811,341811,341811,341811
BENCH family=mp logn=8 pi=100 dir=0 calls=100 old=2503111,2503111,2503111,2503111,2503111,2503112,2503111,2503111,2503111,2503111 opt=759411,759411,759411,759411,759411,759411,759411,759411,759411,759411
BENCH family=mp logn=8 pi=100 dir=1 calls=100 old=2866611,2866611,2866611,2866611,2866611,2866611,2866611,2866611,2866611,2866611 opt=735211,735211,735211,735211,735211,735211,735211,735211,735211,735211
BENCH family=mp logn=9 pi=100 dir=0 calls=100 old=5655911,5655911,5655911,5655911,5655911,5655911,5655911,5655911,5655911,5655911 opt=1709911,1709911,1709911,1709912,1709911,1709911,1709911,1709911,1709911,1709911
BENCH family=mp logn=9 pi=100 dir=1 calls=100 old=6458611,6458611,6458611,6458611,6458611,6458611,6458611,6458611,6458611,6458611 opt=1646711,1646711,1646711,1646712,1646711,1646711,1646711,1646711,1646711,1646711
BENCH family=mp logn=10 pi=100 dir=0 calls=100 old=12349811,12349811,12349811,12349811,12349811,12349811,12349812,12349811,12349811,12349811 opt=3696011,3696012,3696011,3696011,3696011,3696011,3696011,3696011,3696011,3696011
BENCH family=mp logn=10 pi=100 dir=1 calls=100 old=14134211,14134211,14134211,14134211,14134211,14134212,14134211,14134211,14134211,14134212 opt=3544112,3544111,3544111,3544111,3544111,3544111,3544111,3544111,3544111,3544111
BENCH family=mp logn=4 pi=101 dir=0 calls=100 old=89711,89711,89711,89711,89711,89711,89711,89711,89711,89711 opt=32411,32411,32411,32411,32411,32411,32411,32411,32411,32411
BENCH family=mp logn=4 pi=101 dir=1 calls=100 old=102611,102611,102611,102611,102611,102611,102611,102611,102611,102611 opt=35011,35011,35011,35011,35011,35011,35011,35011,35011,35011
BENCH family=mp logn=5 pi=101 dir=0 calls=100 old=212111,212111,212111,212111,212111,212111,212111,212111,212111,212111 opt=72611,72611,72611,72611,72611,72611,72611,72611,72611,72611
BENCH family=mp logn=5 pi=101 dir=1 calls=100 old=241811,241811,241811,241811,241811,241811,241811,241811,241811,241811 opt=74311,74311,74311,74311,74311,74311,74311,74311,74311,74311
BENCH family=mp logn=6 pi=101 dir=0 calls=100 old=485211,485211,485211,485211,485211,485211,485211,485211,485211,485211 opt=150211,150211,150211,150211,150211,150211,150211,150211,150211,150211
BENCH family=mp logn=6 pi=101 dir=1 calls=100 old=555811,555811,555811,555811,555811,555811,555811,555811,555811,555811 opt=152311,152311,152311,152311,152311,152311,152311,152311,152311,152311
BENCH family=mp logn=7 pi=101 dir=0 calls=100 old=1124411,1124411,1124411,1124411,1124411,1124411,1124411,1124411,1124411,1124411 opt=348511,348511,348511,348511,348511,348511,348511,348511,348511,348511
BENCH family=mp logn=7 pi=101 dir=1 calls=100 old=1283811,1283811,1283811,1283811,1283811,1283811,1283811,1283811,1283812,1283811 opt=341811,341811,341811,341811,341811,341811,341811,341811,341811,341811
BENCH family=mp logn=8 pi=101 dir=0 calls=100 old=2503111,2503111,2503111,2503111,2503111,2503111,2503111,2503111,2503111,2503111 opt=759411,759411,759411,759411,759411,759411,759411,759411,759411,759411
BENCH family=mp logn=8 pi=101 dir=1 calls=100 old=2866611,2866611,2866611,2866611,2866611,2866611,2866611,2866611,2866611,2866611 opt=735211,735211,735211,735211,735211,735211,735211,735211,735211,735211
BENCH family=mp logn=9 pi=101 dir=0 calls=100 old=5655911,5655911,5655911,5655911,5655911,5655911,5655911,5655911,5655911,5655911 opt=1709911,1709911,1709911,1709911,1709911,1709911,1709911,1709911,1709911,1709911
BENCH family=mp logn=9 pi=101 dir=1 calls=100 old=6458611,6458611,6458611,6458611,6458611,6458611,6458611,6458611,6458611,6458612 opt=1646711,1646711,1646711,1646711,1646711,1646711,1646711,1646711,1646711,1646711
BENCH family=mp logn=10 pi=101 dir=0 calls=100 old=12349811,12349811,12349811,12349811,12349812,12349811,12349811,12349811,12349811,12349812 opt=3696011,3696011,3696011,3696011,3696011,3696011,3696011,3696011,3696011,3696011
BENCH family=mp logn=10 pi=101 dir=1 calls=100 old=14134211,14134211,14134211,14134212,14134211,14134211,14134211,14134211,14134212,14134211 opt=3544111,3544111,3544111,3544111,3544111,3544111,3544111,3544111,3544111,3544111
BENCH family=mp logn=4 pi=102 dir=0 calls=100 old=89711,89711,89711,89711,89711,89711,89711,89711,89711,89711 opt=32411,32411,32411,32411,32411,32411,32411,32411,32411,32411
BENCH family=mp logn=4 pi=102 dir=1 calls=100 old=102611,102611,102611,102611,102611,102611,102611,102611,102611,102611 opt=35011,35011,35011,35011,35011,35011,35011,35011,35011,35011
BENCH family=mp logn=5 pi=102 dir=0 calls=100 old=212111,212111,212111,212111,212111,212111,212111,212111,212111,212111 opt=72611,72611,72611,72611,72611,72611,72611,72611,72611,72611
BENCH family=mp logn=5 pi=102 dir=1 calls=100 old=241811,241811,241811,241811,241811,241811,241811,241811,241811,241811 opt=74311,74311,74311,74311,74311,74311,74311,74311,74311,74311
BENCH family=mp logn=6 pi=102 dir=0 calls=100 old=485211,485211,485211,485211,485211,485211,485211,485211,485211,485211 opt=150211,150211,150211,150211,150211,150211,150211,150211,150211,150211
BENCH family=mp logn=6 pi=102 dir=1 calls=100 old=555811,555811,555811,555811,555811,555811,555811,555811,555811,555811 opt=152311,152311,152311,152311,152311,152311,152311,152311,152311,152311
BENCH family=mp logn=7 pi=102 dir=0 calls=100 old=1124411,1124411,1124411,1124411,1124412,1124411,1124411,1124411,1124411,1124411 opt=348511,348511,348511,348511,348511,348511,348511,348511,348511,348511
BENCH family=mp logn=7 pi=102 dir=1 calls=100 old=1283811,1283811,1283811,1283811,1283811,1283811,1283811,1283811,1283811,1283811 opt=341811,341811,341811,341811,341811,341811,341811,341811,341811,341811
BENCH family=mp logn=8 pi=102 dir=0 calls=100 old=2503111,2503111,2503111,2503111,2503111,2503111,2503111,2503111,2503111,2503111 opt=759411,759411,759411,759411,759411,759411,759411,759411,759411,759411
BENCH family=mp logn=8 pi=102 dir=1 calls=100 old=2866611,2866611,2866611,2866612,2866611,2866611,2866611,2866611,2866611,2866611 opt=735211,735211,735211,735211,735211,735211,735211,735211,735211,735211
BENCH family=mp logn=9 pi=102 dir=0 calls=100 old=5655911,5655911,5655911,5655911,5655911,5655911,5655911,5655911,5655911,5655911 opt=1709911,1709911,1709911,1709911,1709911,1709911,1709912,1709911,1709911,1709911
BENCH family=mp logn=9 pi=102 dir=1 calls=100 old=6458611,6458611,6458611,6458611,6458611,6458611,6458612,6458611,6458611,6458611 opt=1646711,1646711,1646711,1646711,1646711,1646711,1646711,1646711,1646711,1646711
BENCH family=mp logn=10 pi=102 dir=0 calls=100 old=12349811,12349811,12349811,12349811,12349811,12349811,12349811,12349812,12349811,12349811 opt=3696011,3696011,3696012,3696011,3696011,3696011,3696011,3696011,3696011,3696011
BENCH family=mp logn=10 pi=102 dir=1 calls=100 old=14134211,14134211,14134212,14134211,14134211,14134211,14134211,14134211,14134211,14134211 opt=3544111,3544111,3544111,3544111,3544111,3544111,3544112,3544111,3544111,3544111
BENCH family=mp logn=4 pi=103 dir=0 calls=100 old=89711,89711,89711,89711,89711,89711,89711,89711,89711,89711 opt=32411,32411,32411,32411,32411,32411,32411,32411,32411,32411
BENCH family=mp logn=4 pi=103 dir=1 calls=100 old=102611,102611,102611,102611,102611,102611,102611,102611,102611,102611 opt=35011,35011,35011,35011,35011,35011,35011,35011,35011,35011
BENCH family=mp logn=5 pi=103 dir=0 calls=100 old=212111,212111,212111,212111,212111,212111,212111,212111,212111,212111 opt=72611,72611,72611,72611,72611,72611,72611,72611,72611,72611
BENCH family=mp logn=5 pi=103 dir=1 calls=100 old=241811,241811,241811,241811,241811,241811,241811,241811,241811,241811 opt=74311,74311,74311,74311,74311,74311,74311,74311,74311,74311
BENCH family=mp logn=6 pi=103 dir=0 calls=100 old=485211,485211,485211,485211,485211,485211,485211,485211,485211,485211 opt=150211,150211,150211,150211,150211,150211,150211,150211,150211,150211
BENCH family=mp logn=6 pi=103 dir=1 calls=100 old=555811,555811,555811,555811,555811,555811,555811,555811,555811,555811 opt=152311,152311,152311,152311,152311,152311,152311,152311,152311,152311
BENCH family=mp logn=7 pi=103 dir=0 calls=100 old=1124411,1124411,1124411,1124411,1124411,1124411,1124411,1124411,1124411,1124411 opt=348511,348511,348511,348511,348511,348511,348511,348511,348511,348511
BENCH family=mp logn=7 pi=103 dir=1 calls=100 old=1283811,1283811,1283811,1283811,1283811,1283811,1283811,1283811,1283811,1283811 opt=341811,341811,341811,341811,341811,341811,341811,341811,341811,341811
BENCH family=mp logn=8 pi=103 dir=0 calls=100 old=2503111,2503111,2503111,2503111,2503111,2503111,2503112,2503111,2503111,2503111 opt=759411,759411,759411,759411,759411,759411,759411,759411,759411,759411
BENCH family=mp logn=8 pi=103 dir=1 calls=100 old=2866611,2866611,2866611,2866611,2866611,2866611,2866611,2866611,2866611,2866611 opt=735211,735211,735211,735211,735211,735211,735211,735211,735211,735211
BENCH family=mp logn=9 pi=103 dir=0 calls=100 old=5655911,5655911,5655911,5655911,5655911,5655911,5655911,5655911,5655911,5655911 opt=1709911,1709911,1709911,1709912,1709911,1709911,1709911,1709911,1709911,1709911
BENCH family=mp logn=9 pi=103 dir=1 calls=100 old=6458611,6458611,6458611,6458611,6458611,6458611,6458611,6458611,6458611,6458611 opt=1646711,1646711,1646711,1646712,1646711,1646711,1646711,1646711,1646711,1646711
BENCH family=mp logn=10 pi=103 dir=0 calls=100 old=12349811,12349811,12349811,12349811,12349811,12349811,12349812,12349811,12349811,12349811 opt=3696011,3696012,3696011,3696011,3696011,3696011,3696011,3696011,3696011,3696011
BENCH family=mp logn=10 pi=103 dir=1 calls=100 old=14134212,14134211,14134211,14134211,14134211,14134212,14134211,14134211,14134211,14134212 opt=3544111,3544111,3544111,3544111,3544111,3544111,3544111,3544111,3544111,3544111
BENCH family=mp logn=4 pi=104 dir=0 calls=100 old=89711,89711,89711,89711,89711,89711,89711,89711,89711,89711 opt=32411,32411,32411,32411,32411,32411,32411,32411,32411,32411
BENCH family=mp logn=4 pi=104 dir=1 calls=100 old=102611,102611,102611,102611,102611,102611,102611,102611,102611,102611 opt=35011,35011,35011,35011,35011,35011,35011,35011,35011,35011
BENCH family=mp logn=5 pi=104 dir=0 calls=100 old=212111,212111,212111,212111,212111,212111,212111,212111,212111,212111 opt=72611,72611,72611,72611,72611,72611,72611,72611,72611,72611
BENCH family=mp logn=5 pi=104 dir=1 calls=100 old=241811,241811,241811,241811,241811,241811,241811,241811,241811,241811 opt=74311,74311,74311,74311,74311,74311,74311,74311,74311,74311
BENCH family=mp logn=6 pi=104 dir=0 calls=100 old=485211,485211,485211,485211,485211,485211,485211,485211,485211,485211 opt=150211,150211,150211,150211,150211,150211,150211,150211,150211,150211
BENCH family=mp logn=6 pi=104 dir=1 calls=100 old=555811,555811,555811,555811,555811,555811,555811,555811,555811,555811 opt=152311,152311,152311,152311,152311,152311,152311,152311,152311,152311
BENCH family=mp logn=7 pi=104 dir=0 calls=100 old=1124411,1124411,1124411,1124411,1124411,1124411,1124411,1124411,1124411,1124411 opt=348511,348511,348511,348511,348511,348511,348511,348511,348511,348511
BENCH family=mp logn=7 pi=104 dir=1 calls=100 old=1283811,1283811,1283811,1283811,1283811,1283811,1283811,1283811,1283812,1283811 opt=341811,341811,341811,341811,341811,341811,341811,341811,341811,341811
BENCH family=mp logn=8 pi=104 dir=0 calls=100 old=2503111,2503111,2503111,2503111,2503111,2503111,2503111,2503111,2503111,2503111 opt=759411,759411,759411,759411,759411,759411,759411,759411,759411,759411
BENCH family=mp logn=8 pi=104 dir=1 calls=100 old=2866611,2866611,2866611,2866611,2866611,2866611,2866611,2866611,2866611,2866611 opt=735211,735211,735211,735211,735211,735211,735211,735211,735211,735211
BENCH family=mp logn=9 pi=104 dir=0 calls=100 old=5655911,5655911,5655911,5655911,5655911,5655911,5655911,5655911,5655911,5655911 opt=1709911,1709911,1709911,1709911,1709911,1709911,1709911,1709911,1709911,1709911
BENCH family=mp logn=9 pi=104 dir=1 calls=100 old=6458611,6458611,6458611,6458611,6458611,6458611,6458611,6458611,6458611,6458612 opt=1646711,1646711,1646711,1646711,1646711,1646711,1646711,1646711,1646711,1646711
BENCH family=mp logn=10 pi=104 dir=0 calls=100 old=12349811,12349811,12349811,12349811,12349812,12349811,12349811,12349811,12349811,12349812 opt=3696011,3696011,3696011,3696011,3696011,3696011,3696011,3696011,3696011,3696011
BENCH family=mp logn=10 pi=104 dir=1 calls=100 old=14134211,14134211,14134211,14134212,14134211,14134211,14134211,14134211,14134212,14134211 opt=3544111,3544111,3544111,3544111,3544111,3544111,3544111,3544111,3544111,3544111
BENCH family=mp logn=4 pi=105 dir=0 calls=100 old=89711,89711,89711,89711,89711,89711,89711,89711,89711,89711 opt=32411,32411,32411,32411,32411,32411,32411,32411,32411,32411
BENCH family=mp logn=4 pi=105 dir=1 calls=100 old=102611,102611,102611,102611,102611,102611,102611,102611,102611,102611 opt=35011,35011,35011,35011,35011,35011,35011,35011,35011,35011
BENCH family=mp logn=5 pi=105 dir=0 calls=100 old=212111,212111,212111,212111,212111,212111,212111,212111,212111,212111 opt=72611,72611,72611,72611,72611,72611,72611,72611,72611,72611
BENCH family=mp logn=5 pi=105 dir=1 calls=100 old=241811,241811,241811,241811,241811,241811,241811,241811,241811,241811 opt=74311,74311,74311,74311,74311,74311,74311,74311,74311,74311
BENCH family=mp logn=6 pi=105 dir=0 calls=100 old=485211,485211,485211,485211,485211,485211,485211,485211,485211,485211 opt=150211,150211,150211,150211,150211,150211,150211,150211,150211,150211
BENCH family=mp logn=6 pi=105 dir=1 calls=100 old=555811,555811,555811,555811,555811,555811,555811,555811,555811,555811 opt=152311,152311,152311,152311,152311,152311,152311,152311,152311,152311
BENCH family=mp logn=7 pi=105 dir=0 calls=100 old=1124411,1124411,1124411,1124411,1124412,1124411,1124411,1124411,1124411,1124411 opt=348511,348511,348511,348511,348511,348511,348511,348511,348511,348511
BENCH family=mp logn=7 pi=105 dir=1 calls=100 old=1283811,1283811,1283811,1283811,1283811,1283811,1283811,1283811,1283811,1283811 opt=341811,341811,341811,341811,341811,341811,341811,341811,341811,341811
BENCH family=mp logn=8 pi=105 dir=0 calls=100 old=2503111,2503111,2503111,2503111,2503111,2503111,2503111,2503111,2503111,2503111 opt=759411,759411,759411,759411,759411,759411,759411,759411,759411,759411
BENCH family=mp logn=8 pi=105 dir=1 calls=100 old=2866611,2866611,2866611,2866611,2866611,2866611,2866611,2866611,2866611,2866611 opt=735211,735211,735211,735212,735211,735211,735211,735211,735211,735211
BENCH family=mp logn=9 pi=105 dir=0 calls=100 old=5655911,5655911,5655911,5655911,5655911,5655911,5655911,5655911,5655911,5655911 opt=1709911,1709911,1709911,1709911,1709911,1709911,1709912,1709911,1709911,1709911
BENCH family=mp logn=9 pi=105 dir=1 calls=100 old=6458611,6458611,6458611,6458611,6458611,6458611,6458612,6458611,6458611,6458611 opt=1646711,1646711,1646711,1646711,1646711,1646711,1646711,1646711,1646711,1646711
BENCH family=mp logn=10 pi=105 dir=0 calls=100 old=12349811,12349811,12349811,12349811,12349811,12349811,12349811,12349812,12349811,12349811 opt=3696011,3696011,3696012,3696011,3696011,3696011,3696011,3696011,3696011,3696011
BENCH family=mp logn=10 pi=105 dir=1 calls=100 old=14134211,14134211,14134212,14134211,14134211,14134211,14134211,14134211,14134211,14134211 opt=3544111,3544111,3544111,3544111,3544111,3544111,3544112,3544111,3544111,3544111
BENCH family=mp logn=4 pi=106 dir=0 calls=100 old=89711,89711,89711,89711,89711,89711,89711,89711,89711,89711 opt=32411,32411,32411,32411,32411,32411,32411,32411,32411,32411
BENCH family=mp logn=4 pi=106 dir=1 calls=100 old=102611,102611,102611,102611,102611,102611,102611,102611,102611,102611 opt=35011,35011,35011,35011,35011,35011,35011,35011,35011,35011
BENCH family=mp logn=5 pi=106 dir=0 calls=100 old=212111,212111,212111,212111,212111,212111,212111,212111,212111,212111 opt=72611,72611,72611,72611,72611,72611,72611,72611,72611,72611
BENCH family=mp logn=5 pi=106 dir=1 calls=100 old=241811,241811,241811,241811,241811,241811,241811,241811,241811,241811 opt=74311,74311,74311,74311,74311,74311,74311,74311,74311,74311
BENCH family=mp logn=6 pi=106 dir=0 calls=100 old=485211,485211,485211,485211,485211,485211,485211,485211,485211,485211 opt=150212,150211,150211,150211,150211,150211,150211,150211,150211,150211
BENCH family=mp logn=6 pi=106 dir=1 calls=100 old=555811,555811,555811,555811,555811,555811,555811,555811,555811,555811 opt=152311,152311,152311,152311,152311,152311,152311,152311,152311,152311
BENCH family=mp logn=7 pi=106 dir=0 calls=100 old=1124411,1124411,1124411,1124411,1124411,1124411,1124411,1124411,1124411,1124411 opt=348511,348511,348511,348511,348511,348511,348511,348511,348511,348511
BENCH family=mp logn=7 pi=106 dir=1 calls=100 old=1283811,1283811,1283811,1283811,1283811,1283811,1283811,1283811,1283811,1283811 opt=341811,341811,341811,341811,341811,341811,341811,341811,341811,341811
BENCH family=mp logn=8 pi=106 dir=0 calls=100 old=2503111,2503111,2503111,2503111,2503111,2503111,2503112,2503111,2503111,2503111 opt=759411,759411,759411,759411,759411,759411,759411,759411,759411,759411
BENCH family=mp logn=8 pi=106 dir=1 calls=100 old=2866611,2866611,2866611,2866611,2866611,2866611,2866611,2866611,2866611,2866611 opt=735211,735211,735211,735211,735211,735211,735211,735211,735211,735211
BENCH family=mp logn=9 pi=106 dir=0 calls=100 old=5655911,5655911,5655911,5655912,5655911,5655911,5655911,5655911,5655911,5655911 opt=1709911,1709911,1709911,1709911,1709911,1709911,1709911,1709911,1709911,1709911
BENCH family=mp logn=9 pi=106 dir=1 calls=100 old=6458611,6458611,6458611,6458612,6458611,6458611,6458611,6458611,6458611,6458611 opt=1646711,1646711,1646711,1646711,1646711,1646711,1646711,1646711,1646711,1646711
BENCH family=mp logn=10 pi=106 dir=0 calls=100 old=12349811,12349812,12349811,12349811,12349811,12349811,12349812,12349811,12349811,12349811 opt=3696011,3696011,3696011,3696011,3696011,3696011,3696011,3696011,3696011,3696011
BENCH family=mp logn=10 pi=106 dir=1 calls=100 old=14134211,14134211,14134211,14134211,14134211,14134212,14134211,14134211,14134211,14134211 opt=3544112,3544111,3544111,3544111,3544111,3544111,3544111,3544111,3544111,3544111
BENCH family=mp logn=4 pi=107 dir=0 calls=100 old=89711,89711,89711,89711,89711,89711,89711,89711,89711,89711 opt=32411,32411,32411,32411,32411,32411,32411,32411,32411,32411
BENCH family=mp logn=4 pi=107 dir=1 calls=100 old=102611,102611,102611,102611,102611,102611,102611,102611,102611,102611 opt=35011,35011,35011,35011,35011,35011,35011,35011,35011,35011
BENCH family=mp logn=5 pi=107 dir=0 calls=100 old=212111,212111,212111,212111,212111,212111,212111,212111,212111,212111 opt=72611,72611,72611,72611,72611,72611,72611,72611,72611,72611
BENCH family=mp logn=5 pi=107 dir=1 calls=100 old=241811,241811,241811,241811,241811,241811,241811,241811,241811,241811 opt=74311,74311,74311,74311,74311,74311,74311,74311,74311,74311
BENCH family=mp logn=6 pi=107 dir=0 calls=100 old=485211,485211,485211,485211,485211,485211,485211,485211,485211,485211 opt=150211,150211,150211,150211,150211,150211,150211,150211,150211,150211
BENCH family=mp logn=6 pi=107 dir=1 calls=100 old=555811,555811,555811,555811,555811,555811,555811,555811,555811,555811 opt=152311,152311,152311,152311,152311,152311,152311,152311,152311,152311
BENCH family=mp logn=7 pi=107 dir=0 calls=100 old=1124411,1124411,1124411,1124411,1124411,1124411,1124411,1124411,1124411,1124411 opt=348511,348511,348511,348511,348511,348511,348511,348511,348511,348511
BENCH family=mp logn=7 pi=107 dir=1 calls=100 old=1283811,1283811,1283811,1283811,1283811,1283811,1283811,1283811,1283811,1283811 opt=341811,341811,341811,341811,341811,341811,341811,341811,341811,341811
BENCH family=mp logn=8 pi=107 dir=0 calls=100 old=2503111,2503111,2503111,2503111,2503111,2503111,2503111,2503111,2503111,2503111 opt=759411,759411,759411,759411,759411,759411,759411,759411,759411,759411
BENCH family=mp logn=8 pi=107 dir=1 calls=100 old=2866611,2866611,2866611,2866611,2866611,2866611,2866611,2866611,2866611,2866611 opt=735211,735211,735211,735211,735211,735211,735211,735211,735211,735211
BENCH family=mp logn=9 pi=107 dir=0 calls=100 old=5655912,5655911,5655911,5655911,5655911,5655911,5655911,5655911,5655911,5655911 opt=1709911,1709911,1709911,1709911,1709911,1709911,1709911,1709911,1709911,1709911
BENCH family=mp logn=9 pi=107 dir=1 calls=100 old=6458612,6458611,6458611,6458611,6458611,6458611,6458611,6458611,6458611,6458611 opt=1646711,1646711,1646711,1646711,1646711,1646711,1646711,1646711,1646711,1646711
BENCH family=mp logn=10 pi=107 dir=0 calls=100 old=12349811,12349811,12349811,12349811,12349811,12349811,12349811,12349811,12349811,12349812 opt=3696011,3696011,3696011,3696011,3696012,3696011,3696011,3696011,3696011,3696011
BENCH family=mp logn=10 pi=107 dir=1 calls=100 old=14134211,14134211,14134211,14134211,14134212,14134211,14134211,14134211,14134212,14134211 opt=3544111,3544111,3544111,3544111,3544111,3544111,3544111,3544111,3544111,3544111
BENCH family=mp logn=4 pi=108 dir=0 calls=100 old=89711,89711,89711,89711,89711,89711,89711,89711,89711,89711 opt=32411,32411,32411,32411,32411,32411,32411,32411,32411,32411
BENCH family=mp logn=4 pi=108 dir=1 calls=100 old=102611,102611,102611,102611,102611,102611,102611,102611,102611,102611 opt=35011,35011,35011,35011,35011,35011,35011,35011,35011,35011
BENCH family=mp logn=5 pi=108 dir=0 calls=100 old=212111,212111,212111,212111,212111,212111,212111,212111,212111,212111 opt=72611,72611,72611,72611,72611,72611,72611,72611,72611,72611
BENCH family=mp logn=5 pi=108 dir=1 calls=100 old=241811,241811,241811,241811,241811,241811,241811,241811,241811,241811 opt=74311,74311,74311,74311,74311,74311,74311,74311,74311,74311
BENCH family=mp logn=6 pi=108 dir=0 calls=100 old=485211,485211,485211,485211,485211,485211,485211,485211,485211,485211 opt=150211,150211,150211,150211,150211,150211,150211,150211,150211,150211
BENCH family=mp logn=6 pi=108 dir=1 calls=100 old=555811,555811,555811,555811,555811,555811,555811,555811,555811,555811 opt=152311,152311,152311,152311,152311,152311,152311,152311,152311,152311
BENCH family=mp logn=7 pi=108 dir=0 calls=100 old=1124411,1124411,1124411,1124411,1124411,1124411,1124412,1124411,1124411,1124411 opt=348511,348511,348511,348511,348511,348511,348511,348511,348511,348511
BENCH family=mp logn=7 pi=108 dir=1 calls=100 old=1283811,1283811,1283811,1283811,1283811,1283811,1283811,1283811,1283811,1283811 opt=341811,341811,341811,341811,341811,341811,341811,341811,341811,341811
BENCH family=mp logn=8 pi=108 dir=0 calls=100 old=2503111,2503111,2503111,2503111,2503111,2503111,2503111,2503111,2503111,2503111 opt=759411,759411,759411,759411,759411,759411,759411,759411,759411,759411
BENCH family=mp logn=8 pi=108 dir=1 calls=100 old=2866611,2866611,2866611,2866611,2866612,2866611,2866611,2866611,2866611,2866611 opt=735211,735211,735211,735211,735211,735211,735211,735211,735211,735211
BENCH family=mp logn=9 pi=108 dir=0 calls=100 old=5655911,5655911,5655911,5655911,5655911,5655911,5655911,5655912,5655911,5655911 opt=1709911,1709911,1709911,1709911,1709911,1709911,1709911,1709911,1709911,1709911
BENCH family=mp logn=9 pi=108 dir=1 calls=100 old=6458611,6458611,6458611,6458611,6458611,6458611,6458611,6458611,6458611,6458611 opt=1646711,1646711,1646711,1646711,1646711,1646711,1646711,1646712,1646711,1646711
BENCH family=mp logn=10 pi=108 dir=0 calls=100 old=12349811,12349811,12349811,12349811,12349811,12349811,12349811,12349811,12349812,12349811 opt=3696011,3696011,3696011,3696012,3696011,3696011,3696011,3696011,3696011,3696011
BENCH family=mp logn=10 pi=108 dir=1 calls=100 old=14134211,14134211,14134212,14134211,14134211,14134211,14134211,14134211,14134211,14134211 opt=3544111,3544111,3544111,3544111,3544111,3544111,3544111,3544112,3544111,3544111
BENCH family=mp logn=4 pi=109 dir=0 calls=100 old=89711,89711,89711,89711,89711,89711,89711,89711,89711,89711 opt=32411,32411,32411,32411,32411,32411,32411,32411,32411,32411
BENCH family=mp logn=4 pi=109 dir=1 calls=100 old=102611,102611,102611,102611,102611,102611,102611,102611,102611,102611 opt=35011,35011,35011,35011,35011,35011,35011,35011,35011,35011
BENCH family=mp logn=5 pi=109 dir=0 calls=100 old=212111,212111,212111,212111,212111,212111,212111,212111,212111,212111 opt=72611,72611,72611,72611,72611,72611,72611,72611,72611,72611
BENCH family=mp logn=5 pi=109 dir=1 calls=100 old=241811,241811,241811,241811,241811,241811,241811,241811,241811,241811 opt=74311,74311,74311,74311,74311,74311,74311,74311,74311,74311
BENCH family=mp logn=6 pi=109 dir=0 calls=100 old=485211,485211,485211,485211,485211,485211,485212,485211,485211,485211 opt=150211,150211,150211,150211,150211,150211,150211,150211,150211,150211
BENCH family=mp logn=6 pi=109 dir=1 calls=100 old=555811,555811,555811,555811,555811,555811,555811,555811,555811,555811 opt=152311,152311,152311,152311,152311,152311,152311,152311,152311,152311
BENCH family=mp logn=7 pi=109 dir=0 calls=100 old=1124411,1124411,1124411,1124411,1124411,1124411,1124411,1124411,1124411,1124411 opt=348511,348511,348511,348511,348511,348511,348511,348511,348511,348511
BENCH family=mp logn=7 pi=109 dir=1 calls=100 old=1283811,1283811,1283811,1283811,1283811,1283811,1283811,1283811,1283811,1283811 opt=341811,341811,341811,341811,341811,341811,341811,341811,341811,341811
BENCH family=mp logn=8 pi=109 dir=0 calls=100 old=2503111,2503111,2503111,2503111,2503111,2503111,2503111,2503112,2503111,2503111 opt=759411,759411,759411,759411,759411,759411,759411,759411,759411,759411
BENCH family=mp logn=8 pi=109 dir=1 calls=100 old=2866611,2866611,2866611,2866611,2866611,2866611,2866611,2866611,2866611,2866611 opt=735211,735211,735211,735211,735211,735211,735211,735211,735211,735211
BENCH family=mp logn=9 pi=109 dir=0 calls=100 old=5655911,5655911,5655911,5655911,5655912,5655911,5655911,5655911,5655911,5655911 opt=1709911,1709911,1709911,1709911,1709911,1709911,1709911,1709911,1709911,1709911
BENCH family=mp logn=9 pi=109 dir=1 calls=100 old=6458611,6458611,6458611,6458612,6458611,6458611,6458611,6458611,6458611,6458611 opt=1646711,1646711,1646711,1646711,1646711,1646711,1646711,1646711,1646711,1646711
BENCH family=mp logn=10 pi=109 dir=0 calls=100 old=12349811,12349812,12349811,12349811,12349811,12349811,12349812,12349811,12349811,12349811 opt=3696011,3696011,3696011,3696011,3696011,3696011,3696011,3696011,3696011,3696011
BENCH family=mp logn=10 pi=109 dir=1 calls=100 old=14134211,14134212,14134211,14134211,14134211,14134212,14134211,14134211,14134211,14134211 opt=3544111,3544111,3544111,3544111,3544111,3544111,3544111,3544111,3544111,3544111
BENCH family=mp logn=4 pi=110 dir=0 calls=100 old=89711,89711,89711,89711,89711,89711,89712,89711,89711,89711 opt=32411,32411,32411,32411,32411,32411,32411,32411,32411,32411
BENCH family=mp logn=4 pi=110 dir=1 calls=100 old=102611,102611,102611,102611,102611,102611,102611,102611,102611,102611 opt=35011,35011,35011,35011,35011,35011,35011,35011,35011,35011
BENCH family=mp logn=5 pi=110 dir=0 calls=100 old=212111,212111,212111,212111,212111,212111,212111,212111,212111,212111 opt=72611,72611,72611,72611,72611,72611,72611,72611,72611,72611
BENCH family=mp logn=5 pi=110 dir=1 calls=100 old=241811,241811,241811,241811,241811,241811,241811,241811,241811,241811 opt=74311,74311,74311,74311,74311,74311,74311,74311,74311,74311
BENCH family=mp logn=6 pi=110 dir=0 calls=100 old=485211,485211,485211,485211,485211,485211,485211,485211,485211,485211 opt=150211,150211,150211,150211,150211,150211,150211,150211,150211,150211
BENCH family=mp logn=6 pi=110 dir=1 calls=100 old=555811,555811,555811,555811,555811,555811,555811,555811,555811,555811 opt=152311,152311,152311,152311,152311,152311,152311,152311,152311,152311
BENCH family=mp logn=7 pi=110 dir=0 calls=100 old=1124411,1124411,1124411,1124411,1124411,1124411,1124411,1124411,1124411,1124411 opt=348511,348511,348511,348511,348511,348511,348511,348511,348511,348511
BENCH family=mp logn=7 pi=110 dir=1 calls=100 old=1283811,1283811,1283811,1283811,1283811,1283811,1283811,1283811,1283811,1283811 opt=341811,341811,341811,341811,341811,341811,341811,341811,341811,341811
BENCH family=mp logn=8 pi=110 dir=0 calls=100 old=2503112,2503111,2503111,2503111,2503111,2503111,2503111,2503111,2503111,2503111 opt=759411,759411,759411,759411,759411,759411,759411,759411,759411,759411
BENCH family=mp logn=8 pi=110 dir=1 calls=100 old=2866611,2866611,2866611,2866611,2866611,2866611,2866611,2866611,2866611,2866611 opt=735211,735211,735211,735211,735211,735211,735211,735211,735211,735211
BENCH family=mp logn=9 pi=110 dir=0 calls=100 old=5655911,5655911,5655911,5655911,5655911,5655911,5655911,5655911,5655911,5655911 opt=1709912,1709911,1709911,1709911,1709911,1709911,1709911,1709911,1709911,1709911
BENCH family=mp logn=9 pi=110 dir=1 calls=100 old=6458611,6458611,6458611,6458611,6458611,6458611,6458611,6458611,6458611,6458611 opt=1646712,1646711,1646711,1646711,1646711,1646711,1646711,1646711,1646711,1646711
BENCH family=mp logn=10 pi=110 dir=0 calls=100 old=12349812,12349811,12349811,12349811,12349811,12349811,12349811,12349811,12349811,12349811 opt=3696011,3696011,3696011,3696011,3696011,3696012,3696011,3696011,3696011,3696011
BENCH family=mp logn=10 pi=110 dir=1 calls=100 old=14134211,14134211,14134211,14134211,14134212,14134211,14134211,14134211,14134211,14134211 opt=3544111,3544111,3544111,3544111,3544111,3544111,3544111,3544111,3544112,3544111
BENCH family=mp logn=4 pi=111 dir=0 calls=100 old=89711,89711,89711,89711,89711,89711,89711,89711,89711,89711 opt=32411,32411,32411,32411,32411,32411,32411,32411,32411,32411
BENCH family=mp logn=4 pi=111 dir=1 calls=100 old=102611,102611,102611,102611,102611,102611,102611,102611,102611,102611 opt=35011,35011,35011,35011,35011,35011,35011,35011,35011,35011
BENCH family=mp logn=5 pi=111 dir=0 calls=100 old=212111,212111,212111,212111,212111,212111,212111,212111,212111,212111 opt=72611,72611,72611,72611,72611,72611,72611,72611,72611,72611
BENCH family=mp logn=5 pi=111 dir=1 calls=100 old=241811,241811,241811,241811,241811,241811,241811,241811,241811,241811 opt=74311,74311,74311,74311,74311,74311,74311,74311,74311,74311
BENCH family=mp logn=6 pi=111 dir=0 calls=100 old=485211,485211,485211,485211,485211,485211,485211,485211,485211,485211 opt=150211,150211,150211,150211,150211,150211,150211,150211,150211,150211
BENCH family=mp logn=6 pi=111 dir=1 calls=100 old=555811,555811,555811,555811,555811,555811,555811,555811,555811,555811 opt=152311,152311,152311,152311,152311,152311,152311,152311,152311,152311
BENCH family=mp logn=7 pi=111 dir=0 calls=100 old=1124411,1124411,1124411,1124411,1124411,1124411,1124411,1124411,1124411,1124411 opt=348511,348511,348511,348511,348511,348511,348511,348511,348511,348512
BENCH family=mp logn=7 pi=111 dir=1 calls=100 old=1283811,1283811,1283811,1283811,1283811,1283811,1283811,1283811,1283811,1283811 opt=341811,341811,341811,341811,341811,341811,341811,341811,341811,341811
BENCH family=mp logn=8 pi=111 dir=0 calls=100 old=2503111,2503111,2503111,2503111,2503111,2503111,2503111,2503111,2503111,2503111 opt=759411,759411,759411,759411,759411,759411,759411,759411,759411,759411
BENCH family=mp logn=8 pi=111 dir=1 calls=100 old=2866611,2866611,2866611,2866611,2866611,2866612,2866611,2866611,2866611,2866611 opt=735211,735211,735211,735211,735211,735211,735211,735211,735211,735211
BENCH family=mp logn=9 pi=111 dir=0 calls=100 old=5655911,5655911,5655911,5655911,5655911,5655911,5655911,5655911,5655912,5655911 opt=1709911,1709911,1709911,1709911,1709911,1709911,1709911,1709911,1709911,1709911
BENCH family=mp logn=9 pi=111 dir=1 calls=100 old=6458611,6458611,6458611,6458611,6458611,6458611,6458611,6458612,6458611,6458611 opt=1646711,1646711,1646711,1646711,1646711,1646711,1646711,1646711,1646711,1646711
BENCH family=mp logn=10 pi=111 dir=0 calls=100 old=12349811,12349811,12349811,12349812,12349811,12349811,12349811,12349811,12349812,12349811 opt=3696011,3696011,3696011,3696011,3696011,3696011,3696011,3696011,3696011,3696011
BENCH family=mp logn=10 pi=111 dir=1 calls=100 old=14134211,14134211,14134211,14134211,14134211,14134211,14134211,14134212,14134211,14134211 opt=3544111,3544111,3544112,3544111,3544111,3544111,3544111,3544111,3544111,3544111
BENCH family=mp logn=4 pi=112 dir=0 calls=100 old=89711,89711,89711,89711,89711,89711,89711,89711,89711,89711 opt=32411,32411,32411,32411,32411,32411,32411,32411,32411,32411
BENCH family=mp logn=4 pi=112 dir=1 calls=100 old=102611,102611,102611,102611,102611,102611,102611,102611,102611,102611 opt=35011,35011,35011,35011,35011,35011,35011,35011,35011,35011
BENCH family=mp logn=5 pi=112 dir=0 calls=100 old=212111,212111,212111,212111,212111,212111,212111,212111,212111,212111 opt=72611,72611,72611,72611,72611,72611,72611,72611,72611,72611
BENCH family=mp logn=5 pi=112 dir=1 calls=100 old=241811,241811,241811,241811,241811,241811,241811,241811,241811,241811 opt=74311,74311,74311,74311,74311,74311,74311,74311,74311,74311
BENCH family=mp logn=6 pi=112 dir=0 calls=100 old=485211,485211,485211,485211,485211,485211,485211,485211,485211,485211 opt=150211,150211,150211,150211,150211,150211,150211,150211,150211,150211
BENCH family=mp logn=6 pi=112 dir=1 calls=100 old=555811,555812,555811,555811,555811,555811,555811,555811,555811,555811 opt=152311,152311,152311,152311,152311,152311,152311,152311,152311,152311
BENCH family=mp logn=7 pi=112 dir=0 calls=100 old=1124411,1124411,1124411,1124411,1124411,1124411,1124411,1124411,1124411,1124411 opt=348511,348511,348511,348511,348511,348511,348511,348511,348511,348511
BENCH family=mp logn=7 pi=112 dir=1 calls=100 old=1283811,1283811,1283811,1283811,1283811,1283811,1283811,1283811,1283811,1283811 opt=341811,341811,341811,341811,341811,341811,341811,341811,341811,341811
BENCH family=mp logn=8 pi=112 dir=0 calls=100 old=2503111,2503111,2503111,2503111,2503111,2503111,2503111,2503111,2503111,2503112 opt=759411,759411,759411,759411,759411,759411,759411,759411,759411,759411
BENCH family=mp logn=8 pi=112 dir=1 calls=100 old=2866611,2866611,2866611,2866611,2866611,2866611,2866611,2866611,2866611,2866611 opt=735211,735211,735211,735211,735211,735211,735211,735211,735211,735211
BENCH family=mp logn=9 pi=112 dir=0 calls=100 old=5655911,5655911,5655911,5655911,5655911,5655911,5655911,5655911,5655911,5655911 opt=1709911,1709911,1709911,1709911,1709912,1709911,1709911,1709911,1709911,1709911
BENCH family=mp logn=9 pi=112 dir=1 calls=100 old=6458611,6458611,6458611,6458611,6458612,6458611,6458611,6458611,6458611,6458611 opt=1646711,1646711,1646711,1646711,1646711,1646711,1646711,1646711,1646711,1646711
BENCH family=mp logn=10 pi=112 dir=0 calls=100 old=12349811,12349811,12349812,12349811,12349811,12349811,12349811,12349811,12349811,12349811 opt=3696011,3696011,3696011,3696011,3696011,3696011,3696012,3696011,3696011,3696011
BENCH family=mp logn=10 pi=112 dir=1 calls=100 old=14134211,14134212,14134211,14134211,14134211,14134211,14134212,14134211,14134211,14134211 opt=3544111,3544111,3544111,3544111,3544111,3544111,3544111,3544111,3544111,3544111
PROGRESS timing_prime=112
BENCH family=mp logn=4 pi=113 dir=0 calls=100 old=89711,89711,89711,89711,89711,89711,89711,89711,89711,89711 opt=32411,32411,32411,32411,32411,32411,32411,32411,32411,32411
BENCH family=mp logn=4 pi=113 dir=1 calls=100 old=102611,102611,102611,102611,102611,102611,102611,102611,102611,102611 opt=35011,35011,35011,35011,35011,35011,35011,35011,35011,35011
BENCH family=mp logn=5 pi=113 dir=0 calls=100 old=212111,212111,212111,212111,212111,212111,212111,212111,212111,212111 opt=72611,72611,72611,72611,72611,72611,72611,72611,72611,72611
BENCH family=mp logn=5 pi=113 dir=1 calls=100 old=241811,241811,241811,241811,241811,241811,241811,241811,241811,241811 opt=74311,74311,74311,74311,74311,74311,74311,74311,74311,74311
BENCH family=mp logn=6 pi=113 dir=0 calls=100 old=485211,485211,485211,485211,485211,485211,485211,485211,485211,485211 opt=150211,150211,150211,150211,150211,150211,150211,150211,150211,150211
BENCH family=mp logn=6 pi=113 dir=1 calls=100 old=555811,555811,555811,555811,555811,555811,555811,555811,555811,555811 opt=152311,152311,152311,152311,152311,152311,152311,152311,152311,152311
BENCH family=mp logn=7 pi=113 dir=0 calls=100 old=1124411,1124411,1124411,1124411,1124411,1124411,1124411,1124411,1124411,1124411 opt=348511,348511,348511,348511,348511,348511,348511,348511,348511,348511
BENCH family=mp logn=7 pi=113 dir=1 calls=100 old=1283811,1283811,1283811,1283811,1283811,1283811,1283811,1283811,1283811,1283811 opt=341811,341811,341811,341811,341811,341811,341811,341811,341811,341811
BENCH family=mp logn=8 pi=113 dir=0 calls=100 old=2503111,2503111,2503112,2503111,2503111,2503111,2503111,2503111,2503111,2503111 opt=759411,759411,759411,759411,759411,759411,759411,759411,759411,759411
BENCH family=mp logn=8 pi=113 dir=1 calls=100 old=2866611,2866611,2866611,2866611,2866611,2866611,2866611,2866611,2866611,2866611 opt=735211,735211,735211,735211,735211,735211,735211,735211,735211,735211
BENCH family=mp logn=9 pi=113 dir=0 calls=100 old=5655911,5655912,5655911,5655911,5655911,5655911,5655911,5655911,5655911,5655911 opt=1709911,1709911,1709911,1709911,1709911,1709911,1709911,1709911,1709911,1709911
BENCH family=mp logn=9 pi=113 dir=1 calls=100 old=6458611,6458612,6458611,6458611,6458611,6458611,6458611,6458611,6458611,6458611 opt=1646711,1646711,1646711,1646711,1646711,1646711,1646711,1646711,1646711,1646711
BENCH family=mp logn=10 pi=113 dir=0 calls=100 old=12349812,12349811,12349811,12349811,12349811,12349812,12349811,12349811,12349811,12349811 opt=3696011,3696011,3696011,3696011,3696011,3696011,3696011,3696011,3696011,3696011
BENCH family=mp logn=10 pi=113 dir=1 calls=100 old=14134212,14134211,14134211,14134211,14134212,14134211,14134211,14134211,14134211,14134211 opt=3544111,3544111,3544111,3544111,3544111,3544111,3544111,3544111,3544111,3544112
BENCH family=mp logn=4 pi=114 dir=0 calls=100 old=89711,89711,89711,89711,89711,89711,89711,89711,89711,89711 opt=32411,32411,32411,32411,32411,32411,32411,32411,32411,32411
BENCH family=mp logn=4 pi=114 dir=1 calls=100 old=102611,102611,102611,102611,102611,102611,102611,102611,102611,102611 opt=35011,35011,35011,35011,35011,35011,35011,35011,35011,35011
BENCH family=mp logn=5 pi=114 dir=0 calls=100 old=212111,212111,212111,212111,212111,212111,212111,212111,212111,212111 opt=72611,72611,72611,72611,72611,72611,72611,72611,72611,72611
BENCH family=mp logn=5 pi=114 dir=1 calls=100 old=241811,241811,241811,241811,241811,241811,241811,241811,241811,241811 opt=74311,74311,74311,74311,74311,74311,74311,74311,74311,74311
BENCH family=mp logn=6 pi=114 dir=0 calls=100 old=485211,485211,485211,485211,485211,485211,485211,485211,485211,485211 opt=150211,150211,150211,150211,150211,150211,150211,150211,150211,150211
BENCH family=mp logn=6 pi=114 dir=1 calls=100 old=555811,555811,555811,555811,555811,555811,555811,555811,555811,555811 opt=152311,152311,152311,152311,152311,152311,152311,152311,152311,152311
BENCH family=mp logn=7 pi=114 dir=0 calls=100 old=1124411,1124411,1124411,1124411,1124411,1124411,1124411,1124411,1124411,1124411 opt=348511,348511,348511,348511,348511,348511,348511,348511,348511,348511
BENCH family=mp logn=7 pi=114 dir=1 calls=100 old=1283811,1283811,1283811,1283811,1283811,1283811,1283811,1283811,1283811,1283811 opt=341811,341811,341811,341811,341811,341811,341811,341811,341811,341811
BENCH family=mp logn=8 pi=114 dir=0 calls=100 old=2503111,2503111,2503111,2503111,2503111,2503111,2503111,2503111,2503111,2503111 opt=759411,759411,759411,759411,759411,759411,759411,759411,759411,759411
BENCH family=mp logn=8 pi=114 dir=1 calls=100 old=2866611,2866611,2866611,2866611,2866611,2866611,2866612,2866611,2866611,2866611 opt=735211,735211,735211,735211,735211,735211,735211,735211,735211,735211
BENCH family=mp logn=9 pi=114 dir=0 calls=100 old=5655911,5655911,5655911,5655911,5655911,5655911,5655911,5655911,5655912,5655911 opt=1709911,1709911,1709911,1709911,1709911,1709911,1709911,1709911,1709911,1709911
BENCH family=mp logn=9 pi=114 dir=1 calls=100 old=6458611,6458611,6458611,6458611,6458611,6458611,6458611,6458611,6458612,6458611 opt=1646711,1646711,1646711,1646711,1646711,1646711,1646711,1646711,1646711,1646711
BENCH family=mp logn=10 pi=114 dir=0 calls=100 old=12349811,12349811,12349811,12349812,12349811,12349811,12349811,12349811,12349812,12349811 opt=3696011,3696011,3696011,3696011,3696011,3696011,3696011,3696011,3696011,3696011
BENCH family=mp logn=10 pi=114 dir=1 calls=100 old=14134211,14134211,14134211,14134211,14134211,14134211,14134211,14134212,14134211,14134211 opt=3544111,3544111,3544111,3544112,3544111,3544111,3544111,3544111,3544111,3544111
BENCH family=mp logn=4 pi=115 dir=0 calls=100 old=89711,89711,89711,89711,89711,89711,89711,89711,89711,89711 opt=32411,32411,32411,32411,32411,32411,32411,32411,32411,32411
BENCH family=mp logn=4 pi=115 dir=1 calls=100 old=102611,102611,102611,102611,102611,102611,102611,102611,102611,102611 opt=35011,35011,35011,35011,35011,35011,35011,35011,35011,35011
BENCH family=mp logn=5 pi=115 dir=0 calls=100 old=212111,212111,212111,212111,212111,212111,212111,212111,212111,212111 opt=72611,72611,72611,72611,72611,72611,72611,72611,72611,72611
BENCH family=mp logn=5 pi=115 dir=1 calls=100 old=241811,241811,241811,241811,241811,241811,241811,241811,241811,241811 opt=74311,74311,74311,74311,74311,74311,74311,74311,74311,74311
BENCH family=mp logn=6 pi=115 dir=0 calls=100 old=485211,485211,485211,485211,485211,485211,485211,485211,485211,485211 opt=150211,150211,150211,150211,150211,150211,150211,150211,150211,150211
BENCH family=mp logn=6 pi=115 dir=1 calls=100 old=555811,555811,555811,555811,555812,555811,555811,555811,555811,555811 opt=152311,152311,152311,152311,152311,152311,152311,152311,152311,152311
BENCH family=mp logn=7 pi=115 dir=0 calls=100 old=1124411,1124411,1124411,1124411,1124411,1124411,1124411,1124411,1124411,1124411 opt=348511,348511,348511,348511,348511,348511,348511,348511,348511,348511
BENCH family=mp logn=7 pi=115 dir=1 calls=100 old=1283811,1283811,1283811,1283811,1283811,1283811,1283811,1283811,1283811,1283811 opt=341811,341811,341811,341811,341811,341811,341811,341811,341811,341811
BENCH family=mp logn=8 pi=115 dir=0 calls=100 old=2503111,2503111,2503111,2503111,2503111,2503111,2503111,2503111,2503111,2503111 opt=759411,759411,759411,759411,759411,759411,759411,759411,759411,759411
BENCH family=mp logn=8 pi=115 dir=1 calls=100 old=2866611,2866611,2866611,2866611,2866611,2866611,2866611,2866611,2866611,2866611 opt=735211,735211,735211,735211,735211,735211,735211,735211,735211,735211
BENCH family=mp logn=9 pi=115 dir=0 calls=100 old=5655911,5655911,5655911,5655911,5655911,5655912,5655911,5655911,5655911,5655911 opt=1709911,1709911,1709911,1709911,1709911,1709911,1709911,1709911,1709911,1709911
BENCH family=mp logn=9 pi=115 dir=1 calls=100 old=6458611,6458611,6458611,6458611,6458611,6458611,6458611,6458611,6458611,6458611 opt=1646711,1646711,1646711,1646711,1646711,1646712,1646711,1646711,1646711,1646711
BENCH family=mp logn=10 pi=115 dir=0 calls=100 old=12349811,12349811,12349812,12349811,12349811,12349811,12349811,12349811,12349811,12349811 opt=3696011,3696011,3696011,3696011,3696011,3696011,3696011,3696012,3696011,3696011
BENCH family=mp logn=10 pi=115 dir=1 calls=100 old=14134211,14134212,14134211,14134211,14134211,14134211,14134212,14134211,14134211,14134211 opt=3544111,3544111,3544111,3544111,3544111,3544111,3544111,3544111,3544111,3544111
BENCH family=mp logn=4 pi=116 dir=0 calls=100 old=89711,89711,89711,89711,89711,89711,89711,89711,89711,89711 opt=32411,32411,32411,32411,32411,32411,32411,32411,32411,32411
BENCH family=mp logn=4 pi=116 dir=1 calls=100 old=102611,102611,102611,102611,102611,102611,102611,102611,102611,102611 opt=35011,35011,35011,35011,35011,35011,35011,35011,35011,35011
BENCH family=mp logn=5 pi=116 dir=0 calls=100 old=212111,212111,212112,212111,212111,212111,212111,212111,212111,212111 opt=72611,72611,72611,72611,72611,72611,72611,72611,72611,72611
BENCH family=mp logn=5 pi=116 dir=1 calls=100 old=241811,241811,241811,241811,241811,241811,241811,241811,241811,241811 opt=74311,74311,74311,74311,74311,74311,74311,74311,74311,74311
BENCH family=mp logn=6 pi=116 dir=0 calls=100 old=485211,485211,485211,485211,485211,485211,485211,485211,485211,485211 opt=150211,150211,150211,150211,150211,150211,150211,150211,150211,150211
BENCH family=mp logn=6 pi=116 dir=1 calls=100 old=555811,555811,555811,555811,555811,555811,555811,555811,555811,555811 opt=152311,152311,152311,152311,152311,152311,152311,152311,152311,152311
BENCH family=mp logn=7 pi=116 dir=0 calls=100 old=1124411,1124411,1124411,1124411,1124411,1124411,1124411,1124411,1124411,1124411 opt=348511,348511,348511,348511,348511,348511,348511,348511,348511,348511
BENCH family=mp logn=7 pi=116 dir=1 calls=100 old=1283811,1283811,1283811,1283811,1283811,1283811,1283811,1283811,1283811,1283811 opt=341811,341811,341811,341811,341811,341811,341811,341811,341811,341811
BENCH family=mp logn=8 pi=116 dir=0 calls=100 old=2503111,2503111,2503111,2503112,2503111,2503111,2503111,2503111,2503111,2503111 opt=759411,759411,759411,759411,759411,759411,759411,759411,759411,759411
BENCH family=mp logn=8 pi=116 dir=1 calls=100 old=2866611,2866611,2866611,2866611,2866611,2866611,2866611,2866611,2866611,2866611 opt=735211,735211,735211,735211,735211,735211,735211,735211,735211,735211
BENCH family=mp logn=9 pi=116 dir=0 calls=100 old=5655911,5655912,5655911,5655911,5655911,5655911,5655911,5655911,5655911,5655911 opt=1709911,1709911,1709911,1709911,1709911,1709911,1709911,1709911,1709911,1709911
BENCH family=mp logn=9 pi=116 dir=1 calls=100 old=6458611,6458612,6458611,6458611,6458611,6458611,6458611,6458611,6458611,6458611 opt=1646711,1646711,1646711,1646711,1646711,1646711,1646711,1646711,1646711,1646711
BENCH family=mp logn=10 pi=116 dir=0 calls=100 old=12349812,12349811,12349811,12349811,12349811,12349812,12349811,12349811,12349811,12349811 opt=3696011,3696011,3696011,3696011,3696011,3696011,3696011,3696011,3696011,3696011
BENCH family=mp logn=10 pi=116 dir=1 calls=100 old=14134212,14134211,14134211,14134211,14134212,14134211,14134211,14134211,14134211,14134212 opt=3544111,3544111,3544111,3544111,3544111,3544111,3544111,3544111,3544111,3544111
BENCH family=mp logn=4 pi=117 dir=0 calls=100 old=89711,89711,89711,89711,89711,89711,89711,89711,89711,89711 opt=32411,32411,32411,32411,32411,32411,32411,32411,32411,32411
BENCH family=mp logn=4 pi=117 dir=1 calls=100 old=102611,102611,102611,102611,102611,102611,102611,102611,102611,102611 opt=35011,35011,35011,35011,35011,35011,35011,35011,35011,35011
BENCH family=mp logn=5 pi=117 dir=0 calls=100 old=212111,212111,212111,212111,212111,212111,212111,212111,212111,212111 opt=72611,72611,72611,72611,72611,72611,72611,72611,72611,72611
BENCH family=mp logn=5 pi=117 dir=1 calls=100 old=241811,241811,241811,241811,241811,241811,241811,241811,241811,241811 opt=74311,74311,74311,74311,74311,74311,74311,74311,74311,74311
BENCH family=mp logn=6 pi=117 dir=0 calls=100 old=485211,485211,485211,485211,485211,485211,485211,485211,485211,485211 opt=150211,150211,150211,150211,150211,150211,150211,150211,150211,150211
BENCH family=mp logn=6 pi=117 dir=1 calls=100 old=555811,555811,555811,555811,555811,555811,555811,555811,555811,555811 opt=152311,152311,152311,152311,152311,152311,152311,152311,152311,152311
BENCH family=mp logn=7 pi=117 dir=0 calls=100 old=1124411,1124411,1124411,1124411,1124411,1124411,1124411,1124411,1124411,1124411 opt=348511,348511,348511,348511,348511,348511,348511,348511,348511,348511
BENCH family=mp logn=7 pi=117 dir=1 calls=100 old=1283811,1283812,1283811,1283811,1283811,1283811,1283811,1283811,1283811,1283811 opt=341811,341811,341811,341811,341811,341811,341811,341811,341811,341811
BENCH family=mp logn=8 pi=117 dir=0 calls=100 old=2503111,2503111,2503111,2503111,2503111,2503111,2503111,2503111,2503111,2503111 opt=759411,759411,759411,759411,759411,759411,759411,759411,759411,759411
BENCH family=mp logn=8 pi=117 dir=1 calls=100 old=2866611,2866611,2866611,2866611,2866611,2866611,2866611,2866612,2866611,2866611 opt=735211,735211,735211,735211,735211,735211,735211,735211,735211,735211
BENCH family=mp logn=9 pi=117 dir=0 calls=100 old=5655911,5655911,5655911,5655911,5655911,5655911,5655911,5655911,5655911,5655911 opt=1709911,1709911,1709911,1709911,1709911,1709911,1709911,1709911,1709911,1709912
BENCH family=mp logn=9 pi=117 dir=1 calls=100 old=6458611,6458611,6458611,6458611,6458611,6458611,6458611,6458611,6458612,6458611 opt=1646711,1646711,1646711,1646711,1646711,1646711,1646711,1646711,1646711,1646711
BENCH family=mp logn=10 pi=117 dir=0 calls=100 old=12349811,12349811,12349811,12349812,12349811,12349811,12349811,12349811,12349811,12349811 opt=3696011,3696011,3696011,3696011,3696011,3696011,3696011,3696011,3696012,3696011
BENCH family=mp logn=10 pi=117 dir=1 calls=100 old=14134211,14134211,14134211,14134212,14134211,14134211,14134211,14134212,14134211,14134211 opt=3544111,3544111,3544111,3544111,3544111,3544111,3544111,3544111,3544111,3544111
BENCH family=mp logn=4 pi=118 dir=0 calls=100 old=89711,89711,89711,89711,89711,89711,89711,89711,89711,89711 opt=32411,32411,32411,32411,32411,32411,32411,32411,32411,32411
BENCH family=mp logn=4 pi=118 dir=1 calls=100 old=102611,102611,102611,102611,102611,102611,102611,102611,102611,102611 opt=35011,35011,35011,35011,35011,35011,35011,35011,35011,35011
BENCH family=mp logn=5 pi=118 dir=0 calls=100 old=212111,212111,212111,212111,212111,212111,212111,212111,212111,212111 opt=72611,72611,72611,72611,72611,72611,72611,72611,72611,72611
BENCH family=mp logn=5 pi=118 dir=1 calls=100 old=241811,241811,241811,241811,241811,241811,241811,241811,241811,241811 opt=74311,74311,74311,74311,74311,74311,74311,74311,74311,74311
BENCH family=mp logn=6 pi=118 dir=0 calls=100 old=485211,485211,485211,485211,485211,485211,485211,485211,485211,485211 opt=150211,150211,150211,150211,150211,150211,150211,150211,150211,150211
BENCH family=mp logn=6 pi=118 dir=1 calls=100 old=555811,555811,555811,555811,555811,555811,555811,555811,555811,555812 opt=152311,152311,152311,152311,152311,152311,152311,152311,152311,152311
BENCH family=mp logn=7 pi=118 dir=0 calls=100 old=1124411,1124411,1124411,1124411,1124411,1124411,1124411,1124411,1124411,1124411 opt=348511,348511,348511,348511,348511,348511,348511,348511,348511,348511
BENCH family=mp logn=7 pi=118 dir=1 calls=100 old=1283811,1283811,1283811,1283811,1283811,1283811,1283811,1283811,1283811,1283811 opt=341811,341811,341811,341811,341811,341811,341811,341811,341811,341811
BENCH family=mp logn=8 pi=118 dir=0 calls=100 old=2503111,2503111,2503111,2503111,2503111,2503111,2503111,2503111,2503111,2503111 opt=759411,759411,759411,759411,759411,759411,759411,759411,759411,759411
BENCH family=mp logn=8 pi=118 dir=1 calls=100 old=2866612,2866611,2866611,2866611,2866611,2866611,2866611,2866611,2866611,2866611 opt=735211,735211,735211,735211,735211,735211,735211,735211,735211,735211
BENCH family=mp logn=9 pi=118 dir=0 calls=100 old=5655911,5655911,5655911,5655911,5655911,5655912,5655911,5655911,5655911,5655911 opt=1709911,1709911,1709911,1709911,1709911,1709911,1709911,1709911,1709911,1709911
BENCH family=mp logn=9 pi=118 dir=1 calls=100 old=6458611,6458611,6458611,6458611,6458611,6458612,6458611,6458611,6458611,6458611 opt=1646711,1646711,1646711,1646711,1646711,1646711,1646711,1646711,1646711,1646711
BENCH family=mp logn=10 pi=118 dir=0 calls=100 old=12349811,12349811,12349812,12349811,12349811,12349811,12349811,12349812,12349811,12349811 opt=3696011,3696011,3696011,3696011,3696011,3696011,3696011,3696011,3696011,3696011
BENCH family=mp logn=10 pi=118 dir=1 calls=100 old=14134211,14134212,14134211,14134211,14134211,14134211,14134212,14134211,14134211,14134211 opt=3544111,3544111,3544111,3544111,3544111,3544111,3544111,3544111,3544111,3544111
BENCH family=mp logn=4 pi=119 dir=0 calls=100 old=89711,89711,89711,89711,89711,89711,89711,89711,89711,89711 opt=32411,32411,32411,32411,32411,32411,32411,32411,32411,32411
BENCH family=mp logn=4 pi=119 dir=1 calls=100 old=102611,102611,102611,102611,102611,102611,102611,102611,102611,102611 opt=35011,35011,35011,35011,35011,35011,35011,35011,35011,35011
BENCH family=mp logn=5 pi=119 dir=0 calls=100 old=212111,212111,212111,212111,212111,212111,212111,212111,212111,212111 opt=72611,72611,72611,72611,72611,72611,72611,72611,72611,72611
BENCH family=mp logn=5 pi=119 dir=1 calls=100 old=241811,241811,241811,241811,241811,241811,241811,241811,241811,241811 opt=74311,74311,74311,74311,74311,74311,74311,74311,74311,74311
BENCH family=mp logn=6 pi=119 dir=0 calls=100 old=485211,485211,485211,485211,485211,485211,485211,485211,485211,485211 opt=150211,150211,150211,150211,150211,150211,150211,150211,150211,150211
BENCH family=mp logn=6 pi=119 dir=1 calls=100 old=555811,555811,555811,555811,555811,555811,555811,555811,555811,555811 opt=152311,152311,152311,152311,152311,152311,152311,152311,152311,152311
BENCH family=mp logn=7 pi=119 dir=0 calls=100 old=1124411,1124411,1124411,1124411,1124411,1124411,1124411,1124411,1124411,1124411 opt=348511,348511,348511,348511,348511,348511,348511,348511,348511,348511
BENCH family=mp logn=7 pi=119 dir=1 calls=100 old=1283811,1283811,1283811,1283811,1283811,1283811,1283811,1283811,1283811,1283811 opt=341811,341811,341811,341811,341811,341811,341811,341811,341811,341811
BENCH family=mp logn=8 pi=119 dir=0 calls=100 old=2503111,2503111,2503111,2503112,2503111,2503111,2503111,2503111,2503111,2503111 opt=759411,759411,759411,759411,759411,759411,759411,759411,759411,759411
BENCH family=mp logn=8 pi=119 dir=1 calls=100 old=2866611,2866611,2866611,2866611,2866611,2866611,2866611,2866611,2866611,2866611 opt=735211,735211,735211,735211,735211,735211,735211,735211,735211,735211
BENCH family=mp logn=9 pi=119 dir=0 calls=100 old=5655911,5655911,5655912,5655911,5655911,5655911,5655911,5655911,5655911,5655911 opt=1709911,1709911,1709911,1709911,1709911,1709911,1709911,1709911,1709911,1709911
BENCH family=mp logn=9 pi=119 dir=1 calls=100 old=6458611,6458611,6458612,6458611,6458611,6458611,6458611,6458611,6458611,6458611 opt=1646711,1646711,1646711,1646711,1646711,1646711,1646711,1646711,1646711,1646711
BENCH family=mp logn=10 pi=119 dir=0 calls=100 old=12349811,12349811,12349811,12349811,12349811,12349812,12349811,12349811,12349811,12349811 opt=3696012,3696011,3696011,3696011,3696011,3696011,3696011,3696011,3696011,3696011
BENCH family=mp logn=10 pi=119 dir=1 calls=100 old=14134212,14134211,14134211,14134211,14134211,14134211,14134211,14134211,14134211,14134212 opt=3544111,3544111,3544111,3544111,3544112,3544111,3544111,3544111,3544111,3544111
BENCH family=mp logn=4 pi=120 dir=0 calls=100 old=89711,89711,89711,89711,89711,89711,89711,89711,89711,89711 opt=32411,32411,32411,32411,32411,32411,32411,32411,32411,32411
BENCH family=mp logn=4 pi=120 dir=1 calls=100 old=102611,102611,102611,102611,102611,102611,102611,102611,102611,102611 opt=35011,35011,35011,35011,35011,35011,35011,35011,35011,35011
BENCH family=mp logn=5 pi=120 dir=0 calls=100 old=212111,212111,212111,212111,212111,212111,212111,212111,212111,212111 opt=72611,72611,72611,72611,72611,72611,72611,72611,72611,72611
BENCH family=mp logn=5 pi=120 dir=1 calls=100 old=241811,241811,241811,241811,241811,241811,241811,241811,241811,241811 opt=74311,74311,74311,74311,74311,74311,74311,74311,74311,74311
BENCH family=mp logn=6 pi=120 dir=0 calls=100 old=485211,485211,485211,485211,485211,485211,485211,485211,485211,485211 opt=150211,150211,150211,150211,150211,150211,150211,150211,150211,150211
BENCH family=mp logn=6 pi=120 dir=1 calls=100 old=555811,555811,555811,555811,555811,555811,555811,555811,555811,555811 opt=152311,152311,152311,152311,152311,152311,152311,152311,152311,152311
BENCH family=mp logn=7 pi=120 dir=0 calls=100 old=1124411,1124411,1124411,1124411,1124411,1124411,1124411,1124411,1124411,1124411 opt=348511,348511,348511,348511,348511,348511,348511,348511,348511,348511
BENCH family=mp logn=7 pi=120 dir=1 calls=100 old=1283811,1283811,1283811,1283811,1283812,1283811,1283811,1283811,1283811,1283811 opt=341811,341811,341811,341811,341811,341811,341811,341811,341811,341811
BENCH family=mp logn=8 pi=120 dir=0 calls=100 old=2503111,2503111,2503111,2503111,2503111,2503111,2503111,2503111,2503111,2503111 opt=759411,759411,759411,759411,759411,759411,759411,759411,759411,759411
BENCH family=mp logn=8 pi=120 dir=1 calls=100 old=2866611,2866611,2866611,2866611,2866611,2866611,2866611,2866611,2866611,2866611 opt=735211,735211,735211,735211,735211,735211,735211,735211,735212,735211
BENCH family=mp logn=9 pi=120 dir=0 calls=100 old=5655911,5655911,5655911,5655911,5655911,5655911,5655911,5655911,5655911,5655912 opt=1709911,1709911,1709911,1709911,1709911,1709911,1709911,1709911,1709911,1709911
BENCH family=mp logn=9 pi=120 dir=1 calls=100 old=6458611,6458611,6458611,6458611,6458611,6458611,6458611,6458611,6458611,6458611 opt=1646711,1646711,1646711,1646711,1646711,1646711,1646711,1646711,1646711,1646712
BENCH family=mp logn=10 pi=120 dir=0 calls=100 old=12349811,12349811,12349811,12349811,12349812,12349811,12349811,12349811,12349811,12349811 opt=3696011,3696011,3696011,3696011,3696011,3696011,3696011,3696011,3696011,3696012
BENCH family=mp logn=10 pi=120 dir=1 calls=100 old=14134211,14134211,14134211,14134212,14134211,14134211,14134211,14134212,14134211,14134211 opt=3544111,3544111,3544111,3544111,3544111,3544111,3544111,3544111,3544111,3544111
BENCH family=mp logn=4 pi=121 dir=0 calls=100 old=89711,89711,89711,89711,89711,89711,89711,89711,89711,89711 opt=32411,32411,32411,32411,32411,32411,32411,32411,32411,32411
BENCH family=mp logn=4 pi=121 dir=1 calls=100 old=102611,102611,102611,102611,102611,102611,102611,102611,102611,102611 opt=35011,35011,35011,35011,35011,35011,35011,35011,35011,35011
BENCH family=mp logn=5 pi=121 dir=0 calls=100 old=212111,212111,212111,212111,212111,212111,212111,212111,212111,212111 opt=72611,72611,72611,72611,72611,72611,72611,72611,72611,72611
BENCH family=mp logn=5 pi=121 dir=1 calls=100 old=241811,241811,241811,241811,241811,241811,241811,241811,241811,241811 opt=74311,74311,74311,74311,74311,74311,74311,74311,74311,74311
BENCH family=mp logn=6 pi=121 dir=0 calls=100 old=485211,485211,485211,485211,485211,485211,485211,485211,485211,485211 opt=150211,150211,150211,150211,150211,150211,150211,150211,150211,150211
BENCH family=mp logn=6 pi=121 dir=1 calls=100 old=555811,555811,555811,555811,555811,555811,555811,555811,555811,555811 opt=152311,152311,152311,152311,152311,152311,152311,152311,152311,152311
BENCH family=mp logn=7 pi=121 dir=0 calls=100 old=1124411,1124411,1124411,1124411,1124411,1124411,1124411,1124411,1124411,1124411 opt=348511,348511,348511,348511,348511,348511,348511,348511,348511,348511
BENCH family=mp logn=7 pi=121 dir=1 calls=100 old=1283811,1283811,1283811,1283811,1283811,1283811,1283811,1283811,1283811,1283811 opt=341811,341811,341811,341811,341811,341811,341811,341811,341811,341811
BENCH family=mp logn=8 pi=121 dir=0 calls=100 old=2503111,2503111,2503111,2503111,2503111,2503111,2503111,2503111,2503111,2503111 opt=759411,759411,759411,759411,759411,759411,759411,759411,759411,759411
BENCH family=mp logn=8 pi=121 dir=1 calls=100 old=2866611,2866611,2866611,2866611,2866611,2866611,2866611,2866611,2866611,2866611 opt=735211,735212,735211,735211,735211,735211,735211,735211,735211,735211
BENCH family=mp logn=9 pi=121 dir=0 calls=100 old=5655911,5655911,5655911,5655911,5655911,5655912,5655911,5655911,5655911,5655911 opt=1709911,1709911,1709911,1709911,1709911,1709911,1709911,1709911,1709911,1709911
BENCH family=mp logn=9 pi=121 dir=1 calls=100 old=6458611,6458611,6458611,6458611,6458611,6458612,6458611,6458611,6458611,6458611 opt=1646711,1646711,1646711,1646711,1646711,1646711,1646711,1646711,1646711,1646711
BENCH family=mp logn=10 pi=121 dir=0 calls=100 old=12349811,12349811,12349812,12349811,12349811,12349811,12349811,12349812,12349811,12349811 opt=3696011,3696011,3696011,3696011,3696011,3696011,3696011,3696011,3696011,3696011
BENCH family=mp logn=10 pi=121 dir=1 calls=100 old=14134211,14134212,14134211,14134211,14134211,14134211,14134212,14134211,14134211,14134211 opt=3544111,3544111,3544111,3544111,3544111,3544111,3544111,3544111,3544111,3544111
BENCH family=mp logn=4 pi=122 dir=0 calls=100 old=89711,89711,89711,89711,89711,89711,89711,89711,89711,89711 opt=32411,32411,32411,32411,32411,32411,32411,32411,32411,32411
BENCH family=mp logn=4 pi=122 dir=1 calls=100 old=102611,102611,102611,102611,102611,102611,102611,102611,102611,102611 opt=35011,35011,35011,35011,35011,35011,35011,35011,35011,35011
BENCH family=mp logn=5 pi=122 dir=0 calls=100 old=212111,212111,212111,212111,212111,212111,212111,212111,212111,212111 opt=72611,72611,72611,72611,72611,72611,72611,72611,72611,72611
BENCH family=mp logn=5 pi=122 dir=1 calls=100 old=241811,241811,241811,241811,241811,241811,241811,241811,241811,241811 opt=74311,74311,74311,74311,74311,74311,74311,74311,74311,74311
BENCH family=mp logn=6 pi=122 dir=0 calls=100 old=485211,485211,485211,485211,485211,485211,485211,485211,485211,485211 opt=150211,150211,150211,150211,150211,150211,150211,150211,150211,150211
BENCH family=mp logn=6 pi=122 dir=1 calls=100 old=555811,555811,555811,555811,555811,555811,555811,555811,555811,555811 opt=152311,152311,152311,152311,152311,152311,152311,152311,152311,152311
BENCH family=mp logn=7 pi=122 dir=0 calls=100 old=1124411,1124411,1124411,1124411,1124411,1124411,1124411,1124411,1124411,1124411 opt=348511,348511,348511,348511,348511,348511,348511,348511,348511,348511
BENCH family=mp logn=7 pi=122 dir=1 calls=100 old=1283811,1283811,1283811,1283811,1283811,1283811,1283811,1283811,1283811,1283811 opt=341811,341811,341811,341811,341811,341811,341811,341811,341811,341811
BENCH family=mp logn=8 pi=122 dir=0 calls=100 old=2503111,2503111,2503111,2503111,2503112,2503111,2503111,2503111,2503111,2503111 opt=759411,759411,759411,759411,759411,759411,759411,759411,759411,759411
BENCH family=mp logn=8 pi=122 dir=1 calls=100 old=2866611,2866611,2866611,2866611,2866611,2866611,2866611,2866611,2866611,2866611 opt=735211,735211,735211,735211,735211,735211,735211,735211,735211,735211
BENCH family=mp logn=9 pi=122 dir=0 calls=100 old=5655911,5655911,5655912,5655911,5655911,5655911,5655911,5655911,5655911,5655911 opt=1709911,1709911,1709911,1709911,1709911,1709911,1709911,1709911,1709911,1709911
BENCH family=mp logn=9 pi=122 dir=1 calls=100 old=6458611,6458611,6458612,6458611,6458611,6458611,6458611,6458611,6458611,6458611 opt=1646711,1646711,1646711,1646711,1646711,1646711,1646711,1646711,1646711,1646711
BENCH family=mp logn=10 pi=122 dir=0 calls=100 old=12349811,12349811,12349811,12349811,12349811,12349812,12349811,12349811,12349811,12349811 opt=3696012,3696011,3696011,3696011,3696011,3696011,3696011,3696011,3696011,3696011
BENCH family=mp logn=10 pi=122 dir=1 calls=100 old=14134212,14134211,14134211,14134211,14134211,14134211,14134211,14134211,14134211,14134212 opt=3544111,3544111,3544111,3544111,3544111,3544112,3544111,3544111,3544111,3544111
BENCH family=mp logn=4 pi=123 dir=0 calls=100 old=89711,89711,89711,89711,89711,89711,89711,89711,89711,89711 opt=32411,32411,32411,32411,32411,32411,32411,32411,32411,32411
BENCH family=mp logn=4 pi=123 dir=1 calls=100 old=102611,102611,102611,102611,102611,102611,102611,102611,102611,102611 opt=35011,35011,35011,35011,35011,35011,35011,35011,35011,35011
BENCH family=mp logn=5 pi=123 dir=0 calls=100 old=212111,212111,212111,212111,212111,212111,212111,212111,212111,212111 opt=72611,72611,72611,72611,72611,72611,72611,72611,72611,72611
BENCH family=mp logn=5 pi=123 dir=1 calls=100 old=241811,241811,241811,241811,241811,241811,241811,241811,241811,241811 opt=74311,74311,74311,74311,74311,74311,74311,74311,74311,74311
BENCH family=mp logn=6 pi=123 dir=0 calls=100 old=485211,485211,485211,485211,485211,485211,485211,485211,485211,485211 opt=150211,150211,150211,150211,150211,150211,150211,150211,150211,150211
BENCH family=mp logn=6 pi=123 dir=1 calls=100 old=555811,555811,555811,555811,555811,555811,555811,555811,555811,555811 opt=152311,152311,152311,152311,152311,152311,152311,152311,152311,152311
BENCH family=mp logn=7 pi=123 dir=0 calls=100 old=1124411,1124411,1124411,1124411,1124411,1124411,1124411,1124411,1124411,1124411 opt=348511,348511,348511,348511,348511,348511,348511,348511,348511,348511
BENCH family=mp logn=7 pi=123 dir=1 calls=100 old=1283811,1283811,1283811,1283811,1283811,1283812,1283811,1283811,1283811,1283811 opt=341811,341811,341811,341811,341811,341811,341811,341811,341811,341811
BENCH family=mp logn=8 pi=123 dir=0 calls=100 old=2503111,2503111,2503111,2503111,2503111,2503111,2503111,2503111,2503111,2503111 opt=759411,759411,759411,759411,759411,759411,759411,759411,759411,759411
BENCH family=mp logn=8 pi=123 dir=1 calls=100 old=2866611,2866611,2866611,2866611,2866611,2866611,2866611,2866611,2866611,2866612 opt=735211,735211,735211,735211,735211,735211,735211,735211,735211,735211
BENCH family=mp logn=9 pi=123 dir=0 calls=100 old=5655911,5655911,5655911,5655911,5655911,5655911,5655911,5655911,5655911,5655911 opt=1709911,1709911,1709911,1709911,1709911,1709911,1709911,1709911,1709911,1709911
BENCH family=mp logn=9 pi=123 dir=1 calls=100 old=6458611,6458611,6458611,6458611,6458611,6458611,6458611,6458611,6458611,6458612 opt=1646711,1646711,1646711,1646711,1646711,1646711,1646711,1646711,1646711,1646711
BENCH family=mp logn=10 pi=123 dir=0 calls=100 old=12349811,12349811,12349811,12349811,12349812,12349811,12349811,12349811,12349811,12349812 opt=3696011,3696011,3696011,3696011,3696011,3696011,3696011,3696011,3696011,3696011
BENCH family=mp logn=10 pi=123 dir=1 calls=100 old=14134211,14134211,14134211,14134212,14134211,14134211,14134211,14134211,14134212,14134211 opt=3544111,3544111,3544111,3544111,3544111,3544111,3544111,3544111,3544111,3544111
BENCH family=mp logn=4 pi=124 dir=0 calls=100 old=89711,89711,89711,89711,89711,89711,89711,89711,89711,89711 opt=32411,32411,32411,32411,32411,32411,32411,32411,32411,32411
BENCH family=mp logn=4 pi=124 dir=1 calls=100 old=102611,102611,102611,102611,102611,102611,102611,102611,102611,102611 opt=35011,35011,35011,35011,35011,35011,35011,35011,35011,35011
BENCH family=mp logn=5 pi=124 dir=0 calls=100 old=212111,212111,212111,212111,212111,212111,212111,212111,212111,212111 opt=72611,72611,72611,72611,72611,72611,72611,72611,72611,72611
BENCH family=mp logn=5 pi=124 dir=1 calls=100 old=241811,241811,241811,241811,241811,241811,241811,241811,241811,241811 opt=74311,74311,74311,74311,74311,74311,74311,74311,74311,74311
BENCH family=mp logn=6 pi=124 dir=0 calls=100 old=485211,485211,485211,485211,485211,485211,485211,485211,485211,485211 opt=150211,150211,150211,150211,150211,150211,150211,150211,150211,150211
BENCH family=mp logn=6 pi=124 dir=1 calls=100 old=555811,555811,555811,555811,555811,555811,555811,555811,555811,555811 opt=152311,152311,152311,152311,152311,152311,152311,152311,152311,152311
BENCH family=mp logn=7 pi=124 dir=0 calls=100 old=1124411,1124411,1124411,1124412,1124411,1124411,1124411,1124411,1124411,1124411 opt=348511,348511,348511,348511,348511,348511,348511,348511,348511,348511
BENCH family=mp logn=7 pi=124 dir=1 calls=100 old=1283811,1283811,1283811,1283811,1283811,1283811,1283811,1283811,1283811,1283811 opt=341811,341811,341811,341811,341811,341811,341811,341811,341811,341811
BENCH family=mp logn=8 pi=124 dir=0 calls=100 old=2503111,2503111,2503111,2503111,2503111,2503111,2503111,2503111,2503111,2503111 opt=759411,759411,759411,759411,759411,759411,759411,759411,759411,759411
BENCH family=mp logn=8 pi=124 dir=1 calls=100 old=2866611,2866611,2866612,2866611,2866611,2866611,2866611,2866611,2866611,2866611 opt=735211,735211,735211,735211,735211,735211,735211,735211,735211,735211
BENCH family=mp logn=9 pi=124 dir=0 calls=100 old=5655911,5655911,5655911,5655911,5655911,5655911,5655912,5655911,5655911,5655911 opt=1709911,1709911,1709911,1709911,1709911,1709911,1709911,1709911,1709911,1709911
BENCH family=mp logn=9 pi=124 dir=1 calls=100 old=6458611,6458611,6458611,6458611,6458611,6458611,6458612,6458611,6458611,6458611 opt=1646711,1646711,1646711,1646711,1646711,1646711,1646711,1646711,1646711,1646711
BENCH family=mp logn=10 pi=124 dir=0 calls=100 old=12349811,12349811,12349811,12349811,12349811,12349811,12349811,12349812,12349811,12349811 opt=3696011,3696011,3696012,3696011,3696011,3696011,3696011,3696011,3696011,3696011
BENCH family=mp logn=10 pi=124 dir=1 calls=100 old=14134211,14134211,14134212,14134211,14134211,14134211,14134211,14134211,14134211,14134211 opt=3544111,3544111,3544111,3544111,3544111,3544111,3544112,3544111,3544111,3544111
BENCH family=mp logn=4 pi=125 dir=0 calls=100 old=89711,89711,89711,89711,89711,89711,89711,89711,89711,89711 opt=32411,32411,32411,32411,32411,32411,32411,32411,32411,32411
BENCH family=mp logn=4 pi=125 dir=1 calls=100 old=102611,102611,102611,102611,102611,102611,102611,102611,102611,102611 opt=35011,35011,35011,35011,35011,35011,35011,35011,35011,35011
BENCH family=mp logn=5 pi=125 dir=0 calls=100 old=212111,212111,212111,212111,212111,212111,212111,212111,212111,212111 opt=72611,72611,72611,72611,72611,72611,72611,72611,72611,72611
BENCH family=mp logn=5 pi=125 dir=1 calls=100 old=241811,241811,241811,241811,241811,241811,241811,241811,241811,241811 opt=74311,74311,74311,74311,74311,74311,74311,74311,74311,74311
BENCH family=mp logn=6 pi=125 dir=0 calls=100 old=485211,485211,485211,485211,485211,485211,485211,485211,485211,485211 opt=150211,150211,150211,150211,150211,150211,150211,150211,150211,150211
BENCH family=mp logn=6 pi=125 dir=1 calls=100 old=555811,555811,555811,555811,555811,555811,555811,555811,555811,555811 opt=152311,152311,152311,152311,152311,152311,152311,152311,152311,152311
BENCH family=mp logn=7 pi=125 dir=0 calls=100 old=1124411,1124411,1124411,1124411,1124411,1124411,1124411,1124411,1124411,1124411 opt=348511,348511,348511,348511,348511,348511,348511,348511,348511,348511
BENCH family=mp logn=7 pi=125 dir=1 calls=100 old=1283811,1283811,1283811,1283811,1283811,1283811,1283811,1283811,1283811,1283811 opt=341811,341811,341811,341811,341811,341811,341811,341811,341811,341811
BENCH family=mp logn=8 pi=125 dir=0 calls=100 old=2503111,2503111,2503111,2503111,2503111,2503111,2503112,2503111,2503111,2503111 opt=759411,759411,759411,759411,759411,759411,759411,759411,759411,759411
BENCH family=mp logn=8 pi=125 dir=1 calls=100 old=2866611,2866611,2866611,2866611,2866611,2866611,2866611,2866611,2866611,2866611 opt=735211,735211,735211,735211,735211,735211,735211,735211,735211,735211
BENCH family=mp logn=9 pi=125 dir=0 calls=100 old=5655911,5655911,5655911,5655911,5655911,5655911,5655911,5655911,5655911,5655911 opt=1709911,1709911,1709911,1709912,1709911,1709911,1709911,1709911,1709911,1709911
BENCH family=mp logn=9 pi=125 dir=1 calls=100 old=6458611,6458611,6458611,6458612,6458611,6458611,6458611,6458611,6458611,6458611 opt=1646711,1646711,1646711,1646711,1646711,1646711,1646711,1646711,1646711,1646711
BENCH family=mp logn=10 pi=125 dir=0 calls=100 old=12349811,12349812,12349811,12349811,12349811,12349811,12349812,12349811,12349811,12349811 opt=3696011,3696011,3696011,3696011,3696011,3696011,3696011,3696011,3696011,3696011
BENCH family=mp logn=10 pi=125 dir=1 calls=100 old=14134211,14134211,14134211,14134211,14134211,14134212,14134211,14134211,14134211,14134212 opt=3544112,3544111,3544111,3544111,3544111,3544111,3544111,3544111,3544111,3544111
BENCH family=mp logn=4 pi=126 dir=0 calls=100 old=89711,89711,89711,89711,89711,89711,89711,89711,89711,89711 opt=32411,32411,32411,32411,32411,32411,32411,32411,32411,32411
BENCH family=mp logn=4 pi=126 dir=1 calls=100 old=102611,102611,102611,102611,102611,102611,102611,102611,102611,102611 opt=35011,35011,35011,35011,35011,35011,35011,35011,35011,35011
BENCH family=mp logn=5 pi=126 dir=0 calls=100 old=212111,212111,212111,212111,212111,212111,212111,212111,212111,212111 opt=72611,72611,72611,72611,72611,72611,72611,72611,72611,72611
BENCH family=mp logn=5 pi=126 dir=1 calls=100 old=241811,241811,241811,241811,241811,241811,241811,241811,241811,241811 opt=74311,74311,74311,74311,74311,74311,74311,74311,74311,74311
BENCH family=mp logn=6 pi=126 dir=0 calls=100 old=485211,485211,485211,485211,485211,485211,485211,485211,485211,485211 opt=150211,150211,150211,150211,150211,150211,150211,150211,150211,150211
BENCH family=mp logn=6 pi=126 dir=1 calls=100 old=555811,555811,555811,555811,555811,555811,555811,555811,555811,555811 opt=152311,152311,152311,152311,152311,152311,152311,152311,152311,152311
BENCH family=mp logn=7 pi=126 dir=0 calls=100 old=1124411,1124411,1124411,1124411,1124411,1124411,1124411,1124411,1124411,1124411 opt=348511,348511,348511,348511,348511,348511,348511,348511,348511,348511
BENCH family=mp logn=7 pi=126 dir=1 calls=100 old=1283811,1283811,1283811,1283811,1283811,1283811,1283811,1283811,1283811,1283812 opt=341811,341811,341811,341811,341811,341811,341811,341811,341811,341811
BENCH family=mp logn=8 pi=126 dir=0 calls=100 old=2503111,2503111,2503111,2503111,2503111,2503111,2503111,2503111,2503111,2503111 opt=759411,759411,759411,759411,759411,759411,759411,759411,759411,759411
BENCH family=mp logn=8 pi=126 dir=1 calls=100 old=2866611,2866611,2866611,2866611,2866611,2866611,2866611,2866611,2866611,2866611 opt=735211,735211,735211,735211,735211,735211,735211,735211,735211,735211
BENCH family=mp logn=9 pi=126 dir=0 calls=100 old=5655911,5655911,5655911,5655911,5655911,5655911,5655911,5655911,5655911,5655911 opt=1709911,1709911,1709911,1709911,1709911,1709911,1709911,1709911,1709911,1709911
BENCH family=mp logn=9 pi=126 dir=1 calls=100 old=6458612,6458611,6458611,6458611,6458611,6458611,6458611,6458611,6458611,6458612 opt=1646711,1646711,1646711,1646711,1646711,1646711,1646711,1646711,1646711,1646711
BENCH family=mp logn=10 pi=126 dir=0 calls=100 old=12349811,12349811,12349811,12349811,12349812,12349811,12349811,12349811,12349811,12349812 opt=3696011,3696011,3696011,3696011,3696011,3696011,3696011,3696011,3696011,3696011
BENCH family=mp logn=10 pi=126 dir=1 calls=100 old=14134211,14134211,14134211,14134212,14134211,14134211,14134211,14134211,14134212,14134211 opt=3544111,3544111,3544111,3544111,3544111,3544111,3544111,3544111,3544111,3544111
BENCH family=mp logn=4 pi=127 dir=0 calls=100 old=89711,89711,89711,89711,89711,89711,89711,89711,89711,89711 opt=32411,32411,32411,32411,32411,32411,32411,32411,32411,32411
BENCH family=mp logn=4 pi=127 dir=1 calls=100 old=102611,102611,102611,102611,102611,102611,102611,102611,102611,102611 opt=35011,35011,35011,35011,35011,35011,35011,35011,35011,35011
BENCH family=mp logn=5 pi=127 dir=0 calls=100 old=212111,212111,212111,212111,212111,212111,212111,212111,212111,212111 opt=72611,72611,72611,72611,72611,72611,72611,72611,72611,72611
BENCH family=mp logn=5 pi=127 dir=1 calls=100 old=241811,241811,241811,241811,241811,241811,241811,241811,241811,241811 opt=74311,74311,74311,74311,74311,74311,74311,74311,74311,74311
BENCH family=mp logn=6 pi=127 dir=0 calls=100 old=485211,485211,485211,485211,485211,485211,485211,485211,485211,485211 opt=150211,150211,150211,150211,150211,150211,150211,150211,150211,150211
BENCH family=mp logn=6 pi=127 dir=1 calls=100 old=555811,555811,555811,555811,555811,555811,555811,555811,555811,555811 opt=152311,152311,152311,152311,152311,152311,152311,152311,152311,152311
BENCH family=mp logn=7 pi=127 dir=0 calls=100 old=1124411,1124411,1124411,1124411,1124412,1124411,1124411,1124411,1124411,1124411 opt=348511,348511,348511,348511,348511,348511,348511,348511,348511,348511
BENCH family=mp logn=7 pi=127 dir=1 calls=100 old=1283811,1283811,1283811,1283811,1283811,1283811,1283811,1283811,1283811,1283811 opt=341811,341811,341811,341811,341811,341811,341811,341811,341811,341811
BENCH family=mp logn=8 pi=127 dir=0 calls=100 old=2503111,2503111,2503111,2503111,2503111,2503111,2503111,2503111,2503111,2503111 opt=759411,759411,759411,759411,759411,759411,759411,759411,759411,759411
BENCH family=mp logn=8 pi=127 dir=1 calls=100 old=2866611,2866611,2866611,2866612,2866611,2866611,2866611,2866611,2866611,2866611 opt=735211,735211,735211,735211,735211,735211,735211,735211,735211,735211
BENCH family=mp logn=9 pi=127 dir=0 calls=100 old=5655911,5655911,5655911,5655911,5655911,5655911,5655911,5655911,5655911,5655911 opt=1709911,1709911,1709911,1709911,1709911,1709911,1709911,1709912,1709911,1709911
BENCH family=mp logn=9 pi=127 dir=1 calls=100 old=6458611,6458611,6458611,6458611,6458611,6458611,6458612,6458611,6458611,6458611 opt=1646711,1646711,1646711,1646711,1646711,1646711,1646711,1646711,1646711,1646711
BENCH family=mp logn=10 pi=127 dir=0 calls=100 old=12349811,12349811,12349811,12349811,12349811,12349811,12349811,12349812,12349811,12349811 opt=3696011,3696011,3696012,3696011,3696011,3696011,3696011,3696011,3696011,3696011
BENCH family=mp logn=10 pi=127 dir=1 calls=100 old=14134211,14134211,14134212,14134211,14134211,14134211,14134211,14134211,14134211,14134211 opt=3544111,3544111,3544111,3544111,3544111,3544111,3544112,3544111,3544111,3544111
BENCH family=mp logn=4 pi=128 dir=0 calls=100 old=89711,89711,89711,89711,89711,89711,89711,89711,89711,89711 opt=32411,32411,32411,32411,32411,32411,32411,32411,32411,32411
BENCH family=mp logn=4 pi=128 dir=1 calls=100 old=102611,102611,102611,102611,102611,102611,102611,102611,102611,102611 opt=35011,35011,35011,35011,35011,35011,35011,35011,35011,35011
BENCH family=mp logn=5 pi=128 dir=0 calls=100 old=212111,212111,212111,212111,212111,212111,212111,212111,212111,212111 opt=72611,72611,72611,72611,72611,72611,72611,72611,72611,72611
BENCH family=mp logn=5 pi=128 dir=1 calls=100 old=241811,241811,241811,241811,241811,241811,241811,241811,241811,241811 opt=74311,74311,74311,74311,74311,74311,74311,74311,74311,74311
BENCH family=mp logn=6 pi=128 dir=0 calls=100 old=485211,485211,485212,485211,485211,485211,485211,485211,485211,485211 opt=150211,150211,150211,150211,150211,150211,150211,150211,150211,150211
BENCH family=mp logn=6 pi=128 dir=1 calls=100 old=555811,555811,555811,555811,555811,555811,555811,555811,555811,555811 opt=152311,152311,152311,152311,152311,152311,152311,152311,152311,152311
BENCH family=mp logn=7 pi=128 dir=0 calls=100 old=1124411,1124411,1124411,1124411,1124411,1124411,1124411,1124411,1124411,1124411 opt=348511,348511,348511,348511,348511,348511,348511,348511,348511,348511
BENCH family=mp logn=7 pi=128 dir=1 calls=100 old=1283811,1283811,1283811,1283811,1283811,1283811,1283811,1283811,1283811,1283811 opt=341811,341811,341811,341811,341811,341811,341811,341811,341811,341811
BENCH family=mp logn=8 pi=128 dir=0 calls=100 old=2503111,2503111,2503111,2503111,2503111,2503111,2503111,2503111,2503111,2503111 opt=759411,759411,759411,759411,759411,759411,759412,759411,759411,759411
BENCH family=mp logn=8 pi=128 dir=1 calls=100 old=2866611,2866611,2866611,2866611,2866611,2866611,2866611,2866611,2866611,2866611 opt=735211,735211,735211,735211,735211,735211,735211,735211,735211,735211
BENCH family=mp logn=9 pi=128 dir=0 calls=100 old=5655911,5655911,5655911,5655912,5655911,5655911,5655911,5655911,5655911,5655911 opt=1709911,1709911,1709911,1709911,1709911,1709911,1709911,1709911,1709911,1709911
BENCH family=mp logn=9 pi=128 dir=1 calls=100 old=6458611,6458611,6458611,6458612,6458611,6458611,6458611,6458611,6458611,6458611 opt=1646711,1646711,1646711,1646711,1646711,1646711,1646711,1646711,1646711,1646711
BENCH family=mp logn=10 pi=128 dir=0 calls=100 old=12349811,12349812,12349811,12349811,12349811,12349811,12349812,12349811,12349811,12349811 opt=3696011,3696011,3696011,3696011,3696011,3696011,3696011,3696011,3696011,3696011
BENCH family=mp logn=10 pi=128 dir=1 calls=100 old=14134211,14134211,14134211,14134211,14134211,14134212,14134211,14134211,14134211,14134212 opt=3544112,3544111,3544111,3544111,3544111,3544111,3544111,3544111,3544111,3544111
BENCH family=mp logn=4 pi=129 dir=0 calls=100 old=89711,89711,89711,89711,89711,89711,89711,89711,89711,89711 opt=32411,32411,32411,32411,32411,32411,32411,32411,32411,32411
BENCH family=mp logn=4 pi=129 dir=1 calls=100 old=102611,102611,102611,102611,102611,102611,102611,102611,102611,102611 opt=35011,35011,35011,35011,35011,35011,35011,35011,35011,35011
BENCH family=mp logn=5 pi=129 dir=0 calls=100 old=212111,212111,212111,212111,212111,212111,212111,212111,212111,212111 opt=72611,72611,72611,72611,72611,72611,72611,72611,72611,72611
BENCH family=mp logn=5 pi=129 dir=1 calls=100 old=241811,241811,241811,241811,241811,241811,241811,241811,241811,241811 opt=74311,74311,74311,74311,74311,74311,74311,74311,74311,74311
BENCH family=mp logn=6 pi=129 dir=0 calls=100 old=485211,485211,485211,485211,485211,485211,485211,485211,485211,485211 opt=150211,150211,150211,150211,150211,150211,150211,150211,150211,150211
BENCH family=mp logn=6 pi=129 dir=1 calls=100 old=555811,555811,555811,555811,555811,555811,555811,555811,555811,555811 opt=152311,152311,152311,152311,152311,152311,152311,152311,152311,152311
BENCH family=mp logn=7 pi=129 dir=0 calls=100 old=1124411,1124411,1124411,1124411,1124411,1124411,1124411,1124411,1124411,1124411 opt=348511,348511,348511,348511,348511,348511,348511,348511,348511,348511
BENCH family=mp logn=7 pi=129 dir=1 calls=100 old=1283811,1283811,1283811,1283811,1283811,1283811,1283811,1283811,1283811,1283812 opt=341811,341811,341811,341811,341811,341811,341811,341811,341811,341811
BENCH family=mp logn=8 pi=129 dir=0 calls=100 old=2503111,2503111,2503111,2503111,2503111,2503111,2503111,2503111,2503111,2503111 opt=759411,759411,759411,759411,759411,759411,759411,759411,759411,759411
BENCH family=mp logn=8 pi=129 dir=1 calls=100 old=2866611,2866611,2866611,2866611,2866611,2866611,2866611,2866611,2866611,2866611 opt=735211,735211,735211,735211,735211,735211,735211,735211,735211,735211
BENCH family=mp logn=9 pi=129 dir=0 calls=100 old=5655911,5655911,5655911,5655911,5655911,5655911,5655911,5655911,5655911,5655911 opt=1709911,1709911,1709911,1709911,1709911,1709911,1709911,1709911,1709911,1709911
BENCH family=mp logn=9 pi=129 dir=1 calls=100 old=6458612,6458611,6458611,6458611,6458611,6458611,6458611,6458611,6458611,6458611 opt=1646711,1646711,1646711,1646711,1646711,1646711,1646711,1646711,1646711,1646711
BENCH family=mp logn=10 pi=129 dir=0 calls=100 old=12349811,12349811,12349811,12349811,12349812,12349811,12349811,12349811,12349811,12349812 opt=3696011,3696011,3696011,3696011,3696011,3696011,3696011,3696011,3696011,3696011
BENCH family=mp logn=10 pi=129 dir=1 calls=100 old=14134211,14134211,14134211,14134212,14134211,14134211,14134211,14134211,14134212,14134211 opt=3544111,3544111,3544111,3544111,3544111,3544111,3544111,3544111,3544111,3544111
BENCH family=mp logn=4 pi=130 dir=0 calls=100 old=89711,89711,89711,89711,89711,89711,89711,89711,89711,89711 opt=32411,32411,32411,32411,32411,32411,32411,32411,32411,32411
BENCH family=mp logn=4 pi=130 dir=1 calls=100 old=102611,102611,102611,102611,102611,102611,102611,102611,102611,102611 opt=35011,35011,35011,35011,35011,35011,35011,35011,35011,35011
BENCH family=mp logn=5 pi=130 dir=0 calls=100 old=212111,212111,212111,212111,212111,212111,212111,212111,212111,212111 opt=72611,72611,72611,72611,72611,72611,72611,72611,72611,72611
BENCH family=mp logn=5 pi=130 dir=1 calls=100 old=241811,241811,241811,241811,241811,241811,241811,241811,241811,241811 opt=74311,74311,74311,74311,74311,74311,74311,74311,74311,74311
BENCH family=mp logn=6 pi=130 dir=0 calls=100 old=485211,485211,485211,485211,485211,485211,485211,485211,485211,485211 opt=150211,150211,150211,150211,150211,150211,150211,150211,150211,150211
BENCH family=mp logn=6 pi=130 dir=1 calls=100 old=555811,555811,555811,555811,555811,555811,555811,555811,555811,555811 opt=152311,152311,152311,152311,152311,152311,152311,152311,152311,152311
BENCH family=mp logn=7 pi=130 dir=0 calls=100 old=1124411,1124411,1124411,1124411,1124411,1124412,1124411,1124411,1124411,1124411 opt=348511,348511,348511,348511,348511,348511,348511,348511,348511,348511
BENCH family=mp logn=7 pi=130 dir=1 calls=100 old=1283811,1283811,1283811,1283811,1283811,1283811,1283811,1283811,1283811,1283811 opt=341811,341811,341811,341811,341811,341811,341811,341811,341811,341811
BENCH family=mp logn=8 pi=130 dir=0 calls=100 old=2503111,2503111,2503111,2503111,2503111,2503111,2503111,2503111,2503111,2503111 opt=759411,759411,759411,759411,759411,759411,759411,759411,759411,759411
BENCH family=mp logn=8 pi=130 dir=1 calls=100 old=2866611,2866611,2866611,2866612,2866611,2866611,2866611,2866611,2866611,2866611 opt=735211,735211,735211,735211,735211,735211,735211,735211,735211,735211
BENCH family=mp logn=9 pi=130 dir=0 calls=100 old=5655911,5655911,5655911,5655911,5655911,5655911,5655911,5655912,5655911,5655911 opt=1709911,1709911,1709911,1709911,1709911,1709911,1709911,1709911,1709911,1709911
BENCH family=mp logn=9 pi=130 dir=1 calls=100 old=6458611,6458611,6458611,6458611,6458611,6458611,6458611,6458611,6458611,6458611 opt=1646711,1646711,1646711,1646711,1646711,1646711,1646712,1646711,1646711,1646711
BENCH family=mp logn=10 pi=130 dir=0 calls=100 old=12349811,12349811,12349811,12349811,12349811,12349811,12349811,12349811,12349812,12349811 opt=3696011,3696011,3696011,3696012,3696011,3696011,3696011,3696011,3696011,3696011
BENCH family=mp logn=10 pi=130 dir=1 calls=100 old=14134211,14134211,14134212,14134211,14134211,14134211,14134211,14134211,14134211,14134211 opt=3544111,3544111,3544111,3544111,3544111,3544111,3544111,3544112,3544111,3544111
BENCH family=mp logn=4 pi=131 dir=0 calls=100 old=89711,89711,89711,89711,89711,89711,89711,89711,89711,89711 opt=32411,32411,32411,32411,32411,32411,32411,32411,32411,32411
BENCH family=mp logn=4 pi=131 dir=1 calls=100 old=102611,102611,102611,102611,102611,102611,102611,102611,102611,102611 opt=35011,35011,35011,35011,35011,35011,35011,35011,35011,35011
BENCH family=mp logn=5 pi=131 dir=0 calls=100 old=212111,212111,212111,212111,212111,212111,212111,212111,212111,212111 opt=72611,72611,72611,72611,72611,72611,72611,72611,72611,72611
BENCH family=mp logn=5 pi=131 dir=1 calls=100 old=241811,241811,241811,241811,241811,241811,241811,241811,241811,241811 opt=74311,74311,74311,74311,74311,74311,74311,74311,74311,74311
BENCH family=mp logn=6 pi=131 dir=0 calls=100 old=485211,485211,485211,485211,485211,485211,485211,485211,485211,485211 opt=150211,150211,150211,150211,150212,150211,150211,150211,150211,150211
BENCH family=mp logn=6 pi=131 dir=1 calls=100 old=555811,555811,555811,555811,555811,555811,555811,555811,555811,555811 opt=152311,152311,152311,152311,152311,152311,152311,152311,152311,152311
BENCH family=mp logn=7 pi=131 dir=0 calls=100 old=1124411,1124411,1124411,1124411,1124411,1124411,1124411,1124411,1124411,1124411 opt=348511,348511,348511,348511,348511,348511,348511,348511,348511,348511
BENCH family=mp logn=7 pi=131 dir=1 calls=100 old=1283811,1283811,1283811,1283811,1283811,1283811,1283811,1283811,1283811,1283811 opt=341811,341811,341811,341811,341811,341811,341811,341811,341811,341811
BENCH family=mp logn=8 pi=131 dir=0 calls=100 old=2503111,2503111,2503111,2503111,2503111,2503111,2503111,2503112,2503111,2503111 opt=759411,759411,759411,759411,759411,759411,759411,759411,759411,759411
BENCH family=mp logn=8 pi=131 dir=1 calls=100 old=2866611,2866611,2866611,2866611,2866611,2866611,2866611,2866611,2866611,2866611 opt=735211,735211,735211,735211,735211,735211,735211,735211,735211,735211
BENCH family=mp logn=9 pi=131 dir=0 calls=100 old=5655911,5655911,5655911,5655912,5655911,5655911,5655911,5655911,5655911,5655911 opt=1709911,1709911,1709911,1709911,1709911,1709911,1709911,1709911,1709911,1709911
BENCH family=mp logn=9 pi=131 dir=1 calls=100 old=6458611,6458611,6458611,6458612,6458611,6458611,6458611,6458611,6458611,6458611 opt=1646711,1646711,1646711,1646711,1646711,1646711,1646711,1646711,1646711,1646711
BENCH family=mp logn=10 pi=131 dir=0 calls=100 old=12349811,12349812,12349811,12349811,12349811,12349811,12349812,12349811,12349811,12349811 opt=3696011,3696011,3696011,3696011,3696011,3696011,3696011,3696011,3696011,3696011
BENCH family=mp logn=10 pi=131 dir=1 calls=100 old=14134211,14134211,14134211,14134211,14134211,14134212,14134211,14134211,14134211,14134211 opt=3544111,3544112,3544111,3544111,3544111,3544111,3544111,3544111,3544111,3544111
BENCH family=mp logn=4 pi=132 dir=0 calls=100 old=89711,89711,89711,89711,89711,89711,89711,89711,89711,89711 opt=32411,32411,32411,32411,32411,32411,32411,32411,32411,32411
BENCH family=mp logn=4 pi=132 dir=1 calls=100 old=102611,102611,102611,102611,102611,102611,102611,102611,102611,102611 opt=35011,35011,35011,35011,35011,35011,35011,35011,35011,35011
BENCH family=mp logn=5 pi=132 dir=0 calls=100 old=212111,212111,212111,212111,212111,212111,212111,212111,212111,212111 opt=72611,72611,72611,72611,72611,72611,72611,72611,72611,72611
BENCH family=mp logn=5 pi=132 dir=1 calls=100 old=241811,241811,241811,241811,241811,241811,241811,241811,241811,241811 opt=74311,74311,74311,74311,74311,74311,74311,74311,74311,74311
BENCH family=mp logn=6 pi=132 dir=0 calls=100 old=485211,485211,485211,485211,485211,485211,485211,485211,485211,485211 opt=150211,150211,150211,150211,150211,150211,150211,150211,150211,150211
BENCH family=mp logn=6 pi=132 dir=1 calls=100 old=555811,555811,555811,555811,555811,555811,555811,555811,555811,555811 opt=152311,152311,152311,152311,152311,152311,152311,152311,152311,152311
BENCH family=mp logn=7 pi=132 dir=0 calls=100 old=1124411,1124411,1124411,1124411,1124411,1124411,1124411,1124411,1124411,1124411 opt=348511,348511,348511,348511,348511,348511,348511,348511,348511,348511
BENCH family=mp logn=7 pi=132 dir=1 calls=100 old=1283811,1283811,1283811,1283811,1283811,1283811,1283811,1283811,1283811,1283811 opt=341811,341811,341811,341811,341811,341811,341811,341811,341811,341811
BENCH family=mp logn=8 pi=132 dir=0 calls=100 old=2503112,2503111,2503111,2503111,2503111,2503111,2503111,2503111,2503111,2503111 opt=759411,759411,759411,759411,759411,759411,759411,759411,759411,759411
BENCH family=mp logn=8 pi=132 dir=1 calls=100 old=2866611,2866611,2866611,2866611,2866611,2866611,2866611,2866611,2866611,2866611 opt=735211,735211,735211,735211,735211,735211,735211,735211,735211,735211
BENCH family=mp logn=9 pi=132 dir=0 calls=100 old=5655912,5655911,5655911,5655911,5655911,5655911,5655911,5655911,5655911,5655911 opt=1709911,1709911,1709911,1709911,1709911,1709911,1709911,1709911,1709911,1709911
BENCH family=mp logn=9 pi=132 dir=1 calls=100 old=6458612,6458611,6458611,6458611,6458611,6458611,6458611,6458611,6458611,6458611 opt=1646711,1646711,1646711,1646711,1646711,1646711,1646711,1646711,1646711,1646711
BENCH family=mp logn=10 pi=132 dir=0 calls=100 old=12349812,12349811,12349811,12349811,12349811,12349811,12349811,12349811,12349811,12349812 opt=3696011,3696011,3696011,3696011,3696012,3696011,3696011,3696011,3696011,3696011
BENCH family=mp logn=10 pi=132 dir=1 calls=100 old=14134211,14134211,14134211,14134211,14134212,14134211,14134211,14134211,14134212,14134211 opt=3544111,3544111,3544111,3544111,3544111,3544111,3544111,3544111,3544111,3544111
BENCH family=mp logn=4 pi=133 dir=0 calls=100 old=89711,89711,89711,89711,89711,89711,89711,89711,89711,89711 opt=32411,32411,32411,32411,32411,32411,32411,32411,32411,32411
BENCH family=mp logn=4 pi=133 dir=1 calls=100 old=102611,102611,102611,102611,102611,102611,102611,102611,102611,102611 opt=35011,35011,35011,35011,35011,35011,35011,35011,35011,35011
BENCH family=mp logn=5 pi=133 dir=0 calls=100 old=212111,212111,212111,212111,212111,212111,212111,212111,212111,212111 opt=72611,72611,72611,72611,72611,72611,72611,72611,72611,72611
BENCH family=mp logn=5 pi=133 dir=1 calls=100 old=241811,241811,241811,241811,241811,241811,241811,241811,241811,241811 opt=74311,74311,74311,74311,74311,74311,74311,74311,74311,74311
BENCH family=mp logn=6 pi=133 dir=0 calls=100 old=485211,485211,485211,485211,485211,485211,485211,485211,485211,485211 opt=150211,150211,150211,150211,150211,150211,150211,150211,150211,150211
BENCH family=mp logn=6 pi=133 dir=1 calls=100 old=555811,555811,555811,555811,555811,555811,555811,555811,555811,555811 opt=152311,152311,152311,152311,152311,152311,152311,152311,152311,152311
BENCH family=mp logn=7 pi=133 dir=0 calls=100 old=1124411,1124411,1124411,1124411,1124411,1124411,1124411,1124411,1124412,1124411 opt=348511,348511,348511,348511,348511,348511,348511,348511,348511,348511
BENCH family=mp logn=7 pi=133 dir=1 calls=100 old=1283811,1283811,1283811,1283811,1283811,1283811,1283811,1283811,1283811,1283811 opt=341811,341811,341811,341811,341811,341811,341811,341811,341811,341811
BENCH family=mp logn=8 pi=133 dir=0 calls=100 old=2503111,2503111,2503111,2503111,2503111,2503111,2503111,2503111,2503111,2503111 opt=759411,759411,759411,759411,759411,759411,759411,759411,759411,759411
BENCH family=mp logn=8 pi=133 dir=1 calls=100 old=2866611,2866611,2866611,2866611,2866611,2866611,2866611,2866611,2866611,2866611 opt=735211,735211,735211,735211,735212,735211,735211,735211,735211,735211
BENCH family=mp logn=9 pi=133 dir=0 calls=100 old=5655911,5655911,5655911,5655911,5655911,5655911,5655911,5655912,5655911,5655911 opt=1709911,1709911,1709911,1709911,1709911,1709911,1709911,1709911,1709911,1709911
BENCH family=mp logn=9 pi=133 dir=1 calls=100 old=6458611,6458611,6458611,6458611,6458611,6458611,6458611,6458612,6458611,6458611 opt=1646711,1646711,1646711,1646711,1646711,1646711,1646711,1646711,1646711,1646711
BENCH family=mp logn=10 pi=133 dir=0 calls=100 old=12349811,12349811,12349811,12349812,12349811,12349811,12349811,12349811,12349812,12349811 opt=3696011,3696011,3696011,3696011,3696011,3696011,3696011,3696011,3696011,3696011
BENCH family=mp logn=10 pi=133 dir=1 calls=100 old=14134211,14134211,14134212,14134211,14134211,14134211,14134211,14134212,14134211,14134211 opt=3544111,3544111,3544111,3544111,3544111,3544111,3544111,3544111,3544111,3544111
BENCH family=mp logn=4 pi=134 dir=0 calls=100 old=89711,89711,89711,89711,89711,89711,89711,89711,89711,89711 opt=32411,32411,32411,32411,32411,32411,32411,32411,32411,32411
BENCH family=mp logn=4 pi=134 dir=1 calls=100 old=102611,102611,102611,102611,102611,102611,102611,102611,102611,102611 opt=35011,35011,35011,35011,35011,35011,35011,35011,35011,35011
BENCH family=mp logn=5 pi=134 dir=0 calls=100 old=212111,212111,212111,212111,212111,212111,212111,212111,212111,212111 opt=72611,72611,72611,72611,72611,72611,72611,72611,72611,72611
BENCH family=mp logn=5 pi=134 dir=1 calls=100 old=241811,241811,241811,241811,241811,241811,241811,241811,241811,241811 opt=74311,74311,74311,74311,74311,74311,74311,74311,74311,74311
BENCH family=mp logn=6 pi=134 dir=0 calls=100 old=485211,485211,485211,485211,485211,485211,485211,485211,485211,485211 opt=150211,150211,150211,150211,150211,150211,150211,150211,150211,150211
BENCH family=mp logn=6 pi=134 dir=1 calls=100 old=555811,555811,555811,555811,555811,555811,555811,555811,555811,555811 opt=152311,152311,152311,152311,152311,152311,152311,152311,152311,152311
BENCH family=mp logn=7 pi=134 dir=0 calls=100 old=1124411,1124411,1124411,1124411,1124411,1124411,1124411,1124411,1124411,1124411 opt=348511,348511,348511,348511,348511,348511,348511,348511,348511,348511
BENCH family=mp logn=7 pi=134 dir=1 calls=100 old=1283811,1283811,1283811,1283811,1283811,1283811,1283811,1283811,1283811,1283811 opt=341811,341811,341811,341811,341811,341811,341811,341811,341811,341811
BENCH family=mp logn=8 pi=134 dir=0 calls=100 old=2503111,2503111,2503111,2503111,2503111,2503111,2503111,2503111,2503112,2503111 opt=759411,759411,759411,759411,759411,759411,759411,759411,759411,759411
BENCH family=mp logn=8 pi=134 dir=1 calls=100 old=2866611,2866611,2866611,2866611,2866611,2866611,2866611,2866611,2866611,2866611 opt=735211,735211,735211,735211,735211,735211,735211,735211,735211,735211
BENCH family=mp logn=9 pi=134 dir=0 calls=100 old=5655911,5655911,5655911,5655911,5655912,5655911,5655911,5655911,5655911,5655911 opt=1709911,1709911,1709911,1709911,1709911,1709911,1709911,1709911,1709911,1709911
BENCH family=mp logn=9 pi=134 dir=1 calls=100 old=6458611,6458611,6458611,6458611,6458611,6458611,6458611,6458611,6458611,6458611 opt=1646711,1646711,1646711,1646711,1646711,1646711,1646711,1646711,1646711,1646711
BENCH family=mp logn=10 pi=134 dir=0 calls=100 old=12349811,12349812,12349811,12349811,12349811,12349811,12349812,12349811,12349811,12349811 opt=3696011,3696011,3696011,3696011,3696011,3696011,3696011,3696011,3696011,3696011
BENCH family=mp logn=10 pi=134 dir=1 calls=100 old=14134211,14134211,14134211,14134211,14134211,14134212,14134211,14134211,14134211,14134211 opt=3544111,3544112,3544111,3544111,3544111,3544111,3544111,3544111,3544111,3544111
BENCH family=mp logn=4 pi=135 dir=0 calls=100 old=89711,89711,89711,89711,89711,89711,89711,89711,89711,89712 opt=32411,32411,32411,32411,32411,32411,32411,32411,32411,32411
BENCH family=mp logn=4 pi=135 dir=1 calls=100 old=102611,102611,102611,102611,102611,102611,102611,102611,102611,102611 opt=35011,35011,35011,35011,35011,35011,35011,35011,35011,35011
BENCH family=mp logn=5 pi=135 dir=0 calls=100 old=212111,212111,212111,212111,212111,212111,212111,212111,212111,212111 opt=72611,72611,72611,72611,72611,72611,72611,72611,72611,72611
BENCH family=mp logn=5 pi=135 dir=1 calls=100 old=241811,241811,241811,241811,241811,241811,241811,241811,241811,241811 opt=74311,74311,74311,74311,74311,74311,74311,74311,74311,74311
BENCH family=mp logn=6 pi=135 dir=0 calls=100 old=485211,485211,485211,485211,485211,485211,485211,485211,485211,485211 opt=150211,150211,150211,150211,150211,150211,150211,150211,150211,150211
BENCH family=mp logn=6 pi=135 dir=1 calls=100 old=555811,555811,555811,555811,555811,555811,555811,555811,555811,555811 opt=152311,152311,152311,152311,152311,152311,152311,152311,152311,152311
BENCH family=mp logn=7 pi=135 dir=0 calls=100 old=1124411,1124411,1124411,1124411,1124411,1124411,1124411,1124411,1124411,1124411 opt=348511,348511,348511,348511,348511,348511,348511,348511,348511,348511
BENCH family=mp logn=7 pi=135 dir=1 calls=100 old=1283811,1283811,1283811,1283811,1283811,1283811,1283811,1283811,1283811,1283811 opt=341811,341811,341811,341811,341811,341811,341811,341811,341811,341811
BENCH family=mp logn=8 pi=135 dir=0 calls=100 old=2503112,2503111,2503111,2503111,2503111,2503111,2503111,2503111,2503111,2503111 opt=759411,759411,759411,759411,759411,759411,759411,759411,759411,759411
BENCH family=mp logn=8 pi=135 dir=1 calls=100 old=2866611,2866611,2866611,2866611,2866611,2866611,2866611,2866611,2866611,2866611 opt=735211,735211,735211,735211,735211,735211,735211,735211,735211,735211
BENCH family=mp logn=9 pi=135 dir=0 calls=100 old=5655912,5655911,5655911,5655911,5655911,5655911,5655911,5655911,5655911,5655911 opt=1709911,1709911,1709911,1709911,1709911,1709911,1709911,1709911,1709911,1709911
BENCH family=mp logn=9 pi=135 dir=1 calls=100 old=6458611,6458611,6458611,6458611,6458611,6458611,6458611,6458611,6458611,6458611 opt=1646712,1646711,1646711,1646711,1646711,1646711,1646711,1646711,1646711,1646711
BENCH family=mp logn=10 pi=135 dir=0 calls=100 old=12349812,12349811,12349811,12349811,12349811,12349811,12349811,12349811,12349811,12349812 opt=3696011,3696011,3696011,3696011,3696011,3696012,3696011,3696011,3696011,3696011
BENCH family=mp logn=10 pi=135 dir=1 calls=100 old=14134211,14134211,14134211,14134211,14134212,14134211,14134211,14134211,14134212,14134211 opt=3544111,3544111,3544111,3544111,3544111,3544111,3544111,3544111,3544111,3544111
BENCH family=mp logn=4 pi=136 dir=0 calls=100 old=89711,89711,89711,89711,89711,89711,89711,89711,89711,89711 opt=32411,32411,32411,32411,32411,32411,32411,32411,32411,32411
BENCH family=mp logn=4 pi=136 dir=1 calls=100 old=102611,102611,102611,102611,102611,102611,102611,102611,102611,102611 opt=35011,35011,35011,35011,35011,35011,35011,35011,35011,35011
BENCH family=mp logn=5 pi=136 dir=0 calls=100 old=212111,212111,212111,212111,212111,212111,212111,212111,212111,212111 opt=72611,72611,72611,72611,72611,72611,72611,72611,72611,72611
BENCH family=mp logn=5 pi=136 dir=1 calls=100 old=241811,241811,241811,241811,241811,241811,241811,241811,241811,241811 opt=74311,74311,74311,74311,74311,74311,74311,74311,74311,74311
BENCH family=mp logn=6 pi=136 dir=0 calls=100 old=485211,485211,485211,485211,485211,485211,485211,485211,485211,485211 opt=150211,150211,150211,150211,150211,150211,150211,150211,150211,150211
BENCH family=mp logn=6 pi=136 dir=1 calls=100 old=555811,555811,555811,555811,555811,555811,555811,555811,555811,555811 opt=152311,152311,152311,152311,152311,152311,152311,152311,152311,152311
BENCH family=mp logn=7 pi=136 dir=0 calls=100 old=1124411,1124411,1124411,1124411,1124411,1124411,1124411,1124411,1124411,1124411 opt=348511,348511,348511,348511,348511,348511,348511,348511,348512,348511
BENCH family=mp logn=7 pi=136 dir=1 calls=100 old=1283811,1283811,1283811,1283811,1283811,1283811,1283811,1283811,1283811,1283811 opt=341811,341811,341811,341811,341811,341811,341811,341811,341811,341811
BENCH family=mp logn=8 pi=136 dir=0 calls=100 old=2503111,2503111,2503111,2503111,2503111,2503111,2503111,2503111,2503111,2503111 opt=759411,759411,759411,759411,759411,759411,759411,759411,759411,759411
BENCH family=mp logn=8 pi=136 dir=1 calls=100 old=2866611,2866611,2866611,2866611,2866611,2866611,2866611,2866611,2866611,2866611 opt=735211,735211,735211,735211,735211,735212,735211,735211,735211,735211
BENCH family=mp logn=9 pi=136 dir=0 calls=100 old=5655911,5655911,5655911,5655911,5655911,5655911,5655911,5655911,5655911,5655911 opt=1709911,1709911,1709911,1709911,1709911,1709911,1709911,1709911,1709911,1709911
BENCH family=mp logn=9 pi=136 dir=1 calls=100 old=6458611,6458611,6458611,6458611,6458611,6458611,6458611,6458612,6458611,6458611 opt=1646711,1646711,1646711,1646711,1646711,1646711,1646711,1646711,1646711,1646711
BENCH family=mp logn=10 pi=136 dir=0 calls=100 old=12349811,12349811,12349811,12349812,12349811,12349811,12349811,12349811,12349812,12349811 opt=3696011,3696011,3696011,3696011,3696011,3696011,3696011,3696011,3696011,3696011
BENCH family=mp logn=10 pi=136 dir=1 calls=100 old=14134211,14134211,14134212,14134211,14134211,14134211,14134211,14134212,14134211,14134211 opt=3544111,3544111,3544111,3544111,3544111,3544111,3544111,3544111,3544111,3544111
BENCH family=mp logn=4 pi=137 dir=0 calls=100 old=89711,89711,89711,89711,89711,89711,89711,89711,89711,89711 opt=32411,32411,32411,32411,32411,32411,32411,32411,32411,32411
BENCH family=mp logn=4 pi=137 dir=1 calls=100 old=102611,102611,102611,102611,102611,102611,102611,102611,102611,102611 opt=35011,35011,35011,35011,35011,35011,35011,35011,35011,35011
BENCH family=mp logn=5 pi=137 dir=0 calls=100 old=212111,212111,212111,212111,212111,212111,212111,212111,212111,212111 opt=72611,72611,72611,72611,72611,72611,72611,72611,72611,72611
BENCH family=mp logn=5 pi=137 dir=1 calls=100 old=241811,241811,241811,241811,241811,241811,241811,241811,241811,241811 opt=74311,74311,74311,74311,74311,74311,74311,74311,74311,74311
BENCH family=mp logn=6 pi=137 dir=0 calls=100 old=485211,485211,485211,485211,485211,485211,485211,485211,485211,485211 opt=150211,150211,150211,150211,150211,150211,150211,150211,150211,150211
BENCH family=mp logn=6 pi=137 dir=1 calls=100 old=555811,555811,555811,555811,555811,555811,555811,555811,555811,555811 opt=152311,152311,152311,152311,152311,152311,152311,152311,152311,152311
BENCH family=mp logn=7 pi=137 dir=0 calls=100 old=1124411,1124411,1124411,1124411,1124411,1124411,1124411,1124411,1124411,1124411 opt=348511,348511,348511,348511,348511,348511,348511,348511,348511,348511
BENCH family=mp logn=7 pi=137 dir=1 calls=100 old=1283811,1283811,1283811,1283811,1283811,1283811,1283811,1283811,1283811,1283811 opt=341811,341811,341811,341811,341811,341811,341811,341811,341811,341811
BENCH family=mp logn=8 pi=137 dir=0 calls=100 old=2503111,2503111,2503111,2503111,2503111,2503111,2503111,2503111,2503111,2503111 opt=759411,759411,759411,759411,759411,759411,759411,759411,759412,759411
BENCH family=mp logn=8 pi=137 dir=1 calls=100 old=2866611,2866611,2866611,2866611,2866611,2866611,2866611,2866611,2866611,2866611 opt=735211,735211,735211,735211,735211,735211,735211,735211,735211,735211
BENCH family=mp logn=9 pi=137 dir=0 calls=100 old=5655911,5655911,5655911,5655911,5655912,5655911,5655911,5655911,5655911,5655911 opt=1709911,1709911,1709911,1709911,1709911,1709911,1709911,1709911,1709911,1709911
BENCH family=mp logn=9 pi=137 dir=1 calls=100 old=6458611,6458611,6458611,6458611,6458612,6458611,6458611,6458611,6458611,6458611 opt=1646711,1646711,1646711,1646711,1646711,1646711,1646711,1646711,1646711,1646711
BENCH family=mp logn=10 pi=137 dir=0 calls=100 old=12349811,12349812,12349811,12349811,12349811,12349811,12349811,12349811,12349811,12349811 opt=3696011,3696011,3696011,3696011,3696011,3696011,3696012,3696011,3696011,3696011
BENCH family=mp logn=10 pi=137 dir=1 calls=100 old=14134211,14134212,14134211,14134211,14134211,14134212,14134211,14134211,14134211,14134211 opt=3544111,3544111,3544111,3544111,3544111,3544111,3544111,3544111,3544111,3544111
BENCH family=mp logn=4 pi=138 dir=0 calls=100 old=89711,89711,89711,89711,89711,89711,89711,89711,89711,89711 opt=32411,32411,32411,32411,32411,32411,32411,32411,32411,32411
BENCH family=mp logn=4 pi=138 dir=1 calls=100 old=102611,102611,102611,102611,102611,102611,102611,102611,102611,102611 opt=35011,35011,35011,35011,35011,35011,35011,35011,35011,35011
BENCH family=mp logn=5 pi=138 dir=0 calls=100 old=212111,212111,212111,212111,212111,212111,212111,212111,212111,212111 opt=72611,72611,72611,72611,72611,72611,72611,72611,72611,72611
BENCH family=mp logn=5 pi=138 dir=1 calls=100 old=241811,241811,241811,241811,241811,241811,241811,241811,241811,241811 opt=74311,74311,74311,74311,74311,74311,74311,74311,74311,74311
BENCH family=mp logn=6 pi=138 dir=0 calls=100 old=485211,485211,485211,485211,485211,485211,485211,485211,485211,485211 opt=150211,150211,150211,150211,150211,150211,150211,150211,150211,150211
BENCH family=mp logn=6 pi=138 dir=1 calls=100 old=555811,555811,555811,555811,555811,555811,555811,555811,555811,555811 opt=152311,152311,152311,152311,152311,152311,152311,152311,152311,152311
BENCH family=mp logn=7 pi=138 dir=0 calls=100 old=1124411,1124411,1124411,1124411,1124411,1124411,1124411,1124411,1124411,1124411 opt=348511,348511,348511,348511,348511,348511,348511,348511,348511,348511
BENCH family=mp logn=7 pi=138 dir=1 calls=100 old=1283811,1283811,1283811,1283811,1283811,1283811,1283811,1283811,1283811,1283811 opt=341811,341811,341811,341811,341811,341811,341811,341811,341811,341811
BENCH family=mp logn=8 pi=138 dir=0 calls=100 old=2503111,2503111,2503111,2503111,2503111,2503111,2503111,2503111,2503111,2503111 opt=759411,759412,759411,759411,759411,759411,759411,759411,759411,759411
BENCH family=mp logn=8 pi=138 dir=1 calls=100 old=2866611,2866611,2866611,2866611,2866611,2866611,2866611,2866611,2866611,2866611 opt=735211,735211,735211,735211,735211,735211,735211,735211,735211,735211
BENCH family=mp logn=9 pi=138 dir=0 calls=100 old=5655911,5655911,5655911,5655911,5655911,5655911,5655911,5655911,5655911,5655911 opt=1709911,1709912,1709911,1709911,1709911,1709911,1709911,1709911,1709911,1709911
BENCH family=mp logn=9 pi=138 dir=1 calls=100 old=6458611,6458612,6458611,6458611,6458611,6458611,6458611,6458611,6458611,6458611 opt=1646711,1646711,1646711,1646711,1646711,1646711,1646711,1646711,1646711,1646711
BENCH family=mp logn=10 pi=138 dir=0 calls=100 old=12349812,12349811,12349811,12349811,12349811,12349811,12349811,12349811,12349811,12349811 opt=3696011,3696011,3696011,3696011,3696011,3696012,3696011,3696011,3696011,3696011
BENCH family=mp logn=10 pi=138 dir=1 calls=100 old=14134211,14134211,14134211,14134211,14134212,14134211,14134211,14134211,14134211,14134211 opt=3544111,3544111,3544111,3544111,3544111,3544111,3544111,3544111,3544112,3544111
BENCH family=mp logn=4 pi=139 dir=0 calls=100 old=89711,89711,89711,89711,89711,89711,89711,89711,89711,89711 opt=32411,32411,32411,32411,32411,32411,32411,32411,32411,32411
BENCH family=mp logn=4 pi=139 dir=1 calls=100 old=102611,102611,102611,102611,102611,102611,102611,102611,102611,102611 opt=35011,35011,35011,35011,35011,35011,35011,35011,35011,35011
BENCH family=mp logn=5 pi=139 dir=0 calls=100 old=212111,212111,212111,212111,212111,212111,212111,212111,212111,212111 opt=72611,72611,72611,72611,72611,72611,72611,72611,72611,72611
BENCH family=mp logn=5 pi=139 dir=1 calls=100 old=241811,241811,241811,241811,241811,241811,241811,241811,241811,241811 opt=74311,74311,74311,74311,74311,74311,74311,74311,74311,74311
BENCH family=mp logn=6 pi=139 dir=0 calls=100 old=485211,485211,485211,485211,485211,485211,485211,485211,485211,485211 opt=150211,150211,150211,150211,150211,150211,150211,150211,150211,150211
BENCH family=mp logn=6 pi=139 dir=1 calls=100 old=555811,555811,555811,555811,555811,555811,555811,555811,555811,555811 opt=152311,152311,152311,152311,152311,152311,152311,152311,152311,152311
BENCH family=mp logn=7 pi=139 dir=0 calls=100 old=1124411,1124411,1124411,1124411,1124411,1124411,1124411,1124411,1124411,1124411 opt=348511,348511,348511,348511,348511,348511,348511,348511,348511,348511
BENCH family=mp logn=7 pi=139 dir=1 calls=100 old=1283811,1283811,1283811,1283811,1283811,1283811,1283811,1283811,1283811,1283811 opt=341811,341811,341811,341811,341811,341811,341811,341811,341811,341811
BENCH family=mp logn=8 pi=139 dir=0 calls=100 old=2503111,2503111,2503111,2503111,2503111,2503111,2503111,2503111,2503111,2503111 opt=759411,759411,759411,759411,759411,759411,759411,759411,759411,759411
BENCH family=mp logn=8 pi=139 dir=1 calls=100 old=2866611,2866611,2866611,2866611,2866611,2866611,2866612,2866611,2866611,2866611 opt=735211,735211,735211,735211,735211,735211,735211,735211,735211,735211
BENCH family=mp logn=9 pi=139 dir=0 calls=100 old=5655911,5655911,5655911,5655911,5655911,5655911,5655911,5655911,5655912,5655911 opt=1709911,1709911,1709911,1709911,1709911,1709911,1709911,1709911,1709911,1709911
BENCH family=mp logn=9 pi=139 dir=1 calls=100 old=6458611,6458611,6458611,6458611,6458611,6458611,6458611,6458612,6458611,6458611 opt=1646711,1646711,1646711,1646711,1646711,1646711,1646711,1646711,1646711,1646711
BENCH family=mp logn=10 pi=139 dir=0 calls=100 old=12349811,12349811,12349811,12349812,12349811,12349811,12349811,12349811,12349812,12349811 opt=3696011,3696011,3696011,3696011,3696011,3696011,3696011,3696011,3696011,3696011
BENCH family=mp logn=10 pi=139 dir=1 calls=100 old=14134211,14134211,14134211,14134211,14134211,14134211,14134211,14134212,14134211,14134211 opt=3544111,3544111,3544112,3544111,3544111,3544111,3544111,3544111,3544111,3544111
BENCH family=mp logn=4 pi=140 dir=0 calls=100 old=89711,89711,89711,89711,89711,89711,89711,89711,89711,89711 opt=32411,32411,32411,32411,32411,32411,32411,32411,32411,32411
BENCH family=mp logn=4 pi=140 dir=1 calls=100 old=102611,102611,102611,102611,102611,102611,102611,102611,102611,102611 opt=35011,35011,35011,35011,35011,35011,35011,35011,35011,35011
BENCH family=mp logn=5 pi=140 dir=0 calls=100 old=212111,212111,212111,212111,212111,212111,212111,212111,212111,212111 opt=72611,72611,72611,72611,72611,72611,72611,72611,72611,72611
BENCH family=mp logn=5 pi=140 dir=1 calls=100 old=241811,241811,241811,241811,241811,241811,241811,241811,241811,241811 opt=74311,74311,74311,74311,74311,74311,74311,74311,74311,74311
BENCH family=mp logn=6 pi=140 dir=0 calls=100 old=485211,485211,485211,485211,485211,485211,485211,485211,485211,485211 opt=150211,150211,150211,150211,150211,150211,150211,150211,150211,150211
BENCH family=mp logn=6 pi=140 dir=1 calls=100 old=555812,555811,555811,555811,555811,555811,555811,555811,555811,555811 opt=152311,152311,152311,152311,152311,152311,152311,152311,152311,152311
BENCH family=mp logn=7 pi=140 dir=0 calls=100 old=1124411,1124411,1124411,1124411,1124411,1124411,1124411,1124411,1124411,1124411 opt=348511,348511,348511,348511,348511,348511,348511,348511,348511,348511
BENCH family=mp logn=7 pi=140 dir=1 calls=100 old=1283811,1283811,1283811,1283811,1283811,1283811,1283811,1283811,1283811,1283811 opt=341811,341811,341811,341811,341811,341811,341811,341811,341811,341811
BENCH family=mp logn=8 pi=140 dir=0 calls=100 old=2503111,2503111,2503111,2503111,2503111,2503111,2503111,2503111,2503111,2503112 opt=759411,759411,759411,759411,759411,759411,759411,759411,759411,759411
BENCH family=mp logn=8 pi=140 dir=1 calls=100 old=2866611,2866611,2866611,2866611,2866611,2866611,2866611,2866611,2866611,2866611 opt=735211,735211,735211,735211,735211,735211,735211,735211,735211,735211
BENCH family=mp logn=9 pi=140 dir=0 calls=100 old=5655911,5655911,5655911,5655911,5655912,5655911,5655911,5655911,5655911,5655911 opt=1709911,1709911,1709911,1709911,1709911,1709911,1709911,1709911,1709911,1709911
BENCH family=mp logn=9 pi=140 dir=1 calls=100 old=6458611,6458611,6458611,6458611,6458612,6458611,6458611,6458611,6458611,6458611 opt=1646711,1646711,1646711,1646711,1646711,1646711,1646711,1646711,1646711,1646711
BENCH family=mp logn=10 pi=140 dir=0 calls=100 old=12349811,12349812,12349811,12349811,12349811,12349811,12349811,12349811,12349811,12349811 opt=3696011,3696011,3696011,3696011,3696011,3696011,3696012,3696011,3696011,3696011
BENCH family=mp logn=10 pi=140 dir=1 calls=100 old=14134211,14134212,14134211,14134211,14134211,14134212,14134211,14134211,14134211,14134211 opt=3544111,3544111,3544111,3544111,3544111,3544111,3544111,3544111,3544111,3544111
PROGRESS timing_prime=140
BENCH family=mp logn=4 pi=141 dir=0 calls=100 old=89711,89711,89711,89711,89711,89711,89711,89711,89711,89711 opt=32411,32411,32411,32411,32411,32411,32411,32411,32411,32411
BENCH family=mp logn=4 pi=141 dir=1 calls=100 old=102611,102611,102612,102611,102611,102611,102611,102611,102611,102611 opt=35011,35011,35011,35011,35011,35011,35011,35011,35011,35011
BENCH family=mp logn=5 pi=141 dir=0 calls=100 old=212111,212111,212111,212111,212111,212111,212111,212111,212111,212111 opt=72611,72611,72611,72611,72611,72611,72611,72611,72611,72611
BENCH family=mp logn=5 pi=141 dir=1 calls=100 old=241811,241811,241811,241811,241811,241811,241811,241811,241811,241811 opt=74311,74311,74311,74311,74311,74311,74311,74311,74311,74311
BENCH family=mp logn=6 pi=141 dir=0 calls=100 old=485211,485211,485211,485211,485211,485211,485211,485211,485211,485211 opt=150211,150211,150211,150211,150211,150211,150211,150211,150211,150211
BENCH family=mp logn=6 pi=141 dir=1 calls=100 old=555811,555811,555811,555811,555811,555811,555811,555811,555811,555811 opt=152311,152311,152311,152311,152311,152311,152311,152311,152311,152311
BENCH family=mp logn=7 pi=141 dir=0 calls=100 old=1124411,1124411,1124411,1124411,1124411,1124411,1124411,1124411,1124411,1124411 opt=348511,348511,348511,348511,348511,348511,348511,348511,348511,348511
BENCH family=mp logn=7 pi=141 dir=1 calls=100 old=1283811,1283811,1283811,1283811,1283811,1283811,1283811,1283811,1283811,1283811 opt=341811,341811,341811,341811,341811,341811,341811,341811,341811,341811
BENCH family=mp logn=8 pi=141 dir=0 calls=100 old=2503111,2503112,2503111,2503111,2503111,2503111,2503111,2503111,2503111,2503111 opt=759411,759411,759411,759411,759411,759411,759411,759411,759411,759411
BENCH family=mp logn=8 pi=141 dir=1 calls=100 old=2866611,2866611,2866611,2866611,2866611,2866611,2866611,2866611,2866611,2866611 opt=735211,735211,735211,735211,735211,735211,735211,735211,735211,735211
BENCH family=mp logn=9 pi=141 dir=0 calls=100 old=5655911,5655911,5655911,5655911,5655911,5655911,5655911,5655911,5655911,5655911 opt=1709911,1709912,1709911,1709911,1709911,1709911,1709911,1709911,1709911,1709911
BENCH family=mp logn=9 pi=141 dir=1 calls=100 old=6458611,6458612,6458611,6458611,6458611,6458611,6458611,6458611,6458611,6458611 opt=1646711,1646711,1646711,1646711,1646711,1646711,1646711,1646711,1646711,1646711
BENCH family=mp logn=10 pi=141 dir=0 calls=100 old=12349812,12349811,12349811,12349811,12349811,12349812,12349811,12349811,12349811,12349811 opt=3696011,3696011,3696011,3696011,3696011,3696011,3696011,3696011,3696011,3696011
BENCH family=mp logn=10 pi=141 dir=1 calls=100 old=14134212,14134211,14134211,14134211,14134212,14134211,14134211,14134211,14134211,14134211 opt=3544111,3544111,3544111,3544111,3544111,3544111,3544111,3544111,3544111,3544112
BENCH family=mp logn=4 pi=142 dir=0 calls=100 old=89711,89711,89711,89711,89711,89711,89711,89711,89711,89711 opt=32411,32411,32411,32411,32411,32411,32411,32411,32411,32411
BENCH family=mp logn=4 pi=142 dir=1 calls=100 old=102611,102611,102611,102611,102611,102611,102611,102611,102611,102611 opt=35011,35011,35011,35011,35011,35011,35011,35011,35011,35011
BENCH family=mp logn=5 pi=142 dir=0 calls=100 old=212111,212111,212111,212111,212111,212111,212111,212111,212111,212111 opt=72611,72611,72611,72611,72611,72611,72611,72611,72611,72611
BENCH family=mp logn=5 pi=142 dir=1 calls=100 old=241811,241811,241811,241811,241811,241811,241811,241811,241811,241811 opt=74311,74311,74311,74311,74311,74311,74311,74311,74311,74311
BENCH family=mp logn=6 pi=142 dir=0 calls=100 old=485211,485211,485211,485211,485211,485211,485211,485211,485211,485211 opt=150211,150211,150211,150211,150211,150211,150211,150211,150211,150211
BENCH family=mp logn=6 pi=142 dir=1 calls=100 old=555811,555811,555811,555811,555811,555811,555811,555811,555811,555811 opt=152311,152311,152311,152311,152311,152311,152311,152311,152311,152311
BENCH family=mp logn=7 pi=142 dir=0 calls=100 old=1124411,1124411,1124411,1124411,1124411,1124411,1124411,1124411,1124411,1124411 opt=348511,348511,348511,348511,348511,348511,348511,348511,348511,348511
BENCH family=mp logn=7 pi=142 dir=1 calls=100 old=1283812,1283811,1283811,1283811,1283811,1283811,1283811,1283811,1283811,1283811 opt=341811,341811,341811,341811,341811,341811,341811,341811,341811,341811
BENCH family=mp logn=8 pi=142 dir=0 calls=100 old=2503111,2503111,2503111,2503111,2503111,2503111,2503111,2503111,2503111,2503111 opt=759411,759411,759411,759411,759411,759411,759411,759411,759411,759411
BENCH family=mp logn=8 pi=142 dir=1 calls=100 old=2866611,2866611,2866611,2866611,2866611,2866611,2866612,2866611,2866611,2866611 opt=735211,735211,735211,735211,735211,735211,735211,735211,735211,735211
BENCH family=mp logn=9 pi=142 dir=0 calls=100 old=5655911,5655911,5655911,5655911,5655911,5655911,5655911,5655911,5655912,5655911 opt=1709911,1709911,1709911,1709911,1709911,1709911,1709911,1709911,1709911,1709911
BENCH family=mp logn=9 pi=142 dir=1 calls=100 old=6458611,6458611,6458611,6458611,6458611,6458611,6458611,6458611,6458612,6458611 opt=1646711,1646711,1646711,1646711,1646711,1646711,1646711,1646711,1646711,1646711
BENCH family=mp logn=10 pi=142 dir=0 calls=100 old=12349811,12349811,12349811,12349812,12349811,12349811,12349811,12349811,12349812,12349811 opt=3696011,3696011,3696011,3696011,3696011,3696011,3696011,3696011,3696011,3696011
BENCH family=mp logn=10 pi=142 dir=1 calls=100 old=14134211,14134211,14134211,14134211,14134211,14134211,14134211,14134212,14134211,14134211 opt=3544111,3544111,3544111,3544112,3544111,3544111,3544111,3544111,3544111,3544111
BENCH family=mp logn=4 pi=143 dir=0 calls=100 old=89711,89711,89711,89711,89711,89711,89711,89711,89711,89711 opt=32411,32411,32411,32411,32411,32411,32411,32411,32411,32411
BENCH family=mp logn=4 pi=143 dir=1 calls=100 old=102611,102611,102611,102611,102611,102611,102611,102611,102611,102611 opt=35011,35011,35011,35011,35011,35011,35011,35011,35011,35011
BENCH family=mp logn=5 pi=143 dir=0 calls=100 old=212111,212111,212111,212111,212111,212111,212111,212111,212111,212111 opt=72611,72611,72611,72611,72611,72611,72611,72611,72611,72611
BENCH family=mp logn=5 pi=143 dir=1 calls=100 old=241811,241811,241811,241811,241811,241811,241811,241811,241811,241811 opt=74311,74311,74311,74311,74311,74311,74311,74311,74311,74311
BENCH family=mp logn=6 pi=143 dir=0 calls=100 old=485211,485211,485211,485211,485211,485211,485211,485211,485211,485211 opt=150211,150211,150211,150211,150211,150211,150211,150211,150211,150211
BENCH family=mp logn=6 pi=143 dir=1 calls=100 old=555811,555811,555811,555811,555811,555811,555812,555811,555811,555811 opt=152311,152311,152311,152311,152311,152311,152311,152311,152311,152311
BENCH family=mp logn=7 pi=143 dir=0 calls=100 old=1124411,1124411,1124411,1124411,1124411,1124411,1124411,1124411,1124411,1124411 opt=348511,348511,348511,348511,348511,348511,348511,348511,348511,348511
BENCH family=mp logn=7 pi=143 dir=1 calls=100 old=1283811,1283811,1283811,1283811,1283811,1283811,1283811,1283811,1283811,1283811 opt=341811,341811,341811,341811,341811,341811,341811,341811,341811,341811
BENCH family=mp logn=8 pi=143 dir=0 calls=100 old=2503111,2503111,2503111,2503111,2503111,2503111,2503111,2503111,2503111,2503111 opt=759411,759411,759411,759411,759411,759411,759411,759411,759411,759411
BENCH family=mp logn=8 pi=143 dir=1 calls=100 old=2866611,2866611,2866611,2866611,2866611,2866611,2866611,2866611,2866611,2866611 opt=735211,735211,735211,735211,735211,735211,735211,735211,735211,735211
BENCH family=mp logn=9 pi=143 dir=0 calls=100 old=5655911,5655911,5655911,5655911,5655911,5655911,5655911,5655911,5655911,5655911 opt=1709911,1709911,1709911,1709911,1709911,1709911,1709911,1709911,1709911,1709911
BENCH family=mp logn=9 pi=143 dir=1 calls=100 old=6458611,6458611,6458611,6458611,6458611,6458611,6458611,6458611,6458611,6458611 opt=1646711,1646711,1646711,1646711,1646712,1646711,1646711,1646711,1646711,1646711
BENCH family=mp logn=10 pi=143 dir=0 calls=100 old=12349811,12349811,12349812,12349811,12349811,12349811,12349811,12349811,12349811,12349811 opt=3696011,3696011,3696011,3696011,3696011,3696011,3696011,3696012,3696011,3696011
BENCH family=mp logn=10 pi=143 dir=1 calls=100 old=14134211,14134212,14134211,14134211,14134211,14134211,14134212,14134211,14134211,14134211 opt=3544111,3544111,3544111,3544111,3544111,3544111,3544111,3544111,3544111,3544111
BENCH family=mp logn=4 pi=144 dir=0 calls=100 old=89711,89711,89711,89711,89711,89711,89711,89711,89711,89711 opt=32411,32411,32411,32411,32411,32411,32411,32411,32411,32411
BENCH family=mp logn=4 pi=144 dir=1 calls=100 old=102611,102611,102611,102611,102611,102611,102611,102611,102611,102611 opt=35011,35011,35011,35011,35011,35011,35011,35011,35011,35011
BENCH family=mp logn=5 pi=144 dir=0 calls=100 old=212111,212111,212111,212111,212111,212111,212111,212111,212111,212111 opt=72611,72611,72611,72611,72611,72611,72611,72611,72611,72611
BENCH family=mp logn=5 pi=144 dir=1 calls=100 old=241811,241811,241811,241811,241811,241811,241811,241811,241811,241811 opt=74311,74311,74311,74311,74311,74311,74311,74311,74311,74311
BENCH family=mp logn=6 pi=144 dir=0 calls=100 old=485211,485211,485211,485211,485211,485211,485211,485211,485211,485211 opt=150211,150211,150211,150211,150211,150211,150211,150211,150211,150211
BENCH family=mp logn=6 pi=144 dir=1 calls=100 old=555811,555811,555811,555811,555811,555811,555811,555811,555811,555811 opt=152311,152311,152311,152311,152311,152311,152311,152311,152311,152311
BENCH family=mp logn=7 pi=144 dir=0 calls=100 old=1124411,1124411,1124411,1124411,1124411,1124411,1124411,1124411,1124411,1124411 opt=348511,348511,348511,348511,348511,348511,348511,348511,348511,348511
BENCH family=mp logn=7 pi=144 dir=1 calls=100 old=1283811,1283811,1283811,1283811,1283811,1283811,1283811,1283811,1283811,1283811 opt=341811,341811,341811,341811,341811,341811,341811,341811,341811,341811
BENCH family=mp logn=8 pi=144 dir=0 calls=100 old=2503111,2503111,2503111,2503111,2503111,2503111,2503111,2503111,2503111,2503111 opt=759411,759411,759412,759411,759411,759411,759411,759411,759411,759411
BENCH family=mp logn=8 pi=144 dir=1 calls=100 old=2866611,2866611,2866611,2866611,2866611,2866611,2866611,2866611,2866611,2866611 opt=735211,735211,735211,735211,735211,735211,735211,735211,735211,735211
BENCH family=mp logn=9 pi=144 dir=0 calls=100 old=5655911,5655912,5655911,5655911,5655911,5655911,5655911,5655911,5655911,5655911 opt=1709911,1709911,1709911,1709911,1709911,1709911,1709911,1709911,1709911,1709911
BENCH family=mp logn=9 pi=144 dir=1 calls=100 old=6458611,6458612,6458611,6458611,6458611,6458611,6458611,6458611,6458611,6458611 opt=1646711,1646711,1646711,1646711,1646711,1646711,1646711,1646711,1646711,1646711
BENCH family=mp logn=10 pi=144 dir=0 calls=100 old=12349812,12349811,12349811,12349811,12349811,12349812,12349811,12349811,12349811,12349811 opt=3696011,3696011,3696011,3696011,3696011,3696011,3696011,3696011,3696011,3696011
BENCH family=mp logn=10 pi=144 dir=1 calls=100 old=14134212,14134211,14134211,14134211,14134212,14134211,14134211,14134211,14134211,14134211 opt=3544111,3544111,3544111,3544111,3544111,3544111,3544111,3544111,3544111,3544112
BENCH family=mp logn=4 pi=145 dir=0 calls=100 old=89711,89711,89711,89711,89711,89711,89711,89711,89711,89711 opt=32411,32411,32411,32411,32411,32411,32411,32411,32411,32411
BENCH family=mp logn=4 pi=145 dir=1 calls=100 old=102611,102611,102611,102611,102611,102611,102611,102611,102611,102611 opt=35011,35011,35011,35011,35011,35011,35011,35011,35011,35011
BENCH family=mp logn=5 pi=145 dir=0 calls=100 old=212111,212111,212111,212111,212111,212111,212111,212111,212111,212111 opt=72611,72611,72611,72611,72611,72611,72611,72611,72611,72611
BENCH family=mp logn=5 pi=145 dir=1 calls=100 old=241811,241811,241811,241811,241811,241811,241811,241811,241811,241811 opt=74311,74311,74311,74311,74311,74311,74311,74311,74311,74311
BENCH family=mp logn=6 pi=145 dir=0 calls=100 old=485211,485211,485211,485211,485211,485211,485211,485211,485211,485211 opt=150211,150211,150211,150211,150211,150211,150211,150211,150211,150211
BENCH family=mp logn=6 pi=145 dir=1 calls=100 old=555811,555811,555811,555811,555811,555811,555811,555811,555811,555811 opt=152311,152311,152311,152311,152311,152311,152311,152311,152311,152311
BENCH family=mp logn=7 pi=145 dir=0 calls=100 old=1124411,1124411,1124411,1124411,1124411,1124411,1124411,1124411,1124411,1124411 opt=348511,348511,348511,348511,348511,348511,348511,348511,348511,348511
BENCH family=mp logn=7 pi=145 dir=1 calls=100 old=1283811,1283811,1283811,1283811,1283811,1283811,1283811,1283811,1283811,1283811 opt=341811,341811,341811,341811,341811,341811,341811,341811,341811,341811
BENCH family=mp logn=8 pi=145 dir=0 calls=100 old=2503111,2503111,2503111,2503111,2503111,2503111,2503111,2503111,2503111,2503111 opt=759411,759411,759411,759411,759411,759411,759411,759411,759411,759411
BENCH family=mp logn=8 pi=145 dir=1 calls=100 old=2866611,2866611,2866611,2866611,2866611,2866611,2866611,2866611,2866611,2866611 opt=735211,735211,735211,735211,735211,735211,735211,735212,735211,735211
BENCH family=mp logn=9 pi=145 dir=0 calls=100 old=5655911,5655911,5655911,5655911,5655911,5655911,5655911,5655911,5655911,5655911 opt=1709911,1709911,1709911,1709911,1709911,1709911,1709911,1709911,1709912,1709911
BENCH family=mp logn=9 pi=145 dir=1 calls=100 old=6458611,6458611,6458611,6458611,6458611,6458611,6458611,6458611,6458612,6458611 opt=1646711,1646711,1646711,1646711,1646711,1646711,1646711,1646711,1646711,1646711
BENCH family=mp logn=10 pi=145 dir=0 calls=100 old=12349811,12349811,12349811,12349812,12349811,12349811,12349811,12349811,12349811,12349811 opt=3696011,3696011,3696011,3696011,3696011,3696011,3696011,3696011,3696012,3696011
BENCH family=mp logn=10 pi=145 dir=1 calls=100 old=14134211,14134211,14134211,14134211,14134211,14134211,14134211,14134212,14134211,14134211 opt=3544111,3544111,3544111,3544112,3544111,3544111,3544111,3544111,3544111,3544111
BENCH family=mp logn=4 pi=146 dir=0 calls=100 old=89711,89711,89711,89711,89711,89711,89711,89711,89711,89711 opt=32411,32411,32411,32411,32411,32411,32411,32411,32411,32411
BENCH family=mp logn=4 pi=146 dir=1 calls=100 old=102611,102611,102611,102611,102611,102611,102611,102611,102611,102611 opt=35011,35011,35011,35011,35011,35011,35011,35011,35011,35011
BENCH family=mp logn=5 pi=146 dir=0 calls=100 old=212111,212111,212111,212111,212111,212111,212111,212111,212111,212111 opt=72611,72611,72611,72611,72611,72611,72611,72611,72611,72611
BENCH family=mp logn=5 pi=146 dir=1 calls=100 old=241811,241811,241811,241811,241811,241811,241811,241811,241811,241811 opt=74311,74311,74311,74311,74311,74311,74311,74311,74311,74311
BENCH family=mp logn=6 pi=146 dir=0 calls=100 old=485211,485211,485211,485211,485211,485211,485211,485211,485211,485211 opt=150211,150211,150211,150211,150211,150211,150211,150211,150211,150211
BENCH family=mp logn=6 pi=146 dir=1 calls=100 old=555811,555811,555811,555811,555811,555811,555812,555811,555811,555811 opt=152311,152311,152311,152311,152311,152311,152311,152311,152311,152311
BENCH family=mp logn=7 pi=146 dir=0 calls=100 old=1124411,1124411,1124411,1124411,1124411,1124411,1124411,1124411,1124411,1124411 opt=348511,348511,348511,348511,348511,348511,348511,348511,348511,348511
BENCH family=mp logn=7 pi=146 dir=1 calls=100 old=1283811,1283811,1283811,1283811,1283811,1283811,1283811,1283811,1283811,1283811 opt=341811,341811,341811,341811,341811,341811,341811,341811,341811,341811
BENCH family=mp logn=8 pi=146 dir=0 calls=100 old=2503111,2503111,2503111,2503111,2503111,2503111,2503111,2503111,2503111,2503111 opt=759411,759411,759411,759411,759411,759411,759411,759411,759411,759411
BENCH family=mp logn=8 pi=146 dir=1 calls=100 old=2866611,2866611,2866611,2866611,2866611,2866611,2866611,2866611,2866611,2866611 opt=735211,735211,735211,735211,735211,735211,735211,735211,735211,735211
BENCH family=mp logn=9 pi=146 dir=0 calls=100 old=5655911,5655911,5655911,5655911,5655911,5655912,5655911,5655911,5655911,5655911 opt=1709911,1709911,1709911,1709911,1709911,1709911,1709911,1709911,1709911,1709911
BENCH family=mp logn=9 pi=146 dir=1 calls=100 old=6458611,6458611,6458611,6458611,6458611,6458611,6458611,6458611,6458611,6458611 opt=1646711,1646711,1646711,1646711,1646711,1646712,1646711,1646711,1646711,1646711
BENCH family=mp logn=10 pi=146 dir=0 calls=100 old=12349811,12349811,12349812,12349811,12349811,12349811,12349811,12349812,12349811,12349811 opt=3696011,3696011,3696011,3696011,3696011,3696011,3696011,3696011,3696011,3696011
BENCH family=mp logn=10 pi=146 dir=1 calls=100 old=14134211,14134212,14134211,14134211,14134211,14134211,14134212,14134211,14134211,14134211 opt=3544111,3544111,3544111,3544111,3544111,3544111,3544111,3544111,3544111,3544111
BENCH family=mp logn=4 pi=147 dir=0 calls=100 old=89711,89711,89711,89711,89711,89711,89711,89711,89711,89711 opt=32411,32411,32411,32411,32411,32411,32411,32411,32411,32411
BENCH family=mp logn=4 pi=147 dir=1 calls=100 old=102611,102611,102611,102611,102611,102611,102611,102611,102611,102611 opt=35011,35011,35011,35011,35011,35011,35011,35011,35011,35011
BENCH family=mp logn=5 pi=147 dir=0 calls=100 old=212111,212111,212111,212111,212111,212111,212112,212111,212111,212111 opt=72611,72611,72611,72611,72611,72611,72611,72611,72611,72611
BENCH family=mp logn=5 pi=147 dir=1 calls=100 old=241811,241811,241811,241811,241811,241811,241811,241811,241811,241811 opt=74311,74311,74311,74311,74311,74311,74311,74311,74311,74311
BENCH family=mp logn=6 pi=147 dir=0 calls=100 old=485211,485211,485211,485211,485211,485211,485211,485211,485211,485211 opt=150211,150211,150211,150211,150211,150211,150211,150211,150211,150211
BENCH family=mp logn=6 pi=147 dir=1 calls=100 old=555811,555811,555811,555811,555811,555811,555811,555811,555811,555811 opt=152311,152311,152311,152311,152311,152311,152311,152311,152311,152311
BENCH family=mp logn=7 pi=147 dir=0 calls=100 old=1124411,1124411,1124411,1124411,1124411,1124411,1124411,1124411,1124411,1124411 opt=348511,348511,348511,348511,348511,348511,348511,348511,348511,348511
BENCH family=mp logn=7 pi=147 dir=1 calls=100 old=1283811,1283811,1283811,1283811,1283811,1283811,1283811,1283811,1283811,1283811 opt=341811,341811,341811,341811,341811,341811,341811,341811,341811,341811
BENCH family=mp logn=8 pi=147 dir=0 calls=100 old=2503111,2503111,2503111,2503111,2503111,2503111,2503111,2503111,2503111,2503111 opt=759411,759411,759411,759412,759411,759411,759411,759411,759411,759411
BENCH family=mp logn=8 pi=147 dir=1 calls=100 old=2866611,2866611,2866611,2866611,2866611,2866611,2866611,2866611,2866611,2866611 opt=735211,735211,735211,735211,735211,735211,735211,735211,735211,735211
BENCH family=mp logn=9 pi=147 dir=0 calls=100 old=5655911,5655912,5655911,5655911,5655911,5655911,5655911,5655911,5655911,5655911 opt=1709911,1709911,1709911,1709911,1709911,1709911,1709911,1709911,1709911,1709911
BENCH family=mp logn=9 pi=147 dir=1 calls=100 old=6458611,6458611,6458612,6458611,6458611,6458611,6458611,6458611,6458611,6458611 opt=1646711,1646711,1646711,1646711,1646711,1646711,1646711,1646711,1646711,1646711
BENCH family=mp logn=10 pi=147 dir=0 calls=100 old=12349812,12349811,12349811,12349811,12349811,12349812,12349811,12349811,12349811,12349811 opt=3696011,3696011,3696011,3696011,3696011,3696011,3696011,3696011,3696011,3696011
BENCH family=mp logn=10 pi=147 dir=1 calls=100 old=14134212,14134211,14134211,14134211,14134211,14134211,14134211,14134211,14134211,14134212 opt=3544111,3544111,3544111,3544111,3544112,3544111,3544111,3544111,3544111,3544111
BENCH family=mp logn=4 pi=148 dir=0 calls=100 old=89711,89711,89711,89711,89711,89711,89711,89711,89711,89711 opt=32411,32411,32411,32411,32411,32411,32411,32411,32411,32411
BENCH family=mp logn=4 pi=148 dir=1 calls=100 old=102611,102611,102611,102611,102611,102611,102611,102611,102611,102611 opt=35011,35011,35011,35011,35011,35011,35011,35011,35011,35011
BENCH family=mp logn=5 pi=148 dir=0 calls=100 old=212111,212111,212111,212111,212111,212111,212111,212111,212111,212111 opt=72611,72611,72611,72611,72611,72611,72611,72611,72611,72611
BENCH family=mp logn=5 pi=148 dir=1 calls=100 old=241811,241811,241811,241811,241811,241811,241811,241811,241811,241811 opt=74311,74311,74311,74311,74311,74311,74311,74311,74311,74311
BENCH family=mp logn=6 pi=148 dir=0 calls=100 old=485211,485211,485211,485211,485211,485211,485211,485211,485211,485211 opt=150211,150211,150211,150211,150211,150211,150211,150211,150211,150211
BENCH family=mp logn=6 pi=148 dir=1 calls=100 old=555811,555811,555811,555811,555811,555811,555811,555811,555811,555811 opt=152311,152311,152311,152311,152311,152311,152311,152311,152311,152311
BENCH family=mp logn=7 pi=148 dir=0 calls=100 old=1124411,1124411,1124411,1124411,1124411,1124411,1124411,1124411,1124411,1124411 opt=348511,348511,348511,348511,348511,348511,348511,348511,348511,348511
BENCH family=mp logn=7 pi=148 dir=1 calls=100 old=1283811,1283811,1283811,1283811,1283811,1283811,1283811,1283811,1283811,1283811 opt=341811,341811,341811,341811,341811,341811,341811,341811,341811,341811
BENCH family=mp logn=8 pi=148 dir=0 calls=100 old=2503111,2503111,2503111,2503111,2503111,2503111,2503111,2503111,2503111,2503111 opt=759411,759411,759411,759411,759411,759411,759411,759411,759411,759411
BENCH family=mp logn=8 pi=148 dir=1 calls=100 old=2866611,2866611,2866611,2866611,2866611,2866611,2866611,2866611,2866612,2866611 opt=735211,735211,735211,735211,735211,735211,735211,735211,735211,735211
BENCH family=mp logn=9 pi=148 dir=0 calls=100 old=5655911,5655911,5655911,5655911,5655911,5655911,5655911,5655911,5655911,5655912 opt=1709911,1709911,1709911,1709911,1709911,1709911,1709911,1709911,1709911,1709911
BENCH family=mp logn=9 pi=148 dir=1 calls=100 old=6458611,6458611,6458611,6458611,6458611,6458611,6458611,6458611,6458612,6458611 opt=1646711,1646711,1646711,1646711,1646711,1646711,1646711,1646711,1646711,1646711
BENCH family=mp logn=10 pi=148 dir=0 calls=100 old=12349811,12349811,12349811,12349811,12349812,12349811,12349811,12349811,12349811,12349811 opt=3696011,3696011,3696011,3696011,3696011,3696011,3696011,3696011,3696011,3696012
BENCH family=mp logn=10 pi=148 dir=1 calls=100 old=14134211,14134211,14134211,14134212,14134211,14134211,14134211,14134212,14134211,14134211 opt=3544111,3544111,3544111,3544111,3544111,3544111,3544111,3544111,3544111,3544111
BENCH family=mp logn=4 pi=149 dir=0 calls=100 old=89711,89711,89711,89711,89711,89711,89711,89711,89711,89711 opt=32411,32411,32411,32411,32411,32411,32411,32411,32411,32411
BENCH family=mp logn=4 pi=149 dir=1 calls=100 old=102611,102611,102611,102611,102611,102611,102611,102611,102611,102611 opt=35011,35011,35011,35011,35011,35011,35011,35011,35011,35011
BENCH family=mp logn=5 pi=149 dir=0 calls=100 old=212111,212111,212111,212111,212111,212111,212111,212111,212111,212111 opt=72611,72611,72611,72611,72611,72611,72611,72611,72611,72611
BENCH family=mp logn=5 pi=149 dir=1 calls=100 old=241811,241811,241811,241811,241811,241811,241811,241811,241811,241811 opt=74311,74311,74311,74311,74311,74311,74311,74311,74311,74311
BENCH family=mp logn=6 pi=149 dir=0 calls=100 old=485211,485211,485211,485211,485211,485211,485211,485211,485211,485211 opt=150211,150211,150211,150211,150211,150211,150211,150211,150211,150211
BENCH family=mp logn=6 pi=149 dir=1 calls=100 old=555811,555811,555811,555811,555811,555811,555811,555811,555811,555811 opt=152311,152311,152311,152311,152311,152311,152311,152311,152311,152311
BENCH family=mp logn=7 pi=149 dir=0 calls=100 old=1124411,1124411,1124411,1124411,1124411,1124411,1124411,1124411,1124411,1124411 opt=348511,348511,348511,348511,348511,348511,348511,348511,348511,348511
BENCH family=mp logn=7 pi=149 dir=1 calls=100 old=1283811,1283811,1283811,1283811,1283811,1283811,1283811,1283811,1283811,1283811 opt=341811,341811,341811,341811,341811,341811,341811,341811,341811,341811
BENCH family=mp logn=8 pi=149 dir=0 calls=100 old=2503111,2503111,2503111,2503111,2503111,2503111,2503111,2503111,2503111,2503111 opt=759411,759411,759411,759411,759411,759411,759411,759411,759411,759411
BENCH family=mp logn=8 pi=149 dir=1 calls=100 old=2866612,2866611,2866611,2866611,2866611,2866611,2866611,2866611,2866611,2866611 opt=735211,735211,735211,735211,735211,735211,735211,735211,735211,735211
BENCH family=mp logn=9 pi=149 dir=0 calls=100 old=5655911,5655911,5655911,5655911,5655911,5655912,5655911,5655911,5655911,5655911 opt=1709911,1709911,1709911,1709911,1709911,1709911,1709911,1709911,1709911,1709911
BENCH family=mp logn=9 pi=149 dir=1 calls=100 old=6458611,6458611,6458611,6458611,6458611,6458612,6458611,6458611,6458611,6458611 opt=1646711,1646711,1646711,1646711,1646711,1646711,1646711,1646711,1646711,1646711
BENCH family=mp logn=10 pi=149 dir=0 calls=100 old=12349811,12349811,12349812,12349811,12349811,12349811,12349811,12349812,12349811,12349811 opt=3696011,3696011,3696011,3696011,3696011,3696011,3696011,3696011,3696011,3696011
BENCH family=mp logn=10 pi=149 dir=1 calls=100 old=14134211,14134212,14134211,14134211,14134211,14134211,14134212,14134211,14134211,14134211 opt=3544111,3544111,3544111,3544111,3544111,3544111,3544111,3544111,3544111,3544111
BENCH family=mp logn=4 pi=150 dir=0 calls=100 old=89711,89711,89711,89711,89711,89711,89711,89711,89711,89711 opt=32411,32411,32411,32411,32411,32411,32411,32411,32411,32411
BENCH family=mp logn=4 pi=150 dir=1 calls=100 old=102611,102611,102611,102611,102611,102611,102611,102611,102611,102611 opt=35011,35011,35011,35011,35011,35011,35011,35011,35011,35011
BENCH family=mp logn=5 pi=150 dir=0 calls=100 old=212111,212111,212111,212111,212111,212111,212111,212111,212111,212111 opt=72611,72611,72611,72611,72611,72611,72611,72611,72611,72611
BENCH family=mp logn=5 pi=150 dir=1 calls=100 old=241811,241811,241811,241811,241811,241811,241811,241811,241811,241811 opt=74311,74311,74311,74311,74311,74311,74311,74311,74311,74311
BENCH family=mp logn=6 pi=150 dir=0 calls=100 old=485211,485211,485211,485211,485211,485211,485211,485211,485211,485211 opt=150211,150211,150211,150211,150211,150211,150211,150211,150211,150211
BENCH family=mp logn=6 pi=150 dir=1 calls=100 old=555811,555811,555811,555811,555811,555811,555811,555811,555811,555811 opt=152311,152311,152311,152311,152311,152311,152311,152311,152311,152311
BENCH family=mp logn=7 pi=150 dir=0 calls=100 old=1124411,1124411,1124411,1124411,1124411,1124411,1124411,1124411,1124411,1124411 opt=348511,348511,348511,348511,348511,348511,348511,348511,348511,348511
BENCH family=mp logn=7 pi=150 dir=1 calls=100 old=1283811,1283811,1283811,1283811,1283811,1283811,1283811,1283811,1283811,1283811 opt=341811,341811,341811,341811,341811,341811,341811,341811,341811,341811
BENCH family=mp logn=8 pi=150 dir=0 calls=100 old=2503111,2503111,2503111,2503111,2503112,2503111,2503111,2503111,2503111,2503111 opt=759411,759411,759411,759411,759411,759411,759411,759411,759411,759411
BENCH family=mp logn=8 pi=150 dir=1 calls=100 old=2866611,2866611,2866611,2866611,2866611,2866611,2866611,2866611,2866611,2866611 opt=735211,735211,735211,735211,735211,735211,735211,735211,735211,735211
BENCH family=mp logn=9 pi=150 dir=0 calls=100 old=5655911,5655911,5655912,5655911,5655911,5655911,5655911,5655911,5655911,5655911 opt=1709911,1709911,1709911,1709911,1709911,1709911,1709911,1709911,1709911,1709911
BENCH family=mp logn=9 pi=150 dir=1 calls=100 old=6458611,6458611,6458612,6458611,6458611,6458611,6458611,6458611,6458611,6458611 opt=1646711,1646711,1646711,1646711,1646711,1646711,1646711,1646711,1646711,1646711
BENCH family=mp logn=10 pi=150 dir=0 calls=100 old=12349812,12349811,12349811,12349811,12349811,12349812,12349811,12349811,12349811,12349811 opt=3696011,3696011,3696011,3696011,3696011,3696011,3696011,3696011,3696011,3696011
BENCH family=mp logn=10 pi=150 dir=1 calls=100 old=14134212,14134211,14134211,14134211,14134211,14134211,14134211,14134211,14134211,14134212 opt=3544111,3544111,3544111,3544111,3544112,3544111,3544111,3544111,3544111,3544111
BENCH family=mp logn=4 pi=151 dir=0 calls=100 old=89711,89711,89711,89711,89711,89711,89711,89711,89711,89711 opt=32411,32411,32411,32411,32411,32411,32411,32411,32411,32411
BENCH family=mp logn=4 pi=151 dir=1 calls=100 old=102611,102611,102611,102611,102611,102611,102611,102611,102611,102611 opt=35011,35011,35011,35011,35011,35011,35011,35011,35011,35011
BENCH family=mp logn=5 pi=151 dir=0 calls=100 old=212111,212111,212111,212111,212111,212111,212111,212111,212111,212111 opt=72611,72611,72611,72611,72611,72611,72611,72611,72611,72611
BENCH family=mp logn=5 pi=151 dir=1 calls=100 old=241811,241811,241811,241811,241811,241811,241811,241811,241811,241811 opt=74311,74311,74311,74311,74311,74311,74311,74311,74311,74311
BENCH family=mp logn=6 pi=151 dir=0 calls=100 old=485211,485211,485211,485211,485211,485211,485211,485211,485211,485211 opt=150211,150211,150211,150211,150211,150211,150211,150211,150211,150211
BENCH family=mp logn=6 pi=151 dir=1 calls=100 old=555811,555811,555811,555811,555811,555811,555811,555811,555811,555811 opt=152311,152311,152311,152311,152311,152311,152311,152311,152311,152311
BENCH family=mp logn=7 pi=151 dir=0 calls=100 old=1124411,1124411,1124411,1124411,1124411,1124411,1124411,1124411,1124411,1124411 opt=348511,348511,348511,348511,348511,348511,348511,348511,348511,348511
BENCH family=mp logn=7 pi=151 dir=1 calls=100 old=1283811,1283811,1283811,1283811,1283812,1283811,1283811,1283811,1283811,1283811 opt=341811,341811,341811,341811,341811,341811,341811,341811,341811,341811
BENCH family=mp logn=8 pi=151 dir=0 calls=100 old=2503111,2503111,2503111,2503111,2503111,2503111,2503111,2503111,2503111,2503111 opt=759411,759411,759411,759411,759411,759411,759411,759411,759411,759411
BENCH family=mp logn=8 pi=151 dir=1 calls=100 old=2866611,2866611,2866611,2866611,2866611,2866611,2866611,2866611,2866612,2866611 opt=735211,735211,735211,735211,735211,735211,735211,735211,735211,735211
BENCH family=mp logn=9 pi=151 dir=0 calls=100 old=5655911,5655911,5655911,5655911,5655911,5655911,5655911,5655911,5655911,5655912 opt=1709911,1709911,1709911,1709911,1709911,1709911,1709911,1709911,1709911,1709911
BENCH family=mp logn=9 pi=151 dir=1 calls=100 old=6458611,6458611,6458611,6458611,6458611,6458611,6458611,6458611,6458611,6458611 opt=1646711,1646711,1646711,1646711,1646711,1646711,1646711,1646711,1646711,1646712
BENCH family=mp logn=10 pi=151 dir=0 calls=100 old=12349811,12349811,12349811,12349811,12349812,12349811,12349811,12349811,12349811,12349811 opt=3696011,3696011,3696011,3696011,3696011,3696011,3696011,3696011,3696011,3696012
BENCH family=mp logn=10 pi=151 dir=1 calls=100 old=14134211,14134211,14134211,14134212,14134211,14134211,14134211,14134212,14134211,14134211 opt=3544111,3544111,3544111,3544111,3544111,3544111,3544111,3544111,3544111,3544111
BENCH family=mp logn=4 pi=152 dir=0 calls=100 old=89711,89711,89711,89711,89711,89711,89711,89711,89711,89711 opt=32411,32411,32411,32411,32411,32411,32411,32411,32411,32411
BENCH family=mp logn=4 pi=152 dir=1 calls=100 old=102611,102611,102611,102611,102611,102611,102611,102611,102611,102611 opt=35011,35011,35011,35011,35011,35011,35011,35011,35011,35011
BENCH family=mp logn=5 pi=152 dir=0 calls=100 old=212111,212111,212111,212111,212111,212111,212111,212111,212111,212111 opt=72611,72611,72611,72611,72611,72611,72611,72611,72611,72611
BENCH family=mp logn=5 pi=152 dir=1 calls=100 old=241811,241811,241811,241811,241811,241811,241811,241811,241811,241811 opt=74311,74311,74311,74311,74311,74311,74311,74311,74311,74311
BENCH family=mp logn=6 pi=152 dir=0 calls=100 old=485211,485211,485211,485211,485211,485211,485211,485211,485211,485211 opt=150211,150211,150211,150211,150211,150211,150211,150211,150211,150211
BENCH family=mp logn=6 pi=152 dir=1 calls=100 old=555811,555811,555811,555811,555811,555811,555811,555811,555811,555811 opt=152311,152311,152311,152311,152311,152311,152311,152311,152311,152311
BENCH family=mp logn=7 pi=152 dir=0 calls=100 old=1124411,1124411,1124411,1124411,1124411,1124411,1124411,1124411,1124411,1124411 opt=348511,348511,348511,348511,348511,348511,348511,348511,348511,348511
BENCH family=mp logn=7 pi=152 dir=1 calls=100 old=1283811,1283811,1283811,1283811,1283811,1283811,1283811,1283811,1283811,1283811 opt=341811,341811,341811,341811,341811,341811,341811,341811,341811,341811
BENCH family=mp logn=8 pi=152 dir=0 calls=100 old=2503111,2503111,2503111,2503111,2503111,2503111,2503111,2503111,2503111,2503111 opt=759411,759411,759411,759411,759411,759411,759411,759411,759411,759411
BENCH family=mp logn=8 pi=152 dir=1 calls=100 old=2866611,2866612,2866611,2866611,2866611,2866611,2866611,2866611,2866611,2866611 opt=735211,735211,735211,735211,735211,735211,735211,735211,735211,735211
BENCH family=mp logn=9 pi=152 dir=0 calls=100 old=5655911,5655911,5655911,5655911,5655911,5655911,5655912,5655911,5655911,5655911 opt=1709911,1709911,1709911,1709911,1709911,1709911,1709911,1709911,1709911,1709911
BENCH family=mp logn=9 pi=152 dir=1 calls=100 old=6458611,6458611,6458611,6458611,6458611,6458612,6458611,6458611,6458611,6458611 opt=1646711,1646711,1646711,1646711,1646711,1646711,1646711,1646711,1646711,1646711
BENCH family=mp logn=10 pi=152 dir=0 calls=100 old=12349811,12349811,12349812,12349811,12349811,12349811,12349811,12349812,12349811,12349811 opt=3696011,3696011,3696011,3696011,3696011,3696011,3696011,3696011,3696011,3696011
BENCH family=mp logn=10 pi=152 dir=1 calls=100 old=14134211,14134211,14134212,14134211,14134211,14134211,14134212,14134211,14134211,14134211 opt=3544111,3544111,3544111,3544111,3544111,3544111,3544111,3544111,3544111,3544111
BENCH family=mp logn=4 pi=153 dir=0 calls=100 old=89711,89711,89711,89711,89711,89711,89711,89711,89711,89711 opt=32411,32411,32411,32411,32411,32411,32411,32411,32411,32411
BENCH family=mp logn=4 pi=153 dir=1 calls=100 old=102611,102611,102611,102611,102611,102611,102611,102611,102611,102611 opt=35011,35011,35011,35011,35011,35011,35011,35011,35011,35011
BENCH family=mp logn=5 pi=153 dir=0 calls=100 old=212111,212111,212111,212111,212111,212111,212111,212111,212111,212111 opt=72611,72611,72611,72611,72611,72611,72611,72611,72611,72611
BENCH family=mp logn=5 pi=153 dir=1 calls=100 old=241811,241811,241812,241811,241811,241811,241811,241811,241811,241811 opt=74311,74311,74311,74311,74311,74311,74311,74311,74311,74311
BENCH family=mp logn=6 pi=153 dir=0 calls=100 old=485211,485211,485211,485211,485211,485211,485211,485211,485211,485211 opt=150211,150211,150211,150211,150211,150211,150211,150211,150211,150211
BENCH family=mp logn=6 pi=153 dir=1 calls=100 old=555811,555811,555811,555811,555811,555811,555811,555811,555811,555811 opt=152311,152311,152311,152311,152311,152311,152311,152311,152311,152311
BENCH family=mp logn=7 pi=153 dir=0 calls=100 old=1124411,1124411,1124411,1124411,1124411,1124411,1124411,1124411,1124411,1124411 opt=348511,348511,348511,348511,348511,348511,348511,348511,348511,348511
BENCH family=mp logn=7 pi=153 dir=1 calls=100 old=1283811,1283811,1283811,1283811,1283811,1283811,1283811,1283811,1283811,1283811 opt=341811,341811,341811,341811,341811,341811,341811,341811,341811,341811
BENCH family=mp logn=8 pi=153 dir=0 calls=100 old=2503111,2503111,2503111,2503111,2503111,2503111,2503111,2503111,2503111,2503111 opt=759411,759411,759411,759411,759412,759411,759411,759411,759411,759411
BENCH family=mp logn=8 pi=153 dir=1 calls=100 old=2866611,2866611,2866611,2866611,2866611,2866611,2866611,2866611,2866611,2866611 opt=735211,735211,735211,735211,735211,735211,735211,735211,735211,735211
BENCH family=mp logn=9 pi=153 dir=0 calls=100 old=5655911,5655911,5655912,5655911,5655911,5655911,5655911,5655911,5655911,5655911 opt=1709911,1709911,1709911,1709911,1709911,1709911,1709911,1709911,1709911,1709911
BENCH family=mp logn=9 pi=153 dir=1 calls=100 old=6458611,6458611,6458612,6458611,6458611,6458611,6458611,6458611,6458611,6458611 opt=1646711,1646711,1646711,1646711,1646711,1646711,1646711,1646711,1646711,1646711
BENCH family=mp logn=10 pi=153 dir=0 calls=100 old=12349811,12349811,12349811,12349811,12349811,12349811,12349812,12349811,12349811,12349811 opt=3696011,3696012,3696011,3696011,3696011,3696011,3696011,3696011,3696011,3696011
BENCH family=mp logn=10 pi=153 dir=1 calls=100 old=14134212,14134211,14134211,14134211,14134211,14134211,14134211,14134211,14134211,14134212 opt=3544111,3544111,3544111,3544111,3544111,3544112,3544111,3544111,3544111,3544111
BENCH family=mp logn=4 pi=154 dir=0 calls=100 old=89711,89711,89711,89711,89711,89711,89711,89711,89711,89711 opt=32411,32411,32411,32411,32411,32411,32411,32411,32411,32411
BENCH family=mp logn=4 pi=154 dir=1 calls=100 old=102611,102611,102611,102611,102611,102611,102611,102611,102611,102611 opt=35011,35011,35011,35011,35011,35011,35011,35011,35011,35011
BENCH family=mp logn=5 pi=154 dir=0 calls=100 old=212111,212111,212111,212111,212111,212111,212111,212111,212111,212111 opt=72611,72611,72611,72611,72611,72611,72611,72611,72611,72611
BENCH family=mp logn=5 pi=154 dir=1 calls=100 old=241811,241811,241811,241811,241811,241811,241811,241811,241811,241811 opt=74311,74311,74311,74311,74311,74311,74311,74311,74311,74311
BENCH family=mp logn=6 pi=154 dir=0 calls=100 old=485211,485211,485211,485211,485211,485211,485211,485211,485211,485211 opt=150211,150211,150211,150211,150211,150211,150211,150211,150211,150211
BENCH family=mp logn=6 pi=154 dir=1 calls=100 old=555811,555811,555811,555811,555811,555811,555811,555811,555811,555811 opt=152311,152311,152311,152311,152311,152311,152311,152311,152311,152311
BENCH family=mp logn=7 pi=154 dir=0 calls=100 old=1124411,1124411,1124411,1124411,1124411,1124411,1124411,1124411,1124411,1124411 opt=348511,348511,348511,348511,348511,348511,348511,348511,348511,348511
BENCH family=mp logn=7 pi=154 dir=1 calls=100 old=1283811,1283811,1283811,1283811,1283811,1283811,1283812,1283811,1283811,1283811 opt=341811,341811,341811,341811,341811,341811,341811,341811,341811,341811
BENCH family=mp logn=8 pi=154 dir=0 calls=100 old=2503111,2503111,2503111,2503111,2503111,2503111,2503111,2503111,2503111,2503111 opt=759411,759411,759411,759411,759411,759411,759411,759411,759411,759411
BENCH family=mp logn=8 pi=154 dir=1 calls=100 old=2866611,2866611,2866611,2866611,2866611,2866611,2866611,2866611,2866611,2866611 opt=735211,735211,735211,735211,735211,735211,735211,735211,735211,735211
BENCH family=mp logn=9 pi=154 dir=0 calls=100 old=5655911,5655911,5655911,5655911,5655911,5655911,5655911,5655911,5655911,5655911 opt=1709911,1709911,1709911,1709911,1709911,1709911,1709911,1709911,1709911,1709911
BENCH family=mp logn=9 pi=154 dir=1 calls=100 old=6458611,6458611,6458611,6458611,6458611,6458611,6458611,6458611,6458611,6458612 opt=1646711,1646711,1646711,1646711,1646711,1646711,1646711,1646711,1646711,1646711
BENCH family=mp logn=10 pi=154 dir=0 calls=100 old=12349811,12349811,12349811,12349811,12349812,12349811,12349811,12349811,12349811,12349812 opt=3696011,3696011,3696011,3696011,3696011,3696011,3696011,3696011,3696011,3696011
BENCH family=mp logn=10 pi=154 dir=1 calls=100 old=14134211,14134211,14134211,14134212,14134211,14134211,14134211,14134211,14134212,14134211 opt=3544111,3544111,3544111,3544111,3544111,3544111,3544111,3544111,3544111,3544111
BENCH family=mp logn=4 pi=155 dir=0 calls=100 old=89711,89711,89711,89711,89711,89711,89711,89711,89711,89711 opt=32411,32411,32411,32411,32411,32411,32411,32411,32411,32411
BENCH family=mp logn=4 pi=155 dir=1 calls=100 old=102611,102611,102611,102611,102611,102611,102611,102611,102611,102611 opt=35011,35011,35011,35011,35011,35011,35011,35011,35011,35011
BENCH family=mp logn=5 pi=155 dir=0 calls=100 old=212111,212111,212111,212111,212111,212111,212111,212111,212111,212111 opt=72611,72611,72611,72611,72611,72611,72611,72611,72611,72611
BENCH family=mp logn=5 pi=155 dir=1 calls=100 old=241811,241811,241811,241811,241811,241811,241811,241811,241811,241811 opt=74311,74311,74311,74311,74311,74311,74311,74311,74311,74311
BENCH family=mp logn=6 pi=155 dir=0 calls=100 old=485211,485211,485211,485211,485211,485211,485211,485211,485211,485211 opt=150211,150211,150211,150211,150211,150211,150211,150211,150211,150211
BENCH family=mp logn=6 pi=155 dir=1 calls=100 old=555811,555811,555811,555811,555811,555811,555811,555811,555811,555811 opt=152311,152311,152311,152311,152311,152311,152311,152311,152311,152311
BENCH family=mp logn=7 pi=155 dir=0 calls=100 old=1124411,1124411,1124412,1124411,1124411,1124411,1124411,1124411,1124411,1124411 opt=348511,348511,348511,348511,348511,348511,348511,348511,348511,348511
BENCH family=mp logn=7 pi=155 dir=1 calls=100 old=1283811,1283811,1283811,1283811,1283811,1283811,1283811,1283811,1283811,1283811 opt=341811,341811,341811,341811,341811,341811,341811,341811,341811,341811
BENCH family=mp logn=8 pi=155 dir=0 calls=100 old=2503111,2503111,2503111,2503111,2503111,2503111,2503111,2503111,2503111,2503111 opt=759411,759411,759411,759411,759411,759411,759411,759411,759411,759411
BENCH family=mp logn=8 pi=155 dir=1 calls=100 old=2866611,2866611,2866612,2866611,2866611,2866611,2866611,2866611,2866611,2866611 opt=735211,735211,735211,735211,735211,735211,735211,735211,735211,735211
BENCH family=mp logn=9 pi=155 dir=0 calls=100 old=5655911,5655911,5655911,5655911,5655911,5655911,5655912,5655911,5655911,5655911 opt=1709911,1709911,1709911,1709911,1709911,1709911,1709911,1709911,1709911,1709911
BENCH family=mp logn=9 pi=155 dir=1 calls=100 old=6458611,6458611,6458611,6458611,6458611,6458611,6458612,6458611,6458611,6458611 opt=1646711,1646711,1646711,1646711,1646711,1646711,1646711,1646711,1646711,1646711
BENCH family=mp logn=10 pi=155 dir=0 calls=100 old=12349811,12349811,12349811,12349811,12349811,12349811,12349811,12349812,12349811,12349811 opt=3696011,3696011,3696012,3696011,3696011,3696011,3696011,3696011,3696011,3696011
BENCH family=mp logn=10 pi=155 dir=1 calls=100 old=14134211,14134211,14134212,14134211,14134211,14134211,14134212,14134211,14134211,14134211 opt=3544111,3544111,3544111,3544111,3544111,3544111,3544111,3544111,3544111,3544111
BENCH family=mp logn=4 pi=156 dir=0 calls=100 old=89711,89711,89711,89711,89711,89711,89711,89711,89711,89711 opt=32411,32411,32411,32411,32411,32411,32411,32411,32411,32411
BENCH family=mp logn=4 pi=156 dir=1 calls=100 old=102611,102611,102611,102611,102611,102611,102611,102611,102611,102611 opt=35011,35011,35011,35011,35011,35011,35011,35011,35011,35011
BENCH family=mp logn=5 pi=156 dir=0 calls=100 old=212111,212111,212111,212111,212111,212111,212111,212111,212111,212111 opt=72611,72611,72611,72611,72611,72611,72611,72611,72611,72611
BENCH family=mp logn=5 pi=156 dir=1 calls=100 old=241811,241811,241811,241811,241811,241811,241811,241811,241811,241812 opt=74311,74311,74311,74311,74311,74311,74311,74311,74311,74311
BENCH family=mp logn=6 pi=156 dir=0 calls=100 old=485211,485211,485211,485211,485211,485211,485211,485211,485211,485211 opt=150211,150211,150211,150211,150211,150211,150211,150211,150211,150211
BENCH family=mp logn=6 pi=156 dir=1 calls=100 old=555811,555811,555811,555811,555811,555811,555811,555811,555811,555811 opt=152311,152311,152311,152311,152311,152311,152311,152311,152311,152311
BENCH family=mp logn=7 pi=156 dir=0 calls=100 old=1124411,1124411,1124411,1124411,1124411,1124411,1124411,1124411,1124411,1124411 opt=348511,348511,348511,348511,348511,348511,348511,348511,348511,348511
BENCH family=mp logn=7 pi=156 dir=1 calls=100 old=1283811,1283811,1283811,1283811,1283811,1283811,1283811,1283811,1283811,1283811 opt=341811,341811,341811,341811,341811,341811,341811,341811,341811,341811
BENCH family=mp logn=8 pi=156 dir=0 calls=100 old=2503111,2503111,2503111,2503111,2503111,2503112,2503111,2503111,2503111,2503111 opt=759411,759411,759411,759411,759411,759411,759411,759411,759411,759411
BENCH family=mp logn=8 pi=156 dir=1 calls=100 old=2866611,2866611,2866611,2866611,2866611,2866611,2866611,2866611,2866611,2866611 opt=735211,735211,735211,735211,735211,735211,735211,735211,735211,735211
BENCH family=mp logn=9 pi=156 dir=0 calls=100 old=5655911,5655911,5655911,5655911,5655911,5655911,5655911,5655911,5655911,5655911 opt=1709911,1709911,1709911,1709912,1709911,1709911,1709911,1709911,1709911,1709911
BENCH family=mp logn=9 pi=156 dir=1 calls=100 old=6458611,6458611,6458611,6458611,6458611,6458611,6458611,6458611,6458611,6458611 opt=1646711,1646711,1646712,1646711,1646711,1646711,1646711,1646711,1646711,1646711
BENCH family=mp logn=10 pi=156 dir=0 calls=100 old=12349811,12349811,12349811,12349811,12349811,12349811,12349812,12349811,12349811,12349811 opt=3696011,3696012,3696011,3696011,3696011,3696011,3696011,3696011,3696011,3696011
BENCH family=mp logn=10 pi=156 dir=1 calls=100 old=14134212,14134211,14134211,14134211,14134211,14134211,14134211,14134211,14134211,14134212 opt=3544111,3544111,3544111,3544111,3544111,3544112,3544111,3544111,3544111,3544111
BENCH family=mp logn=4 pi=157 dir=0 calls=100 old=89711,89711,89711,89711,89711,89711,89711,89711,89711,89711 opt=32411,32411,32411,32411,32411,32411,32411,32411,32411,32411
BENCH family=mp logn=4 pi=157 dir=1 calls=100 old=102611,102611,102611,102611,102611,102611,102611,102611,102611,102611 opt=35011,35011,35011,35011,35011,35011,35011,35011,35011,35011
BENCH family=mp logn=5 pi=157 dir=0 calls=100 old=212111,212111,212111,212111,212111,212111,212111,212111,212111,212111 opt=72611,72611,72611,72611,72611,72611,72611,72611,72611,72611
BENCH family=mp logn=5 pi=157 dir=1 calls=100 old=241811,241811,241811,241811,241811,241811,241811,241811,241811,241811 opt=74311,74311,74311,74311,74311,74311,74311,74311,74311,74311
BENCH family=mp logn=6 pi=157 dir=0 calls=100 old=485211,485211,485211,485211,485211,485211,485211,485211,485211,485211 opt=150211,150211,150211,150211,150211,150211,150211,150211,150211,150211
BENCH family=mp logn=6 pi=157 dir=1 calls=100 old=555811,555811,555811,555811,555811,555811,555811,555811,555811,555811 opt=152311,152311,152311,152311,152311,152311,152311,152311,152311,152311
BENCH family=mp logn=7 pi=157 dir=0 calls=100 old=1124411,1124411,1124411,1124411,1124411,1124411,1124411,1124411,1124411,1124411 opt=348511,348511,348511,348511,348511,348511,348511,348511,348511,348511
BENCH family=mp logn=7 pi=157 dir=1 calls=100 old=1283811,1283811,1283811,1283811,1283811,1283811,1283811,1283811,1283811,1283811 opt=341811,341811,341811,341811,341811,341811,341812,341811,341811,341811
BENCH family=mp logn=8 pi=157 dir=0 calls=100 old=2503111,2503111,2503111,2503111,2503111,2503111,2503111,2503111,2503111,2503111 opt=759411,759411,759411,759411,759411,759411,759411,759411,759411,759411
BENCH family=mp logn=8 pi=157 dir=1 calls=100 old=2866611,2866611,2866611,2866611,2866611,2866611,2866611,2866611,2866611,2866612 opt=735211,735211,735211,735211,735211,735211,735211,735211,735211,735211
BENCH family=mp logn=9 pi=157 dir=0 calls=100 old=5655911,5655911,5655911,5655911,5655911,5655911,5655911,5655911,5655911,5655911 opt=1709911,1709911,1709911,1709911,1709911,1709911,1709911,1709911,1709911,1709911
BENCH family=mp logn=9 pi=157 dir=1 calls=100 old=6458611,6458611,6458611,6458611,6458611,6458611,6458611,6458611,6458611,6458612 opt=1646711,1646711,1646711,1646711,1646711,1646711,1646711,1646711,1646711,1646711
BENCH family=mp logn=10 pi=157 dir=0 calls=100 old=12349811,12349811,12349811,12349811,12349812,12349811,12349811,12349811,12349811,12349812 opt=3696011,3696011,3696011,3696011,3696011,3696011,3696011,3696011,3696011,3696011
BENCH family=mp logn=10 pi=157 dir=1 calls=100 old=14134211,14134211,14134211,14134212,14134211,14134211,14134211,14134211,14134212,14134211 opt=3544111,3544111,3544111,3544111,3544111,3544111,3544111,3544111,3544111,3544111
BENCH family=mp logn=4 pi=158 dir=0 calls=100 old=89711,89711,89711,89711,89711,89711,89711,89711,89711,89711 opt=32411,32411,32411,32411,32411,32411,32411,32411,32411,32411
BENCH family=mp logn=4 pi=158 dir=1 calls=100 old=102611,102611,102611,102611,102611,102611,102611,102611,102611,102611 opt=35011,35011,35011,35011,35011,35011,35011,35011,35011,35011
BENCH family=mp logn=5 pi=158 dir=0 calls=100 old=212111,212111,212111,212111,212111,212111,212111,212111,212111,212111 opt=72611,72611,72611,72611,72611,72611,72611,72611,72611,72611
BENCH family=mp logn=5 pi=158 dir=1 calls=100 old=241811,241811,241811,241811,241811,241811,241811,241811,241811,241811 opt=74311,74311,74311,74311,74311,74311,74311,74311,74311,74311
BENCH family=mp logn=6 pi=158 dir=0 calls=100 old=485211,485211,485211,485211,485211,485211,485211,485211,485211,485211 opt=150211,150211,150211,150211,150211,150211,150211,150211,150211,150211
BENCH family=mp logn=6 pi=158 dir=1 calls=100 old=555811,555811,555811,555811,555811,555811,555811,555811,555811,555811 opt=152311,152311,152311,152311,152311,152311,152311,152311,152311,152311
BENCH family=mp logn=7 pi=158 dir=0 calls=100 old=1124411,1124411,1124412,1124411,1124411,1124411,1124411,1124411,1124411,1124411 opt=348511,348511,348511,348511,348511,348511,348511,348511,348511,348511
BENCH family=mp logn=7 pi=158 dir=1 calls=100 old=1283811,1283811,1283811,1283811,1283811,1283811,1283811,1283811,1283811,1283811 opt=341811,341811,341811,341811,341811,341811,341811,341811,341811,341811
BENCH family=mp logn=8 pi=158 dir=0 calls=100 old=2503111,2503111,2503111,2503111,2503111,2503111,2503111,2503111,2503111,2503111 opt=759411,759411,759411,759411,759411,759411,759411,759411,759411,759411
BENCH family=mp logn=8 pi=158 dir=1 calls=100 old=2866611,2866611,2866612,2866611,2866611,2866611,2866611,2866611,2866611,2866611 opt=735211,735211,735211,735211,735211,735211,735211,735211,735211,735211
BENCH family=mp logn=9 pi=158 dir=0 calls=100 old=5655911,5655911,5655911,5655911,5655911,5655911,5655912,5655911,5655911,5655911 opt=1709911,1709911,1709911,1709911,1709911,1709911,1709911,1709911,1709911,1709911
BENCH family=mp logn=9 pi=158 dir=1 calls=100 old=6458611,6458611,6458611,6458611,6458611,6458611,6458612,6458611,6458611,6458611 opt=1646711,1646711,1646711,1646711,1646711,1646711,1646711,1646711,1646711,1646711
BENCH family=mp logn=10 pi=158 dir=0 calls=100 old=12349811,12349811,12349812,12349811,12349811,12349811,12349811,12349812,12349811,12349811 opt=3696011,3696011,3696011,3696011,3696011,3696011,3696011,3696011,3696011,3696011
BENCH family=mp logn=10 pi=158 dir=1 calls=100 old=14134211,14134211,14134212,14134211,14134211,14134211,14134212,14134211,14134211,14134211 opt=3544111,3544111,3544111,3544111,3544111,3544111,3544111,3544111,3544111,3544111
BENCH family=mp logn=4 pi=159 dir=0 calls=100 old=89711,89711,89711,89711,89711,89711,89711,89711,89711,89711 opt=32411,32411,32411,32411,32411,32411,32411,32411,32411,32411
BENCH family=mp logn=4 pi=159 dir=1 calls=100 old=102611,102611,102611,102611,102611,102611,102611,102611,102611,102611 opt=35011,35011,35011,35011,35011,35011,35011,35011,35011,35011
BENCH family=mp logn=5 pi=159 dir=0 calls=100 old=212111,212111,212111,212111,212111,212111,212111,212111,212111,212111 opt=72611,72611,72611,72611,72611,72611,72611,72611,72611,72611
BENCH family=mp logn=5 pi=159 dir=1 calls=100 old=241811,241811,241811,241811,241811,241811,241811,241811,241811,241812 opt=74311,74311,74311,74311,74311,74311,74311,74311,74311,74311
BENCH family=mp logn=6 pi=159 dir=0 calls=100 old=485211,485211,485211,485211,485211,485211,485211,485211,485211,485211 opt=150211,150211,150211,150211,150211,150211,150211,150211,150211,150211
BENCH family=mp logn=6 pi=159 dir=1 calls=100 old=555811,555811,555811,555811,555811,555811,555811,555811,555811,555811 opt=152311,152311,152311,152311,152311,152311,152311,152311,152311,152311
BENCH family=mp logn=7 pi=159 dir=0 calls=100 old=1124411,1124411,1124411,1124411,1124411,1124411,1124411,1124411,1124411,1124411 opt=348511,348511,348511,348511,348511,348511,348511,348511,348511,348511
BENCH family=mp logn=7 pi=159 dir=1 calls=100 old=1283811,1283811,1283811,1283811,1283811,1283811,1283811,1283811,1283811,1283811 opt=341811,341811,341811,341811,341811,341811,341811,341811,341811,341811
BENCH family=mp logn=8 pi=159 dir=0 calls=100 old=2503111,2503111,2503111,2503111,2503111,2503112,2503111,2503111,2503111,2503111 opt=759411,759411,759411,759411,759411,759411,759411,759411,759411,759411
BENCH family=mp logn=8 pi=159 dir=1 calls=100 old=2866611,2866611,2866611,2866611,2866611,2866611,2866611,2866611,2866611,2866611 opt=735211,735211,735211,735211,735211,735211,735211,735211,735211,735211
BENCH family=mp logn=9 pi=159 dir=0 calls=100 old=5655911,5655911,5655911,5655911,5655911,5655911,5655911,5655911,5655911,5655911 opt=1709911,1709911,1709912,1709911,1709911,1709911,1709911,1709911,1709911,1709911
BENCH family=mp logn=9 pi=159 dir=1 calls=100 old=6458611,6458611,6458611,6458611,6458611,6458611,6458611,6458611,6458611,6458611 opt=1646711,1646711,1646712,1646711,1646711,1646711,1646711,1646711,1646711,1646711
BENCH family=mp logn=10 pi=159 dir=0 calls=100 old=12349811,12349811,12349811,12349811,12349811,12349811,12349812,12349811,12349811,12349811 opt=3696011,3696012,3696011,3696011,3696011,3696011,3696011,3696011,3696011,3696011
BENCH family=mp logn=10 pi=159 dir=1 calls=100 old=14134212,14134211,14134211,14134211,14134211,14134211,14134211,14134211,14134211,14134212 opt=3544111,3544111,3544111,3544111,3544111,3544112,3544111,3544111,3544111,3544111
BENCH family=mp logn=4 pi=160 dir=0 calls=100 old=89711,89711,89711,89711,89711,89711,89711,89711,89711,89711 opt=32411,32411,32411,32411,32411,32411,32411,32411,32411,32411
BENCH family=mp logn=4 pi=160 dir=1 calls=100 old=102611,102611,102611,102611,102611,102611,102611,102611,102611,102611 opt=35011,35011,35011,35011,35011,35011,35011,35011,35011,35011
BENCH family=mp logn=5 pi=160 dir=0 calls=100 old=212111,212111,212111,212111,212111,212111,212111,212111,212111,212111 opt=72611,72611,72611,72611,72611,72611,72611,72611,72611,72611
BENCH family=mp logn=5 pi=160 dir=1 calls=100 old=241811,241811,241811,241811,241811,241811,241811,241811,241811,241811 opt=74311,74311,74311,74311,74311,74311,74311,74311,74311,74311
BENCH family=mp logn=6 pi=160 dir=0 calls=100 old=485211,485211,485211,485211,485211,485211,485211,485211,485211,485211 opt=150211,150211,150211,150211,150211,150211,150211,150211,150211,150211
BENCH family=mp logn=6 pi=160 dir=1 calls=100 old=555811,555811,555811,555811,555811,555811,555811,555811,555811,555811 opt=152311,152311,152311,152311,152311,152311,152311,152311,152311,152311
BENCH family=mp logn=7 pi=160 dir=0 calls=100 old=1124411,1124411,1124411,1124411,1124411,1124411,1124411,1124411,1124411,1124411 opt=348511,348511,348511,348511,348511,348511,348511,348511,348511,348511
BENCH family=mp logn=7 pi=160 dir=1 calls=100 old=1283811,1283811,1283811,1283811,1283811,1283811,1283812,1283811,1283811,1283811 opt=341811,341811,341811,341811,341811,341811,341811,341811,341811,341811
BENCH family=mp logn=8 pi=160 dir=0 calls=100 old=2503111,2503111,2503111,2503111,2503111,2503111,2503111,2503111,2503111,2503111 opt=759411,759411,759411,759411,759411,759411,759411,759411,759411,759411
BENCH family=mp logn=8 pi=160 dir=1 calls=100 old=2866611,2866611,2866611,2866611,2866611,2866611,2866611,2866611,2866611,2866612 opt=735211,735211,735211,735211,735211,735211,735211,735211,735211,735211
BENCH family=mp logn=9 pi=160 dir=0 calls=100 old=5655911,5655911,5655911,5655911,5655911,5655911,5655911,5655911,5655911,5655911 opt=1709911,1709911,1709911,1709911,1709911,1709911,1709911,1709911,1709911,1709911
BENCH family=mp logn=9 pi=160 dir=1 calls=100 old=6458611,6458611,6458611,6458611,6458611,6458611,6458611,6458611,6458611,6458612 opt=1646711,1646711,1646711,1646711,1646711,1646711,1646711,1646711,1646711,1646711
BENCH family=mp logn=10 pi=160 dir=0 calls=100 old=12349811,12349811,12349811,12349811,12349812,12349811,12349811,12349811,12349811,12349812 opt=3696011,3696011,3696011,3696011,3696011,3696011,3696011,3696011,3696011,3696011
BENCH family=mp logn=10 pi=160 dir=1 calls=100 old=14134211,14134211,14134211,14134212,14134211,14134211,14134211,14134211,14134212,14134211 opt=3544111,3544111,3544111,3544111,3544111,3544111,3544111,3544111,3544111,3544111
BENCH family=mp logn=4 pi=161 dir=0 calls=100 old=89711,89711,89711,89711,89711,89711,89711,89711,89711,89711 opt=32411,32411,32411,32411,32411,32411,32411,32411,32411,32411
BENCH family=mp logn=4 pi=161 dir=1 calls=100 old=102611,102611,102611,102611,102611,102611,102611,102611,102611,102611 opt=35011,35011,35011,35011,35011,35011,35011,35011,35011,35011
BENCH family=mp logn=5 pi=161 dir=0 calls=100 old=212111,212111,212111,212111,212111,212111,212111,212111,212111,212111 opt=72611,72611,72611,72611,72611,72611,72611,72611,72611,72611
BENCH family=mp logn=5 pi=161 dir=1 calls=100 old=241811,241811,241811,241811,241811,241811,241811,241811,241811,241811 opt=74311,74311,74311,74311,74311,74311,74311,74311,74311,74311
BENCH family=mp logn=6 pi=161 dir=0 calls=100 old=485211,485211,485211,485211,485211,485211,485211,485211,485211,485211 opt=150211,150211,150211,150211,150211,150211,150211,150211,150211,150211
BENCH family=mp logn=6 pi=161 dir=1 calls=100 old=555811,555811,555811,555811,555811,555811,555811,555811,555811,555811 opt=152311,152311,152311,152311,152311,152311,152311,152311,152311,152311
BENCH family=mp logn=7 pi=161 dir=0 calls=100 old=1124411,1124411,1124411,1124412,1124411,1124411,1124411,1124411,1124411,1124411 opt=348511,348511,348511,348511,348511,348511,348511,348511,348511,348511
BENCH family=mp logn=7 pi=161 dir=1 calls=100 old=1283811,1283811,1283811,1283811,1283811,1283811,1283811,1283811,1283811,1283811 opt=341811,341811,341811,341811,341811,341811,341811,341811,341811,341811
BENCH family=mp logn=8 pi=161 dir=0 calls=100 old=2503111,2503111,2503111,2503111,2503111,2503111,2503111,2503111,2503111,2503111 opt=759411,759411,759411,759411,759411,759411,759411,759411,759411,759411
BENCH family=mp logn=8 pi=161 dir=1 calls=100 old=2866611,2866611,2866611,2866611,2866611,2866611,2866611,2866611,2866611,2866611 opt=735211,735211,735212,735211,735211,735211,735211,735211,735211,735211
BENCH family=mp logn=9 pi=161 dir=0 calls=100 old=5655911,5655911,5655911,5655911,5655911,5655911,5655911,5655911,5655911,5655911 opt=1709911,1709911,1709911,1709911,1709911,1709911,1709912,1709911,1709911,1709911
BENCH family=mp logn=9 pi=161 dir=1 calls=100 old=6458611,6458611,6458611,6458611,6458611,6458611,6458612,6458611,6458611,6458611 opt=1646711,1646711,1646711,1646711,1646711,1646711,1646711,1646711,1646711,1646711
BENCH family=mp logn=10 pi=161 dir=0 calls=100 old=12349811,12349811,12349811,12349811,12349811,12349811,12349811,12349812,12349811,12349811 opt=3696011,3696011,3696012,3696011,3696011,3696011,3696011,3696011,3696011,3696011
BENCH family=mp logn=10 pi=161 dir=1 calls=100 old=14134211,14134211,14134212,14134211,14134211,14134211,14134211,14134211,14134211,14134211 opt=3544111,3544111,3544111,3544111,3544111,3544111,3544111,3544111,3544111,3544111
BENCH family=mp logn=4 pi=162 dir=0 calls=100 old=89711,89711,89711,89711,89711,89711,89711,89711,89711,89711 opt=32411,32411,32411,32411,32411,32411,32411,32411,32411,32411
BENCH family=mp logn=4 pi=162 dir=1 calls=100 old=102611,102611,102611,102611,102611,102611,102611,102611,102611,102611 opt=35011,35011,35011,35011,35011,35011,35011,35011,35011,35011
BENCH family=mp logn=5 pi=162 dir=0 calls=100 old=212111,212111,212111,212111,212111,212111,212111,212111,212111,212111 opt=72611,72611,72611,72611,72611,72611,72611,72611,72611,72611
BENCH family=mp logn=5 pi=162 dir=1 calls=100 old=241811,241811,241811,241811,241811,241811,241811,241811,241811,241811 opt=74311,74311,74311,74311,74311,74311,74311,74311,74311,74311
BENCH family=mp logn=6 pi=162 dir=0 calls=100 old=485211,485211,485211,485211,485211,485211,485211,485211,485211,485211 opt=150211,150211,150211,150211,150211,150211,150211,150211,150211,150211
BENCH family=mp logn=6 pi=162 dir=1 calls=100 old=555811,555811,555811,555811,555811,555811,555811,555811,555811,555811 opt=152311,152311,152311,152311,152311,152311,152311,152311,152311,152311
BENCH family=mp logn=7 pi=162 dir=0 calls=100 old=1124411,1124411,1124411,1124411,1124411,1124411,1124411,1124411,1124411,1124411 opt=348511,348511,348511,348511,348511,348511,348511,348511,348511,348511
BENCH family=mp logn=7 pi=162 dir=1 calls=100 old=1283811,1283811,1283811,1283811,1283811,1283811,1283811,1283811,1283811,1283811 opt=341811,341811,341811,341811,341811,341811,341811,341811,341811,341811
BENCH family=mp logn=8 pi=162 dir=0 calls=100 old=2503111,2503111,2503111,2503111,2503111,2503111,2503112,2503111,2503111,2503111 opt=759411,759411,759411,759411,759411,759411,759411,759411,759411,759411
BENCH family=mp logn=8 pi=162 dir=1 calls=100 old=2866611,2866611,2866611,2866611,2866611,2866611,2866611,2866611,2866611,2866611 opt=735211,735211,735211,735211,735211,735211,735211,735211,735211,735211
BENCH family=mp logn=9 pi=162 dir=0 calls=100 old=5655911,5655911,5655911,5655911,5655911,5655911,5655911,5655911,5655911,5655911 opt=1709911,1709911,1709911,1709912,1709911,1709911,1709911,1709911,1709911,1709911
BENCH family=mp logn=9 pi=162 dir=1 calls=100 old=6458611,6458611,6458611,6458611,6458611,6458611,6458611,6458611,6458611,6458611 opt=1646711,1646711,1646711,1646712,1646711,1646711,1646711,1646711,1646711,1646711
BENCH family=mp logn=10 pi=162 dir=0 calls=100 old=12349811,12349811,12349811,12349811,12349811,12349811,12349812,12349811,12349811,12349811 opt=3696011,3696012,3696011,3696011,3696011,3696011,3696011,3696011,3696011,3696011
BENCH family=mp logn=10 pi=162 dir=1 calls=100 old=14134212,14134211,14134211,14134211,14134211,14134212,14134211,14134211,14134211,14134212 opt=3544111,3544111,3544111,3544111,3544111,3544111,3544111,3544111,3544111,3544111
BENCH family=mp logn=4 pi=163 dir=0 calls=100 old=89711,89711,89711,89711,89711,89711,89711,89711,89711,89711 opt=32411,32411,32411,32411,32411,32411,32411,32411,32411,32411
BENCH family=mp logn=4 pi=163 dir=1 calls=100 old=102611,102611,102611,102611,102611,102611,102611,102611,102611,102611 opt=35011,35011,35011,35011,35011,35011,35011,35011,35011,35011
BENCH family=mp logn=5 pi=163 dir=0 calls=100 old=212111,212111,212111,212111,212111,212111,212111,212111,212111,212111 opt=72611,72611,72611,72611,72611,72611,72611,72611,72611,72611
BENCH family=mp logn=5 pi=163 dir=1 calls=100 old=241811,241811,241811,241811,241811,241811,241811,241811,241811,241811 opt=74311,74311,74311,74311,74311,74311,74311,74311,74311,74311
BENCH family=mp logn=6 pi=163 dir=0 calls=100 old=485211,485211,485211,485211,485211,485211,485211,485211,485211,485211 opt=150211,150211,150211,150211,150211,150211,150211,150211,150211,150211
BENCH family=mp logn=6 pi=163 dir=1 calls=100 old=555811,555811,555811,555811,555811,555811,555811,555811,555811,555811 opt=152311,152311,152311,152311,152311,152311,152311,152311,152311,152311
BENCH family=mp logn=7 pi=163 dir=0 calls=100 old=1124411,1124411,1124411,1124411,1124411,1124411,1124411,1124411,1124411,1124411 opt=348511,348511,348511,348511,348511,348511,348511,348511,348511,348511
BENCH family=mp logn=7 pi=163 dir=1 calls=100 old=1283811,1283811,1283811,1283811,1283811,1283811,1283811,1283811,1283812,1283811 opt=341811,341811,341811,341811,341811,341811,341811,341811,341811,341811
BENCH family=mp logn=8 pi=163 dir=0 calls=100 old=2503111,2503111,2503111,2503111,2503111,2503111,2503111,2503111,2503111,2503111 opt=759411,759411,759411,759411,759411,759411,759411,759411,759411,759411
BENCH family=mp logn=8 pi=163 dir=1 calls=100 old=2866611,2866611,2866611,2866611,2866611,2866611,2866611,2866611,2866611,2866611 opt=735211,735211,735211,735211,735211,735211,735211,735211,735211,735211
BENCH family=mp logn=9 pi=163 dir=0 calls=100 old=5655911,5655911,5655911,5655911,5655911,5655911,5655911,5655911,5655911,5655911 opt=1709911,1709911,1709911,1709911,1709911,1709911,1709911,1709911,1709911,1709911
BENCH family=mp logn=9 pi=163 dir=1 calls=100 old=6458611,6458611,6458611,6458611,6458611,6458611,6458611,6458611,6458611,6458612 opt=1646711,1646711,1646711,1646711,1646711,1646711,1646711,1646711,1646711,1646711
BENCH family=mp logn=10 pi=163 dir=0 calls=100 old=12349811,12349811,12349811,12349811,12349812,12349811,12349811,12349811,12349811,12349812 opt=3696011,3696011,3696011,3696011,3696011,3696011,3696011,3696011,3696011,3696011
BENCH family=mp logn=10 pi=163 dir=1 calls=100 old=14134211,14134211,14134211,14134212,14134211,14134211,14134211,14134211,14134212,14134211 opt=3544111,3544111,3544111,3544111,3544111,3544111,3544111,3544111,3544111,3544111
BENCH family=mp logn=4 pi=164 dir=0 calls=100 old=89711,89711,89711,89711,89711,89711,89711,89711,89711,89711 opt=32411,32411,32411,32411,32411,32411,32411,32411,32411,32411
BENCH family=mp logn=4 pi=164 dir=1 calls=100 old=102611,102611,102611,102611,102611,102611,102611,102611,102611,102611 opt=35011,35011,35011,35011,35011,35011,35011,35011,35011,35011
BENCH family=mp logn=5 pi=164 dir=0 calls=100 old=212111,212111,212111,212111,212111,212111,212111,212111,212111,212111 opt=72611,72611,72611,72611,72611,72611,72611,72611,72611,72611
BENCH family=mp logn=5 pi=164 dir=1 calls=100 old=241811,241811,241811,241811,241811,241811,241811,241811,241811,241811 opt=74311,74311,74311,74311,74311,74311,74311,74311,74311,74311
BENCH family=mp logn=6 pi=164 dir=0 calls=100 old=485211,485211,485211,485211,485211,485211,485211,485211,485211,485211 opt=150211,150211,150211,150211,150211,150211,150211,150211,150211,150211
BENCH family=mp logn=6 pi=164 dir=1 calls=100 old=555811,555811,555811,555811,555811,555811,555811,555811,555811,555811 opt=152311,152311,152311,152311,152311,152311,152311,152311,152311,152311
BENCH family=mp logn=7 pi=164 dir=0 calls=100 old=1124411,1124411,1124411,1124411,1124412,1124411,1124411,1124411,1124411,1124411 opt=348511,348511,348511,348511,348511,348511,348511,348511,348511,348511
BENCH family=mp logn=7 pi=164 dir=1 calls=100 old=1283811,1283811,1283811,1283811,1283811,1283811,1283811,1283811,1283811,1283811 opt=341811,341811,341811,341811,341811,341811,341811,341811,341811,341811
BENCH family=mp logn=8 pi=164 dir=0 calls=100 old=2503111,2503111,2503111,2503111,2503111,2503111,2503111,2503111,2503111,2503111 opt=759411,759411,759411,759411,759411,759411,759411,759411,759411,759411
BENCH family=mp logn=8 pi=164 dir=1 calls=100 old=2866611,2866611,2866611,2866612,2866611,2866611,2866611,2866611,2866611,2866611 opt=735211,735211,735211,735211,735211,735211,735211,735211,735211,735211
BENCH family=mp logn=9 pi=164 dir=0 calls=100 old=5655911,5655911,5655911,5655911,5655911,5655911,5655911,5655911,5655911,5655911 opt=1709911,1709911,1709911,1709911,1709911,1709911,1709912,1709911,1709911,1709911
BENCH family=mp logn=9 pi=164 dir=1 calls=100 old=6458611,6458611,6458611,6458611,6458611,6458611,6458612,6458611,6458611,6458611 opt=1646711,1646711,1646711,1646711,1646711,1646711,1646711,1646711,1646711,1646711
BENCH family=mp logn=10 pi=164 dir=0 calls=100 old=12349811,12349811,12349811,12349811,12349811,12349811,12349811,12349812,12349811,12349811 opt=3696011,3696011,3696012,3696011,3696011,3696011,3696011,3696011,3696011,3696011
BENCH family=mp logn=10 pi=164 dir=1 calls=100 old=14134211,14134211,14134212,14134211,14134211,14134211,14134211,14134211,14134211,14134211 opt=3544111,3544111,3544111,3544111,3544111,3544111,3544112,3544111,3544111,3544111
BENCH family=mp logn=4 pi=165 dir=0 calls=100 old=89711,89711,89711,89711,89711,89711,89711,89711,89711,89711 opt=32411,32411,32411,32411,32411,32411,32411,32411,32411,32411
BENCH family=mp logn=4 pi=165 dir=1 calls=100 old=102611,102611,102611,102611,102611,102611,102611,102611,102611,102611 opt=35011,35011,35011,35011,35011,35011,35011,35011,35011,35011
BENCH family=mp logn=5 pi=165 dir=0 calls=100 old=212111,212111,212111,212111,212111,212111,212111,212111,212111,212111 opt=72611,72611,72611,72611,72611,72611,72611,72611,72611,72611
BENCH family=mp logn=5 pi=165 dir=1 calls=100 old=241811,241811,241811,241811,241811,241811,241811,241811,241811,241811 opt=74311,74311,74311,74311,74311,74311,74311,74311,74311,74311
BENCH family=mp logn=6 pi=165 dir=0 calls=100 old=485211,485211,485211,485211,485211,485211,485211,485211,485211,485211 opt=150211,150211,150211,150212,150211,150211,150211,150211,150211,150211
BENCH family=mp logn=6 pi=165 dir=1 calls=100 old=555811,555811,555811,555811,555811,555811,555811,555811,555811,555811 opt=152311,152311,152311,152311,152311,152311,152311,152311,152311,152311
BENCH family=mp logn=7 pi=165 dir=0 calls=100 old=1124411,1124411,1124411,1124411,1124411,1124411,1124411,1124411,1124411,1124411 opt=348511,348511,348511,348511,348511,348511,348511,348511,348511,348511
BENCH family=mp logn=7 pi=165 dir=1 calls=100 old=1283811,1283811,1283811,1283811,1283811,1283811,1283811,1283811,1283811,1283811 opt=341811,341811,341811,341811,341811,341811,341811,341811,341811,341811
BENCH family=mp logn=8 pi=165 dir=0 calls=100 old=2503111,2503111,2503111,2503111,2503111,2503111,2503111,2503111,2503111,2503111 opt=759411,759411,759411,759411,759411,759411,759411,759412,759411,759411
BENCH family=mp logn=8 pi=165 dir=1 calls=100 old=2866611,2866611,2866611,2866611,2866611,2866611,2866611,2866611,2866611,2866611 opt=735211,735211,735211,735211,735211,735211,735211,735211,735211,735211
BENCH family=mp logn=9 pi=165 dir=0 calls=100 old=5655911,5655911,5655911,5655912,5655911,5655911,5655911,5655911,5655911,5655911 opt=1709911,1709911,1709911,1709911,1709911,1709911,1709911,1709911,1709911,1709911
BENCH family=mp logn=9 pi=165 dir=1 calls=100 old=6458611,6458611,6458611,6458612,6458611,6458611,6458611,6458611,6458611,6458611 opt=1646711,1646711,1646711,1646711,1646711,1646711,1646711,1646711,1646711,1646711
BENCH family=mp logn=10 pi=165 dir=0 calls=100 old=12349811,12349812,12349811,12349811,12349811,12349811,12349812,12349811,12349811,12349811 opt=3696011,3696011,3696011,3696011,3696011,3696011,3696011,3696011,3696011,3696011
BENCH family=mp logn=10 pi=165 dir=1 calls=100 old=14134211,14134211,14134211,14134211,14134211,14134212,14134211,14134211,14134211,14134211 opt=3544111,3544112,3544111,3544111,3544111,3544111,3544111,3544111,3544111,3544111
BENCH family=mp logn=4 pi=166 dir=0 calls=100 old=89711,89711,89711,89711,89711,89711,89711,89711,89711,89711 opt=32411,32411,32411,32411,32411,32411,32411,32411,32411,32411
BENCH family=mp logn=4 pi=166 dir=1 calls=100 old=102611,102611,102611,102611,102611,102611,102611,102611,102611,102611 opt=35011,35011,35011,35011,35011,35011,35011,35011,35011,35011
BENCH family=mp logn=5 pi=166 dir=0 calls=100 old=212111,212111,212111,212111,212111,212111,212111,212111,212111,212111 opt=72611,72611,72611,72611,72611,72611,72611,72611,72611,72611
BENCH family=mp logn=5 pi=166 dir=1 calls=100 old=241811,241811,241811,241811,241811,241811,241811,241811,241811,241811 opt=74311,74311,74311,74311,74311,74311,74311,74311,74311,74311
BENCH family=mp logn=6 pi=166 dir=0 calls=100 old=485211,485211,485211,485211,485211,485211,485211,485211,485211,485211 opt=150211,150211,150211,150211,150211,150211,150211,150211,150211,150211
BENCH family=mp logn=6 pi=166 dir=1 calls=100 old=555811,555811,555811,555811,555811,555811,555811,555811,555811,555811 opt=152311,152311,152311,152311,152311,152311,152311,152311,152311,152311
BENCH family=mp logn=7 pi=166 dir=0 calls=100 old=1124411,1124411,1124411,1124411,1124411,1124411,1124411,1124411,1124411,1124411 opt=348511,348511,348511,348511,348511,348511,348511,348511,348511,348511
BENCH family=mp logn=7 pi=166 dir=1 calls=100 old=1283811,1283811,1283811,1283811,1283811,1283811,1283811,1283811,1283811,1283811 opt=341811,341811,341811,341811,341811,341811,341811,341811,341811,341811
BENCH family=mp logn=8 pi=166 dir=0 calls=100 old=2503111,2503111,2503111,2503111,2503111,2503111,2503111,2503111,2503111,2503111 opt=759411,759411,759411,759411,759411,759411,759411,759411,759411,759411
BENCH family=mp logn=8 pi=166 dir=1 calls=100 old=2866611,2866611,2866611,2866611,2866611,2866611,2866611,2866611,2866611,2866611 opt=735211,735211,735211,735211,735211,735211,735211,735211,735211,735211
BENCH family=mp logn=9 pi=166 dir=0 calls=100 old=5655912,5655911,5655911,5655911,5655911,5655911,5655911,5655911,5655911,5655911 opt=1709911,1709911,1709911,1709911,1709911,1709911,1709911,1709911,1709911,1709911
BENCH family=mp logn=9 pi=166 dir=1 calls=100 old=6458612,6458611,6458611,6458611,6458611,6458611,6458611,6458611,6458611,6458611 opt=1646711,1646711,1646711,1646711,1646711,1646711,1646711,1646711,1646711,1646711
BENCH family=mp logn=10 pi=166 dir=0 calls=100 old=12349811,12349811,12349811,12349811,12349811,12349811,12349811,12349811,12349811,12349812 opt=3696011,3696011,3696011,3696011,3696012,3696011,3696011,3696011,3696011,3696011
BENCH family=mp logn=10 pi=166 dir=1 calls=100 old=14134211,14134211,14134211,14134211,14134212,14134211,14134211,14134211,14134212,14134211 opt=3544111,3544111,3544111,3544111,3544111,3544111,3544111,3544111,3544111,3544111
BENCH family=mp logn=4 pi=167 dir=0 calls=100 old=89711,89711,89711,89711,89711,89711,89711,89711,89711,89711 opt=32411,32411,32411,32411,32411,32411,32411,32411,32411,32411
BENCH family=mp logn=4 pi=167 dir=1 calls=100 old=102611,102611,102611,102611,102611,102611,102611,102611,102611,102611 opt=35011,35011,35011,35011,35011,35011,35011,35011,35011,35011
BENCH family=mp logn=5 pi=167 dir=0 calls=100 old=212111,212111,212111,212111,212111,212111,212111,212111,212111,212111 opt=72611,72611,72611,72611,72611,72611,72611,72611,72611,72611
BENCH family=mp logn=5 pi=167 dir=1 calls=100 old=241811,241811,241811,241811,241811,241811,241811,241811,241811,241811 opt=74311,74311,74311,74311,74311,74311,74311,74311,74311,74311
BENCH family=mp logn=6 pi=167 dir=0 calls=100 old=485211,485211,485211,485211,485211,485211,485211,485211,485211,485211 opt=150211,150211,150211,150211,150211,150211,150211,150211,150211,150211
BENCH family=mp logn=6 pi=167 dir=1 calls=100 old=555811,555811,555811,555811,555811,555811,555811,555811,555811,555811 opt=152311,152311,152311,152311,152311,152311,152311,152311,152311,152311
BENCH family=mp logn=7 pi=167 dir=0 calls=100 old=1124411,1124411,1124411,1124411,1124411,1124411,1124411,1124412,1124411,1124411 opt=348511,348511,348511,348511,348511,348511,348511,348511,348511,348511
BENCH family=mp logn=7 pi=167 dir=1 calls=100 old=1283811,1283811,1283811,1283811,1283811,1283811,1283811,1283811,1283811,1283811 opt=341811,341811,341811,341811,341811,341811,341811,341811,341811,341811
BENCH family=mp logn=8 pi=167 dir=0 calls=100 old=2503111,2503111,2503111,2503111,2503111,2503111,2503111,2503111,2503111,2503111 opt=759411,759411,759411,759411,759411,759411,759411,759411,759411,759411
BENCH family=mp logn=8 pi=167 dir=1 calls=100 old=2866611,2866611,2866611,2866611,2866612,2866611,2866611,2866611,2866611,2866611 opt=735211,735211,735211,735211,735211,735211,735211,735211,735211,735211
BENCH family=mp logn=9 pi=167 dir=0 calls=100 old=5655911,5655911,5655911,5655911,5655911,5655911,5655911,5655912,5655911,5655911 opt=1709911,1709911,1709911,1709911,1709911,1709911,1709911,1709911,1709911,1709911
BENCH family=mp logn=9 pi=167 dir=1 calls=100 old=6458611,6458611,6458611,6458611,6458611,6458611,6458611,6458611,6458611,6458611 opt=1646711,1646711,1646711,1646711,1646711,1646711,1646711,1646712,1646711,1646711
BENCH family=mp logn=10 pi=167 dir=0 calls=100 old=12349811,12349811,12349811,12349811,12349811,12349811,12349811,12349811,12349812,12349811 opt=3696011,3696011,3696011,3696012,3696011,3696011,3696011,3696011,3696011,3696011
BENCH family=mp logn=10 pi=167 dir=1 calls=100 old=14134211,14134211,14134212,14134211,14134211,14134211,14134211,14134211,14134211,14134211 opt=3544111,3544111,3544111,3544111,3544111,3544111,3544111,3544112,3544111,3544111
BENCH family=mp logn=4 pi=168 dir=0 calls=100 old=89711,89711,89711,89711,89711,89711,89711,89711,89711,89711 opt=32411,32411,32411,32411,32411,32411,32411,32411,32411,32411
BENCH family=mp logn=4 pi=168 dir=1 calls=100 old=102611,102611,102611,102611,102611,102611,102611,102611,102611,102611 opt=35011,35011,35011,35011,35011,35011,35011,35011,35011,35011
BENCH family=mp logn=5 pi=168 dir=0 calls=100 old=212111,212111,212111,212111,212111,212111,212111,212111,212111,212111 opt=72611,72611,72611,72611,72611,72611,72611,72611,72611,72611
BENCH family=mp logn=5 pi=168 dir=1 calls=100 old=241811,241811,241811,241811,241811,241811,241811,241811,241811,241811 opt=74311,74311,74311,74311,74311,74311,74311,74311,74311,74311
BENCH family=mp logn=6 pi=168 dir=0 calls=100 old=485211,485211,485211,485211,485211,485211,485211,485212,485211,485211 opt=150211,150211,150211,150211,150211,150211,150211,150211,150211,150211
BENCH family=mp logn=6 pi=168 dir=1 calls=100 old=555811,555811,555811,555811,555811,555811,555811,555811,555811,555811 opt=152311,152311,152311,152311,152311,152311,152311,152311,152311,152311
BENCH family=mp logn=7 pi=168 dir=0 calls=100 old=1124411,1124411,1124411,1124411,1124411,1124411,1124411,1124411,1124411,1124411 opt=348511,348511,348511,348511,348511,348511,348511,348511,348511,348511
BENCH family=mp logn=7 pi=168 dir=1 calls=100 old=1283811,1283811,1283811,1283811,1283811,1283811,1283811,1283811,1283811,1283811 opt=341811,341811,341811,341811,341811,341811,341811,341811,341811,341811
BENCH family=mp logn=8 pi=168 dir=0 calls=100 old=2503111,2503111,2503111,2503111,2503111,2503111,2503111,2503111,2503112,2503111 opt=759411,759411,759411,759411,759411,759411,759411,759411,759411,759411
BENCH family=mp logn=8 pi=168 dir=1 calls=100 old=2866611,2866611,2866611,2866611,2866611,2866611,2866611,2866611,2866611,2866611 opt=735211,735211,735211,735211,735211,735211,735211,735211,735211,735211
BENCH family=mp logn=9 pi=168 dir=0 calls=100 old=5655911,5655911,5655911,5655911,5655912,5655911,5655911,5655911,5655911,5655911 opt=1709911,1709911,1709911,1709911,1709911,1709911,1709911,1709911,1709911,1709911
BENCH family=mp logn=9 pi=168 dir=1 calls=100 old=6458611,6458611,6458611,6458611,6458612,6458611,6458611,6458611,6458611,6458611 opt=1646711,1646711,1646711,1646711,1646711,1646711,1646711,1646711,1646711,1646711
BENCH family=mp logn=10 pi=168 dir=0 calls=100 old=12349811,12349812,12349811,12349811,12349811,12349811,12349812,12349811,12349811,12349811 opt=3696011,3696011,3696011,3696011,3696011,3696011,3696011,3696011,3696011,3696011
BENCH family=mp logn=10 pi=168 dir=1 calls=100 old=14134211,14134211,14134211,14134211,14134211,14134212,14134211,14134211,14134211,14134211 opt=3544111,3544112,3544111,3544111,3544111,3544111,3544111,3544111,3544111,3544111
PROGRESS timing_prime=168
BENCH family=mp logn=4 pi=169 dir=0 calls=100 old=89711,89711,89711,89711,89711,89711,89711,89711,89711,89711 opt=32411,32411,32411,32411,32411,32411,32411,32411,32411,32411
BENCH family=mp logn=4 pi=169 dir=1 calls=100 old=102611,102611,102611,102611,102611,102611,102611,102611,102611,102611 opt=35011,35011,35011,35011,35011,35011,35011,35011,35011,35011
BENCH family=mp logn=5 pi=169 dir=0 calls=100 old=212111,212111,212111,212111,212111,212111,212111,212111,212111,212111 opt=72611,72611,72611,72611,72611,72611,72611,72611,72611,72611
BENCH family=mp logn=5 pi=169 dir=1 calls=100 old=241811,241811,241811,241811,241811,241811,241811,241811,241811,241811 opt=74311,74311,74311,74311,74311,74311,74311,74311,74311,74311
BENCH family=mp logn=6 pi=169 dir=0 calls=100 old=485211,485211,485211,485211,485211,485211,485211,485211,485211,485211 opt=150211,150211,150211,150211,150211,150211,150211,150211,150211,150211
BENCH family=mp logn=6 pi=169 dir=1 calls=100 old=555811,555811,555811,555811,555811,555811,555811,555811,555811,555811 opt=152311,152311,152311,152311,152311,152311,152311,152311,152311,152311
BENCH family=mp logn=7 pi=169 dir=0 calls=100 old=1124411,1124411,1124411,1124411,1124411,1124411,1124411,1124411,1124411,1124411 opt=348511,348511,348511,348511,348511,348511,348511,348511,348511,348511
BENCH family=mp logn=7 pi=169 dir=1 calls=100 old=1283811,1283811,1283811,1283811,1283811,1283811,1283811,1283811,1283811,1283811 opt=341811,341811,341811,341811,341811,341811,341811,341811,341811,341811
BENCH family=mp logn=8 pi=169 dir=0 calls=100 old=2503111,2503111,2503111,2503111,2503111,2503111,2503111,2503111,2503111,2503111 opt=759411,759411,759411,759411,759411,759411,759411,759411,759411,759411
BENCH family=mp logn=8 pi=169 dir=1 calls=100 old=2866611,2866611,2866611,2866611,2866611,2866611,2866611,2866611,2866611,2866611 opt=735211,735211,735211,735211,735211,735211,735211,735211,735211,735211
BENCH family=mp logn=9 pi=169 dir=0 calls=100 old=5655912,5655911,5655911,5655911,5655911,5655911,5655911,5655911,5655911,5655911 opt=1709911,1709911,1709911,1709911,1709911,1709911,1709911,1709911,1709911,1709911
BENCH family=mp logn=9 pi=169 dir=1 calls=100 old=6458612,6458611,6458611,6458611,6458611,6458611,6458611,6458611,6458611,6458611 opt=1646711,1646711,1646711,1646711,1646711,1646711,1646711,1646711,1646711,1646711
BENCH family=mp logn=10 pi=169 dir=0 calls=100 old=12349811,12349811,12349811,12349811,12349811,12349811,12349811,12349811,12349811,12349812 opt=3696011,3696011,3696011,3696011,3696012,3696011,3696011,3696011,3696011,3696011
BENCH family=mp logn=10 pi=169 dir=1 calls=100 old=14134211,14134211,14134211,14134211,14134212,14134211,14134211,14134211,14134212,14134211 opt=3544111,3544111,3544111,3544111,3544111,3544111,3544111,3544111,3544111,3544111
BENCH family=mp logn=4 pi=170 dir=0 calls=100 old=89711,89711,89711,89711,89711,89711,89711,89711,89711,89711 opt=32411,32411,32411,32411,32411,32411,32411,32411,32411,32411
BENCH family=mp logn=4 pi=170 dir=1 calls=100 old=102611,102611,102611,102611,102611,102611,102611,102611,102611,102611 opt=35011,35011,35011,35011,35011,35011,35011,35011,35011,35011
BENCH family=mp logn=5 pi=170 dir=0 calls=100 old=212111,212111,212111,212111,212111,212111,212111,212111,212111,212111 opt=72611,72611,72611,72611,72611,72611,72611,72611,72611,72611
BENCH family=mp logn=5 pi=170 dir=1 calls=100 old=241811,241811,241811,241811,241811,241811,241811,241811,241811,241811 opt=74311,74311,74311,74311,74311,74311,74311,74311,74311,74311
BENCH family=mp logn=6 pi=170 dir=0 calls=100 old=485211,485211,485211,485211,485211,485211,485211,485211,485211,485211 opt=150211,150211,150211,150211,150211,150211,150211,150211,150211,150211
BENCH family=mp logn=6 pi=170 dir=1 calls=100 old=555811,555811,555811,555811,555811,555811,555811,555811,555811,555811 opt=152311,152311,152311,152311,152311,152311,152311,152311,152311,152311
BENCH family=mp logn=7 pi=170 dir=0 calls=100 old=1124411,1124411,1124411,1124411,1124411,1124411,1124411,1124411,1124412,1124411 opt=348511,348511,348511,348511,348511,348511,348511,348511,348511,348511
BENCH family=mp logn=7 pi=170 dir=1 calls=100 old=1283811,1283811,1283811,1283811,1283811,1283811,1283811,1283811,1283811,1283811 opt=341811,341811,341811,341811,341811,341811,341811,341811,341811,341811
BENCH family=mp logn=8 pi=170 dir=0 calls=100 old=2503111,2503111,2503111,2503111,2503111,2503111,2503111,2503111,2503111,2503111 opt=759411,759411,759411,759411,759411,759411,759411,759411,759411,759411
BENCH family=mp logn=8 pi=170 dir=1 calls=100 old=2866611,2866611,2866611,2866611,2866611,2866612,2866611,2866611,2866611,2866611 opt=735211,735211,735211,735211,735211,735211,735211,735211,735211,735211
BENCH family=mp logn=9 pi=170 dir=0 calls=100 old=5655911,5655911,5655911,5655911,5655911,5655911,5655911,5655912,5655911,5655911 opt=1709911,1709911,1709911,1709911,1709911,1709911,1709911,1709911,1709911,1709911
BENCH family=mp logn=9 pi=170 dir=1 calls=100 old=6458611,6458611,6458611,6458611,6458611,6458611,6458611,6458612,6458611,6458611 opt=1646711,1646711,1646711,1646711,1646711,1646711,1646711,1646711,1646711,1646711
BENCH family=mp logn=10 pi=170 dir=0 calls=100 old=12349811,12349811,12349811,12349812,12349811,12349811,12349811,12349811,12349812,12349811 opt=3696011,3696011,3696011,3696011,3696011,3696011,3696011,3696011,3696011,3696011
BENCH family=mp logn=10 pi=170 dir=1 calls=100 old=14134211,14134211,14134212,14134211,14134211,14134211,14134211,14134212,14134211,14134211 opt=3544111,3544111,3544111,3544111,3544111,3544111,3544111,3544111,3544111,3544111
BENCH family=mp logn=4 pi=171 dir=0 calls=100 old=89711,89711,89711,89711,89711,89711,89711,89711,89711,89711 opt=32411,32411,32411,32411,32411,32411,32411,32411,32411,32411
BENCH family=mp logn=4 pi=171 dir=1 calls=100 old=102611,102611,102611,102611,102611,102611,102611,102611,102611,102611 opt=35011,35011,35011,35011,35011,35011,35011,35011,35011,35011
BENCH family=mp logn=5 pi=171 dir=0 calls=100 old=212111,212111,212111,212111,212111,212111,212111,212111,212111,212111 opt=72611,72611,72611,72611,72611,72611,72611,72611,72611,72611
BENCH family=mp logn=5 pi=171 dir=1 calls=100 old=241811,241811,241811,241811,241811,241811,241811,241811,241811,241811 opt=74311,74311,74311,74311,74311,74311,74311,74311,74311,74311
BENCH family=mp logn=6 pi=171 dir=0 calls=100 old=485211,485211,485211,485211,485211,485211,485211,485211,485211,485211 opt=150211,150211,150211,150211,150211,150211,150211,150211,150211,150211
BENCH family=mp logn=6 pi=171 dir=1 calls=100 old=555811,555811,555811,555811,555811,555811,555811,555811,555811,555811 opt=152311,152311,152311,152311,152311,152311,152311,152311,152311,152311
BENCH family=mp logn=7 pi=171 dir=0 calls=100 old=1124411,1124411,1124411,1124411,1124411,1124411,1124411,1124411,1124411,1124411 opt=348511,348511,348511,348511,348511,348511,348511,348511,348511,348511
BENCH family=mp logn=7 pi=171 dir=1 calls=100 old=1283811,1283811,1283811,1283811,1283811,1283811,1283811,1283811,1283811,1283811 opt=341811,341811,341811,341811,341811,341811,341811,341811,341811,341811
BENCH family=mp logn=8 pi=171 dir=0 calls=100 old=2503111,2503111,2503111,2503111,2503111,2503111,2503111,2503111,2503111,2503111 opt=759411,759411,759411,759411,759411,759411,759411,759411,759412,759411
BENCH family=mp logn=8 pi=171 dir=1 calls=100 old=2866611,2866611,2866611,2866611,2866611,2866611,2866611,2866611,2866611,2866611 opt=735211,735211,735211,735211,735211,735211,735211,735211,735211,735211
BENCH family=mp logn=9 pi=171 dir=0 calls=100 old=5655911,5655911,5655911,5655911,5655912,5655911,5655911,5655911,5655911,5655911 opt=1709911,1709911,1709911,1709911,1709911,1709911,1709911,1709911,1709911,1709911
BENCH family=mp logn=9 pi=171 dir=1 calls=100 old=6458611,6458611,6458611,6458611,6458612,6458611,6458611,6458611,6458611,6458611 opt=1646711,1646711,1646711,1646711,1646711,1646711,1646711,1646711,1646711,1646711
BENCH family=mp logn=10 pi=171 dir=0 calls=100 old=12349811,12349812,12349811,12349811,12349811,12349811,12349812,12349811,12349811,12349811 opt=3696011,3696011,3696011,3696011,3696011,3696011,3696011,3696011,3696011,3696011
BENCH family=mp logn=10 pi=171 dir=1 calls=100 old=14134211,14134212,14134211,14134211,14134211,14134212,14134211,14134211,14134211,14134211 opt=3544111,3544111,3544111,3544111,3544111,3544111,3544111,3544111,3544111,3544111
BENCH family=mp logn=4 pi=172 dir=0 calls=100 old=89711,89711,89711,89711,89711,89711,89711,89711,89711,89711 opt=32411,32411,32411,32411,32411,32411,32411,32411,32411,32411
BENCH family=mp logn=4 pi=172 dir=1 calls=100 old=102611,102611,102611,102611,102611,102611,102611,102611,102611,102611 opt=35011,35011,35011,35011,35011,35011,35011,35011,35011,35011
BENCH family=mp logn=5 pi=172 dir=0 calls=100 old=212111,212111,212111,212111,212111,212111,212111,212111,212111,212111 opt=72611,72611,72611,72611,72611,72611,72611,72611,72611,72611
BENCH family=mp logn=5 pi=172 dir=1 calls=100 old=241811,241811,241811,241811,241811,241811,241811,241811,241811,241811 opt=74311,74311,74311,74311,74311,74311,74311,74311,74311,74311
BENCH family=mp logn=6 pi=172 dir=0 calls=100 old=485211,485211,485211,485211,485211,485211,485211,485211,485211,485211 opt=150211,150211,150211,150211,150211,150211,150211,150211,150211,150211
BENCH family=mp logn=6 pi=172 dir=1 calls=100 old=555811,555811,555811,555811,555811,555811,555811,555811,555811,555811 opt=152311,152311,152311,152311,152311,152311,152311,152311,152311,152311
BENCH family=mp logn=7 pi=172 dir=0 calls=100 old=1124411,1124411,1124411,1124411,1124411,1124411,1124411,1124411,1124411,1124411 opt=348511,348511,348511,348511,348511,348511,348511,348511,348511,348511
BENCH family=mp logn=7 pi=172 dir=1 calls=100 old=1283811,1283811,1283811,1283811,1283811,1283811,1283811,1283811,1283811,1283811 opt=341811,341811,341811,341811,341811,341811,341811,341811,341811,341811
BENCH family=mp logn=8 pi=172 dir=0 calls=100 old=2503111,2503111,2503111,2503111,2503111,2503111,2503111,2503111,2503111,2503111 opt=759412,759411,759411,759411,759411,759411,759411,759411,759411,759411
BENCH family=mp logn=8 pi=172 dir=1 calls=100 old=2866611,2866611,2866611,2866611,2866611,2866611,2866611,2866611,2866611,2866611 opt=735211,735211,735211,735211,735211,735211,735211,735211,735211,735211
BENCH family=mp logn=9 pi=172 dir=0 calls=100 old=5655912,5655911,5655911,5655911,5655911,5655911,5655911,5655911,5655911,5655911 opt=1709911,1709911,1709911,1709911,1709911,1709911,1709911,1709911,1709911,1709911
BENCH family=mp logn=9 pi=172 dir=1 calls=100 old=6458611,6458611,6458611,6458611,6458611,6458611,6458611,6458611,6458611,6458611 opt=1646711,1646712,1646711,1646711,1646711,1646711,1646711,1646711,1646711,1646711
BENCH family=mp logn=10 pi=172 dir=0 calls=100 old=12349812,12349811,12349811,12349811,12349811,12349811,12349811,12349811,12349811,12349811 opt=3696011,3696011,3696011,3696011,3696011,3696012,3696011,3696011,3696011,3696011
BENCH family=mp logn=10 pi=172 dir=1 calls=100 old=14134211,14134211,14134211,14134211,14134212,14134211,14134211,14134211,14134211,14134211 opt=3544111,3544111,3544111,3544111,3544111,3544111,3544111,3544111,3544112,3544111
BENCH family=mp logn=4 pi=173 dir=0 calls=100 old=89711,89711,89711,89711,89711,89711,89711,89711,89711,89711 opt=32411,32411,32411,32411,32411,32411,32411,32411,32411,32411
BENCH family=mp logn=4 pi=173 dir=1 calls=100 old=102611,102611,102611,102611,102611,102611,102611,102611,102611,102611 opt=35011,35011,35011,35011,35011,35011,35011,35011,35011,35011
BENCH family=mp logn=5 pi=173 dir=0 calls=100 old=212111,212111,212111,212111,212111,212111,212111,212111,212111,212111 opt=72611,72611,72611,72611,72611,72611,72611,72611,72611,72611
BENCH family=mp logn=5 pi=173 dir=1 calls=100 old=241811,241811,241811,241811,241811,241811,241811,241811,241811,241811 opt=74311,74311,74311,74311,74311,74311,74311,74311,74311,74311
BENCH family=mp logn=6 pi=173 dir=0 calls=100 old=485211,485211,485211,485211,485211,485211,485211,485211,485211,485211 opt=150211,150211,150211,150211,150211,150211,150211,150211,150211,150211
BENCH family=mp logn=6 pi=173 dir=1 calls=100 old=555811,555811,555811,555811,555811,555811,555811,555811,555811,555811 opt=152311,152311,152311,152311,152311,152311,152311,152311,152311,152311
BENCH family=mp logn=7 pi=173 dir=0 calls=100 old=1124411,1124411,1124411,1124411,1124411,1124411,1124411,1124411,1124411,1124412 opt=348511,348511,348511,348511,348511,348511,348511,348511,348511,348511
BENCH family=mp logn=7 pi=173 dir=1 calls=100 old=1283811,1283811,1283811,1283811,1283811,1283811,1283811,1283811,1283811,1283811 opt=341811,341811,341811,341811,341811,341811,341811,341811,341811,341811
BENCH family=mp logn=8 pi=173 dir=0 calls=100 old=2503111,2503111,2503111,2503111,2503111,2503111,2503111,2503111,2503111,2503111 opt=759411,759411,759411,759411,759411,759411,759411,759411,759411,759411
BENCH family=mp logn=8 pi=173 dir=1 calls=100 old=2866611,2866611,2866611,2866611,2866611,2866612,2866611,2866611,2866611,2866611 opt=735211,735211,735211,735211,735211,735211,735211,735211,735211,735211
BENCH family=mp logn=9 pi=173 dir=0 calls=100 old=5655911,5655911,5655911,5655911,5655911,5655911,5655911,5655911,5655912,5655911 opt=1709911,1709911,1709911,1709911,1709911,1709911,1709911,1709911,1709911,1709911
BENCH family=mp logn=9 pi=173 dir=1 calls=100 old=6458611,6458611,6458611,6458611,6458611,6458611,6458611,6458612,6458611,6458611 opt=1646711,1646711,1646711,1646711,1646711,1646711,1646711,1646711,1646711,1646711
BENCH family=mp logn=10 pi=173 dir=0 calls=100 old=12349811,12349811,12349811,12349812,12349811,12349811,12349811,12349811,12349812,12349811 opt=3696011,3696011,3696011,3696011,3696011,3696011,3696011,3696011,3696011,3696011
BENCH family=mp logn=10 pi=173 dir=1 calls=100 old=14134211,14134211,14134211,14134211,14134211,14134211,14134211,14134212,14134211,14134211 opt=3544111,3544111,3544112,3544111,3544111,3544111,3544111,3544111,3544111,3544111
BENCH family=mp logn=4 pi=174 dir=0 calls=100 old=89711,89711,89711,89711,89711,89711,89711,89711,89711,89711 opt=32411,32411,32411,32411,32411,32411,32411,32411,32411,32411
BENCH family=mp logn=4 pi=174 dir=1 calls=100 old=102611,102611,102611,102611,102611,102611,102611,102611,102611,102611 opt=35011,35011,35011,35011,35011,35011,35011,35011,35011,35011
BENCH family=mp logn=5 pi=174 dir=0 calls=100 old=212111,212111,212111,212111,212111,212111,212111,212111,212111,212111 opt=72611,72611,72611,72611,72611,72611,72611,72611,72611,72611
BENCH family=mp logn=5 pi=174 dir=1 calls=100 old=241811,241811,241811,241811,241811,241811,241811,241811,241811,241811 opt=74311,74311,74311,74311,74311,74311,74311,74311,74311,74311
BENCH family=mp logn=6 pi=174 dir=0 calls=100 old=485211,485211,485211,485211,485211,485211,485211,485211,485211,485211 opt=150211,150211,150211,150211,150211,150211,150211,150211,150211,150211
BENCH family=mp logn=6 pi=174 dir=1 calls=100 old=555811,555811,555811,555811,555811,555811,555811,555811,555811,555811 opt=152312,152311,152311,152311,152311,152311,152311,152311,152311,152311
BENCH family=mp logn=7 pi=174 dir=0 calls=100 old=1124411,1124411,1124411,1124411,1124411,1124411,1124411,1124411,1124411,1124411 opt=348511,348511,348511,348511,348511,348511,348511,348511,348511,348511
BENCH family=mp logn=7 pi=174 dir=1 calls=100 old=1283811,1283811,1283811,1283811,1283811,1283811,1283811,1283811,1283811,1283811 opt=341811,341811,341811,341811,341811,341811,341811,341811,341811,341811
BENCH family=mp logn=8 pi=174 dir=0 calls=100 old=2503111,2503111,2503111,2503111,2503111,2503111,2503111,2503111,2503111,2503112 opt=759411,759411,759411,759411,759411,759411,759411,759411,759411,759411
BENCH family=mp logn=8 pi=174 dir=1 calls=100 old=2866611,2866611,2866611,2866611,2866611,2866611,2866611,2866611,2866611,2866611 opt=735211,735211,735211,735211,735211,735211,735211,735211,735211,735211
BENCH family=mp logn=9 pi=174 dir=0 calls=100 old=5655911,5655911,5655911,5655911,5655912,5655911,5655911,5655911,5655911,5655911 opt=1709911,1709911,1709911,1709911,1709911,1709911,1709911,1709911,1709911,1709911
BENCH family=mp logn=9 pi=174 dir=1 calls=100 old=6458611,6458611,6458611,6458611,6458612,6458611,6458611,6458611,6458611,6458611 opt=1646711,1646711,1646711,1646711,1646711,1646711,1646711,1646711,1646711,1646711
BENCH family=mp logn=10 pi=174 dir=0 calls=100 old=12349811,12349812,12349811,12349811,12349811,12349811,12349811,12349811,12349811,12349811 opt=3696011,3696011,3696011,3696011,3696011,3696011,3696011,3696012,3696011,3696011
BENCH family=mp logn=10 pi=174 dir=1 calls=100 old=14134211,14134212,14134211,14134211,14134211,14134211,14134212,14134211,14134211,14134211 opt=3544111,3544111,3544111,3544111,3544111,3544111,3544111,3544111,3544111,3544111
BENCH family=mp logn=4 pi=175 dir=0 calls=100 old=89711,89711,89711,89711,89711,89711,89711,89711,89711,89711 opt=32411,32411,32411,32411,32411,32411,32411,32411,32411,32411
BENCH family=mp logn=4 pi=175 dir=1 calls=100 old=102611,102611,102611,102611,102611,102611,102611,102611,102611,102611 opt=35011,35011,35011,35011,35011,35011,35011,35011,35011,35011
BENCH family=mp logn=5 pi=175 dir=0 calls=100 old=212111,212111,212111,212111,212111,212111,212111,212111,212111,212111 opt=72611,72611,72611,72611,72611,72611,72611,72611,72611,72611
BENCH family=mp logn=5 pi=175 dir=1 calls=100 old=241811,241811,241811,241811,241811,241811,241811,241811,241811,241811 opt=74311,74311,74311,74311,74311,74311,74311,74311,74311,74311
BENCH family=mp logn=6 pi=175 dir=0 calls=100 old=485211,485211,485211,485211,485211,485211,485211,485211,485211,485211 opt=150211,150211,150211,150211,150211,150211,150211,150211,150211,150211
BENCH family=mp logn=6 pi=175 dir=1 calls=100 old=555811,555811,555811,555811,555811,555811,555811,555811,555811,555811 opt=152311,152311,152311,152311,152311,152311,152311,152311,152311,152311
BENCH family=mp logn=7 pi=175 dir=0 calls=100 old=1124411,1124411,1124411,1124411,1124411,1124411,1124411,1124411,1124411,1124411 opt=348511,348511,348511,348511,348511,348511,348511,348511,348511,348511
BENCH family=mp logn=7 pi=175 dir=1 calls=100 old=1283811,1283811,1283811,1283811,1283811,1283811,1283811,1283811,1283811,1283811 opt=341811,341811,341811,341811,341811,341811,341811,341811,341811,341811
BENCH family=mp logn=8 pi=175 dir=0 calls=100 old=2503111,2503111,2503112,2503111,2503111,2503111,2503111,2503111,2503111,2503111 opt=759411,759411,759411,759411,759411,759411,759411,759411,759411,759411
BENCH family=mp logn=8 pi=175 dir=1 calls=100 old=2866611,2866611,2866611,2866611,2866611,2866611,2866611,2866611,2866611,2866611 opt=735211,735211,735211,735211,735211,735211,735211,735211,735211,735211
BENCH family=mp logn=9 pi=175 dir=0 calls=100 old=5655911,5655912,5655911,5655911,5655911,5655911,5655911,5655911,5655911,5655911 opt=1709911,1709911,1709911,1709911,1709911,1709911,1709911,1709911,1709911,1709911
BENCH family=mp logn=9 pi=175 dir=1 calls=100 old=6458611,6458612,6458611,6458611,6458611,6458611,6458611,6458611,6458611,6458611 opt=1646711,1646711,1646711,1646711,1646711,1646711,1646711,1646711,1646711,1646711
BENCH family=mp logn=10 pi=175 dir=0 calls=100 old=12349812,12349811,12349811,12349811,12349811,12349812,12349811,12349811,12349811,12349811 opt=3696011,3696011,3696011,3696011,3696011,3696011,3696011,3696011,3696011,3696011
BENCH family=mp logn=10 pi=175 dir=1 calls=100 old=14134212,14134211,14134211,14134211,14134212,14134211,14134211,14134211,14134211,14134212 opt=3544111,3544111,3544111,3544111,3544111,3544111,3544111,3544111,3544111,3544111
BENCH family=mp logn=4 pi=176 dir=0 calls=100 old=89711,89711,89711,89711,89711,89711,89711,89711,89711,89711 opt=32411,32411,32411,32411,32411,32411,32411,32411,32411,32411
BENCH family=mp logn=4 pi=176 dir=1 calls=100 old=102611,102611,102611,102611,102611,102611,102611,102611,102611,102611 opt=35011,35011,35011,35011,35011,35011,35011,35011,35011,35011
BENCH family=mp logn=5 pi=176 dir=0 calls=100 old=212111,212111,212111,212111,212111,212111,212111,212111,212111,212111 opt=72611,72611,72611,72611,72611,72611,72611,72611,72611,72611
BENCH family=mp logn=5 pi=176 dir=1 calls=100 old=241811,241811,241811,241811,241811,241811,241811,241811,241811,241811 opt=74311,74311,74311,74311,74311,74311,74311,74311,74311,74311
BENCH family=mp logn=6 pi=176 dir=0 calls=100 old=485211,485211,485211,485211,485211,485211,485211,485211,485211,485211 opt=150211,150211,150211,150211,150211,150211,150211,150211,150211,150211
BENCH family=mp logn=6 pi=176 dir=1 calls=100 old=555811,555811,555811,555811,555811,555811,555811,555811,555811,555811 opt=152311,152311,152311,152311,152311,152311,152311,152311,152311,152311
BENCH family=mp logn=7 pi=176 dir=0 calls=100 old=1124411,1124411,1124411,1124411,1124411,1124411,1124411,1124411,1124411,1124411 opt=348511,348511,348511,348511,348511,348511,348511,348511,348511,348511
BENCH family=mp logn=7 pi=176 dir=1 calls=100 old=1283811,1283812,1283811,1283811,1283811,1283811,1283811,1283811,1283811,1283811 opt=341811,341811,341811,341811,341811,341811,341811,341811,341811,341811
BENCH family=mp logn=8 pi=176 dir=0 calls=100 old=2503111,2503111,2503111,2503111,2503111,2503111,2503111,2503111,2503111,2503111 opt=759411,759411,759411,759411,759411,759411,759411,759411,759411,759411
BENCH family=mp logn=8 pi=176 dir=1 calls=100 old=2866611,2866611,2866611,2866611,2866611,2866611,2866611,2866612,2866611,2866611 opt=735211,735211,735211,735211,735211,735211,735211,735211,735211,735211
BENCH family=mp logn=9 pi=176 dir=0 calls=100 old=5655911,5655911,5655911,5655911,5655911,5655911,5655911,5655911,5655911,5655911 opt=1709911,1709911,1709911,1709911,1709911,1709911,1709911,1709911,1709912,1709911
BENCH family=mp logn=9 pi=176 dir=1 calls=100 old=6458611,6458611,6458611,6458611,6458611,6458611,6458611,6458611,6458612,6458611 opt=1646711,1646711,1646711,1646711,1646711,1646711,1646711,1646711,1646711,1646711
BENCH family=mp logn=10 pi=176 dir=0 calls=100 old=12349811,12349811,12349811,12349812,12349811,12349811,12349811,12349811,12349811,12349811 opt=3696011,3696011,3696011,3696011,3696011,3696011,3696011,3696011,3696012,3696011
BENCH family=mp logn=10 pi=176 dir=1 calls=100 old=14134211,14134211,14134211,14134211,14134211,14134211,14134211,14134212,14134211,14134211 opt=3544111,3544111,3544111,3544112,3544111,3544111,3544111,3544111,3544111,3544111
BENCH family=mp logn=4 pi=177 dir=0 calls=100 old=89711,89711,89711,89711,89711,89711,89711,89711,89711,89711 opt=32411,32411,32411,32411,32411,32411,32411,32411,32411,32411
BENCH family=mp logn=4 pi=177 dir=1 calls=100 old=102611,102611,102611,102611,102611,102611,102611,102611,102611,102611 opt=35011,35011,35011,35011,35011,35011,35011,35011,35011,35011
BENCH family=mp logn=5 pi=177 dir=0 calls=100 old=212111,212111,212111,212111,212111,212111,212111,212111,212111,212111 opt=72611,72611,72611,72611,72611,72611,72611,72611,72611,72611
BENCH family=mp logn=5 pi=177 dir=1 calls=100 old=241811,241811,241811,241811,241811,241811,241811,241811,241811,241811 opt=74311,74311,74311,74311,74311,74311,74311,74311,74311,74311
BENCH family=mp logn=6 pi=177 dir=0 calls=100 old=485211,485211,485211,485211,485211,485211,485211,485211,485211,485211 opt=150211,150211,150211,150211,150211,150211,150211,150211,150211,150211
BENCH family=mp logn=6 pi=177 dir=1 calls=100 old=555811,555811,555811,555811,555811,555812,555811,555811,555811,555811 opt=152311,152311,152311,152311,152311,152311,152311,152311,152311,152311
BENCH family=mp logn=7 pi=177 dir=0 calls=100 old=1124411,1124411,1124411,1124411,1124411,1124411,1124411,1124411,1124411,1124411 opt=348511,348511,348511,348511,348511,348511,348511,348511,348511,348511
BENCH family=mp logn=7 pi=177 dir=1 calls=100 old=1283811,1283811,1283811,1283811,1283811,1283811,1283811,1283811,1283811,1283811 opt=341811,341811,341811,341811,341811,341811,341811,341811,341811,341811
BENCH family=mp logn=8 pi=177 dir=0 calls=100 old=2503111,2503111,2503111,2503111,2503111,2503111,2503111,2503111,2503111,2503111 opt=759411,759411,759411,759411,759411,759411,759411,759411,759411,759411
BENCH family=mp logn=8 pi=177 dir=1 calls=100 old=2866611,2866611,2866611,2866611,2866611,2866611,2866611,2866611,2866611,2866611 opt=735211,735211,735211,735211,735211,735211,735211,735211,735211,735211
BENCH family=mp logn=9 pi=177 dir=0 calls=100 old=5655911,5655911,5655911,5655911,5655911,5655911,5655911,5655911,5655911,5655911 opt=1709911,1709911,1709911,1709911,1709911,1709912,1709911,1709911,1709911,1709911
BENCH family=mp logn=9 pi=177 dir=1 calls=100 old=6458611,6458611,6458611,6458611,6458611,6458611,6458611,6458611,6458611,6458611 opt=1646711,1646711,1646711,1646711,1646711,1646712,1646711,1646711,1646711,1646711
BENCH family=mp logn=10 pi=177 dir=0 calls=100 old=12349811,12349811,12349812,12349811,12349811,12349811,12349811,12349811,12349811,12349811 opt=3696011,3696011,3696011,3696011,3696011,3696011,3696011,3696012,3696011,3696011
BENCH family=mp logn=10 pi=177 dir=1 calls=100 old=14134211,14134212,14134211,14134211,14134211,14134211,14134212,14134211,14134211,14134211 opt=3544111,3544111,3544111,3544111,3544111,3544111,3544111,3544111,3544111,3544111
BENCH family=mp logn=4 pi=178 dir=0 calls=100 old=89711,89711,89711,89711,89711,89711,89711,89711,89711,89711 opt=32411,32411,32411,32411,32411,32411,32411,32411,32411,32411
BENCH family=mp logn=4 pi=178 dir=1 calls=100 old=102611,102611,102611,102611,102611,102611,102611,102611,102611,102611 opt=35011,35011,35011,35011,35011,35011,35011,35011,35011,35011
BENCH family=mp logn=5 pi=178 dir=0 calls=100 old=212111,212111,212111,212111,212111,212111,212111,212111,212111,212111 opt=72611,72611,72611,72611,72611,72611,72611,72611,72611,72611
BENCH family=mp logn=5 pi=178 dir=1 calls=100 old=241811,241811,241811,241811,241811,241811,241811,241811,241811,241811 opt=74311,74311,74311,74311,74311,74311,74311,74311,74311,74311
BENCH family=mp logn=6 pi=178 dir=0 calls=100 old=485211,485211,485211,485211,485211,485211,485211,485211,485211,485211 opt=150211,150211,150211,150211,150211,150211,150211,150211,150211,150211
BENCH family=mp logn=6 pi=178 dir=1 calls=100 old=555811,555811,555811,555811,555811,555811,555811,555811,555811,555811 opt=152311,152311,152311,152311,152311,152311,152311,152311,152311,152311
BENCH family=mp logn=7 pi=178 dir=0 calls=100 old=1124411,1124411,1124411,1124411,1124411,1124411,1124411,1124411,1124411,1124411 opt=348511,348511,348511,348511,348511,348511,348511,348511,348511,348511
BENCH family=mp logn=7 pi=178 dir=1 calls=100 old=1283811,1283811,1283811,1283811,1283811,1283811,1283811,1283811,1283811,1283811 opt=341811,341811,341811,341811,341811,341811,341811,341811,341811,341811
BENCH family=mp logn=8 pi=178 dir=0 calls=100 old=2503111,2503111,2503111,2503111,2503111,2503111,2503111,2503111,2503111,2503111 opt=759411,759411,759412,759411,759411,759411,759411,759411,759411,759411
BENCH family=mp logn=8 pi=178 dir=1 calls=100 old=2866611,2866611,2866611,2866611,2866611,2866611,2866611,2866611,2866611,2866611 opt=735211,735211,735211,735211,735211,735211,735211,735211,735211,735211
BENCH family=mp logn=9 pi=178 dir=0 calls=100 old=5655911,5655912,5655911,5655911,5655911,5655911,5655911,5655911,5655911,5655911 opt=1709911,1709911,1709911,1709911,1709911,1709911,1709911,1709911,1709911,1709911
BENCH family=mp logn=9 pi=178 dir=1 calls=100 old=6458611,6458612,6458611,6458611,6458611,6458611,6458611,6458611,6458611,6458611 opt=1646711,1646711,1646711,1646711,1646711,1646711,1646711,1646711,1646711,1646711
BENCH family=mp logn=10 pi=178 dir=0 calls=100 old=12349812,12349811,12349811,12349811,12349811,12349812,12349811,12349811,12349811,12349811 opt=3696011,3696011,3696011,3696011,3696011,3696011,3696011,3696011,3696011,3696011
BENCH family=mp logn=10 pi=178 dir=1 calls=100 old=14134212,14134211,14134211,14134211,14134212,14134211,14134211,14134211,14134211,14134212 opt=3544111,3544111,3544111,3544111,3544111,3544111,3544111,3544111,3544111,3544111
BENCH family=mp logn=4 pi=179 dir=0 calls=100 old=89711,89711,89711,89711,89711,89711,89711,89711,89711,89711 opt=32411,32411,32411,32411,32411,32411,32411,32411,32411,32411
BENCH family=mp logn=4 pi=179 dir=1 calls=100 old=102611,102611,102611,102611,102611,102611,102611,102611,102611,102611 opt=35011,35011,35011,35011,35011,35011,35011,35011,35011,35011
BENCH family=mp logn=5 pi=179 dir=0 calls=100 old=212111,212111,212111,212111,212111,212111,212111,212111,212111,212111 opt=72611,72611,72611,72611,72611,72611,72611,72611,72611,72611
BENCH family=mp logn=5 pi=179 dir=1 calls=100 old=241811,241811,241811,241811,241811,241811,241811,241811,241811,241811 opt=74311,74311,74311,74311,74311,74311,74311,74311,74311,74311
BENCH family=mp logn=6 pi=179 dir=0 calls=100 old=485211,485211,485211,485211,485211,485211,485211,485211,485211,485211 opt=150211,150211,150211,150211,150211,150211,150211,150211,150211,150211
BENCH family=mp logn=6 pi=179 dir=1 calls=100 old=555811,555811,555811,555811,555811,555811,555811,555811,555811,555811 opt=152311,152311,152311,152311,152311,152311,152311,152311,152311,152311
BENCH family=mp logn=7 pi=179 dir=0 calls=100 old=1124411,1124411,1124411,1124411,1124411,1124411,1124411,1124411,1124411,1124411 opt=348511,348511,348511,348511,348511,348511,348511,348511,348511,348511
BENCH family=mp logn=7 pi=179 dir=1 calls=100 old=1283811,1283811,1283812,1283811,1283811,1283811,1283811,1283811,1283811,1283811 opt=341811,341811,341811,341811,341811,341811,341811,341811,341811,341811
BENCH family=mp logn=8 pi=179 dir=0 calls=100 old=2503111,2503111,2503111,2503111,2503111,2503111,2503111,2503111,2503111,2503111 opt=759411,759411,759411,759411,759411,759411,759411,759411,759411,759411
BENCH family=mp logn=8 pi=179 dir=1 calls=100 old=2866611,2866611,2866611,2866611,2866611,2866611,2866611,2866612,2866611,2866611 opt=735211,735211,735211,735211,735211,735211,735211,735211,735211,735211
BENCH family=mp logn=9 pi=179 dir=0 calls=100 old=5655911,5655911,5655911,5655911,5655911,5655911,5655911,5655911,5655911,5655911 opt=1709911,1709911,1709911,1709911,1709911,1709911,1709911,1709911,1709911,1709912
BENCH family=mp logn=9 pi=179 dir=1 calls=100 old=6458611,6458611,6458611,6458611,6458611,6458611,6458611,6458611,6458612,6458611 opt=1646711,1646711,1646711,1646711,1646711,1646711,1646711,1646711,1646711,1646711
BENCH family=mp logn=10 pi=179 dir=0 calls=100 old=12349811,12349811,12349811,12349811,12349812,12349811,12349811,12349811,12349811,12349811 opt=3696011,3696011,3696011,3696011,3696011,3696011,3696011,3696011,3696011,3696012
BENCH family=mp logn=10 pi=179 dir=1 calls=100 old=14134211,14134211,14134211,14134212,14134211,14134211,14134211,14134212,14134211,14134211 opt=3544111,3544111,3544111,3544111,3544111,3544111,3544111,3544111,3544111,3544111
BENCH family=mp logn=4 pi=180 dir=0 calls=100 old=89711,89711,89711,89711,89711,89711,89711,89711,89711,89711 opt=32411,32411,32411,32411,32411,32411,32411,32411,32411,32411
BENCH family=mp logn=4 pi=180 dir=1 calls=100 old=102611,102611,102611,102611,102611,102611,102611,102611,102611,102611 opt=35011,35011,35011,35011,35011,35011,35011,35011,35011,35011
BENCH family=mp logn=5 pi=180 dir=0 calls=100 old=212111,212111,212111,212111,212111,212111,212111,212111,212111,212111 opt=72611,72611,72611,72611,72611,72611,72611,72611,72611,72611
BENCH family=mp logn=5 pi=180 dir=1 calls=100 old=241811,241811,241811,241811,241811,241811,241811,241811,241811,241811 opt=74311,74311,74311,74311,74311,74311,74311,74311,74311,74311
BENCH family=mp logn=6 pi=180 dir=0 calls=100 old=485211,485211,485211,485211,485211,485211,485211,485211,485211,485211 opt=150211,150211,150211,150211,150211,150211,150211,150211,150211,150211
BENCH family=mp logn=6 pi=180 dir=1 calls=100 old=555811,555811,555811,555811,555811,555811,555811,555811,555811,555811 opt=152311,152311,152311,152311,152311,152311,152311,152311,152311,152311
BENCH family=mp logn=7 pi=180 dir=0 calls=100 old=1124411,1124411,1124411,1124411,1124411,1124411,1124411,1124411,1124411,1124411 opt=348511,348511,348511,348511,348511,348511,348511,348511,348511,348511
BENCH family=mp logn=7 pi=180 dir=1 calls=100 old=1283811,1283811,1283811,1283811,1283811,1283811,1283811,1283811,1283811,1283811 opt=341811,341811,341811,341811,341811,341811,341811,341811,341811,341811
BENCH family=mp logn=8 pi=180 dir=0 calls=100 old=2503111,2503111,2503111,2503111,2503111,2503111,2503111,2503111,2503111,2503111 opt=759411,759411,759411,759411,759411,759411,759411,759411,759411,759411
BENCH family=mp logn=8 pi=180 dir=1 calls=100 old=2866611,2866611,2866611,2866611,2866611,2866611,2866611,2866611,2866611,2866611 opt=735211,735212,735211,735211,735211,735211,735211,735211,735211,735211
BENCH family=mp logn=9 pi=180 dir=0 calls=100 old=5655911,5655911,5655911,5655911,5655911,5655912,5655911,5655911,5655911,5655911 opt=1709911,1709911,1709911,1709911,1709911,1709911,1709911,1709911,1709911,1709911
BENCH family=mp logn=9 pi=180 dir=1 calls=100 old=6458611,6458611,6458611,6458611,6458611,6458612,6458611,6458611,6458611,6458611 opt=1646711,1646711,1646711,1646711,1646711,1646711,1646711,1646711,1646711,1646711
BENCH family=mp logn=10 pi=180 dir=0 calls=100 old=12349811,12349811,12349812,12349811,12349811,12349811,12349811,12349812,12349811,12349811 opt=3696011,3696011,3696011,3696011,3696011,3696011,3696011,3696011,3696011,3696011
BENCH family=mp logn=10 pi=180 dir=1 calls=100 old=14134211,14134212,14134211,14134211,14134211,14134211,14134212,14134211,14134211,14134211 opt=3544111,3544111,3544111,3544111,3544111,3544111,3544111,3544111,3544111,3544111
BENCH family=mp logn=4 pi=181 dir=0 calls=100 old=89711,89711,89711,89711,89711,89711,89711,89711,89711,89711 opt=32411,32411,32411,32411,32411,32411,32411,32411,32411,32411
BENCH family=mp logn=4 pi=181 dir=1 calls=100 old=102611,102611,102611,102611,102611,102611,102611,102611,102611,102611 opt=35011,35011,35011,35011,35011,35011,35011,35011,35011,35011
BENCH family=mp logn=5 pi=181 dir=0 calls=100 old=212111,212111,212111,212111,212111,212111,212111,212111,212111,212111 opt=72611,72611,72611,72611,72611,72611,72611,72611,72611,72611
BENCH family=mp logn=5 pi=181 dir=1 calls=100 old=241811,241811,241811,241811,241811,241811,241811,241811,241811,241811 opt=74311,74311,74311,74311,74311,74311,74311,74311,74311,74311
BENCH family=mp logn=6 pi=181 dir=0 calls=100 old=485211,485211,485211,485211,485211,485211,485211,485211,485211,485211 opt=150211,150211,150211,150211,150211,150211,150211,150211,150211,150211
BENCH family=mp logn=6 pi=181 dir=1 calls=100 old=555811,555811,555811,555811,555811,555811,555811,555811,555811,555811 opt=152311,152311,152311,152311,152311,152311,152311,152311,152311,152311
BENCH family=mp logn=7 pi=181 dir=0 calls=100 old=1124411,1124411,1124411,1124411,1124411,1124411,1124411,1124411,1124411,1124411 opt=348511,348511,348511,348511,348511,348511,348511,348511,348511,348511
BENCH family=mp logn=7 pi=181 dir=1 calls=100 old=1283811,1283811,1283811,1283811,1283811,1283811,1283811,1283811,1283811,1283811 opt=341811,341811,341811,341811,341811,341811,341811,341811,341811,341811
BENCH family=mp logn=8 pi=181 dir=0 calls=100 old=2503111,2503111,2503111,2503111,2503112,2503111,2503111,2503111,2503111,2503111 opt=759411,759411,759411,759411,759411,759411,759411,759411,759411,759411
BENCH family=mp logn=8 pi=181 dir=1 calls=100 old=2866611,2866611,2866611,2866611,2866611,2866611,2866611,2866611,2866611,2866611 opt=735211,735211,735211,735211,735211,735211,735211,735211,735211,735211
BENCH family=mp logn=9 pi=181 dir=0 calls=100 old=5655911,5655911,5655912,5655911,5655911,5655911,5655911,5655911,5655911,5655911 opt=1709911,1709911,1709911,1709911,1709911,1709911,1709911,1709911,1709911,1709911
BENCH family=mp logn=9 pi=181 dir=1 calls=100 old=6458611,6458611,6458612,6458611,6458611,6458611,6458611,6458611,6458611,6458611 opt=1646711,1646711,1646711,1646711,1646711,1646711,1646711,1646711,1646711,1646711
BENCH family=mp logn=10 pi=181 dir=0 calls=100 old=12349811,12349811,12349811,12349811,12349811,12349812,12349811,12349811,12349811,12349811 opt=3696012,3696011,3696011,3696011,3696011,3696011,3696011,3696011,3696011,3696011
BENCH family=mp logn=10 pi=181 dir=1 calls=100 old=14134212,14134211,14134211,14134211,14134211,14134211,14134211,14134211,14134211,14134212 opt=3544111,3544111,3544111,3544111,3544112,3544111,3544111,3544111,3544111,3544111
BENCH family=mp logn=4 pi=182 dir=0 calls=100 old=89711,89711,89711,89711,89711,89711,89711,89711,89711,89711 opt=32411,32411,32411,32411,32411,32411,32411,32411,32411,32411
BENCH family=mp logn=4 pi=182 dir=1 calls=100 old=102611,102611,102611,102611,102611,102611,102611,102611,102611,102611 opt=35011,35011,35011,35011,35011,35011,35011,35011,35011,35011
BENCH family=mp logn=5 pi=182 dir=0 calls=100 old=212111,212111,212111,212111,212111,212111,212111,212111,212111,212111 opt=72611,72611,72611,72611,72611,72611,72611,72611,72611,72611
BENCH family=mp logn=5 pi=182 dir=1 calls=100 old=241811,241811,241811,241811,241811,241811,241811,241811,241811,241811 opt=74311,74311,74311,74311,74311,74311,74311,74311,74311,74311
BENCH family=mp logn=6 pi=182 dir=0 calls=100 old=485211,485211,485211,485211,485211,485211,485211,485211,485211,485211 opt=150211,150211,150211,150211,150211,150211,150211,150211,150211,150211
BENCH family=mp logn=6 pi=182 dir=1 calls=100 old=555811,555811,555811,555811,555811,555811,555811,555811,555811,555811 opt=152311,152311,152311,152311,152311,152311,152311,152311,152311,152311
BENCH family=mp logn=7 pi=182 dir=0 calls=100 old=1124411,1124411,1124411,1124411,1124411,1124411,1124411,1124411,1124411,1124411 opt=348511,348511,348511,348511,348511,348511,348511,348511,348511,348511
BENCH family=mp logn=7 pi=182 dir=1 calls=100 old=1283811,1283811,1283811,1283811,1283812,1283811,1283811,1283811,1283811,1283811 opt=341811,341811,341811,341811,341811,341811,341811,341811,341811,341811
BENCH family=mp logn=8 pi=182 dir=0 calls=100 old=2503111,2503111,2503111,2503111,2503111,2503111,2503111,2503111,2503111,2503111 opt=759411,759411,759411,759411,759411,759411,759411,759411,759411,759411
BENCH family=mp logn=8 pi=182 dir=1 calls=100 old=2866611,2866611,2866611,2866611,2866611,2866611,2866611,2866611,2866612,2866611 opt=735211,735211,735211,735211,735211,735211,735211,735211,735211,735211
BENCH family=mp logn=9 pi=182 dir=0 calls=100 old=5655911,5655911,5655911,5655911,5655911,5655911,5655911,5655911,5655911,5655912 opt=1709911,1709911,1709911,1709911,1709911,1709911,1709911,1709911,1709911,1709911
BENCH family=mp logn=9 pi=182 dir=1 calls=100 old=6458611,6458611,6458611,6458611,6458611,6458611,6458611,6458611,6458611,6458611 opt=1646711,1646711,1646711,1646711,1646711,1646711,1646711,1646711,1646711,1646712
BENCH family=mp logn=10 pi=182 dir=0 calls=100 old=12349811,12349811,12349811,12349811,12349812,12349811,12349811,12349811,12349811,12349811 opt=3696011,3696011,3696011,3696011,3696011,3696011,3696011,3696011,3696011,3696012
BENCH family=mp logn=10 pi=182 dir=1 calls=100 old=14134211,14134211,14134211,14134212,14134211,14134211,14134211,14134212,14134211,14134211 opt=3544111,3544111,3544111,3544111,3544111,3544111,3544111,3544111,3544111,3544111
BENCH family=mp logn=4 pi=183 dir=0 calls=100 old=89711,89711,89711,89711,89711,89711,89711,89711,89711,89711 opt=32411,32411,32411,32411,32411,32411,32411,32411,32411,32411
BENCH family=mp logn=4 pi=183 dir=1 calls=100 old=102611,102611,102611,102611,102611,102611,102611,102611,102611,102611 opt=35011,35011,35011,35011,35011,35011,35011,35011,35011,35011
BENCH family=mp logn=5 pi=183 dir=0 calls=100 old=212111,212111,212111,212111,212111,212111,212111,212111,212111,212111 opt=72611,72611,72611,72611,72611,72611,72611,72611,72611,72611
BENCH family=mp logn=5 pi=183 dir=1 calls=100 old=241811,241811,241811,241811,241811,241811,241811,241811,241811,241811 opt=74311,74311,74311,74311,74311,74311,74311,74311,74311,74311
BENCH family=mp logn=6 pi=183 dir=0 calls=100 old=485211,485211,485211,485211,485211,485211,485211,485211,485211,485211 opt=150211,150211,150211,150211,150211,150211,150211,150211,150211,150211
BENCH family=mp logn=6 pi=183 dir=1 calls=100 old=555811,555811,555811,555811,555811,555811,555811,555811,555811,555811 opt=152311,152311,152311,152311,152311,152311,152311,152311,152311,152311
BENCH family=mp logn=7 pi=183 dir=0 calls=100 old=1124411,1124411,1124411,1124411,1124411,1124411,1124411,1124411,1124411,1124411 opt=348511,348511,348511,348511,348511,348511,348511,348511,348511,348511
BENCH family=mp logn=7 pi=183 dir=1 calls=100 old=1283811,1283811,1283811,1283811,1283811,1283811,1283811,1283811,1283811,1283811 opt=341811,341811,341811,341811,341811,341811,341811,341811,341811,341811
BENCH family=mp logn=8 pi=183 dir=0 calls=100 old=2503111,2503111,2503111,2503111,2503111,2503111,2503111,2503111,2503111,2503111 opt=759411,759411,759411,759411,759411,759411,759411,759411,759411,759411
BENCH family=mp logn=8 pi=183 dir=1 calls=100 old=2866611,2866612,2866611,2866611,2866611,2866611,2866611,2866611,2866611,2866611 opt=735211,735211,735211,735211,735211,735211,735211,735211,735211,735211
BENCH family=mp logn=9 pi=183 dir=0 calls=100 old=5655911,5655911,5655911,5655911,5655911,5655911,5655912,5655911,5655911,5655911 opt=1709911,1709911,1709911,1709911,1709911,1709911,1709911,1709911,1709911,1709911
BENCH family=mp logn=9 pi=183 dir=1 calls=100 old=6458611,6458611,6458611,6458611,6458611,6458612,6458611,6458611,6458611,6458611 opt=1646711,1646711,1646711,1646711,1646711,1646711,1646711,1646711,1646711,1646711
BENCH family=mp logn=10 pi=183 dir=0 calls=100 old=12349811,12349811,12349812,12349811,12349811,12349811,12349811,12349812,12349811,12349811 opt=3696011,3696011,3696011,3696011,3696011,3696011,3696011,3696011,3696011,3696011
BENCH family=mp logn=10 pi=183 dir=1 calls=100 old=14134211,14134212,14134211,14134211,14134211,14134211,14134212,14134211,14134211,14134211 opt=3544111,3544111,3544111,3544111,3544111,3544111,3544111,3544111,3544111,3544111
BENCH family=mp logn=4 pi=184 dir=0 calls=100 old=89711,89711,89711,89711,89711,89711,89711,89711,89711,89711 opt=32411,32411,32411,32411,32411,32411,32411,32411,32411,32411
BENCH family=mp logn=4 pi=184 dir=1 calls=100 old=102611,102611,102611,102611,102611,102611,102611,102611,102611,102611 opt=35011,35011,35011,35011,35011,35011,35011,35011,35011,35011
BENCH family=mp logn=5 pi=184 dir=0 calls=100 old=212111,212111,212111,212111,212111,212111,212111,212111,212111,212111 opt=72611,72611,72611,72611,72611,72611,72611,72611,72611,72611
BENCH family=mp logn=5 pi=184 dir=1 calls=100 old=241811,241811,241811,241811,241811,241811,241811,241811,241811,241811 opt=74311,74311,74311,74311,74311,74311,74311,74311,74311,74311
BENCH family=mp logn=6 pi=184 dir=0 calls=100 old=485211,485211,485211,485211,485211,485211,485211,485211,485211,485211 opt=150211,150211,150211,150211,150211,150211,150211,150211,150211,150211
BENCH family=mp logn=6 pi=184 dir=1 calls=100 old=555811,555811,555811,555811,555811,555811,555811,555811,555811,555811 opt=152311,152311,152311,152311,152311,152311,152311,152311,152311,152311
BENCH family=mp logn=7 pi=184 dir=0 calls=100 old=1124411,1124411,1124411,1124411,1124411,1124411,1124411,1124411,1124411,1124411 opt=348511,348511,348511,348511,348511,348511,348511,348511,348511,348511
BENCH family=mp logn=7 pi=184 dir=1 calls=100 old=1283811,1283811,1283811,1283811,1283811,1283811,1283811,1283811,1283811,1283811 opt=341811,341811,341811,341811,341811,341811,341811,341811,341811,341811
BENCH family=mp logn=8 pi=184 dir=0 calls=100 old=2503111,2503111,2503111,2503111,2503112,2503111,2503111,2503111,2503111,2503111 opt=759411,759411,759411,759411,759411,759411,759411,759411,759411,759411
BENCH family=mp logn=8 pi=184 dir=1 calls=100 old=2866611,2866611,2866611,2866611,2866611,2866611,2866611,2866611,2866611,2866611 opt=735211,735211,735211,735211,735211,735211,735211,735211,735211,735211
BENCH family=mp logn=9 pi=184 dir=0 calls=100 old=5655911,5655911,5655912,5655911,5655911,5655911,5655911,5655911,5655911,5655911 opt=1709911,1709911,1709911,1709911,1709911,1709911,1709911,1709911,1709911,1709911
BENCH family=mp logn=9 pi=184 dir=1 calls=100 old=6458611,6458611,6458612,6458611,6458611,6458611,6458611,6458611,6458611,6458611 opt=1646711,1646711,1646711,1646711,1646711,1646711,1646711,1646711,1646711,1646711
BENCH family=mp logn=10 pi=184 dir=0 calls=100 old=12349811,12349811,12349811,12349811,12349811,12349812,12349811,12349811,12349811,12349811 opt=3696012,3696011,3696011,3696011,3696011,3696011,3696011,3696011,3696011,3696011
BENCH family=mp logn=10 pi=184 dir=1 calls=100 old=14134212,14134211,14134211,14134211,14134211,14134211,14134211,14134211,14134211,14134212 opt=3544111,3544111,3544111,3544111,3544112,3544111,3544111,3544111,3544111,3544111
BENCH family=mp logn=4 pi=185 dir=0 calls=100 old=89711,89711,89711,89711,89711,89711,89711,89711,89711,89711 opt=32411,32411,32411,32411,32411,32411,32411,32411,32411,32411
BENCH family=mp logn=4 pi=185 dir=1 calls=100 old=102611,102611,102611,102611,102611,102611,102611,102611,102611,102611 opt=35011,35011,35011,35011,35011,35011,35011,35011,35011,35011
BENCH family=mp logn=5 pi=185 dir=0 calls=100 old=212111,212111,212111,212111,212111,212111,212111,212111,212111,212111 opt=72611,72611,72611,72611,72611,72611,72611,72611,72611,72611
BENCH family=mp logn=5 pi=185 dir=1 calls=100 old=241811,241811,241811,241811,241811,241811,241811,241811,241811,241811 opt=74311,74311,74311,74311,74311,74311,74311,74311,74311,74311
BENCH family=mp logn=6 pi=185 dir=0 calls=100 old=485211,485211,485211,485211,485211,485211,485211,485211,485211,485211 opt=150211,150211,150211,150211,150211,150211,150211,150211,150211,150211
BENCH family=mp logn=6 pi=185 dir=1 calls=100 old=555811,555811,555811,555811,555811,555811,555811,555811,555811,555811 opt=152311,152311,152311,152311,152311,152311,152311,152311,152311,152311
BENCH family=mp logn=7 pi=185 dir=0 calls=100 old=1124411,1124411,1124411,1124411,1124411,1124411,1124411,1124411,1124411,1124411 opt=348511,348511,348511,348511,348511,348511,348511,348511,348511,348511
BENCH family=mp logn=7 pi=185 dir=1 calls=100 old=1283811,1283811,1283811,1283811,1283811,1283812,1283811,1283811,1283811,1283811 opt=341811,341811,341811,341811,341811,341811,341811,341811,341811,341811
BENCH family=mp logn=8 pi=185 dir=0 calls=100 old=2503111,2503111,2503111,2503111,2503111,2503111,2503111,2503111,2503111,2503111 opt=759411,759411,759411,759411,759411,759411,759411,759411,759411,759411
BENCH family=mp logn=8 pi=185 dir=1 calls=100 old=2866611,2866611,2866611,2866611,2866611,2866611,2866611,2866611,2866612,2866611 opt=735211,735211,735211,735211,735211,735211,735211,735211,735211,735211
BENCH family=mp logn=9 pi=185 dir=0 calls=100 old=5655911,5655911,5655911,5655911,5655911,5655911,5655911,5655911,5655911,5655912 opt=1709911,1709911,1709911,1709911,1709911,1709911,1709911,1709911,1709911,1709911
BENCH family=mp logn=9 pi=185 dir=1 calls=100 old=6458611,6458611,6458611,6458611,6458611,6458611,6458611,6458611,6458611,6458611 opt=1646711,1646711,1646711,1646711,1646711,1646711,1646711,1646711,1646711,1646712
BENCH family=mp logn=10 pi=185 dir=0 calls=100 old=12349811,12349811,12349811,12349811,12349812,12349811,12349811,12349811,12349811,12349811 opt=3696011,3696011,3696011,3696011,3696011,3696011,3696011,3696011,3696011,3696012
BENCH family=mp logn=10 pi=185 dir=1 calls=100 old=14134211,14134211,14134211,14134212,14134211,14134211,14134211,14134211,14134212,14134211 opt=3544111,3544111,3544111,3544111,3544111,3544111,3544111,3544111,3544111,3544111
BENCH family=mp logn=4 pi=186 dir=0 calls=100 old=89711,89711,89711,89711,89711,89711,89711,89711,89711,89711 opt=32411,32411,32411,32411,32411,32411,32411,32411,32411,32411
BENCH family=mp logn=4 pi=186 dir=1 calls=100 old=102611,102611,102611,102611,102611,102611,102611,102611,102611,102611 opt=35011,35011,35011,35011,35011,35011,35011,35011,35011,35011
BENCH family=mp logn=5 pi=186 dir=0 calls=100 old=212111,212111,212111,212111,212111,212111,212111,212111,212111,212111 opt=72611,72611,72611,72611,72611,72611,72611,72611,72611,72611
BENCH family=mp logn=5 pi=186 dir=1 calls=100 old=241811,241811,241811,241811,241811,241811,241811,241811,241811,241811 opt=74311,74311,74311,74311,74311,74311,74311,74311,74311,74311
BENCH family=mp logn=6 pi=186 dir=0 calls=100 old=485211,485211,485211,485211,485211,485211,485211,485211,485211,485211 opt=150211,150211,150211,150211,150211,150211,150211,150211,150211,150211
BENCH family=mp logn=6 pi=186 dir=1 calls=100 old=555811,555811,555811,555811,555811,555811,555811,555811,555811,555811 opt=152311,152311,152311,152311,152311,152311,152311,152311,152311,152311
BENCH family=mp logn=7 pi=186 dir=0 calls=100 old=1124412,1124411,1124411,1124411,1124411,1124411,1124411,1124411,1124411,1124411 opt=348511,348511,348511,348511,348511,348511,348511,348511,348511,348511
BENCH family=mp logn=7 pi=186 dir=1 calls=100 old=1283811,1283811,1283811,1283811,1283811,1283811,1283811,1283811,1283811,1283811 opt=341811,341811,341811,341811,341811,341811,341811,341811,341811,341811
BENCH family=mp logn=8 pi=186 dir=0 calls=100 old=2503111,2503111,2503111,2503111,2503111,2503111,2503111,2503111,2503111,2503111 opt=759411,759411,759411,759411,759411,759411,759411,759411,759411,759411
BENCH family=mp logn=8 pi=186 dir=1 calls=100 old=2866611,2866612,2866611,2866611,2866611,2866611,2866611,2866611,2866611,2866611 opt=735211,735211,735211,735211,735211,735211,735211,735211,735211,735211
BENCH family=mp logn=9 pi=186 dir=0 calls=100 old=5655911,5655911,5655911,5655911,5655911,5655911,5655912,5655911,5655911,5655911 opt=1709911,1709911,1709911,1709911,1709911,1709911,1709911,1709911,1709911,1709911
BENCH family=mp logn=9 pi=186 dir=1 calls=100 old=6458611,6458611,6458611,6458611,6458611,6458612,6458611,6458611,6458611,6458611 opt=1646711,1646711,1646711,1646711,1646711,1646711,1646711,1646711,1646711,1646711
BENCH family=mp logn=10 pi=186 dir=0 calls=100 old=12349811,12349811,12349812,12349811,12349811,12349811,12349811,12349812,12349811,12349811 opt=3696011,3696011,3696011,3696011,3696011,3696011,3696011,3696011,3696011,3696011
BENCH family=mp logn=10 pi=186 dir=1 calls=100 old=14134211,14134211,14134212,14134211,14134211,14134211,14134212,14134211,14134211,14134211 opt=3544111,3544111,3544111,3544111,3544111,3544111,3544111,3544111,3544111,3544111
BENCH family=mp logn=4 pi=187 dir=0 calls=100 old=89711,89711,89711,89711,89711,89711,89711,89711,89711,89711 opt=32411,32411,32411,32411,32411,32411,32411,32411,32411,32411
BENCH family=mp logn=4 pi=187 dir=1 calls=100 old=102611,102611,102611,102611,102611,102611,102611,102611,102611,102611 opt=35011,35011,35011,35011,35011,35011,35011,35011,35011,35011
BENCH family=mp logn=5 pi=187 dir=0 calls=100 old=212111,212111,212111,212111,212111,212111,212111,212111,212111,212111 opt=72611,72611,72611,72611,72611,72611,72611,72611,72611,72611
BENCH family=mp logn=5 pi=187 dir=1 calls=100 old=241811,241811,241811,241812,241811,241811,241811,241811,241811,241811 opt=74311,74311,74311,74311,74311,74311,74311,74311,74311,74311
BENCH family=mp logn=6 pi=187 dir=0 calls=100 old=485211,485211,485211,485211,485211,485211,485211,485211,485211,485211 opt=150211,150211,150211,150211,150211,150211,150211,150211,150211,150211
BENCH family=mp logn=6 pi=187 dir=1 calls=100 old=555811,555811,555811,555811,555811,555811,555811,555811,555811,555811 opt=152311,152311,152311,152311,152311,152311,152311,152311,152311,152311
BENCH family=mp logn=7 pi=187 dir=0 calls=100 old=1124411,1124411,1124411,1124411,1124411,1124411,1124411,1124411,1124411,1124411 opt=348511,348511,348511,348511,348511,348511,348511,348511,348511,348511
BENCH family=mp logn=7 pi=187 dir=1 calls=100 old=1283811,1283811,1283811,1283811,1283811,1283811,1283811,1283811,1283811,1283811 opt=341811,341811,341811,341811,341811,341811,341811,341811,341811,341811
BENCH family=mp logn=8 pi=187 dir=0 calls=100 old=2503111,2503111,2503111,2503111,2503111,2503111,2503111,2503111,2503111,2503111 opt=759411,759411,759411,759411,759411,759412,759411,759411,759411,759411
BENCH family=mp logn=8 pi=187 dir=1 calls=100 old=2866611,2866611,2866611,2866611,2866611,2866611,2866611,2866611,2866611,2866611 opt=735211,735211,735211,735211,735211,735211,735211,735211,735211,735211
BENCH family=mp logn=9 pi=187 dir=0 calls=100 old=5655911,5655911,5655911,5655911,5655911,5655911,5655911,5655911,5655911,5655911 opt=1709911,1709911,1709912,1709911,1709911,1709911,1709911,1709911,1709911,1709911
BENCH family=mp logn=9 pi=187 dir=1 calls=100 old=6458611,6458611,6458611,6458611,6458611,6458611,6458611,6458611,6458611,6458611 opt=1646711,1646711,1646712,1646711,1646711,1646711,1646711,1646711,1646711,1646711
BENCH family=mp logn=10 pi=187 dir=0 calls=100 old=12349811,12349811,12349811,12349811,12349811,12349811,12349812,12349811,12349811,12349811 opt=3696011,3696012,3696011,3696011,3696011,3696011,3696011,3696011,3696011,3696011
BENCH family=mp logn=10 pi=187 dir=1 calls=100 old=14134212,14134211,14134211,14134211,14134211,14134212,14134211,14134211,14134211,14134212 opt=3544111,3544111,3544111,3544111,3544111,3544111,3544111,3544111,3544111,3544111
BENCH family=mp logn=4 pi=188 dir=0 calls=100 old=89711,89711,89711,89711,89711,89711,89711,89711,89711,89711 opt=32411,32411,32411,32411,32411,32411,32411,32411,32411,32411
BENCH family=mp logn=4 pi=188 dir=1 calls=100 old=102611,102611,102611,102611,102611,102611,102611,102611,102611,102611 opt=35011,35011,35011,35011,35011,35011,35011,35011,35011,35011
BENCH family=mp logn=5 pi=188 dir=0 calls=100 old=212111,212111,212111,212111,212111,212111,212111,212111,212111,212111 opt=72611,72611,72611,72611,72611,72611,72611,72611,72611,72611
BENCH family=mp logn=5 pi=188 dir=1 calls=100 old=241811,241811,241811,241811,241811,241811,241811,241811,241811,241811 opt=74311,74311,74311,74311,74311,74311,74311,74311,74311,74311
BENCH family=mp logn=6 pi=188 dir=0 calls=100 old=485211,485211,485211,485211,485211,485211,485211,485211,485211,485211 opt=150211,150211,150211,150211,150211,150211,150211,150211,150211,150211
BENCH family=mp logn=6 pi=188 dir=1 calls=100 old=555811,555811,555811,555811,555811,555811,555811,555811,555811,555811 opt=152311,152311,152311,152311,152311,152311,152311,152311,152311,152311
BENCH family=mp logn=7 pi=188 dir=0 calls=100 old=1124411,1124411,1124411,1124411,1124411,1124411,1124411,1124411,1124411,1124411 opt=348511,348511,348511,348511,348511,348511,348511,348511,348511,348511
BENCH family=mp logn=7 pi=188 dir=1 calls=100 old=1283811,1283811,1283811,1283811,1283811,1283811,1283811,1283811,1283812,1283811 opt=341811,341811,341811,341811,341811,341811,341811,341811,341811,341811
BENCH family=mp logn=8 pi=188 dir=0 calls=100 old=2503111,2503111,2503111,2503111,2503111,2503111,2503111,2503111,2503111,2503111 opt=759411,759411,759411,759411,759411,759411,759411,759411,759411,759411
BENCH family=mp logn=8 pi=188 dir=1 calls=100 old=2866611,2866611,2866611,2866611,2866611,2866611,2866611,2866611,2866611,2866611 opt=735211,735211,735211,735211,735211,735211,735211,735211,735211,735211
BENCH family=mp logn=9 pi=188 dir=0 calls=100 old=5655911,5655911,5655911,5655911,5655911,5655911,5655911,5655911,5655911,5655911 opt=1709911,1709911,1709911,1709911,1709911,1709911,1709911,1709911,1709911,1709911
BENCH family=mp logn=9 pi=188 dir=1 calls=100 old=6458611,6458611,6458611,6458611,6458611,6458611,6458611,6458611,6458611,6458612 opt=1646711,1646711,1646711,1646711,1646711,1646711,1646711,1646711,1646711,1646711
BENCH family=mp logn=10 pi=188 dir=0 calls=100 old=12349811,12349811,12349811,12349811,12349812,12349811,12349811,12349811,12349811,12349812 opt=3696011,3696011,3696011,3696011,3696011,3696011,3696011,3696011,3696011,3696011
BENCH family=mp logn=10 pi=188 dir=1 calls=100 old=14134211,14134211,14134211,14134212,14134211,14134211,14134211,14134211,14134212,14134211 opt=3544111,3544111,3544111,3544111,3544111,3544111,3544111,3544111,3544111,3544111
BENCH family=mp logn=4 pi=189 dir=0 calls=100 old=89711,89711,89711,89711,89711,89711,89711,89711,89711,89711 opt=32411,32411,32411,32411,32411,32411,32411,32411,32411,32411
BENCH family=mp logn=4 pi=189 dir=1 calls=100 old=102611,102611,102611,102611,102611,102611,102611,102611,102611,102611 opt=35011,35011,35011,35011,35011,35011,35011,35011,35011,35011
BENCH family=mp logn=5 pi=189 dir=0 calls=100 old=212111,212111,212111,212111,212111,212111,212111,212111,212111,212111 opt=72611,72611,72611,72611,72611,72611,72611,72611,72611,72611
BENCH family=mp logn=5 pi=189 dir=1 calls=100 old=241811,241811,241811,241811,241811,241811,241811,241811,241811,241811 opt=74311,74311,74311,74311,74311,74311,74311,74311,74311,74311
BENCH family=mp logn=6 pi=189 dir=0 calls=100 old=485211,485211,485211,485211,485211,485211,485211,485211,485211,485211 opt=150211,150211,150211,150211,150211,150211,150211,150211,150211,150211
BENCH family=mp logn=6 pi=189 dir=1 calls=100 old=555811,555811,555811,555811,555811,555811,555811,555811,555811,555811 opt=152311,152311,152311,152311,152311,152311,152311,152311,152311,152311
BENCH family=mp logn=7 pi=189 dir=0 calls=100 old=1124411,1124411,1124411,1124411,1124411,1124411,1124411,1124411,1124411,1124411 opt=348511,348511,348511,348512,348511,348511,348511,348511,348511,348511
BENCH family=mp logn=7 pi=189 dir=1 calls=100 old=1283811,1283811,1283811,1283811,1283811,1283811,1283811,1283811,1283811,1283811 opt=341811,341811,341811,341811,341811,341811,341811,341811,341811,341811
BENCH family=mp logn=8 pi=189 dir=0 calls=100 old=2503111,2503111,2503111,2503111,2503111,2503111,2503111,2503111,2503111,2503111 opt=759411,759411,759411,759411,759411,759411,759411,759411,759411,759411
BENCH family=mp logn=8 pi=189 dir=1 calls=100 old=2866611,2866611,2866611,2866611,2866611,2866611,2866611,2866611,2866611,2866611 opt=735211,735211,735212,735211,735211,735211,735211,735211,735211,735211
BENCH family=mp logn=9 pi=189 dir=0 calls=100 old=5655911,5655911,5655911,5655911,5655911,5655911,5655911,5655911,5655911,5655911 opt=1709911,1709911,1709911,1709911,1709911,1709911,1709912,1709911,1709911,1709911
BENCH family=mp logn=9 pi=189 dir=1 calls=100 old=6458611,6458611,6458611,6458611,6458611,6458611,6458612,6458611,6458611,6458611 opt=1646711,1646711,1646711,1646711,1646711,1646711,1646711,1646711,1646711,1646711
BENCH family=mp logn=10 pi=189 dir=0 calls=100 old=12349811,12349811,12349811,12349811,12349811,12349811,12349811,12349812,12349811,12349811 opt=3696011,3696011,3696012,3696011,3696011,3696011,3696011,3696011,3696011,3696011
BENCH family=mp logn=10 pi=189 dir=1 calls=100 old=14134211,14134211,14134212,14134211,14134211,14134211,14134211,14134211,14134211,14134211 opt=3544111,3544111,3544111,3544111,3544111,3544111,3544112,3544111,3544111,3544111
BENCH family=mp logn=4 pi=190 dir=0 calls=100 old=89711,89711,89711,89711,89711,89711,89711,89711,89711,89711 opt=32411,32411,32411,32411,32411,32411,32411,32411,32411,32411
BENCH family=mp logn=4 pi=190 dir=1 calls=100 old=102611,102611,102611,102611,102611,102611,102611,102611,102611,102611 opt=35011,35011,35011,35011,35011,35011,35011,35011,35011,35011
BENCH family=mp logn=5 pi=190 dir=0 calls=100 old=212111,212111,212111,212111,212111,212111,212111,212111,212111,212111 opt=72611,72611,72611,72611,72611,72611,72611,72611,72611,72611
BENCH family=mp logn=5 pi=190 dir=1 calls=100 old=241811,241811,241811,241811,241811,241811,241811,241811,241811,241811 opt=74311,74311,74311,74311,74311,74311,74311,74311,74311,74311
BENCH family=mp logn=6 pi=190 dir=0 calls=100 old=485212,485211,485211,485211,485211,485211,485211,485211,485211,485211 opt=150211,150211,150211,150211,150211,150211,150211,150211,150211,150211
BENCH family=mp logn=6 pi=190 dir=1 calls=100 old=555811,555811,555811,555811,555811,555811,555811,555811,555811,555811 opt=152311,152311,152311,152311,152311,152311,152311,152311,152311,152311
BENCH family=mp logn=7 pi=190 dir=0 calls=100 old=1124411,1124411,1124411,1124411,1124411,1124411,1124411,1124411,1124411,1124411 opt=348511,348511,348511,348511,348511,348511,348511,348511,348511,348511
BENCH family=mp logn=7 pi=190 dir=1 calls=100 old=1283811,1283811,1283811,1283811,1283811,1283811,1283811,1283811,1283811,1283811 opt=341811,341811,341811,341811,341811,341811,341811,341811,341811,341811
BENCH family=mp logn=8 pi=190 dir=0 calls=100 old=2503111,2503111,2503111,2503111,2503111,2503111,2503111,2503111,2503111,2503111 opt=759411,759411,759411,759411,759411,759411,759412,759411,759411,759411
BENCH family=mp logn=8 pi=190 dir=1 calls=100 old=2866611,2866611,2866611,2866611,2866611,2866611,2866611,2866611,2866611,2866611 opt=735211,735211,735211,735211,735211,735211,735211,735211,735211,735211
BENCH family=mp logn=9 pi=190 dir=0 calls=100 old=5655911,5655911,5655911,5655912,5655911,5655911,5655911,5655911,5655911,5655911 opt=1709911,1709911,1709911,1709911,1709911,1709911,1709911,1709911,1709911,1709911
BENCH family=mp logn=9 pi=190 dir=1 calls=100 old=6458611,6458611,6458611,6458612,6458611,6458611,6458611,6458611,6458611,6458611 opt=1646711,1646711,1646711,1646711,1646711,1646711,1646711,1646711,1646711,1646711
BENCH family=mp logn=10 pi=190 dir=0 calls=100 old=12349811,12349812,12349811,12349811,12349811,12349811,12349812,12349811,12349811,12349811 opt=3696011,3696011,3696011,3696011,3696011,3696011,3696011,3696011,3696011,3696011
BENCH family=mp logn=10 pi=190 dir=1 calls=100 old=14134211,14134211,14134211,14134211,14134211,14134212,14134211,14134211,14134211,14134211 opt=3544112,3544111,3544111,3544111,3544111,3544111,3544111,3544111,3544111,3544111
BENCH family=mp logn=4 pi=191 dir=0 calls=100 old=89711,89711,89711,89711,89711,89711,89711,89711,89711,89711 opt=32411,32411,32411,32411,32411,32411,32411,32411,32411,32411
BENCH family=mp logn=4 pi=191 dir=1 calls=100 old=102611,102611,102611,102611,102611,102611,102611,102611,102611,102611 opt=35011,35011,35011,35011,35011,35011,35011,35011,35011,35011
BENCH family=mp logn=5 pi=191 dir=0 calls=100 old=212111,212111,212111,212111,212111,212111,212111,212111,212111,212111 opt=72611,72611,72611,72611,72611,72611,72611,72611,72611,72611
BENCH family=mp logn=5 pi=191 dir=1 calls=100 old=241811,241811,241811,241811,241811,241811,241811,241811,241811,241811 opt=74311,74311,74311,74311,74311,74311,74311,74311,74311,74311
BENCH family=mp logn=6 pi=191 dir=0 calls=100 old=485211,485211,485211,485211,485211,485211,485211,485211,485211,485211 opt=150211,150211,150211,150211,150211,150211,150211,150211,150211,150211
BENCH family=mp logn=6 pi=191 dir=1 calls=100 old=555811,555811,555811,555811,555811,555811,555811,555811,555811,555811 opt=152311,152311,152311,152311,152311,152311,152311,152311,152311,152311
BENCH family=mp logn=7 pi=191 dir=0 calls=100 old=1124411,1124411,1124411,1124411,1124411,1124411,1124411,1124411,1124411,1124411 opt=348511,348511,348511,348511,348511,348511,348511,348511,348511,348511
BENCH family=mp logn=7 pi=191 dir=1 calls=100 old=1283811,1283811,1283811,1283811,1283811,1283811,1283811,1283811,1283811,1283811 opt=341811,341811,341811,341811,341811,341811,341811,341811,341811,341811
BENCH family=mp logn=8 pi=191 dir=0 calls=100 old=2503111,2503111,2503111,2503111,2503111,2503111,2503111,2503111,2503111,2503111 opt=759411,759411,759411,759411,759411,759411,759411,759411,759411,759411
BENCH family=mp logn=8 pi=191 dir=1 calls=100 old=2866611,2866611,2866611,2866611,2866611,2866611,2866611,2866611,2866611,2866611 opt=735211,735211,735211,735211,735211,735211,735211,735211,735211,735211
BENCH family=mp logn=9 pi=191 dir=0 calls=100 old=5655912,5655911,5655911,5655911,5655911,5655911,5655911,5655911,5655911,5655911 opt=1709911,1709911,1709911,1709911,1709911,1709911,1709911,1709911,1709911,1709911
BENCH family=mp logn=9 pi=191 dir=1 calls=100 old=6458612,6458611,6458611,6458611,6458611,6458611,6458611,6458611,6458611,6458611 opt=1646711,1646711,1646711,1646711,1646711,1646711,1646711,1646711,1646711,1646711
BENCH family=mp logn=10 pi=191 dir=0 calls=100 old=12349811,12349811,12349811,12349811,12349811,12349811,12349811,12349811,12349811,12349812 opt=3696011,3696011,3696011,3696011,3696012,3696011,3696011,3696011,3696011,3696011
BENCH family=mp logn=10 pi=191 dir=1 calls=100 old=14134211,14134211,14134211,14134211,14134212,14134211,14134211,14134211,14134212,14134211 opt=3544111,3544111,3544111,3544111,3544111,3544111,3544111,3544111,3544111,3544111
BENCH family=mp logn=4 pi=192 dir=0 calls=100 old=89711,89711,89711,89711,89711,89711,89711,89711,89711,89711 opt=32411,32411,32411,32411,32411,32411,32411,32411,32411,32411
BENCH family=mp logn=4 pi=192 dir=1 calls=100 old=102611,102611,102611,102611,102611,102611,102611,102611,102611,102611 opt=35011,35011,35011,35011,35011,35011,35011,35011,35011,35011
BENCH family=mp logn=5 pi=192 dir=0 calls=100 old=212111,212111,212111,212111,212111,212111,212111,212111,212111,212111 opt=72611,72611,72611,72611,72611,72611,72611,72611,72611,72611
BENCH family=mp logn=5 pi=192 dir=1 calls=100 old=241811,241811,241811,241811,241811,241811,241811,241811,241811,241811 opt=74311,74311,74311,74311,74311,74311,74311,74311,74311,74311
BENCH family=mp logn=6 pi=192 dir=0 calls=100 old=485211,485211,485211,485211,485211,485211,485211,485211,485211,485211 opt=150211,150211,150211,150211,150211,150211,150211,150211,150211,150211
BENCH family=mp logn=6 pi=192 dir=1 calls=100 old=555811,555811,555811,555811,555811,555811,555811,555811,555811,555811 opt=152311,152311,152311,152311,152311,152311,152311,152311,152311,152311
BENCH family=mp logn=7 pi=192 dir=0 calls=100 old=1124411,1124411,1124411,1124411,1124411,1124411,1124411,1124411,1124411,1124411 opt=348511,348511,348511,348511,348511,348511,348511,348512,348511,348511
BENCH family=mp logn=7 pi=192 dir=1 calls=100 old=1283811,1283811,1283811,1283811,1283811,1283811,1283811,1283811,1283811,1283811 opt=341811,341811,341811,341811,341811,341811,341811,341811,341811,341811
BENCH family=mp logn=8 pi=192 dir=0 calls=100 old=2503111,2503111,2503111,2503111,2503111,2503111,2503111,2503111,2503111,2503111 opt=759411,759411,759411,759411,759411,759411,759411,759411,759411,759411
BENCH family=mp logn=8 pi=192 dir=1 calls=100 old=2866611,2866611,2866611,2866611,2866612,2866611,2866611,2866611,2866611,2866611 opt=735211,735211,735211,735211,735211,735211,735211,735211,735211,735211
BENCH family=mp logn=9 pi=192 dir=0 calls=100 old=5655911,5655911,5655911,5655911,5655911,5655911,5655911,5655912,5655911,5655911 opt=1709911,1709911,1709911,1709911,1709911,1709911,1709911,1709911,1709911,1709911
BENCH family=mp logn=9 pi=192 dir=1 calls=100 old=6458611,6458611,6458611,6458611,6458611,6458611,6458611,6458611,6458611,6458611 opt=1646711,1646711,1646711,1646711,1646711,1646711,1646711,1646712,1646711,1646711
BENCH family=mp logn=10 pi=192 dir=0 calls=100 old=12349811,12349811,12349811,12349811,12349811,12349811,12349811,12349811,12349812,12349811 opt=3696011,3696011,3696011,3696012,3696011,3696011,3696011,3696011,3696011,3696011
BENCH family=mp logn=10 pi=192 dir=1 calls=100 old=14134211,14134211,14134212,14134211,14134211,14134211,14134211,14134211,14134211,14134211 opt=3544111,3544111,3544111,3544111,3544111,3544111,3544111,3544112,3544111,3544111
BENCH family=mp logn=4 pi=193 dir=0 calls=100 old=89711,89711,89711,89711,89711,89711,89711,89711,89711,89711 opt=32411,32411,32411,32411,32411,32411,32411,32411,32411,32411
BENCH family=mp logn=4 pi=193 dir=1 calls=100 old=102611,102611,102611,102611,102611,102611,102611,102611,102611,102611 opt=35011,35011,35011,35011,35011,35011,35011,35011,35011,35011
BENCH family=mp logn=5 pi=193 dir=0 calls=100 old=212111,212111,212111,212111,212111,212111,212111,212111,212111,212111 opt=72611,72611,72611,72611,72611,72611,72611,72611,72611,72611
BENCH family=mp logn=5 pi=193 dir=1 calls=100 old=241811,241811,241811,241811,241811,241811,241811,241811,241811,241811 opt=74311,74311,74311,74311,74311,74311,74311,74311,74311,74311
BENCH family=mp logn=6 pi=193 dir=0 calls=100 old=485211,485211,485211,485211,485211,485211,485211,485211,485211,485212 opt=150211,150211,150211,150211,150211,150211,150211,150211,150211,150211
BENCH family=mp logn=6 pi=193 dir=1 calls=100 old=555811,555811,555811,555811,555811,555811,555811,555811,555811,555811 opt=152311,152311,152311,152311,152311,152311,152311,152311,152311,152311
BENCH family=mp logn=7 pi=193 dir=0 calls=100 old=1124411,1124411,1124411,1124411,1124411,1124411,1124411,1124411,1124411,1124411 opt=348511,348511,348511,348511,348511,348511,348511,348511,348511,348511
BENCH family=mp logn=7 pi=193 dir=1 calls=100 old=1283811,1283811,1283811,1283811,1283811,1283811,1283811,1283811,1283811,1283811 opt=341811,341811,341811,341811,341811,341811,341811,341811,341811,341811
BENCH family=mp logn=8 pi=193 dir=0 calls=100 old=2503111,2503111,2503111,2503111,2503111,2503111,2503111,2503111,2503112,2503111 opt=759411,759411,759411,759411,759411,759411,759411,759411,759411,759411
BENCH family=mp logn=8 pi=193 dir=1 calls=100 old=2866611,2866611,2866611,2866611,2866611,2866611,2866611,2866611,2866611,2866611 opt=735211,735211,735211,735211,735211,735211,735211,735211,735211,735211
BENCH family=mp logn=9 pi=193 dir=0 calls=100 old=5655911,5655911,5655911,5655911,5655912,5655911,5655911,5655911,5655911,5655911 opt=1709911,1709911,1709911,1709911,1709911,1709911,1709911,1709911,1709911,1709911
BENCH family=mp logn=9 pi=193 dir=1 calls=100 old=6458611,6458611,6458611,6458611,6458612,6458611,6458611,6458611,6458611,6458611 opt=1646711,1646711,1646711,1646711,1646711,1646711,1646711,1646711,1646711,1646711
BENCH family=mp logn=10 pi=193 dir=0 calls=100 old=12349811,12349812,12349811,12349811,12349811,12349811,12349812,12349811,12349811,12349811 opt=3696011,3696011,3696011,3696011,3696011,3696011,3696011,3696011,3696011,3696011
BENCH family=mp logn=10 pi=193 dir=1 calls=100 old=14134211,14134211,14134211,14134211,14134211,14134212,14134211,14134211,14134211,14134211 opt=3544111,3544112,3544111,3544111,3544111,3544111,3544111,3544111,3544111,3544111
BENCH family=mp logn=4 pi=194 dir=0 calls=100 old=89711,89711,89711,89711,89711,89711,89711,89711,89711,89711 opt=32411,32411,32411,32411,32411,32411,32411,32411,32411,32411
BENCH family=mp logn=4 pi=194 dir=1 calls=100 old=102611,102611,102611,102611,102611,102611,102611,102611,102611,102611 opt=35011,35011,35011,35011,35011,35011,35011,35011,35011,35011
BENCH family=mp logn=5 pi=194 dir=0 calls=100 old=212111,212111,212111,212111,212111,212111,212111,212111,212111,212111 opt=72611,72611,72611,72611,72611,72611,72611,72611,72611,72611
BENCH family=mp logn=5 pi=194 dir=1 calls=100 old=241811,241811,241811,241811,241811,241811,241811,241811,241811,241811 opt=74311,74311,74311,74311,74311,74311,74311,74311,74311,74311
BENCH family=mp logn=6 pi=194 dir=0 calls=100 old=485211,485211,485211,485211,485211,485211,485211,485211,485211,485211 opt=150211,150211,150211,150211,150211,150211,150211,150211,150211,150211
BENCH family=mp logn=6 pi=194 dir=1 calls=100 old=555811,555811,555811,555811,555811,555811,555811,555811,555811,555811 opt=152311,152311,152311,152311,152311,152311,152311,152311,152311,152311
BENCH family=mp logn=7 pi=194 dir=0 calls=100 old=1124411,1124411,1124411,1124411,1124411,1124411,1124411,1124411,1124411,1124411 opt=348511,348511,348511,348511,348511,348511,348511,348511,348511,348511
BENCH family=mp logn=7 pi=194 dir=1 calls=100 old=1283811,1283811,1283811,1283811,1283811,1283811,1283811,1283811,1283811,1283811 opt=341811,341811,341811,341811,341811,341811,341811,341811,341811,341811
BENCH family=mp logn=8 pi=194 dir=0 calls=100 old=2503111,2503111,2503111,2503111,2503111,2503111,2503111,2503111,2503111,2503111 opt=759412,759411,759411,759411,759411,759411,759411,759411,759411,759411
BENCH family=mp logn=8 pi=194 dir=1 calls=100 old=2866611,2866611,2866611,2866611,2866611,2866611,2866611,2866611,2866611,2866611 opt=735211,735211,735211,735211,735211,735211,735211,735211,735211,735211
BENCH family=mp logn=9 pi=194 dir=0 calls=100 old=5655911,5655911,5655911,5655911,5655911,5655911,5655911,5655911,5655911,5655911 opt=1709912,1709911,1709911,1709911,1709911,1709911,1709911,1709911,1709911,1709911
BENCH family=mp logn=9 pi=194 dir=1 calls=100 old=6458611,6458611,6458611,6458611,6458611,6458611,6458611,6458611,6458611,6458611 opt=1646711,1646712,1646711,1646711,1646711,1646711,1646711,1646711,1646711,1646711
BENCH family=mp logn=10 pi=194 dir=0 calls=100 old=12349812,12349811,12349811,12349811,12349811,12349811,12349811,12349811,12349811,12349811 opt=3696011,3696011,3696011,3696011,3696011,3696012,3696011,3696011,3696011,3696011
BENCH family=mp logn=10 pi=194 dir=1 calls=100 old=14134211,14134211,14134211,14134211,14134212,14134211,14134211,14134211,14134211,14134211 opt=3544111,3544111,3544111,3544111,3544111,3544111,3544111,3544111,3544112,3544111
BENCH family=mp logn=4 pi=195 dir=0 calls=100 old=89711,89711,89711,89711,89711,89711,89711,89711,89711,89711 opt=32411,32411,32411,32411,32411,32411,32411,32411,32411,32411
BENCH family=mp logn=4 pi=195 dir=1 calls=100 old=102611,102611,102611,102611,102611,102611,102611,102611,102611,102611 opt=35011,35011,35011,35011,35011,35011,35011,35011,35011,35011
BENCH family=mp logn=5 pi=195 dir=0 calls=100 old=212111,212111,212111,212111,212111,212111,212111,212111,212111,212111 opt=72611,72611,72611,72611,72611,72611,72611,72611,72611,72611
BENCH family=mp logn=5 pi=195 dir=1 calls=100 old=241811,241811,241811,241811,241811,241811,241811,241811,241811,241811 opt=74311,74311,74311,74311,74311,74311,74311,74311,74311,74311
BENCH family=mp logn=6 pi=195 dir=0 calls=100 old=485211,485211,485211,485211,485211,485211,485211,485211,485211,485211 opt=150211,150211,150211,150211,150211,150211,150211,150211,150211,150211
BENCH family=mp logn=6 pi=195 dir=1 calls=100 old=555811,555811,555811,555811,555811,555811,555811,555811,555811,555811 opt=152311,152311,152311,152311,152311,152311,152311,152311,152311,152311
BENCH family=mp logn=7 pi=195 dir=0 calls=100 old=1124411,1124411,1124411,1124411,1124411,1124411,1124411,1124411,1124411,1124412 opt=348511,348511,348511,348511,348511,348511,348511,348511,348511,348511
BENCH family=mp logn=7 pi=195 dir=1 calls=100 old=1283811,1283811,1283811,1283811,1283811,1283811,1283811,1283811,1283811,1283811 opt=341811,341811,341811,341811,341811,341811,341811,341811,341811,341811
BENCH family=mp logn=8 pi=195 dir=0 calls=100 old=2503111,2503111,2503111,2503111,2503111,2503111,2503111,2503111,2503111,2503111 opt=759411,759411,759411,759411,759411,759411,759411,759411,759411,759411
BENCH family=mp logn=8 pi=195 dir=1 calls=100 old=2866611,2866611,2866611,2866611,2866611,2866612,2866611,2866611,2866611,2866611 opt=735211,735211,735211,735211,735211,735211,735211,735211,735211,735211
BENCH family=mp logn=9 pi=195 dir=0 calls=100 old=5655911,5655911,5655911,5655911,5655911,5655911,5655911,5655911,5655912,5655911 opt=1709911,1709911,1709911,1709911,1709911,1709911,1709911,1709911,1709911,1709911
BENCH family=mp logn=9 pi=195 dir=1 calls=100 old=6458611,6458611,6458611,6458611,6458611,6458611,6458611,6458612,6458611,6458611 opt=1646711,1646711,1646711,1646711,1646711,1646711,1646711,1646711,1646711,1646711
BENCH family=mp logn=10 pi=195 dir=0 calls=100 old=12349811,12349811,12349811,12349812,12349811,12349811,12349811,12349811,12349812,12349811 opt=3696011,3696011,3696011,3696011,3696011,3696011,3696011,3696011,3696011,3696011
BENCH family=mp logn=10 pi=195 dir=1 calls=100 old=14134211,14134211,14134211,14134211,14134211,14134211,14134211,14134212,14134211,14134211 opt=3544111,3544111,3544112,3544111,3544111,3544111,3544111,3544111,3544111,3544111
BENCH family=mp logn=4 pi=196 dir=0 calls=100 old=89711,89711,89711,89711,89711,89711,89711,89711,89711,89711 opt=32411,32411,32411,32411,32411,32411,32411,32411,32411,32411
BENCH family=mp logn=4 pi=196 dir=1 calls=100 old=102611,102611,102611,102611,102611,102611,102611,102611,102611,102611 opt=35011,35011,35011,35011,35011,35011,35011,35011,35011,35011
BENCH family=mp logn=5 pi=196 dir=0 calls=100 old=212111,212111,212111,212111,212111,212111,212111,212111,212111,212111 opt=72611,72611,72611,72611,72611,72611,72611,72611,72611,72611
BENCH family=mp logn=5 pi=196 dir=1 calls=100 old=241811,241811,241811,241811,241811,241811,241811,241811,241811,241811 opt=74311,74311,74311,74311,74311,74311,74311,74311,74311,74311
BENCH family=mp logn=6 pi=196 dir=0 calls=100 old=485211,485211,485211,485211,485211,485211,485211,485211,485211,485211 opt=150211,150211,150211,150211,150211,150211,150211,150211,150211,150211
BENCH family=mp logn=6 pi=196 dir=1 calls=100 old=555811,555811,555811,555811,555811,555811,555811,555811,555811,555811 opt=152311,152312,152311,152311,152311,152311,152311,152311,152311,152311
BENCH family=mp logn=7 pi=196 dir=0 calls=100 old=1124411,1124411,1124411,1124411,1124411,1124411,1124411,1124411,1124411,1124411 opt=348511,348511,348511,348511,348511,348511,348511,348511,348511,348511
BENCH family=mp logn=7 pi=196 dir=1 calls=100 old=1283811,1283811,1283811,1283811,1283811,1283811,1283811,1283811,1283811,1283811 opt=341811,341811,341811,341811,341811,341811,341811,341811,341811,341811
BENCH family=mp logn=8 pi=196 dir=0 calls=100 old=2503111,2503111,2503111,2503111,2503111,2503111,2503111,2503111,2503111,2503112 opt=759411,759411,759411,759411,759411,759411,759411,759411,759411,759411
BENCH family=mp logn=8 pi=196 dir=1 calls=100 old=2866611,2866611,2866611,2866611,2866611,2866611,2866611,2866611,2866611,2866611 opt=735211,735211,735211,735211,735211,735211,735211,735211,735211,735211
BENCH family=mp logn=9 pi=196 dir=0 calls=100 old=5655911,5655911,5655911,5655911,5655911,5655911,5655911,5655911,5655911,5655911 opt=1709911,1709911,1709911,1709911,1709912,1709911,1709911,1709911,1709911,1709911
BENCH family=mp logn=9 pi=196 dir=1 calls=100 old=6458611,6458611,6458611,6458611,6458612,6458611,6458611,6458611,6458611,6458611 opt=1646711,1646711,1646711,1646711,1646711,1646711,1646711,1646711,1646711,1646711
BENCH family=mp logn=10 pi=196 dir=0 calls=100 old=12349811,12349812,12349811,12349811,12349811,12349811,12349811,12349811,12349811,12349811 opt=3696011,3696011,3696011,3696011,3696011,3696011,3696012,3696011,3696011,3696011
BENCH family=mp logn=10 pi=196 dir=1 calls=100 old=14134211,14134212,14134211,14134211,14134211,14134212,14134211,14134211,14134211,14134211 opt=3544111,3544111,3544111,3544111,3544111,3544111,3544111,3544111,3544111,3544111
PROGRESS timing_prime=196
BENCH family=mp logn=4 pi=197 dir=0 calls=100 old=89711,89711,89711,89711,89711,89711,89711,89711,89711,89711 opt=32411,32411,32411,32411,32411,32411,32411,32411,32411,32411
BENCH family=mp logn=4 pi=197 dir=1 calls=100 old=102611,102611,102611,102611,102611,102611,102611,102611,102611,102611 opt=35011,35011,35011,35011,35011,35011,35011,35011,35011,35011
BENCH family=mp logn=5 pi=197 dir=0 calls=100 old=212111,212111,212111,212111,212111,212111,212111,212111,212111,212111 opt=72611,72611,72611,72611,72611,72611,72611,72611,72611,72611
BENCH family=mp logn=5 pi=197 dir=1 calls=100 old=241811,241811,241811,241811,241811,241811,241811,241811,241811,241811 opt=74311,74311,74311,74311,74311,74311,74311,74311,74311,74311
BENCH family=mp logn=6 pi=197 dir=0 calls=100 old=485211,485211,485211,485211,485211,485211,485211,485211,485211,485211 opt=150211,150211,150211,150211,150211,150211,150211,150211,150211,150211
BENCH family=mp logn=6 pi=197 dir=1 calls=100 old=555811,555811,555811,555811,555811,555811,555811,555811,555811,555811 opt=152311,152311,152311,152311,152311,152311,152311,152311,152311,152311
BENCH family=mp logn=7 pi=197 dir=0 calls=100 old=1124411,1124411,1124411,1124411,1124411,1124411,1124411,1124411,1124411,1124411 opt=348511,348511,348511,348511,348511,348511,348511,348511,348511,348511
BENCH family=mp logn=7 pi=197 dir=1 calls=100 old=1283811,1283811,1283811,1283811,1283811,1283811,1283811,1283811,1283811,1283811 opt=341811,341811,341811,341811,341811,341811,341811,341811,341811,341811
BENCH family=mp logn=8 pi=197 dir=0 calls=100 old=2503111,2503112,2503111,2503111,2503111,2503111,2503111,2503111,2503111,2503111 opt=759411,759411,759411,759411,759411,759411,759411,759411,759411,759411
BENCH family=mp logn=8 pi=197 dir=1 calls=100 old=2866611,2866611,2866611,2866611,2866611,2866611,2866611,2866611,2866611,2866611 opt=735211,735211,735211,735211,735211,735211,735211,735211,735211,735211
BENCH family=mp logn=9 pi=197 dir=0 calls=100 old=5655911,5655912,5655911,5655911,5655911,5655911,5655911,5655911,5655911,5655911 opt=1709911,1709911,1709911,1709911,1709911,1709911,1709911,1709911,1709911,1709911
BENCH family=mp logn=9 pi=197 dir=1 calls=100 old=6458611,6458612,6458611,6458611,6458611,6458611,6458611,6458611,6458611,6458611 opt=1646711,1646711,1646711,1646711,1646711,1646711,1646711,1646711,1646711,1646711
BENCH family=mp logn=10 pi=197 dir=0 calls=100 old=12349812,12349811,12349811,12349811,12349811,12349812,12349811,12349811,12349811,12349811 opt=3696011,3696011,3696011,3696011,3696011,3696011,3696011,3696011,3696011,3696011
BENCH family=mp logn=10 pi=197 dir=1 calls=100 old=14134211,14134211,14134211,14134211,14134212,14134211,14134211,14134211,14134211,14134211 opt=3544111,3544111,3544111,3544111,3544111,3544111,3544111,3544111,3544112,3544111
BENCH family=mp logn=4 pi=198 dir=0 calls=100 old=89711,89711,89711,89711,89711,89711,89711,89711,89711,89711 opt=32411,32411,32411,32411,32411,32411,32411,32411,32411,32411
BENCH family=mp logn=4 pi=198 dir=1 calls=100 old=102611,102611,102611,102611,102611,102611,102611,102611,102611,102611 opt=35011,35011,35011,35011,35011,35011,35011,35011,35011,35011
BENCH family=mp logn=5 pi=198 dir=0 calls=100 old=212111,212111,212111,212111,212111,212111,212111,212111,212111,212111 opt=72611,72611,72611,72611,72611,72611,72611,72611,72611,72611
BENCH family=mp logn=5 pi=198 dir=1 calls=100 old=241811,241811,241811,241811,241811,241811,241811,241811,241811,241811 opt=74311,74311,74311,74311,74311,74311,74311,74311,74311,74311
BENCH family=mp logn=6 pi=198 dir=0 calls=100 old=485211,485211,485211,485211,485211,485211,485211,485211,485211,485211 opt=150211,150211,150211,150211,150211,150211,150211,150211,150211,150211
BENCH family=mp logn=6 pi=198 dir=1 calls=100 old=555811,555811,555811,555811,555811,555811,555811,555811,555811,555811 opt=152311,152311,152311,152311,152311,152311,152311,152311,152311,152311
BENCH family=mp logn=7 pi=198 dir=0 calls=100 old=1124411,1124411,1124411,1124411,1124411,1124411,1124411,1124411,1124411,1124411 opt=348511,348511,348511,348511,348511,348511,348511,348511,348511,348511
BENCH family=mp logn=7 pi=198 dir=1 calls=100 old=1283811,1283811,1283811,1283811,1283811,1283811,1283811,1283811,1283811,1283811 opt=341811,341811,341811,341811,341811,341811,341811,341811,341811,341811
BENCH family=mp logn=8 pi=198 dir=0 calls=100 old=2503111,2503111,2503111,2503111,2503111,2503111,2503111,2503111,2503111,2503111 opt=759411,759411,759411,759411,759411,759411,759411,759411,759411,759411
BENCH family=mp logn=8 pi=198 dir=1 calls=100 old=2866611,2866611,2866611,2866611,2866611,2866611,2866612,2866611,2866611,2866611 opt=735211,735211,735211,735211,735211,735211,735211,735211,735211,735211
BENCH family=mp logn=9 pi=198 dir=0 calls=100 old=5655911,5655911,5655911,5655911,5655911,5655911,5655911,5655911,5655912,5655911 opt=1709911,1709911,1709911,1709911,1709911,1709911,1709911,1709911,1709911,1709911
BENCH family=mp logn=9 pi=198 dir=1 calls=100 old=6458611,6458611,6458611,6458611,6458611,6458611,6458611,6458612,6458611,6458611 opt=1646711,1646711,1646711,1646711,1646711,1646711,1646711,1646711,1646711,1646711
BENCH family=mp logn=10 pi=198 dir=0 calls=100 old=12349811,12349811,12349811,12349812,12349811,12349811,12349811,12349811,12349812,12349811 opt=3696011,3696011,3696011,3696011,3696011,3696011,3696011,3696011,3696011,3696011
BENCH family=mp logn=10 pi=198 dir=1 calls=100 old=14134211,14134211,14134211,14134211,14134211,14134211,14134211,14134212,14134211,14134211 opt=3544111,3544111,3544112,3544111,3544111,3544111,3544111,3544111,3544111,3544111
BENCH family=mp logn=4 pi=199 dir=0 calls=100 old=89711,89711,89711,89711,89711,89711,89711,89711,89711,89711 opt=32411,32411,32411,32411,32411,32411,32411,32411,32411,32411
BENCH family=mp logn=4 pi=199 dir=1 calls=100 old=102611,102611,102611,102611,102611,102611,102611,102611,102611,102611 opt=35011,35011,35011,35011,35011,35011,35011,35011,35011,35011
BENCH family=mp logn=5 pi=199 dir=0 calls=100 old=212111,212111,212111,212111,212111,212111,212111,212111,212111,212111 opt=72611,72611,72611,72611,72611,72611,72611,72611,72611,72611
BENCH family=mp logn=5 pi=199 dir=1 calls=100 old=241811,241811,241811,241811,241811,241811,241811,241811,241811,241811 opt=74311,74311,74311,74311,74311,74311,74311,74311,74311,74311
BENCH family=mp logn=6 pi=199 dir=0 calls=100 old=485211,485211,485211,485211,485211,485211,485211,485211,485211,485211 opt=150211,150211,150211,150211,150211,150211,150211,150211,150211,150211
BENCH family=mp logn=6 pi=199 dir=1 calls=100 old=555811,555811,555811,555811,555811,555811,555811,555811,555811,555811 opt=152311,152311,152311,152311,152311,152311,152311,152311,152311,152311
BENCH family=mp logn=7 pi=199 dir=0 calls=100 old=1124411,1124411,1124411,1124411,1124411,1124411,1124411,1124411,1124411,1124411 opt=348511,348511,348511,348511,348511,348511,348511,348511,348511,348511
BENCH family=mp logn=7 pi=199 dir=1 calls=100 old=1283811,1283811,1283811,1283811,1283811,1283811,1283811,1283811,1283811,1283811 opt=341811,341811,341811,341811,341811,341811,341811,341811,341811,341811
BENCH family=mp logn=8 pi=199 dir=0 calls=100 old=2503111,2503111,2503111,2503111,2503111,2503111,2503111,2503111,2503111,2503112 opt=759411,759411,759411,759411,759411,759411,759411,759411,759411,759411
BENCH family=mp logn=8 pi=199 dir=1 calls=100 old=2866611,2866611,2866611,2866611,2866611,2866611,2866611,2866611,2866611,2866611 opt=735211,735211,735211,735211,735211,735211,735211,735211,735211,735211
BENCH family=mp logn=9 pi=199 dir=0 calls=100 old=5655911,5655911,5655911,5655911,5655911,5655911,5655911,5655911,5655911,5655911 opt=1709911,1709911,1709911,1709911,1709912,1709911,1709911,1709911,1709911,1709911
BENCH family=mp logn=9 pi=199 dir=1 calls=100 old=6458611,6458611,6458611,6458611,6458612,6458611,6458611,6458611,6458611,6458611 opt=1646711,1646711,1646711,1646711,1646711,1646711,1646711,1646711,1646711,1646711
BENCH family=mp logn=10 pi=199 dir=0 calls=100 old=12349811,12349811,12349812,12349811,12349811,12349811,12349811,12349811,12349811,12349811 opt=3696011,3696011,3696011,3696011,3696011,3696011,3696012,3696011,3696011,3696011
BENCH family=mp logn=10 pi=199 dir=1 calls=100 old=14134211,14134212,14134211,14134211,14134211,14134211,14134212,14134211,14134211,14134211 opt=3544111,3544111,3544111,3544111,3544111,3544111,3544111,3544111,3544111,3544111
BENCH family=mp logn=4 pi=200 dir=0 calls=100 old=89711,89711,89711,89711,89711,89711,89711,89711,89711,89711 opt=32411,32411,32411,32411,32411,32411,32411,32411,32411,32411
BENCH family=mp logn=4 pi=200 dir=1 calls=100 old=102611,102611,102611,102611,102611,102611,102611,102611,102611,102611 opt=35011,35011,35011,35011,35011,35011,35011,35011,35011,35011
BENCH family=mp logn=5 pi=200 dir=0 calls=100 old=212111,212111,212111,212111,212111,212111,212111,212111,212111,212111 opt=72611,72611,72611,72611,72611,72611,72611,72611,72611,72611
BENCH family=mp logn=5 pi=200 dir=1 calls=100 old=241811,241811,241811,241811,241811,241811,241811,241811,241811,241811 opt=74311,74311,74311,74311,74311,74311,74311,74311,74311,74311
BENCH family=mp logn=6 pi=200 dir=0 calls=100 old=485211,485211,485211,485211,485211,485211,485211,485211,485211,485211 opt=150211,150211,150211,150211,150211,150211,150211,150211,150211,150211
BENCH family=mp logn=6 pi=200 dir=1 calls=100 old=555811,555811,555811,555811,555811,555811,555811,555811,555811,555811 opt=152311,152311,152311,152311,152311,152311,152311,152311,152311,152311
BENCH family=mp logn=7 pi=200 dir=0 calls=100 old=1124411,1124411,1124411,1124411,1124411,1124411,1124411,1124411,1124411,1124411 opt=348511,348511,348511,348511,348511,348511,348511,348511,348511,348511
BENCH family=mp logn=7 pi=200 dir=1 calls=100 old=1283811,1283811,1283811,1283811,1283811,1283811,1283811,1283811,1283811,1283811 opt=341811,341811,341811,341811,341811,341811,341811,341811,341811,341811
BENCH family=mp logn=8 pi=200 dir=0 calls=100 old=2503111,2503111,2503112,2503111,2503111,2503111,2503111,2503111,2503111,2503111 opt=759411,759411,759411,759411,759411,759411,759411,759411,759411,759411
BENCH family=mp logn=8 pi=200 dir=1 calls=100 old=2866611,2866611,2866611,2866611,2866611,2866611,2866611,2866611,2866611,2866611 opt=735211,735211,735211,735211,735211,735211,735211,735211,735211,735211
BENCH family=mp logn=9 pi=200 dir=0 calls=100 old=5655911,5655912,5655911,5655911,5655911,5655911,5655911,5655911,5655911,5655911 opt=1709911,1709911,1709911,1709911,1709911,1709911,1709911,1709911,1709911,1709911
BENCH family=mp logn=9 pi=200 dir=1 calls=100 old=6458611,6458612,6458611,6458611,6458611,6458611,6458611,6458611,6458611,6458611 opt=1646711,1646711,1646711,1646711,1646711,1646711,1646711,1646711,1646711,1646711
BENCH family=mp logn=10 pi=200 dir=0 calls=100 old=12349812,12349811,12349811,12349811,12349811,12349812,12349811,12349811,12349811,12349811 opt=3696011,3696011,3696011,3696011,3696011,3696011,3696011,3696011,3696011,3696011
BENCH family=mp logn=10 pi=200 dir=1 calls=100 old=14134212,14134211,14134211,14134211,14134212,14134211,14134211,14134211,14134211,14134212 opt=3544111,3544111,3544111,3544111,3544111,3544111,3544111,3544111,3544111,3544111
BENCH family=mp logn=4 pi=201 dir=0 calls=100 old=89711,89711,89711,89711,89711,89711,89711,89711,89711,89711 opt=32411,32411,32411,32411,32411,32411,32411,32411,32411,32411
BENCH family=mp logn=4 pi=201 dir=1 calls=100 old=102611,102611,102611,102611,102611,102611,102611,102611,102611,102611 opt=35011,35011,35011,35011,35011,35011,35011,35011,35011,35011
BENCH family=mp logn=5 pi=201 dir=0 calls=100 old=212111,212111,212111,212111,212111,212111,212111,212111,212111,212111 opt=72611,72611,72611,72611,72611,72611,72611,72611,72611,72611
BENCH family=mp logn=5 pi=201 dir=1 calls=100 old=241811,241811,241811,241811,241811,241811,241811,241811,241811,241811 opt=74311,74311,74311,74311,74311,74311,74311,74311,74311,74311
BENCH family=mp logn=6 pi=201 dir=0 calls=100 old=485211,485211,485211,485211,485211,485211,485211,485211,485211,485211 opt=150211,150211,150211,150211,150211,150211,150211,150211,150211,150211
BENCH family=mp logn=6 pi=201 dir=1 calls=100 old=555811,555811,555811,555811,555811,555811,555811,555811,555811,555811 opt=152311,152311,152311,152311,152311,152311,152311,152311,152311,152311
BENCH family=mp logn=7 pi=201 dir=0 calls=100 old=1124411,1124411,1124411,1124411,1124411,1124411,1124411,1124411,1124411,1124411 opt=348511,348511,348511,348511,348511,348511,348511,348511,348511,348511
BENCH family=mp logn=7 pi=201 dir=1 calls=100 old=1283811,1283812,1283811,1283811,1283811,1283811,1283811,1283811,1283811,1283811 opt=341811,341811,341811,341811,341811,341811,341811,341811,341811,341811
BENCH family=mp logn=8 pi=201 dir=0 calls=100 old=2503111,2503111,2503111,2503111,2503111,2503111,2503111,2503111,2503111,2503111 opt=759411,759411,759411,759411,759411,759411,759411,759411,759411,759411
BENCH family=mp logn=8 pi=201 dir=1 calls=100 old=2866611,2866611,2866611,2866611,2866611,2866611,2866611,2866612,2866611,2866611 opt=735211,735211,735211,735211,735211,735211,735211,735211,735211,735211
BENCH family=mp logn=9 pi=201 dir=0 calls=100 old=5655911,5655911,5655911,5655911,5655911,5655911,5655911,5655911,5655911,5655911 opt=1709911,1709911,1709911,1709911,1709911,1709911,1709911,1709911,1709912,1709911
BENCH family=mp logn=9 pi=201 dir=1 calls=100 old=6458611,6458611,6458611,6458611,6458611,6458611,6458611,6458611,6458612,6458611 opt=1646711,1646711,1646711,1646711,1646711,1646711,1646711,1646711,1646711,1646711
BENCH family=mp logn=10 pi=201 dir=0 calls=100 old=12349811,12349811,12349811,12349812,12349811,12349811,12349811,12349811,12349811,12349811 opt=3696011,3696011,3696011,3696011,3696011,3696011,3696011,3696011,3696012,3696011
BENCH family=mp logn=10 pi=201 dir=1 calls=100 old=14134211,14134211,14134211,14134211,14134211,14134211,14134211,14134212,14134211,14134211 opt=3544111,3544111,3544111,3544112,3544111,3544111,3544111,3544111,3544111,3544111
BENCH family=mp logn=4 pi=202 dir=0 calls=100 old=89711,89711,89711,89711,89711,89711,89711,89711,89711,89711 opt=32411,32411,32411,32411,32411,32411,32411,32411,32411,32411
BENCH family=mp logn=4 pi=202 dir=1 calls=100 old=102611,102611,102611,102611,102611,102611,102611,102611,102611,102611 opt=35011,35011,35011,35011,35011,35011,35011,35011,35011,35011
BENCH family=mp logn=5 pi=202 dir=0 calls=100 old=212111,212111,212111,212111,212111,212111,212111,212111,212111,212111 opt=72611,72611,72611,72611,72611,72611,72611,72611,72611,72611
BENCH family=mp logn=5 pi=202 dir=1 calls=100 old=241811,241811,241811,241811,241811,241811,241811,241811,241811,241811 opt=74311,74311,74311,74311,74311,74311,74311,74311,74311,74311
BENCH family=mp logn=6 pi=202 dir=0 calls=100 old=485211,485211,485211,485211,485211,485211,485211,485211,485211,485211 opt=150211,150211,150211,150211,150211,150211,150211,150211,150211,150211
BENCH family=mp logn=6 pi=202 dir=1 calls=100 old=555811,555811,555811,555811,555811,555811,555811,555812,555811,555811 opt=152311,152311,152311,152311,152311,152311,152311,152311,152311,152311
BENCH family=mp logn=7 pi=202 dir=0 calls=100 old=1124411,1124411,1124411,1124411,1124411,1124411,1124411,1124411,1124411,1124411 opt=348511,348511,348511,348511,348511,348511,348511,348511,348511,348511
BENCH family=mp logn=7 pi=202 dir=1 calls=100 old=1283811,1283811,1283811,1283811,1283811,1283811,1283811,1283811,1283811,1283811 opt=341811,341811,341811,341811,341811,341811,341811,341811,341811,341811
BENCH family=mp logn=8 pi=202 dir=0 calls=100 old=2503111,2503111,2503111,2503111,2503111,2503111,2503111,2503111,2503111,2503111 opt=759411,759411,759411,759411,759411,759411,759411,759411,759411,759411
BENCH family=mp logn=8 pi=202 dir=1 calls=100 old=2866612,2866611,2866611,2866611,2866611,2866611,2866611,2866611,2866611,2866611 opt=735211,735211,735211,735211,735211,735211,735211,735211,735211,735211
BENCH family=mp logn=9 pi=202 dir=0 calls=100 old=5655911,5655911,5655911,5655911,5655911,5655912,5655911,5655911,5655911,5655911 opt=1709911,1709911,1709911,1709911,1709911,1709911,1709911,1709911,1709911,1709911
BENCH family=mp logn=9 pi=202 dir=1 calls=100 old=6458611,6458611,6458611,6458611,6458611,6458611,6458611,6458611,6458611,6458611 opt=1646711,1646711,1646711,1646711,1646711,1646712,1646711,1646711,1646711,1646711
BENCH family=mp logn=10 pi=202 dir=0 calls=100 old=12349811,12349811,12349812,12349811,12349811,12349811,12349811,12349811,12349811,12349811 opt=3696011,3696011,3696011,3696011,3696011,3696011,3696011,3696012,3696011,3696011
BENCH family=mp logn=10 pi=202 dir=1 calls=100 old=14134211,14134212,14134211,14134211,14134211,14134211,14134212,14134211,14134211,14134211 opt=3544111,3544111,3544111,3544111,3544111,3544111,3544111,3544111,3544111,3544111
BENCH family=mp logn=4 pi=203 dir=0 calls=100 old=89711,89711,89711,89711,89711,89711,89711,89711,89711,89711 opt=32411,32411,32411,32411,32411,32411,32411,32411,32411,32411
BENCH family=mp logn=4 pi=203 dir=1 calls=100 old=102611,102611,102611,102611,102611,102611,102611,102611,102611,102611 opt=35011,35011,35011,35011,35011,35011,35011,35011,35011,35011
BENCH family=mp logn=5 pi=203 dir=0 calls=100 old=212112,212111,212111,212111,212111,212111,212111,212111,212111,212111 opt=72611,72611,72611,72611,72611,72611,72611,72611,72611,72611
BENCH family=mp logn=5 pi=203 dir=1 calls=100 old=241811,241811,241811,241811,241811,241811,241811,241811,241811,241811 opt=74311,74311,74311,74311,74311,74311,74311,74311,74311,74311
BENCH family=mp logn=6 pi=203 dir=0 calls=100 old=485211,485211,485211,485211,485211,485211,485211,485211,485211,485211 opt=150211,150211,150211,150211,150211,150211,150211,150211,150211,150211
BENCH family=mp logn=6 pi=203 dir=1 calls=100 old=555811,555811,555811,555811,555811,555811,555811,555811,555811,555811 opt=152311,152311,152311,152311,152311,152311,152311,152311,152311,152311
BENCH family=mp logn=7 pi=203 dir=0 calls=100 old=1124411,1124411,1124411,1124411,1124411,1124411,1124411,1124411,1124411,1124411 opt=348511,348511,348511,348511,348511,348511,348511,348511,348511,348511
BENCH family=mp logn=7 pi=203 dir=1 calls=100 old=1283811,1283811,1283811,1283811,1283811,1283811,1283811,1283811,1283811,1283811 opt=341811,341811,341811,341811,341811,341811,341811,341811,341811,341811
BENCH family=mp logn=8 pi=203 dir=0 calls=100 old=2503111,2503111,2503112,2503111,2503111,2503111,2503111,2503111,2503111,2503111 opt=759411,759411,759411,759411,759411,759411,759411,759411,759411,759411
BENCH family=mp logn=8 pi=203 dir=1 calls=100 old=2866611,2866611,2866611,2866611,2866611,2866611,2866611,2866611,2866611,2866611 opt=735211,735211,735211,735211,735211,735211,735211,735211,735211,735211
BENCH family=mp logn=9 pi=203 dir=0 calls=100 old=5655911,5655912,5655911,5655911,5655911,5655911,5655911,5655911,5655911,5655911 opt=1709911,1709911,1709911,1709911,1709911,1709911,1709911,1709911,1709911,1709911
BENCH family=mp logn=9 pi=203 dir=1 calls=100 old=6458611,6458612,6458611,6458611,6458611,6458611,6458611,6458611,6458611,6458611 opt=1646711,1646711,1646711,1646711,1646711,1646711,1646711,1646711,1646711,1646711
BENCH family=mp logn=10 pi=203 dir=0 calls=100 old=12349812,12349811,12349811,12349811,12349811,12349812,12349811,12349811,12349811,12349811 opt=3696011,3696011,3696011,3696011,3696011,3696011,3696011,3696011,3696011,3696011
BENCH family=mp logn=10 pi=203 dir=1 calls=100 old=14134212,14134211,14134211,14134211,14134212,14134211,14134211,14134211,14134211,14134212 opt=3544111,3544111,3544111,3544111,3544111,3544111,3544111,3544111,3544111,3544111
BENCH family=mp logn=4 pi=204 dir=0 calls=100 old=89711,89711,89711,89711,89711,89711,89711,89711,89711,89711 opt=32411,32411,32411,32411,32411,32411,32411,32411,32411,32411
BENCH family=mp logn=4 pi=204 dir=1 calls=100 old=102611,102611,102611,102611,102611,102611,102611,102611,102611,102611 opt=35011,35011,35011,35011,35011,35011,35011,35011,35011,35011
BENCH family=mp logn=5 pi=204 dir=0 calls=100 old=212111,212111,212111,212111,212111,212111,212111,212111,212111,212111 opt=72611,72611,72611,72611,72611,72611,72611,72611,72611,72611
BENCH family=mp logn=5 pi=204 dir=1 calls=100 old=241811,241811,241811,241811,241811,241811,241811,241811,241811,241811 opt=74311,74311,74311,74311,74311,74311,74311,74311,74311,74311
BENCH family=mp logn=6 pi=204 dir=0 calls=100 old=485211,485211,485211,485211,485211,485211,485211,485211,485211,485211 opt=150211,150211,150211,150211,150211,150211,150211,150211,150211,150211
BENCH family=mp logn=6 pi=204 dir=1 calls=100 old=555811,555811,555811,555811,555811,555811,555811,555811,555811,555811 opt=152311,152311,152311,152311,152311,152311,152311,152311,152311,152311
BENCH family=mp logn=7 pi=204 dir=0 calls=100 old=1124411,1124411,1124411,1124411,1124411,1124411,1124411,1124411,1124411,1124411 opt=348511,348511,348511,348511,348511,348511,348511,348511,348511,348511
BENCH family=mp logn=7 pi=204 dir=1 calls=100 old=1283811,1283811,1283811,1283811,1283811,1283811,1283811,1283811,1283811,1283811 opt=341811,341811,341811,341811,341811,341811,341811,341811,341811,341811
BENCH family=mp logn=8 pi=204 dir=0 calls=100 old=2503111,2503111,2503111,2503111,2503111,2503111,2503111,2503111,2503111,2503111 opt=759411,759411,759411,759411,759411,759411,759411,759411,759411,759411
BENCH family=mp logn=8 pi=204 dir=1 calls=100 old=2866611,2866611,2866611,2866611,2866611,2866611,2866611,2866612,2866611,2866611 opt=735211,735211,735211,735211,735211,735211,735211,735211,735211,735211
BENCH family=mp logn=9 pi=204 dir=0 calls=100 old=5655911,5655911,5655911,5655911,5655911,5655911,5655911,5655911,5655911,5655911 opt=1709911,1709911,1709911,1709911,1709911,1709911,1709911,1709911,1709911,1709912
BENCH family=mp logn=9 pi=204 dir=1 calls=100 old=6458611,6458611,6458611,6458611,6458611,6458611,6458611,6458611,6458612,6458611 opt=1646711,1646711,1646711,1646711,1646711,1646711,1646711,1646711,1646711,1646711
BENCH family=mp logn=10 pi=204 dir=0 calls=100 old=12349811,12349811,12349811,12349812,12349811,12349811,12349811,12349811,12349811,12349811 opt=3696011,3696011,3696011,3696011,3696011,3696011,3696011,3696011,3696012,3696011
BENCH family=mp logn=10 pi=204 dir=1 calls=100 old=14134211,14134211,14134211,14134212,14134211,14134211,14134211,14134212,14134211,14134211 opt=3544111,3544111,3544111,3544111,3544111,3544111,3544111,3544111,3544111,3544111
BENCH family=mp logn=4 pi=205 dir=0 calls=100 old=89711,89711,89711,89711,89711,89711,89711,89711,89711,89711 opt=32411,32411,32411,32411,32411,32411,32411,32411,32411,32411
BENCH family=mp logn=4 pi=205 dir=1 calls=100 old=102611,102611,102611,102611,102611,102611,102611,102611,102611,102611 opt=35011,35011,35011,35011,35011,35011,35011,35011,35011,35011
BENCH family=mp logn=5 pi=205 dir=0 calls=100 old=212111,212111,212111,212111,212111,212111,212111,212111,212111,212111 opt=72611,72611,72611,72611,72611,72611,72611,72611,72611,72611
BENCH family=mp logn=5 pi=205 dir=1 calls=100 old=241811,241811,241811,241811,241811,241811,241811,241811,241811,241811 opt=74311,74311,74311,74311,74311,74311,74311,74311,74311,74311
BENCH family=mp logn=6 pi=205 dir=0 calls=100 old=485211,485211,485211,485211,485211,485211,485211,485211,485211,485211 opt=150211,150211,150211,150211,150211,150211,150211,150211,150211,150211
BENCH family=mp logn=6 pi=205 dir=1 calls=100 old=555811,555811,555811,555811,555811,555811,555811,555811,555811,555811 opt=152311,152311,152311,152311,152311,152311,152311,152311,152311,152312
BENCH family=mp logn=7 pi=205 dir=0 calls=100 old=1124411,1124411,1124411,1124411,1124411,1124411,1124411,1124411,1124411,1124411 opt=348511,348511,348511,348511,348511,348511,348511,348511,348511,348511
BENCH family=mp logn=7 pi=205 dir=1 calls=100 old=1283811,1283811,1283811,1283811,1283811,1283811,1283811,1283811,1283811,1283811 opt=341811,341811,341811,341811,341811,341811,341811,341811,341811,341811
BENCH family=mp logn=8 pi=205 dir=0 calls=100 old=2503111,2503111,2503111,2503111,2503111,2503111,2503111,2503111,2503111,2503111 opt=759411,759411,759411,759411,759411,759411,759411,759411,759411,759411
BENCH family=mp logn=8 pi=205 dir=1 calls=100 old=2866612,2866611,2866611,2866611,2866611,2866611,2866611,2866611,2866611,2866611 opt=735211,735211,735211,735211,735211,735211,735211,735211,735211,735211
BENCH family=mp logn=9 pi=205 dir=0 calls=100 old=5655911,5655911,5655911,5655911,5655911,5655912,5655911,5655911,5655911,5655911 opt=1709911,1709911,1709911,1709911,1709911,1709911,1709911,1709911,1709911,1709911
BENCH family=mp logn=9 pi=205 dir=1 calls=100 old=6458611,6458611,6458611,6458611,6458611,6458612,6458611,6458611,6458611,6458611 opt=1646711,1646711,1646711,1646711,1646711,1646711,1646711,1646711,1646711,1646711
BENCH family=mp logn=10 pi=205 dir=0 calls=100 old=12349811,12349811,12349812,12349811,12349811,12349811,12349811,12349812,12349811,12349811 opt=3696011,3696011,3696011,3696011,3696011,3696011,3696011,3696011,3696011,3696011
BENCH family=mp logn=10 pi=205 dir=1 calls=100 old=14134211,14134212,14134211,14134211,14134211,14134211,14134212,14134211,14134211,14134211 opt=3544111,3544111,3544111,3544111,3544111,3544111,3544111,3544111,3544111,3544111
BENCH family=mp logn=4 pi=206 dir=0 calls=100 old=89711,89711,89711,89711,89711,89711,89711,89711,89711,89711 opt=32411,32411,32411,32411,32411,32411,32411,32411,32411,32411
BENCH family=mp logn=4 pi=206 dir=1 calls=100 old=102611,102611,102611,102611,102611,102611,102611,102611,102611,102611 opt=35011,35011,35011,35011,35011,35011,35011,35011,35011,35011
BENCH family=mp logn=5 pi=206 dir=0 calls=100 old=212111,212111,212111,212111,212111,212111,212111,212111,212111,212111 opt=72611,72611,72611,72611,72611,72611,72611,72611,72611,72611
BENCH family=mp logn=5 pi=206 dir=1 calls=100 old=241811,241811,241811,241811,241811,241811,241811,241811,241811,241811 opt=74311,74311,74311,74311,74311,74311,74311,74311,74311,74311
BENCH family=mp logn=6 pi=206 dir=0 calls=100 old=485211,485211,485211,485211,485211,485211,485211,485211,485211,485211 opt=150211,150211,150211,150211,150211,150211,150211,150211,150211,150211
BENCH family=mp logn=6 pi=206 dir=1 calls=100 old=555811,555811,555811,555811,555811,555811,555811,555811,555811,555811 opt=152311,152311,152311,152311,152311,152311,152311,152311,152311,152311
BENCH family=mp logn=7 pi=206 dir=0 calls=100 old=1124411,1124411,1124411,1124411,1124411,1124411,1124411,1124411,1124411,1124411 opt=348511,348511,348511,348511,348511,348511,348511,348511,348511,348511
BENCH family=mp logn=7 pi=206 dir=1 calls=100 old=1283811,1283811,1283811,1283811,1283811,1283811,1283811,1283811,1283811,1283811 opt=341811,341811,341811,341811,341811,341811,341811,341811,341811,341811
BENCH family=mp logn=8 pi=206 dir=0 calls=100 old=2503111,2503111,2503111,2503111,2503112,2503111,2503111,2503111,2503111,2503111 opt=759411,759411,759411,759411,759411,759411,759411,759411,759411,759411
BENCH family=mp logn=8 pi=206 dir=1 calls=100 old=2866611,2866611,2866611,2866611,2866611,2866611,2866611,2866611,2866611,2866611 opt=735211,735211,735211,735211,735211,735211,735211,735211,735211,735211
BENCH family=mp logn=9 pi=206 dir=0 calls=100 old=5655911,5655911,5655912,5655911,5655911,5655911,5655911,5655911,5655911,5655911 opt=1709911,1709911,1709911,1709911,1709911,1709911,1709911,1709911,1709911,1709911
BENCH family=mp logn=9 pi=206 dir=1 calls=100 old=6458611,6458611,6458612,6458611,6458611,6458611,6458611,6458611,6458611,6458611 opt=1646711,1646711,1646711,1646711,1646711,1646711,1646711,1646711,1646711,1646711
BENCH family=mp logn=10 pi=206 dir=0 calls=100 old=12349811,12349811,12349811,12349811,12349811,12349812,12349811,12349811,12349811,12349811 opt=3696012,3696011,3696011,3696011,3696011,3696011,3696011,3696011,3696011,3696011
BENCH family=mp logn=10 pi=206 dir=1 calls=100 old=14134212,14134211,14134211,14134211,14134211,14134211,14134211,14134211,14134211,14134212 opt=3544111,3544111,3544111,3544111,3544112,3544111,3544111,3544111,3544111,3544111
BENCH family=mp logn=4 pi=207 dir=0 calls=100 old=89711,89711,89711,89711,89711,89711,89711,89711,89711,89711 opt=32411,32411,32411,32411,32411,32411,32411,32411,32411,32411
BENCH family=mp logn=4 pi=207 dir=1 calls=100 old=102611,102611,102611,102611,102611,102611,102611,102611,102611,102611 opt=35011,35011,35011,35011,35011,35011,35011,35011,35011,35011
BENCH family=mp logn=5 pi=207 dir=0 calls=100 old=212111,212111,212111,212111,212111,212111,212111,212111,212111,212111 opt=72611,72611,72611,72611,72611,72611,72611,72611,72611,72611
BENCH family=mp logn=5 pi=207 dir=1 calls=100 old=241811,241811,241811,241811,241811,241811,241811,241811,241811,241811 opt=74311,74311,74311,74311,74311,74311,74311,74311,74311,74311
BENCH family=mp logn=6 pi=207 dir=0 calls=100 old=485211,485211,485211,485211,485211,485211,485211,485211,485211,485211 opt=150211,150211,150211,150211,150211,150211,150211,150211,150211,150211
BENCH family=mp logn=6 pi=207 dir=1 calls=100 old=555811,555811,555811,555811,555811,555811,555811,555811,555811,555811 opt=152311,152311,152311,152311,152311,152311,152311,152311,152311,152311
BENCH family=mp logn=7 pi=207 dir=0 calls=100 old=1124411,1124411,1124411,1124411,1124411,1124411,1124411,1124411,1124411,1124411 opt=348511,348511,348511,348511,348511,348511,348511,348511,348511,348511
BENCH family=mp logn=7 pi=207 dir=1 calls=100 old=1283811,1283811,1283811,1283811,1283811,1283812,1283811,1283811,1283811,1283811 opt=341811,341811,341811,341811,341811,341811,341811,341811,341811,341811
BENCH family=mp logn=8 pi=207 dir=0 calls=100 old=2503111,2503111,2503111,2503111,2503111,2503111,2503111,2503111,2503111,2503111 opt=759411,759411,759411,759411,759411,759411,759411,759411,759411,759411
BENCH family=mp logn=8 pi=207 dir=1 calls=100 old=2866611,2866611,2866611,2866611,2866611,2866611,2866611,2866611,2866611,2866611 opt=735211,735211,735211,735211,735211,735211,735211,735211,735211,735212
BENCH family=mp logn=9 pi=207 dir=0 calls=100 old=5655911,5655911,5655911,5655911,5655911,5655911,5655911,5655911,5655911,5655912 opt=1709911,1709911,1709911,1709911,1709911,1709911,1709911,1709911,1709911,1709911
BENCH family=mp logn=9 pi=207 dir=1 calls=100 old=6458611,6458611,6458611,6458611,6458611,6458611,6458611,6458611,6458611,6458611 opt=1646711,1646711,1646711,1646711,1646711,1646711,1646711,1646711,1646711,1646712
BENCH family=mp logn=10 pi=207 dir=0 calls=100 old=12349811,12349811,12349811,12349811,12349812,12349811,12349811,12349811,12349811,12349811 opt=3696011,3696011,3696011,3696011,3696011,3696011,3696011,3696011,3696011,3696012
BENCH family=mp logn=10 pi=207 dir=1 calls=100 old=14134211,14134211,14134211,14134212,14134211,14134211,14134211,14134211,14134212,14134211 opt=3544111,3544111,3544111,3544111,3544111,3544111,3544111,3544111,3544111,3544111
BENCH family=mp logn=4 pi=208 dir=0 calls=100 old=89711,89711,89711,89711,89711,89711,89711,89711,89711,89711 opt=32411,32411,32411,32411,32411,32411,32411,32411,32411,32411
BENCH family=mp logn=4 pi=208 dir=1 calls=100 old=102611,102611,102611,102611,102611,102611,102611,102611,102611,102611 opt=35011,35011,35011,35011,35011,35011,35011,35011,35011,35011
BENCH family=mp logn=5 pi=208 dir=0 calls=100 old=212111,212111,212111,212111,212111,212111,212111,212111,212111,212111 opt=72611,72611,72611,72611,72611,72611,72611,72611,72611,72611
BENCH family=mp logn=5 pi=208 dir=1 calls=100 old=241811,241811,241811,241811,241811,241811,241811,241811,241811,241811 opt=74311,74311,74311,74311,74311,74311,74311,74311,74311,74311
BENCH family=mp logn=6 pi=208 dir=0 calls=100 old=485211,485211,485211,485211,485211,485211,485211,485211,485211,485211 opt=150211,150211,150211,150211,150211,150211,150211,150211,150211,150211
BENCH family=mp logn=6 pi=208 dir=1 calls=100 old=555811,555811,555811,555811,555811,555811,555811,555811,555811,555811 opt=152311,152311,152311,152311,152311,152311,152311,152311,152311,152311
BENCH family=mp logn=7 pi=208 dir=0 calls=100 old=1124412,1124411,1124411,1124411,1124411,1124411,1124411,1124411,1124411,1124411 opt=348511,348511,348511,348511,348511,348511,348511,348511,348511,348511
BENCH family=mp logn=7 pi=208 dir=1 calls=100 old=1283811,1283811,1283811,1283811,1283811,1283811,1283811,1283811,1283811,1283811 opt=341811,341811,341811,341811,341811,341811,341811,341811,341811,341811
BENCH family=mp logn=8 pi=208 dir=0 calls=100 old=2503111,2503111,2503111,2503111,2503111,2503111,2503111,2503111,2503111,2503111 opt=759411,759411,759411,759411,759411,759411,759411,759411,759411,759411
BENCH family=mp logn=8 pi=208 dir=1 calls=100 old=2866611,2866612,2866611,2866611,2866611,2866611,2866611,2866611,2866611,2866611 opt=735211,735211,735211,735211,735211,735211,735211,735211,735211,735211
BENCH family=mp logn=9 pi=208 dir=0 calls=100 old=5655911,5655911,5655911,5655911,5655911,5655911,5655912,5655911,5655911,5655911 opt=1709911,1709911,1709911,1709911,1709911,1709911,1709911,1709911,1709911,1709911
BENCH family=mp logn=9 pi=208 dir=1 calls=100 old=6458611,6458611,6458611,6458611,6458611,6458612,6458611,6458611,6458611,6458611 opt=1646711,1646711,1646711,1646711,1646711,1646711,1646711,1646711,1646711,1646711
BENCH family=mp logn=10 pi=208 dir=0 calls=100 old=12349811,12349811,12349812,12349811,12349811,12349811,12349811,12349812,12349811,12349811 opt=3696011,3696011,3696011,3696011,3696011,3696011,3696011,3696011,3696011,3696011
BENCH family=mp logn=10 pi=208 dir=1 calls=100 old=14134211,14134211,14134212,14134211,14134211,14134211,14134212,14134211,14134211,14134211 opt=3544111,3544111,3544111,3544111,3544111,3544111,3544111,3544111,3544111,3544111
BENCH family=mp logn=4 pi=209 dir=0 calls=100 old=89711,89711,89711,89711,89711,89711,89711,89711,89711,89711 opt=32411,32411,32411,32411,32411,32411,32411,32411,32411,32411
BENCH family=mp logn=4 pi=209 dir=1 calls=100 old=102611,102611,102611,102611,102611,102611,102611,102611,102611,102611 opt=35011,35011,35011,35011,35011,35011,35011,35011,35011,35011
BENCH family=mp logn=5 pi=209 dir=0 calls=100 old=212111,212111,212111,212111,212111,212111,212111,212111,212111,212111 opt=72611,72611,72611,72611,72611,72611,72611,72611,72611,72611
BENCH family=mp logn=5 pi=209 dir=1 calls=100 old=241811,241811,241811,241811,241811,241811,241811,241812,241811,241811 opt=74311,74311,74311,74311,74311,74311,74311,74311,74311,74311
BENCH family=mp logn=6 pi=209 dir=0 calls=100 old=485211,485211,485211,485211,485211,485211,485211,485211,485211,485211 opt=150211,150211,150211,150211,150211,150211,150211,150211,150211,150211
BENCH family=mp logn=6 pi=209 dir=1 calls=100 old=555811,555811,555811,555811,555811,555811,555811,555811,555811,555811 opt=152311,152311,152311,152311,152311,152311,152311,152311,152311,152311
BENCH family=mp logn=7 pi=209 dir=0 calls=100 old=1124411,1124411,1124411,1124411,1124411,1124411,1124411,1124411,1124411,1124411 opt=348511,348511,348511,348511,348511,348511,348511,348511,348511,348511
BENCH family=mp logn=7 pi=209 dir=1 calls=100 old=1283811,1283811,1283811,1283811,1283811,1283811,1283811,1283811,1283811,1283811 opt=341811,341811,341811,341811,341811,341811,341811,341811,341811,341811
BENCH family=mp logn=8 pi=209 dir=0 calls=100 old=2503111,2503111,2503111,2503111,2503111,2503112,2503111,2503111,2503111,2503111 opt=759411,759411,759411,759411,759411,759411,759411,759411,759411,759411
BENCH family=mp logn=8 pi=209 dir=1 calls=100 old=2866611,2866611,2866611,2866611,2866611,2866611,2866611,2866611,2866611,2866611 opt=735211,735211,735211,735211,735211,735211,735211,735211,735211,735211
BENCH family=mp logn=9 pi=209 dir=0 calls=100 old=5655911,5655911,5655911,5655911,5655911,5655911,5655911,5655911,5655911,5655911 opt=1709911,1709911,1709912,1709911,1709911,1709911,1709911,1709911,1709911,1709911
BENCH family=mp logn=9 pi=209 dir=1 calls=100 old=6458611,6458611,6458611,6458611,6458611,6458611,6458611,6458611,6458611,6458611 opt=1646711,1646711,1646712,1646711,1646711,1646711,1646711,1646711,1646711,1646711
BENCH family=mp logn=10 pi=209 dir=0 calls=100 old=12349811,12349811,12349811,12349811,12349811,12349811,12349812,12349811,12349811,12349811 opt=3696011,3696012,3696011,3696011,3696011,3696011,3696011,3696011,3696011,3696011
BENCH family=mp logn=10 pi=209 dir=1 calls=100 old=14134212,14134211,14134211,14134211,14134211,14134211,14134211,14134211,14134211,14134212 opt=3544111,3544111,3544111,3544111,3544111,3544112,3544111,3544111,3544111,3544111
BENCH family=mp logn=4 pi=210 dir=0 calls=100 old=89711,89711,89711,89711,89711,89711,89711,89711,89711,89711 opt=32411,32411,32411,32411,32411,32411,32411,32411,32411,32411
BENCH family=mp logn=4 pi=210 dir=1 calls=100 old=102611,102611,102611,102611,102611,102611,102611,102611,102611,102611 opt=35011,35011,35011,35011,35011,35011,35011,35011,35011,35011
BENCH family=mp logn=5 pi=210 dir=0 calls=100 old=212111,212111,212111,212111,212111,212111,212111,212111,212111,212111 opt=72611,72611,72611,72611,72611,72611,72611,72611,72611,72611
BENCH family=mp logn=5 pi=210 dir=1 calls=100 old=241811,241811,241811,241811,241811,241811,241811,241811,241811,241811 opt=74311,74311,74311,74311,74311,74311,74311,74311,74311,74311
BENCH family=mp logn=6 pi=210 dir=0 calls=100 old=485211,485211,485211,485211,485211,485211,485211,485211,485211,485211 opt=150211,150211,150211,150211,150211,150211,150211,150211,150211,150211
BENCH family=mp logn=6 pi=210 dir=1 calls=100 old=555811,555811,555811,555811,555811,555811,555811,555811,555811,555811 opt=152311,152311,152311,152311,152311,152311,152311,152311,152311,152311
BENCH family=mp logn=7 pi=210 dir=0 calls=100 old=1124411,1124411,1124411,1124411,1124411,1124411,1124411,1124411,1124411,1124411 opt=348511,348511,348511,348511,348511,348511,348511,348511,348511,348511
BENCH family=mp logn=7 pi=210 dir=1 calls=100 old=1283811,1283811,1283811,1283811,1283811,1283811,1283812,1283811,1283811,1283811 opt=341811,341811,341811,341811,341811,341811,341811,341811,341811,341811
BENCH family=mp logn=8 pi=210 dir=0 calls=100 old=2503111,2503111,2503111,2503111,2503111,2503111,2503111,2503111,2503111,2503111 opt=759411,759411,759411,759411,759411,759411,759411,759411,759411,759411
BENCH family=mp logn=8 pi=210 dir=1 calls=100 old=2866611,2866611,2866611,2866611,2866611,2866611,2866611,2866611,2866611,2866612 opt=735211,735211,735211,735211,735211,735211,735211,735211,735211,735211
BENCH family=mp logn=9 pi=210 dir=0 calls=100 old=5655911,5655911,5655911,5655911,5655911,5655911,5655911,5655911,5655911,5655912 opt=1709911,1709911,1709911,1709911,1709911,1709911,1709911,1709911,1709911,1709911
BENCH family=mp logn=9 pi=210 dir=1 calls=100 old=6458611,6458611,6458611,6458611,6458611,6458611,6458611,6458611,6458611,6458612 opt=1646711,1646711,1646711,1646711,1646711,1646711,1646711,1646711,1646711,1646711
BENCH family=mp logn=10 pi=210 dir=0 calls=100 old=12349811,12349811,12349811,12349811,12349812,12349811,12349811,12349811,12349811,12349812 opt=3696011,3696011,3696011,3696011,3696011,3696011,3696011,3696011,3696011,3696011
BENCH family=mp logn=10 pi=210 dir=1 calls=100 old=14134211,14134211,14134211,14134212,14134211,14134211,14134211,14134211,14134212,14134211 opt=3544111,3544111,3544111,3544111,3544111,3544111,3544111,3544111,3544111,3544111
BENCH family=mp logn=4 pi=211 dir=0 calls=100 old=89711,89711,89711,89711,89711,89711,89711,89711,89711,89711 opt=32411,32411,32411,32411,32411,32411,32411,32411,32411,32411
BENCH family=mp logn=4 pi=211 dir=1 calls=100 old=102611,102611,102611,102611,102611,102611,102611,102611,102611,102611 opt=35011,35011,35011,35011,35011,35011,35011,35011,35011,35011
BENCH family=mp logn=5 pi=211 dir=0 calls=100 old=212111,212111,212111,212111,212111,212111,212111,212111,212111,212111 opt=72611,72611,72611,72611,72611,72611,72611,72611,72611,72611
BENCH family=mp logn=5 pi=211 dir=1 calls=100 old=241811,241811,241811,241811,241811,241811,241811,241811,241811,241811 opt=74311,74311,74311,74311,74311,74311,74311,74311,74311,74311
BENCH family=mp logn=6 pi=211 dir=0 calls=100 old=485211,485211,485211,485211,485211,485211,485211,485211,485211,485211 opt=150211,150211,150211,150211,150211,150211,150211,150211,150211,150211
BENCH family=mp logn=6 pi=211 dir=1 calls=100 old=555811,555811,555811,555811,555811,555811,555811,555811,555811,555811 opt=152311,152311,152311,152311,152311,152311,152311,152311,152311,152311
BENCH family=mp logn=7 pi=211 dir=0 calls=100 old=1124411,1124412,1124411,1124411,1124411,1124411,1124411,1124411,1124411,1124411 opt=348511,348511,348511,348511,348511,348511,348511,348511,348511,348511
BENCH family=mp logn=7 pi=211 dir=1 calls=100 old=1283811,1283811,1283811,1283811,1283811,1283811,1283811,1283811,1283811,1283811 opt=341811,341811,341811,341811,341811,341811,341811,341811,341811,341811
BENCH family=mp logn=8 pi=211 dir=0 calls=100 old=2503111,2503111,2503111,2503111,2503111,2503111,2503111,2503111,2503111,2503111 opt=759411,759411,759411,759411,759411,759411,759411,759411,759411,759411
BENCH family=mp logn=8 pi=211 dir=1 calls=100 old=2866611,2866611,2866612,2866611,2866611,2866611,2866611,2866611,2866611,2866611 opt=735211,735211,735211,735211,735211,735211,735211,735211,735211,735211
BENCH family=mp logn=9 pi=211 dir=0 calls=100 old=5655911,5655911,5655911,5655911,5655911,5655911,5655912,5655911,5655911,5655911 opt=1709911,1709911,1709911,1709911,1709911,1709911,1709911,1709911,1709911,1709911
BENCH family=mp logn=9 pi=211 dir=1 calls=100 old=6458611,6458611,6458611,6458611,6458611,6458611,6458612,6458611,6458611,6458611 opt=1646711,1646711,1646711,1646711,1646711,1646711,1646711,1646711,1646711,1646711
BENCH family=mp logn=10 pi=211 dir=0 calls=100 old=12349811,12349811,12349811,12349811,12349811,12349811,12349811,12349812,12349811,12349811 opt=3696011,3696011,3696012,3696011,3696011,3696011,3696011,3696011,3696011,3696011
BENCH family=mp logn=10 pi=211 dir=1 calls=100 old=14134211,14134211,14134212,14134211,14134211,14134211,14134212,14134211,14134211,14134211 opt=3544111,3544111,3544111,3544111,3544111,3544111,3544111,3544111,3544111,3544111
BENCH family=mp logn=4 pi=212 dir=0 calls=100 old=89711,89711,89711,89711,89711,89711,89711,89711,89711,89711 opt=32411,32411,32411,32411,32411,32411,32411,32411,32411,32411
BENCH family=mp logn=4 pi=212 dir=1 calls=100 old=102611,102611,102611,102611,102611,102611,102611,102611,102611,102611 opt=35011,35011,35011,35011,35011,35011,35011,35011,35011,35011
BENCH family=mp logn=5 pi=212 dir=0 calls=100 old=212111,212111,212111,212111,212111,212111,212111,212111,212111,212111 opt=72611,72611,72611,72611,72611,72611,72611,72611,72611,72611
BENCH family=mp logn=5 pi=212 dir=1 calls=100 old=241811,241811,241811,241811,241811,241811,241811,241811,241811,241811 opt=74311,74311,74311,74311,74311,74311,74311,74311,74311,74311
BENCH family=mp logn=6 pi=212 dir=0 calls=100 old=485211,485211,485211,485211,485211,485211,485211,485211,485211,485211 opt=150211,150211,150211,150211,150211,150211,150211,150211,150211,150211
BENCH family=mp logn=6 pi=212 dir=1 calls=100 old=555811,555811,555811,555811,555811,555811,555811,555811,555811,555811 opt=152311,152311,152311,152311,152311,152311,152311,152311,152311,152311
BENCH family=mp logn=7 pi=212 dir=0 calls=100 old=1124411,1124411,1124411,1124411,1124411,1124411,1124411,1124411,1124411,1124411 opt=348511,348511,348511,348511,348511,348511,348511,348511,348511,348511
BENCH family=mp logn=7 pi=212 dir=1 calls=100 old=1283811,1283811,1283811,1283811,1283811,1283811,1283811,1283811,1283811,1283811 opt=341811,341811,341811,341811,341811,341811,341811,341811,341811,341811
BENCH family=mp logn=8 pi=212 dir=0 calls=100 old=2503111,2503111,2503111,2503111,2503111,2503112,2503111,2503111,2503111,2503111 opt=759411,759411,759411,759411,759411,759411,759411,759411,759411,759411
BENCH family=mp logn=8 pi=212 dir=1 calls=100 old=2866611,2866611,2866611,2866611,2866611,2866611,2866611,2866611,2866611,2866611 opt=735211,735211,735211,735211,735211,735211,735211,735211,735211,735211
BENCH family=mp logn=9 pi=212 dir=0 calls=100 old=5655911,5655911,5655911,5655911,5655911,5655911,5655911,5655911,5655911,5655911 opt=1709911,1709911,1709911,1709912,1709911,1709911,1709911,1709911,1709911,1709911
BENCH family=mp logn=9 pi=212 dir=1 calls=100 old=6458611,6458611,6458611,6458611,6458611,6458611,6458611,6458611,6458611,6458611 opt=1646711,1646711,1646712,1646711,1646711,1646711,1646711,1646711,1646711,1646711
BENCH family=mp logn=10 pi=212 dir=0 calls=100 old=12349811,12349811,12349811,12349811,12349811,12349811,12349812,12349811,12349811,12349811 opt=3696011,3696012,3696011,3696011,3696011,3696011,3696011,3696011,3696011,3696011
BENCH family=mp logn=10 pi=212 dir=1 calls=100 old=14134212,14134211,14134211,14134211,14134211,14134211,14134211,14134211,14134211,14134212 opt=3544111,3544111,3544111,3544111,3544111,3544112,3544111,3544111,3544111,3544111
BENCH family=mp logn=4 pi=213 dir=0 calls=100 old=89711,89711,89711,89711,89711,89711,89711,89711,89711,89711 opt=32411,32411,32411,32411,32411,32411,32411,32411,32411,32411
BENCH family=mp logn=4 pi=213 dir=1 calls=100 old=102611,102611,102611,102611,102611,102611,102611,102611,102611,102611 opt=35011,35011,35011,35011,35011,35011,35011,35011,35011,35011
BENCH family=mp logn=5 pi=213 dir=0 calls=100 old=212111,212111,212111,212111,212111,212111,212111,212111,212111,212111 opt=72611,72611,72611,72611,72611,72611,72611,72611,72611,72611
BENCH family=mp logn=5 pi=213 dir=1 calls=100 old=241811,241811,241811,241811,241811,241811,241811,241811,241811,241811 opt=74311,74311,74311,74311,74311,74311,74311,74311,74311,74311
BENCH family=mp logn=6 pi=213 dir=0 calls=100 old=485211,485211,485211,485211,485211,485211,485211,485211,485211,485211 opt=150211,150211,150211,150211,150211,150211,150211,150211,150211,150211
BENCH family=mp logn=6 pi=213 dir=1 calls=100 old=555811,555811,555811,555811,555811,555811,555811,555811,555811,555811 opt=152311,152311,152311,152311,152311,152311,152311,152311,152311,152311
BENCH family=mp logn=7 pi=213 dir=0 calls=100 old=1124411,1124411,1124411,1124411,1124411,1124411,1124411,1124411,1124411,1124411 opt=348511,348511,348511,348511,348511,348511,348511,348511,348511,348511
BENCH family=mp logn=7 pi=213 dir=1 calls=100 old=1283811,1283811,1283811,1283811,1283811,1283811,1283811,1283812,1283811,1283811 opt=341811,341811,341811,341811,341811,341811,341811,341811,341811,341811
BENCH family=mp logn=8 pi=213 dir=0 calls=100 old=2503111,2503111,2503111,2503111,2503111,2503111,2503111,2503111,2503111,2503111 opt=759411,759411,759411,759411,759411,759411,759411,759411,759411,759411
BENCH family=mp logn=8 pi=213 dir=1 calls=100 old=2866611,2866611,2866611,2866611,2866611,2866611,2866611,2866611,2866611,2866611 opt=735211,735211,735211,735211,735211,735211,735211,735211,735211,735211
BENCH family=mp logn=9 pi=213 dir=0 calls=100 old=5655911,5655911,5655911,5655911,5655911,5655911,5655911,5655911,5655911,5655911 opt=1709911,1709911,1709911,1709911,1709911,1709911,1709911,1709911,1709911,1709911
BENCH family=mp logn=9 pi=213 dir=1 calls=100 old=6458611,6458611,6458611,6458611,6458611,6458611,6458611,6458611,6458611,6458612 opt=1646711,1646711,1646711,1646711,1646711,1646711,1646711,1646711,1646711,1646711
BENCH family=mp logn=10 pi=213 dir=0 calls=100 old=12349811,12349811,12349811,12349811,12349812,12349811,12349811,12349811,12349811,12349812 opt=3696011,3696011,3696011,3696011,3696011,3696011,3696011,3696011,3696011,3696011
BENCH family=mp logn=10 pi=213 dir=1 calls=100 old=14134211,14134211,14134211,14134212,14134211,14134211,14134211,14134211,14134212,14134211 opt=3544111,3544111,3544111,3544111,3544111,3544111,3544111,3544111,3544111,3544111
BENCH family=mp logn=4 pi=214 dir=0 calls=100 old=89711,89711,89711,89711,89711,89711,89711,89711,89711,89711 opt=32411,32411,32411,32411,32411,32411,32411,32411,32411,32411
BENCH family=mp logn=4 pi=214 dir=1 calls=100 old=102611,102611,102611,102611,102611,102611,102611,102611,102611,102611 opt=35011,35011,35011,35011,35011,35011,35011,35011,35011,35011
BENCH family=mp logn=5 pi=214 dir=0 calls=100 old=212111,212111,212111,212111,212111,212111,212111,212111,212111,212111 opt=72611,72611,72611,72611,72611,72611,72611,72611,72611,72611
BENCH family=mp logn=5 pi=214 dir=1 calls=100 old=241811,241811,241811,241811,241811,241811,241811,241811,241811,241811 opt=74311,74311,74311,74311,74311,74311,74311,74311,74311,74311
BENCH family=mp logn=6 pi=214 dir=0 calls=100 old=485211,485211,485211,485211,485211,485211,485211,485211,485211,485211 opt=150211,150211,150211,150211,150211,150211,150211,150211,150211,150211
BENCH family=mp logn=6 pi=214 dir=1 calls=100 old=555811,555811,555811,555811,555811,555811,555811,555811,555811,555811 opt=152311,152311,152311,152311,152311,152311,152311,152311,152311,152311
BENCH family=mp logn=7 pi=214 dir=0 calls=100 old=1124411,1124411,1124411,1124411,1124412,1124411,1124411,1124411,1124411,1124411 opt=348511,348511,348511,348511,348511,348511,348511,348511,348511,348511
BENCH family=mp logn=7 pi=214 dir=1 calls=100 old=1283811,1283811,1283811,1283811,1283811,1283811,1283811,1283811,1283811,1283811 opt=341811,341811,341811,341811,341811,341811,341811,341811,341811,341811
BENCH family=mp logn=8 pi=214 dir=0 calls=100 old=2503111,2503111,2503111,2503111,2503111,2503111,2503111,2503111,2503111,2503111 opt=759411,759411,759411,759411,759411,759411,759411,759411,759411,759411
BENCH family=mp logn=8 pi=214 dir=1 calls=100 old=2866611,2866611,2866611,2866612,2866611,2866611,2866611,2866611,2866611,2866611 opt=735211,735211,735211,735211,735211,735211,735211,735211,735211,735211
BENCH family=mp logn=9 pi=214 dir=0 calls=100 old=5655911,5655911,5655911,5655911,5655911,5655911,5655911,5655911,5655911,5655911 opt=1709911,1709911,1709911,1709911,1709911,1709911,1709912,1709911,1709911,1709911
BENCH family=mp logn=9 pi=214 dir=1 calls=100 old=6458611,6458611,6458611,6458611,6458611,6458611,6458612,6458611,6458611,6458611 opt=1646711,1646711,1646711,1646711,1646711,1646711,1646711,1646711,1646711,1646711
BENCH family=mp logn=10 pi=214 dir=0 calls=100 old=12349811,12349811,12349811,12349811,12349811,12349811,12349811,12349812,12349811,12349811 opt=3696011,3696011,3696012,3696011,3696011,3696011,3696011,3696011,3696011,3696011
BENCH family=mp logn=10 pi=214 dir=1 calls=100 old=14134211,14134211,14134212,14134211,14134211,14134211,14134211,14134211,14134211,14134211 opt=3544111,3544111,3544111,3544111,3544111,3544111,3544112,3544111,3544111,3544111
BENCH family=mp logn=4 pi=215 dir=0 calls=100 old=89711,89711,89711,89711,89711,89711,89711,89711,89711,89711 opt=32411,32411,32411,32411,32411,32411,32411,32411,32411,32411
BENCH family=mp logn=4 pi=215 dir=1 calls=100 old=102611,102611,102611,102611,102611,102611,102611,102611,102611,102611 opt=35011,35011,35011,35011,35011,35011,35011,35011,35011,35011
BENCH family=mp logn=5 pi=215 dir=0 calls=100 old=212111,212111,212111,212111,212111,212111,212111,212111,212111,212111 opt=72611,72611,72611,72611,72611,72611,72611,72611,72611,72611
BENCH family=mp logn=5 pi=215 dir=1 calls=100 old=241811,241811,241811,241811,241811,241811,241811,241811,241811,241811 opt=74311,74311,74311,74311,74311,74311,74311,74311,74311,74311
BENCH family=mp logn=6 pi=215 dir=0 calls=100 old=485212,485211,485211,485211,485211,485211,485211,485211,485211,485211 opt=150211,150211,150211,150211,150211,150211,150211,150211,150211,150211
BENCH family=mp logn=6 pi=215 dir=1 calls=100 old=555811,555811,555811,555811,555811,555811,555811,555811,555811,555811 opt=152311,152311,152311,152311,152311,152311,152311,152311,152311,152311
BENCH family=mp logn=7 pi=215 dir=0 calls=100 old=1124411,1124411,1124411,1124411,1124411,1124411,1124411,1124411,1124411,1124411 opt=348511,348511,348511,348511,348511,348511,348511,348511,348511,348511
BENCH family=mp logn=7 pi=215 dir=1 calls=100 old=1283811,1283811,1283811,1283811,1283811,1283811,1283811,1283811,1283811,1283811 opt=341811,341811,341811,341811,341811,341811,341811,341811,341811,341811
BENCH family=mp logn=8 pi=215 dir=0 calls=100 old=2503111,2503111,2503111,2503111,2503111,2503111,2503112,2503111,2503111,2503111 opt=759411,759411,759411,759411,759411,759411,759411,759411,759411,759411
BENCH family=mp logn=8 pi=215 dir=1 calls=100 old=2866611,2866611,2866611,2866611,2866611,2866611,2866611,2866611,2866611,2866611 opt=735211,735211,735211,735211,735211,735211,735211,735211,735211,735211
BENCH family=mp logn=9 pi=215 dir=0 calls=100 old=5655911,5655911,5655911,5655912,5655911,5655911,5655911,5655911,5655911,5655911 opt=1709911,1709911,1709911,1709911,1709911,1709911,1709911,1709911,1709911,1709911
BENCH family=mp logn=9 pi=215 dir=1 calls=100 old=6458611,6458611,6458611,6458612,6458611,6458611,6458611,6458611,6458611,6458611 opt=1646711,1646711,1646711,1646711,1646711,1646711,1646711,1646711,1646711,1646711
BENCH family=mp logn=10 pi=215 dir=0 calls=100 old=12349811,12349812,12349811,12349811,12349811,12349811,12349812,12349811,12349811,12349811 opt=3696011,3696011,3696011,3696011,3696011,3696011,3696011,3696011,3696011,3696011
BENCH family=mp logn=10 pi=215 dir=1 calls=100 old=14134211,14134211,14134211,14134211,14134211,14134212,14134211,14134211,14134211,14134212 opt=3544112,3544111,3544111,3544111,3544111,3544111,3544111,3544111,3544111,3544111
BENCH family=mp logn=4 pi=216 dir=0 calls=100 old=89711,89711,89711,89711,89711,89711,89711,89711,89711,89711 opt=32411,32411,32411,32411,32411,32411,32411,32411,32411,32411
BENCH family=mp logn=4 pi=216 dir=1 calls=100 old=102611,102611,102611,102611,102611,102611,102611,102611,102611,102611 opt=35011,35011,35011,35011,35011,35011,35011,35011,35011,35011
BENCH family=mp logn=5 pi=216 dir=0 calls=100 old=212111,212111,212111,212111,212111,212111,212111,212111,212111,212111 opt=72611,72611,72611,72611,72611,72611,72611,72611,72611,72611
BENCH family=mp logn=5 pi=216 dir=1 calls=100 old=241811,241811,241811,241811,241811,241811,241811,241811,241811,241811 opt=74311,74311,74311,74311,74311,74311,74311,74311,74311,74311
BENCH family=mp logn=6 pi=216 dir=0 calls=100 old=485211,485211,485211,485211,485211,485211,485211,485211,485211,485211 opt=150211,150211,150211,150211,150211,150211,150211,150211,150211,150211
BENCH family=mp logn=6 pi=216 dir=1 calls=100 old=555811,555811,555811,555811,555811,555811,555811,555811,555811,555811 opt=152311,152311,152311,152311,152311,152311,152311,152311,152311,152311
BENCH family=mp logn=7 pi=216 dir=0 calls=100 old=1124411,1124411,1124411,1124411,1124411,1124411,1124411,1124411,1124411,1124411 opt=348511,348511,348511,348511,348511,348511,348511,348511,348511,348511
BENCH family=mp logn=7 pi=216 dir=1 calls=100 old=1283811,1283811,1283811,1283811,1283811,1283811,1283811,1283811,1283811,1283812 opt=341811,341811,341811,341811,341811,341811,341811,341811,341811,341811
BENCH family=mp logn=8 pi=216 dir=0 calls=100 old=2503111,2503111,2503111,2503111,2503111,2503111,2503111,2503111,2503111,2503111 opt=759411,759411,759411,759411,759411,759411,759411,759411,759411,759411
BENCH family=mp logn=8 pi=216 dir=1 calls=100 old=2866611,2866611,2866611,2866611,2866611,2866611,2866611,2866611,2866611,2866611 opt=735211,735211,735211,735211,735211,735211,735211,735211,735211,735211
BENCH family=mp logn=9 pi=216 dir=0 calls=100 old=5655911,5655911,5655911,5655911,5655911,5655911,5655911,5655911,5655911,5655911 opt=1709911,1709911,1709911,1709911,1709911,1709911,1709911,1709911,1709911,1709911
BENCH family=mp logn=9 pi=216 dir=1 calls=100 old=6458612,6458611,6458611,6458611,6458611,6458611,6458611,6458611,6458611,6458612 opt=1646711,1646711,1646711,1646711,1646711,1646711,1646711,1646711,1646711,1646711
BENCH family=mp logn=10 pi=216 dir=0 calls=100 old=12349811,12349811,12349811,12349811,12349812,12349811,12349811,12349811,12349811,12349812 opt=3696011,3696011,3696011,3696011,3696011,3696011,3696011,3696011,3696011,3696011
BENCH family=mp logn=10 pi=216 dir=1 calls=100 old=14134211,14134211,14134211,14134212,14134211,14134211,14134211,14134211,14134212,14134211 opt=3544111,3544111,3544111,3544111,3544111,3544111,3544111,3544111,3544111,3544111
BENCH family=mp logn=4 pi=217 dir=0 calls=100 old=89711,89711,89711,89711,89711,89711,89711,89711,89711,89711 opt=32411,32411,32411,32411,32411,32411,32411,32411,32411,32411
BENCH family=mp logn=4 pi=217 dir=1 calls=100 old=102611,102611,102611,102611,102611,102611,102611,102611,102611,102611 opt=35011,35011,35011,35011,35011,35011,35011,35011,35011,35011
BENCH family=mp logn=5 pi=217 dir=0 calls=100 old=212111,212111,212111,212111,212111,212111,212111,212111,212111,212111 opt=72611,72611,72611,72611,72611,72611,72611,72611,72611,72611
BENCH family=mp logn=5 pi=217 dir=1 calls=100 old=241811,241811,241811,241811,241811,241811,241811,241811,241811,241811 opt=74311,74311,74311,74311,74311,74311,74311,74311,74311,74311
BENCH family=mp logn=6 pi=217 dir=0 calls=100 old=485211,485211,485211,485211,485211,485211,485211,485211,485211,485211 opt=150211,150211,150211,150211,150211,150211,150211,150211,150211,150211
BENCH family=mp logn=6 pi=217 dir=1 calls=100 old=555811,555811,555811,555811,555811,555811,555811,555811,555811,555811 opt=152311,152311,152311,152311,152311,152311,152311,152311,152311,152311
BENCH family=mp logn=7 pi=217 dir=0 calls=100 old=1124411,1124411,1124411,1124411,1124412,1124411,1124411,1124411,1124411,1124411 opt=348511,348511,348511,348511,348511,348511,348511,348511,348511,348511
BENCH family=mp logn=7 pi=217 dir=1 calls=100 old=1283811,1283811,1283811,1283811,1283811,1283811,1283811,1283811,1283811,1283811 opt=341811,341811,341811,341811,341811,341811,341811,341811,341811,341811
BENCH family=mp logn=8 pi=217 dir=0 calls=100 old=2503111,2503111,2503111,2503111,2503111,2503111,2503111,2503111,2503111,2503111 opt=759411,759411,759411,759411,759411,759411,759411,759411,759411,759411
BENCH family=mp logn=8 pi=217 dir=1 calls=100 old=2866611,2866611,2866611,2866612,2866611,2866611,2866611,2866611,2866611,2866611 opt=735211,735211,735211,735211,735211,735211,735211,735211,735211,735211
BENCH family=mp logn=9 pi=217 dir=0 calls=100 old=5655911,5655911,5655911,5655911,5655911,5655911,5655911,5655911,5655911,5655911 opt=1709911,1709911,1709911,1709911,1709911,1709911,1709912,1709911,1709911,1709911
BENCH family=mp logn=9 pi=217 dir=1 calls=100 old=6458611,6458611,6458611,6458611,6458611,6458611,6458612,6458611,6458611,6458611 opt=1646711,1646711,1646711,1646711,1646711,1646711,1646711,1646711,1646711,1646711
BENCH family=mp logn=10 pi=217 dir=0 calls=100 old=12349811,12349811,12349811,12349811,12349811,12349811,12349811,12349812,12349811,12349811 opt=3696011,3696011,3696012,3696011,3696011,3696011,3696011,3696011,3696011,3696011
BENCH family=mp logn=10 pi=217 dir=1 calls=100 old=14134211,14134211,14134212,14134211,14134211,14134211,14134211,14134211,14134211,14134211 opt=3544111,3544111,3544111,3544111,3544111,3544111,3544112,3544111,3544111,3544111
BENCH family=mp logn=4 pi=218 dir=0 calls=100 old=89711,89711,89711,89711,89711,89711,89711,89711,89711,89711 opt=32411,32411,32411,32411,32411,32411,32411,32411,32411,32411
BENCH family=mp logn=4 pi=218 dir=1 calls=100 old=102611,102611,102611,102611,102611,102611,102611,102611,102611,102611 opt=35011,35011,35011,35011,35011,35011,35011,35011,35011,35011
BENCH family=mp logn=5 pi=218 dir=0 calls=100 old=212111,212111,212111,212111,212111,212111,212111,212111,212111,212111 opt=72611,72611,72611,72611,72611,72611,72611,72611,72611,72611
BENCH family=mp logn=5 pi=218 dir=1 calls=100 old=241811,241811,241811,241811,241811,241811,241811,241811,241811,241811 opt=74311,74311,74311,74311,74311,74311,74311,74311,74311,74311
BENCH family=mp logn=6 pi=218 dir=0 calls=100 old=485211,485211,485211,485211,485211,485211,485211,485211,485211,485211 opt=150211,150211,150211,150211,150211,150211,150211,150211,150211,150211
BENCH family=mp logn=6 pi=218 dir=1 calls=100 old=555811,555811,555811,555811,555811,555811,555811,555811,555811,555811 opt=152311,152311,152311,152311,152311,152311,152311,152311,152311,152311
BENCH family=mp logn=7 pi=218 dir=0 calls=100 old=1124411,1124411,1124411,1124411,1124411,1124411,1124411,1124411,1124411,1124411 opt=348511,348511,348511,348511,348511,348511,348511,348511,348511,348511
BENCH family=mp logn=7 pi=218 dir=1 calls=100 old=1283811,1283811,1283811,1283811,1283811,1283811,1283811,1283811,1283811,1283811 opt=341811,341811,341811,341811,341811,341811,341811,341811,341811,341811
BENCH family=mp logn=8 pi=218 dir=0 calls=100 old=2503111,2503111,2503111,2503111,2503111,2503111,2503112,2503111,2503111,2503111 opt=759411,759411,759411,759411,759411,759411,759411,759411,759411,759411
BENCH family=mp logn=8 pi=218 dir=1 calls=100 old=2866611,2866611,2866611,2866611,2866611,2866611,2866611,2866611,2866611,2866611 opt=735211,735211,735211,735211,735211,735211,735211,735211,735211,735211
BENCH family=mp logn=9 pi=218 dir=0 calls=100 old=5655911,5655911,5655911,5655912,5655911,5655911,5655911,5655911,5655911,5655911 opt=1709911,1709911,1709911,1709911,1709911,1709911,1709911,1709911,1709911,1709911
BENCH family=mp logn=9 pi=218 dir=1 calls=100 old=6458611,6458611,6458611,6458612,6458611,6458611,6458611,6458611,6458611,6458611 opt=1646711,1646711,1646711,1646711,1646711,1646711,1646711,1646711,1646711,1646711
BENCH family=mp logn=10 pi=218 dir=0 calls=100 old=12349811,12349812,12349811,12349811,12349811,12349811,12349812,12349811,12349811,12349811 opt=3696011,3696011,3696011,3696011,3696011,3696011,3696011,3696011,3696011,3696011
BENCH family=mp logn=10 pi=218 dir=1 calls=100 old=14134211,14134211,14134211,14134211,14134211,14134212,14134211,14134211,14134211,14134212 opt=3544112,3544111,3544111,3544111,3544111,3544111,3544111,3544111,3544111,3544111
BENCH family=mp logn=4 pi=219 dir=0 calls=100 old=89711,89711,89711,89711,89711,89711,89711,89711,89711,89711 opt=32411,32411,32411,32411,32411,32411,32411,32411,32411,32411
BENCH family=mp logn=4 pi=219 dir=1 calls=100 old=102611,102611,102611,102611,102611,102611,102611,102611,102611,102611 opt=35011,35011,35011,35011,35011,35011,35011,35011,35011,35011
BENCH family=mp logn=5 pi=219 dir=0 calls=100 old=212111,212111,212111,212111,212111,212111,212111,212111,212111,212111 opt=72611,72611,72611,72611,72611,72611,72611,72611,72611,72611
BENCH family=mp logn=5 pi=219 dir=1 calls=100 old=241811,241811,241811,241811,241811,241811,241811,241811,241811,241811 opt=74311,74311,74311,74311,74311,74311,74311,74311,74311,74311
BENCH family=mp logn=6 pi=219 dir=0 calls=100 old=485211,485211,485211,485211,485211,485211,485211,485211,485211,485211 opt=150211,150211,150211,150211,150211,150211,150211,150211,150211,150211
BENCH family=mp logn=6 pi=219 dir=1 calls=100 old=555811,555811,555811,555811,555811,555811,555811,555811,555811,555811 opt=152311,152311,152311,152311,152311,152311,152311,152311,152311,152311
BENCH family=mp logn=7 pi=219 dir=0 calls=100 old=1124411,1124411,1124411,1124411,1124411,1124411,1124411,1124411,1124411,1124411 opt=348511,348511,348511,348511,348511,348511,348511,348511,348511,348511
BENCH family=mp logn=7 pi=219 dir=1 calls=100 old=1283811,1283811,1283811,1283811,1283811,1283811,1283811,1283811,1283811,1283811 opt=341811,341811,341811,341811,341811,341811,341811,341811,341812,341811
BENCH family=mp logn=8 pi=219 dir=0 calls=100 old=2503111,2503111,2503111,2503111,2503111,2503111,2503111,2503111,2503111,2503111 opt=759411,759411,759411,759411,759411,759411,759411,759411,759411,759411
BENCH family=mp logn=8 pi=219 dir=1 calls=100 old=2866611,2866611,2866611,2866611,2866611,2866611,2866611,2866611,2866611,2866611 opt=735211,735211,735211,735211,735211,735211,735211,735211,735211,735211
BENCH family=mp logn=9 pi=219 dir=0 calls=100 old=5655911,5655911,5655911,5655911,5655911,5655911,5655911,5655911,5655911,5655911 opt=1709911,1709911,1709911,1709911,1709911,1709911,1709911,1709911,1709911,1709911
BENCH family=mp logn=9 pi=219 dir=1 calls=100 old=6458611,6458611,6458611,6458611,6458611,6458611,6458611,6458611,6458611,6458612 opt=1646711,1646711,1646711,1646711,1646711,1646711,1646711,1646711,1646711,1646711
BENCH family=mp logn=10 pi=219 dir=0 calls=100 old=12349811,12349811,12349811,12349811,12349812,12349811,12349811,12349811,12349811,12349812 opt=3696011,3696011,3696011,3696011,3696011,3696011,3696011,3696011,3696011,3696011
BENCH family=mp logn=10 pi=219 dir=1 calls=100 old=14134211,14134211,14134211,14134212,14134211,14134211,14134211,14134211,14134212,14134211 opt=3544111,3544111,3544111,3544111,3544111,3544111,3544111,3544111,3544111,3544111
BENCH family=mp logn=4 pi=220 dir=0 calls=100 old=89711,89711,89711,89711,89711,89711,89711,89711,89711,89711 opt=32411,32411,32411,32411,32411,32411,32411,32411,32411,32411
BENCH family=mp logn=4 pi=220 dir=1 calls=100 old=102611,102611,102611,102611,102611,102611,102611,102611,102611,102611 opt=35011,35011,35011,35011,35011,35011,35011,35011,35011,35011
BENCH family=mp logn=5 pi=220 dir=0 calls=100 old=212111,212111,212111,212111,212111,212111,212111,212111,212111,212111 opt=72611,72611,72611,72611,72611,72611,72611,72611,72611,72611
BENCH family=mp logn=5 pi=220 dir=1 calls=100 old=241811,241811,241811,241811,241811,241811,241811,241811,241811,241811 opt=74311,74311,74311,74311,74311,74311,74311,74311,74311,74311
BENCH family=mp logn=6 pi=220 dir=0 calls=100 old=485211,485211,485211,485211,485211,485211,485211,485211,485211,485211 opt=150211,150211,150211,150211,150211,150211,150211,150211,150211,150211
BENCH family=mp logn=6 pi=220 dir=1 calls=100 old=555811,555811,555811,555811,555811,555811,555811,555811,555811,555811 opt=152311,152311,152311,152311,152311,152311,152311,152311,152311,152311
BENCH family=mp logn=7 pi=220 dir=0 calls=100 old=1124411,1124411,1124411,1124411,1124411,1124411,1124411,1124411,1124411,1124411 opt=348511,348511,348511,348511,348511,348512,348511,348511,348511,348511
BENCH family=mp logn=7 pi=220 dir=1 calls=100 old=1283811,1283811,1283811,1283811,1283811,1283811,1283811,1283811,1283811,1283811 opt=341811,341811,341811,341811,341811,341811,341811,341811,341811,341811
BENCH family=mp logn=8 pi=220 dir=0 calls=100 old=2503111,2503111,2503111,2503111,2503111,2503111,2503111,2503111,2503111,2503111 opt=759411,759411,759411,759411,759411,759411,759411,759411,759411,759411
BENCH family=mp logn=8 pi=220 dir=1 calls=100 old=2866611,2866611,2866611,2866612,2866611,2866611,2866611,2866611,2866611,2866611 opt=735211,735211,735211,735211,735211,735211,735211,735211,735211,735211
BENCH family=mp logn=9 pi=220 dir=0 calls=100 old=5655911,5655911,5655911,5655911,5655911,5655911,5655911,5655912,5655911,5655911 opt=1709911,1709911,1709911,1709911,1709911,1709911,1709911,1709911,1709911,1709911
BENCH family=mp logn=9 pi=220 dir=1 calls=100 old=6458611,6458611,6458611,6458611,6458611,6458611,6458611,6458611,6458611,6458611 opt=1646711,1646711,1646711,1646711,1646711,1646711,1646712,1646711,1646711,1646711
BENCH family=mp logn=10 pi=220 dir=0 calls=100 old=12349811,12349811,12349811,12349811,12349811,12349811,12349811,12349811,12349812,12349811 opt=3696011,3696011,3696011,3696012,3696011,3696011,3696011,3696011,3696011,3696011
BENCH family=mp logn=10 pi=220 dir=1 calls=100 old=14134211,14134211,14134212,14134211,14134211,14134211,14134211,14134211,14134211,14134211 opt=3544111,3544111,3544111,3544111,3544111,3544111,3544112,3544111,3544111,3544111
BENCH family=mp logn=4 pi=221 dir=0 calls=100 old=89711,89711,89711,89711,89711,89711,89711,89711,89711,89711 opt=32411,32411,32411,32411,32411,32411,32411,32411,32411,32411
BENCH family=mp logn=4 pi=221 dir=1 calls=100 old=102611,102611,102611,102611,102611,102611,102611,102611,102611,102611 opt=35011,35011,35011,35011,35011,35011,35011,35011,35011,35011
BENCH family=mp logn=5 pi=221 dir=0 calls=100 old=212111,212111,212111,212111,212111,212111,212111,212111,212111,212111 opt=72611,72611,72611,72611,72611,72611,72611,72611,72611,72611
BENCH family=mp logn=5 pi=221 dir=1 calls=100 old=241811,241811,241811,241811,241811,241811,241811,241811,241811,241811 opt=74311,74311,74311,74311,74311,74311,74311,74311,74311,74311
BENCH family=mp logn=6 pi=221 dir=0 calls=100 old=485211,485211,485212,485211,485211,485211,485211,485211,485211,485211 opt=150211,150211,150211,150211,150211,150211,150211,150211,150211,150211
BENCH family=mp logn=6 pi=221 dir=1 calls=100 old=555811,555811,555811,555811,555811,555811,555811,555811,555811,555811 opt=152311,152311,152311,152311,152311,152311,152311,152311,152311,152311
BENCH family=mp logn=7 pi=221 dir=0 calls=100 old=1124411,1124411,1124411,1124411,1124411,1124411,1124411,1124411,1124411,1124411 opt=348511,348511,348511,348511,348511,348511,348511,348511,348511,348511
BENCH family=mp logn=7 pi=221 dir=1 calls=100 old=1283811,1283811,1283811,1283811,1283811,1283811,1283811,1283811,1283811,1283811 opt=341811,341811,341811,341811,341811,341811,341811,341811,341811,341811
BENCH family=mp logn=8 pi=221 dir=0 calls=100 old=2503111,2503111,2503111,2503111,2503111,2503111,2503112,2503111,2503111,2503111 opt=759411,759411,759411,759411,759411,759411,759411,759411,759411,759411
BENCH family=mp logn=8 pi=221 dir=1 calls=100 old=2866611,2866611,2866611,2866611,2866611,2866611,2866611,2866611,2866611,2866611 opt=735211,735211,735211,735211,735211,735211,735211,735211,735211,735211
BENCH family=mp logn=9 pi=221 dir=0 calls=100 old=5655911,5655911,5655911,5655912,5655911,5655911,5655911,5655911,5655911,5655911 opt=1709911,1709911,1709911,1709911,1709911,1709911,1709911,1709911,1709911,1709911
BENCH family=mp logn=9 pi=221 dir=1 calls=100 old=6458611,6458611,6458611,6458612,6458611,6458611,6458611,6458611,6458611,6458611 opt=1646711,1646711,1646711,1646711,1646711,1646711,1646711,1646711,1646711,1646711
BENCH family=mp logn=10 pi=221 dir=0 calls=100 old=12349811,12349812,12349811,12349811,12349811,12349811,12349812,12349811,12349811,12349811 opt=3696011,3696011,3696011,3696011,3696011,3696011,3696011,3696011,3696011,3696011
BENCH family=mp logn=10 pi=221 dir=1 calls=100 old=14134211,14134211,14134211,14134211,14134211,14134212,14134211,14134211,14134211,14134212 opt=3544112,3544111,3544111,3544111,3544111,3544111,3544111,3544111,3544111,3544111
BENCH family=mp logn=4 pi=222 dir=0 calls=100 old=89711,89711,89711,89711,89711,89711,89711,89711,89711,89711 opt=32411,32411,32411,32411,32411,32411,32411,32411,32411,32411
BENCH family=mp logn=4 pi=222 dir=1 calls=100 old=102611,102611,102611,102611,102611,102611,102611,102611,102611,102611 opt=35011,35011,35011,35011,35011,35011,35011,35011,35011,35011
BENCH family=mp logn=5 pi=222 dir=0 calls=100 old=212111,212111,212111,212111,212111,212111,212111,212111,212111,212111 opt=72611,72611,72611,72611,72611,72611,72611,72611,72611,72611
BENCH family=mp logn=5 pi=222 dir=1 calls=100 old=241811,241811,241811,241811,241811,241811,241811,241811,241811,241811 opt=74311,74311,74311,74311,74311,74311,74311,74311,74311,74311
BENCH family=mp logn=6 pi=222 dir=0 calls=100 old=485211,485211,485211,485211,485211,485211,485211,485211,485211,485211 opt=150211,150211,150211,150211,150211,150211,150211,150211,150211,150211
BENCH family=mp logn=6 pi=222 dir=1 calls=100 old=555811,555811,555811,555811,555811,555811,555811,555811,555811,555811 opt=152311,152311,152311,152311,152311,152311,152311,152311,152311,152311
BENCH family=mp logn=7 pi=222 dir=0 calls=100 old=1124411,1124411,1124411,1124411,1124411,1124411,1124411,1124411,1124411,1124411 opt=348511,348511,348511,348511,348511,348511,348511,348511,348511,348511
BENCH family=mp logn=7 pi=222 dir=1 calls=100 old=1283811,1283811,1283811,1283811,1283811,1283811,1283811,1283811,1283812,1283811 opt=341811,341811,341811,341811,341811,341811,341811,341811,341811,341811
BENCH family=mp logn=8 pi=222 dir=0 calls=100 old=2503111,2503111,2503111,2503111,2503111,2503111,2503111,2503111,2503111,2503111 opt=759411,759411,759411,759411,759411,759411,759411,759411,759411,759411
BENCH family=mp logn=8 pi=222 dir=1 calls=100 old=2866611,2866611,2866611,2866611,2866611,2866611,2866611,2866611,2866611,2866611 opt=735211,735211,735211,735211,735211,735211,735211,735211,735211,735211
BENCH family=mp logn=9 pi=222 dir=0 calls=100 old=5655911,5655911,5655911,5655911,5655911,5655911,5655911,5655911,5655911,5655911 opt=1709911,1709911,1709911,1709911,1709911,1709911,1709911,1709911,1709911,1709911
BENCH family=mp logn=9 pi=222 dir=1 calls=100 old=6458612,6458611,6458611,6458611,6458611,6458611,6458611,6458611,6458611,6458612 opt=1646711,1646711,1646711,1646711,1646711,1646711,1646711,1646711,1646711,1646711
BENCH family=mp logn=10 pi=222 dir=0 calls=100 old=12349811,12349811,12349811,12349811,12349812,12349811,12349811,12349811,12349811,12349812 opt=3696011,3696011,3696011,3696011,3696011,3696011,3696011,3696011,3696011,3696011
BENCH family=mp logn=10 pi=222 dir=1 calls=100 old=14134211,14134211,14134211,14134212,14134211,14134211,14134211,14134211,14134212,14134211 opt=3544111,3544111,3544111,3544111,3544111,3544111,3544111,3544111,3544111,3544111
BENCH family=mp logn=4 pi=223 dir=0 calls=100 old=89711,89711,89711,89711,89711,89711,89711,89711,89711,89711 opt=32411,32411,32411,32411,32411,32411,32411,32411,32411,32411
BENCH family=mp logn=4 pi=223 dir=1 calls=100 old=102611,102611,102611,102611,102611,102611,102611,102611,102611,102611 opt=35011,35011,35011,35011,35011,35011,35011,35011,35011,35011
BENCH family=mp logn=5 pi=223 dir=0 calls=100 old=212111,212111,212111,212111,212111,212111,212111,212111,212111,212111 opt=72611,72611,72611,72611,72611,72611,72611,72611,72611,72611
BENCH family=mp logn=5 pi=223 dir=1 calls=100 old=241811,241811,241811,241811,241811,241811,241811,241811,241811,241811 opt=74311,74311,74311,74311,74311,74311,74311,74311,74311,74311
BENCH family=mp logn=6 pi=223 dir=0 calls=100 old=485211,485211,485211,485211,485211,485211,485211,485211,485211,485211 opt=150211,150211,150211,150211,150211,150211,150211,150211,150211,150211
BENCH family=mp logn=6 pi=223 dir=1 calls=100 old=555811,555811,555811,555811,555811,555811,555811,555811,555811,555811 opt=152311,152311,152311,152311,152311,152311,152311,152311,152311,152311
BENCH family=mp logn=7 pi=223 dir=0 calls=100 old=1124411,1124411,1124411,1124411,1124412,1124411,1124411,1124411,1124411,1124411 opt=348511,348511,348511,348511,348511,348511,348511,348511,348511,348511
BENCH family=mp logn=7 pi=223 dir=1 calls=100 old=1283811,1283811,1283811,1283811,1283811,1283811,1283811,1283811,1283811,1283811 opt=341811,341811,341811,341811,341811,341811,341811,341811,341811,341811
BENCH family=mp logn=8 pi=223 dir=0 calls=100 old=2503111,2503111,2503111,2503111,2503111,2503111,2503111,2503111,2503111,2503111 opt=759411,759411,759411,759411,759411,759411,759411,759411,759411,759411
BENCH family=mp logn=8 pi=223 dir=1 calls=100 old=2866611,2866611,2866611,2866611,2866611,2866611,2866611,2866611,2866611,2866611 opt=735211,735211,735211,735212,735211,735211,735211,735211,735211,735211
BENCH family=mp logn=9 pi=223 dir=0 calls=100 old=5655911,5655911,5655911,5655911,5655911,5655911,5655911,5655911,5655911,5655911 opt=1709911,1709911,1709911,1709911,1709911,1709911,1709912,1709911,1709911,1709911
BENCH family=mp logn=9 pi=223 dir=1 calls=100 old=6458611,6458611,6458611,6458611,6458611,6458611,6458612,6458611,6458611,6458611 opt=1646711,1646711,1646711,1646711,1646711,1646711,1646711,1646711,1646711,1646711
BENCH family=mp logn=10 pi=223 dir=0 calls=100 old=12349811,12349811,12349811,12349811,12349811,12349811,12349811,12349812,12349811,12349811 opt=3696011,3696011,3696012,3696011,3696011,3696011,3696011,3696011,3696011,3696011
BENCH family=mp logn=10 pi=223 dir=1 calls=100 old=14134211,14134211,14134212,14134211,14134211,14134211,14134211,14134211,14134211,14134211 opt=3544111,3544111,3544111,3544111,3544111,3544111,3544112,3544111,3544111,3544111
BENCH family=mp logn=4 pi=224 dir=0 calls=100 old=89711,89711,89711,89711,89711,89711,89711,89711,89711,89711 opt=32411,32411,32411,32411,32411,32411,32411,32411,32411,32411
BENCH family=mp logn=4 pi=224 dir=1 calls=100 old=102611,102611,102611,102611,102611,102611,102611,102611,102611,102611 opt=35011,35011,35011,35011,35011,35011,35011,35011,35011,35011
BENCH family=mp logn=5 pi=224 dir=0 calls=100 old=212111,212111,212111,212111,212111,212111,212111,212111,212111,212111 opt=72611,72611,72611,72611,72611,72611,72611,72611,72611,72611
BENCH family=mp logn=5 pi=224 dir=1 calls=100 old=241811,241811,241811,241811,241811,241811,241811,241811,241811,241811 opt=74311,74311,74311,74311,74311,74311,74311,74311,74311,74311
BENCH family=mp logn=6 pi=224 dir=0 calls=100 old=485211,485211,485211,485211,485211,485211,485211,485211,485211,485211 opt=150211,150211,150211,150211,150211,150211,150211,150211,150211,150211
BENCH family=mp logn=6 pi=224 dir=1 calls=100 old=555811,555811,555811,555811,555811,555811,555811,555811,555811,555811 opt=152311,152311,152311,152311,152311,152311,152311,152311,152311,152311
BENCH family=mp logn=7 pi=224 dir=0 calls=100 old=1124411,1124411,1124411,1124411,1124411,1124411,1124411,1124411,1124411,1124411 opt=348511,348511,348511,348511,348511,348511,348511,348511,348511,348511
BENCH family=mp logn=7 pi=224 dir=1 calls=100 old=1283811,1283811,1283811,1283811,1283811,1283811,1283811,1283811,1283811,1283811 opt=341811,341811,341811,341811,341811,341811,341811,341811,341811,341811
BENCH family=mp logn=8 pi=224 dir=0 calls=100 old=2503111,2503111,2503111,2503111,2503111,2503112,2503111,2503111,2503111,2503111 opt=759411,759411,759411,759411,759411,759411,759411,759411,759411,759411
BENCH family=mp logn=8 pi=224 dir=1 calls=100 old=2866611,2866611,2866611,2866611,2866611,2866611,2866611,2866611,2866611,2866611 opt=735211,735211,735211,735211,735211,735211,735211,735211,735211,735211
BENCH family=mp logn=9 pi=224 dir=0 calls=100 old=5655911,5655911,5655911,5655911,5655911,5655911,5655911,5655911,5655911,5655911 opt=1709911,1709911,1709911,1709912,1709911,1709911,1709911,1709911,1709911,1709911
BENCH family=mp logn=9 pi=224 dir=1 calls=100 old=6458611,6458611,6458611,6458611,6458611,6458611,6458611,6458611,6458611,6458611 opt=1646711,1646711,1646711,1646712,1646711,1646711,1646711,1646711,1646711,1646711
BENCH family=mp logn=10 pi=224 dir=0 calls=100 old=12349811,12349811,12349811,12349811,12349811,12349811,12349812,12349811,12349811,12349811 opt=3696011,3696012,3696011,3696011,3696011,3696011,3696011,3696011,3696011,3696011
BENCH family=mp logn=10 pi=224 dir=1 calls=100 old=14134211,14134211,14134211,14134211,14134211,14134212,14134211,14134211,14134211,14134212 opt=3544112,3544111,3544111,3544111,3544111,3544111,3544111,3544111,3544111,3544111
PROGRESS timing_prime=224
BENCH family=mp logn=4 pi=225 dir=0 calls=100 old=89711,89711,89711,89711,89711,89711,89711,89711,89711,89711 opt=32411,32411,32411,32411,32411,32411,32411,32411,32411,32411
BENCH family=mp logn=4 pi=225 dir=1 calls=100 old=102611,102611,102611,102611,102611,102611,102611,102611,102611,102611 opt=35011,35011,35011,35011,35011,35011,35011,35011,35011,35011
BENCH family=mp logn=5 pi=225 dir=0 calls=100 old=212111,212111,212111,212111,212111,212111,212111,212111,212111,212111 opt=72611,72611,72611,72611,72611,72611,72611,72611,72611,72611
BENCH family=mp logn=5 pi=225 dir=1 calls=100 old=241811,241811,241811,241811,241811,241811,241811,241811,241811,241811 opt=74311,74311,74311,74311,74311,74311,74311,74311,74311,74311
BENCH family=mp logn=6 pi=225 dir=0 calls=100 old=485211,485211,485211,485211,485211,485211,485211,485211,485211,485211 opt=150211,150211,150211,150211,150211,150211,150211,150211,150211,150211
BENCH family=mp logn=6 pi=225 dir=1 calls=100 old=555811,555811,555811,555811,555811,555811,555811,555811,555811,555811 opt=152311,152311,152311,152311,152311,152311,152311,152311,152311,152311
BENCH family=mp logn=7 pi=225 dir=0 calls=100 old=1124411,1124411,1124411,1124411,1124411,1124411,1124411,1124411,1124411,1124411 opt=348511,348511,348511,348511,348511,348511,348511,348511,348511,348511
BENCH family=mp logn=7 pi=225 dir=1 calls=100 old=1283811,1283811,1283811,1283811,1283811,1283811,1283811,1283811,1283812,1283811 opt=341811,341811,341811,341811,341811,341811,341811,341811,341811,341811
BENCH family=mp logn=8 pi=225 dir=0 calls=100 old=2503111,2503111,2503111,2503111,2503111,2503111,2503111,2503111,2503111,2503111 opt=759411,759411,759411,759411,759411,759411,759411,759411,759411,759411
BENCH family=mp logn=8 pi=225 dir=1 calls=100 old=2866611,2866611,2866611,2866611,2866611,2866611,2866611,2866611,2866611,2866611 opt=735211,735211,735211,735211,735211,735211,735211,735211,735211,735211
BENCH family=mp logn=9 pi=225 dir=0 calls=100 old=5655911,5655911,5655911,5655911,5655911,5655911,5655911,5655911,5655911,5655911 opt=1709911,1709911,1709911,1709911,1709911,1709911,1709911,1709911,1709911,1709911
BENCH family=mp logn=9 pi=225 dir=1 calls=100 old=6458611,6458611,6458611,6458611,6458611,6458611,6458611,6458611,6458611,6458612 opt=1646711,1646711,1646711,1646711,1646711,1646711,1646711,1646711,1646711,1646711
BENCH family=mp logn=10 pi=225 dir=0 calls=100 old=12349811,12349811,12349811,12349811,12349812,12349811,12349811,12349811,12349811,12349812 opt=3696011,3696011,3696011,3696011,3696011,3696011,3696011,3696011,3696011,3696011
BENCH family=mp logn=10 pi=225 dir=1 calls=100 old=14134211,14134211,14134211,14134212,14134211,14134211,14134211,14134211,14134212,14134211 opt=3544111,3544111,3544111,3544111,3544111,3544111,3544111,3544111,3544111,3544111
BENCH family=mp logn=4 pi=226 dir=0 calls=100 old=89711,89711,89711,89711,89711,89711,89711,89711,89711,89711 opt=32411,32411,32411,32411,32411,32411,32411,32411,32411,32411
BENCH family=mp logn=4 pi=226 dir=1 calls=100 old=102611,102611,102611,102611,102611,102611,102611,102611,102611,102611 opt=35011,35011,35011,35011,35011,35011,35011,35011,35011,35011
BENCH family=mp logn=5 pi=226 dir=0 calls=100 old=212111,212111,212111,212111,212111,212111,212111,212111,212111,212111 opt=72611,72611,72611,72611,72611,72611,72611,72611,72611,72611
BENCH family=mp logn=5 pi=226 dir=1 calls=100 old=241811,241811,241811,241811,241811,241811,241811,241811,241811,241811 opt=74311,74311,74311,74311,74311,74311,74311,74311,74311,74311
BENCH family=mp logn=6 pi=226 dir=0 calls=100 old=485211,485211,485211,485211,485211,485211,485211,485211,485211,485211 opt=150211,150211,150211,150211,150211,150211,150211,150211,150211,150211
BENCH family=mp logn=6 pi=226 dir=1 calls=100 old=555811,555811,555811,555811,555811,555811,555811,555811,555811,555811 opt=152311,152311,152311,152311,152311,152311,152311,152311,152311,152311
BENCH family=mp logn=7 pi=226 dir=0 calls=100 old=1124411,1124411,1124411,1124411,1124412,1124411,1124411,1124411,1124411,1124411 opt=348511,348511,348511,348511,348511,348511,348511,348511,348511,348511
BENCH family=mp logn=7 pi=226 dir=1 calls=100 old=1283811,1283811,1283811,1283811,1283811,1283811,1283811,1283811,1283811,1283811 opt=341811,341811,341811,341811,341811,341811,341811,341811,341811,341811
BENCH family=mp logn=8 pi=226 dir=0 calls=100 old=2503111,2503111,2503111,2503111,2503111,2503111,2503111,2503111,2503111,2503111 opt=759411,759411,759411,759411,759411,759411,759411,759411,759411,759411
BENCH family=mp logn=8 pi=226 dir=1 calls=100 old=2866611,2866611,2866611,2866611,2866611,2866611,2866611,2866611,2866611,2866611 opt=735211,735211,735211,735212,735211,735211,735211,735211,735211,735211
BENCH family=mp logn=9 pi=226 dir=0 calls=100 old=5655911,5655911,5655911,5655911,5655911,5655911,5655911,5655911,5655911,5655911 opt=1709911,1709911,1709911,1709911,1709911,1709911,1709912,1709911,1709911,1709911
BENCH family=mp logn=9 pi=226 dir=1 calls=100 old=6458611,6458611,6458611,6458611,6458611,6458611,6458612,6458611,6458611,6458611 opt=1646711,1646711,1646711,1646711,1646711,1646711,1646711,1646711,1646711,1646711
BENCH family=mp logn=10 pi=226 dir=0 calls=100 old=12349811,12349811,12349811,12349811,12349811,12349811,12349811,12349812,12349811,12349811 opt=3696011,3696011,3696012,3696011,3696011,3696011,3696011,3696011,3696011,3696011
BENCH family=mp logn=10 pi=226 dir=1 calls=100 old=14134211,14134211,14134212,14134211,14134211,14134211,14134211,14134211,14134211,14134211 opt=3544111,3544111,3544111,3544111,3544111,3544111,3544112,3544111,3544111,3544111
BENCH family=mp logn=4 pi=227 dir=0 calls=100 old=89711,89711,89711,89711,89711,89711,89711,89711,89711,89711 opt=32411,32411,32411,32411,32411,32411,32411,32411,32411,32411
BENCH family=mp logn=4 pi=227 dir=1 calls=100 old=102611,102611,102611,102611,102611,102611,102611,102611,102611,102611 opt=35011,35011,35011,35011,35011,35011,35011,35011,35011,35011
BENCH family=mp logn=5 pi=227 dir=0 calls=100 old=212111,212111,212111,212111,212111,212111,212111,212111,212111,212111 opt=72611,72611,72611,72611,72611,72611,72611,72611,72611,72611
BENCH family=mp logn=5 pi=227 dir=1 calls=100 old=241811,241811,241811,241811,241811,241811,241811,241811,241811,241811 opt=74311,74311,74311,74311,74311,74311,74311,74311,74311,74311
BENCH family=mp logn=6 pi=227 dir=0 calls=100 old=485211,485211,485211,485211,485211,485211,485211,485211,485211,485211 opt=150211,150211,150211,150211,150211,150211,150211,150211,150211,150211
BENCH family=mp logn=6 pi=227 dir=1 calls=100 old=555811,555811,555811,555811,555811,555811,555811,555811,555811,555811 opt=152311,152311,152311,152311,152311,152311,152311,152311,152311,152311
BENCH family=mp logn=7 pi=227 dir=0 calls=100 old=1124411,1124411,1124411,1124411,1124411,1124411,1124411,1124411,1124411,1124411 opt=348511,348511,348511,348511,348511,348511,348511,348511,348511,348511
BENCH family=mp logn=7 pi=227 dir=1 calls=100 old=1283811,1283811,1283811,1283811,1283811,1283811,1283811,1283811,1283811,1283811 opt=341811,341811,341811,341811,341811,341811,341811,341811,341811,341811
BENCH family=mp logn=8 pi=227 dir=0 calls=100 old=2503111,2503111,2503111,2503111,2503111,2503111,2503112,2503111,2503111,2503111 opt=759411,759411,759411,759411,759411,759411,759411,759411,759411,759411
BENCH family=mp logn=8 pi=227 dir=1 calls=100 old=2866611,2866611,2866611,2866611,2866611,2866611,2866611,2866611,2866611,2866611 opt=735211,735211,735211,735211,735211,735211,735211,735211,735211,735211
BENCH family=mp logn=9 pi=227 dir=0 calls=100 old=5655911,5655911,5655911,5655912,5655911,5655911,5655911,5655911,5655911,5655911 opt=1709911,1709911,1709911,1709911,1709911,1709911,1709911,1709911,1709911,1709911
BENCH family=mp logn=9 pi=227 dir=1 calls=100 old=6458611,6458611,6458611,6458611,6458611,6458611,6458611,6458611,6458611,6458611 opt=1646711,1646711,1646711,1646712,1646711,1646711,1646711,1646711,1646711,1646711
BENCH family=mp logn=10 pi=227 dir=0 calls=100 old=12349811,12349812,12349811,12349811,12349811,12349811,12349812,12349811,12349811,12349811 opt=3696011,3696011,3696011,3696011,3696011,3696011,3696011,3696011,3696011,3696011
BENCH family=mp logn=10 pi=227 dir=1 calls=100 old=14134212,14134211,14134211,14134211,14134211,14134212,14134211,14134211,14134211,14134212 opt=3544111,3544111,3544111,3544111,3544111,3544111,3544111,3544111,3544111,3544111
BENCH family=mp logn=4 pi=228 dir=0 calls=100 old=89711,89711,89711,89711,89711,89711,89711,89711,89711,89711 opt=32411,32411,32411,32411,32411,32411,32411,32411,32411,32411
BENCH family=mp logn=4 pi=228 dir=1 calls=100 old=102611,102611,102611,102611,102611,102611,102611,102611,102611,102611 opt=35011,35011,35011,35011,35011,35011,35011,35011,35011,35011
BENCH family=mp logn=5 pi=228 dir=0 calls=100 old=212111,212111,212111,212111,212111,212111,212111,212111,212111,212111 opt=72611,72611,72611,72611,72611,72611,72611,72611,72611,72611
BENCH family=mp logn=5 pi=228 dir=1 calls=100 old=241811,241811,241811,241811,241811,241811,241811,241811,241811,241811 opt=74311,74311,74311,74311,74311,74311,74311,74311,74311,74311
BENCH family=mp logn=6 pi=228 dir=0 calls=100 old=485211,485211,485211,485211,485211,485211,485211,485211,485211,485211 opt=150211,150211,150211,150211,150211,150211,150211,150211,150211,150211
BENCH family=mp logn=6 pi=228 dir=1 calls=100 old=555811,555811,555811,555811,555811,555811,555811,555811,555811,555811 opt=152311,152311,152311,152311,152311,152311,152311,152311,152311,152311
BENCH family=mp logn=7 pi=228 dir=0 calls=100 old=1124411,1124411,1124411,1124411,1124411,1124411,1124411,1124411,1124411,1124411 opt=348511,348511,348511,348511,348511,348511,348511,348511,348511,348511
BENCH family=mp logn=7 pi=228 dir=1 calls=100 old=1283811,1283811,1283811,1283811,1283811,1283811,1283811,1283812,1283811,1283811 opt=341811,341811,341811,341811,341811,341811,341811,341811,341811,341811
BENCH family=mp logn=8 pi=228 dir=0 calls=100 old=2503111,2503111,2503111,2503111,2503111,2503111,2503111,2503111,2503111,2503111 opt=759411,759411,759411,759411,759411,759411,759411,759411,759411,759411
BENCH family=mp logn=8 pi=228 dir=1 calls=100 old=2866611,2866611,2866611,2866611,2866611,2866611,2866611,2866611,2866611,2866611 opt=735211,735211,735211,735211,735211,735211,735211,735211,735211,735211
BENCH family=mp logn=9 pi=228 dir=0 calls=100 old=5655911,5655911,5655911,5655911,5655911,5655911,5655911,5655911,5655911,5655911 opt=1709911,1709911,1709911,1709911,1709911,1709911,1709911,1709911,1709911,1709911
BENCH family=mp logn=9 pi=228 dir=1 calls=100 old=6458611,6458611,6458611,6458611,6458611,6458611,6458611,6458611,6458611,6458612 opt=1646711,1646711,1646711,1646711,1646711,1646711,1646711,1646711,1646711,1646711
BENCH family=mp logn=10 pi=228 dir=0 calls=100 old=12349811,12349811,12349811,12349811,12349812,12349811,12349811,12349811,12349811,12349812 opt=3696011,3696011,3696011,3696011,3696011,3696011,3696011,3696011,3696011,3696011
BENCH family=mp logn=10 pi=228 dir=1 calls=100 old=14134211,14134211,14134211,14134212,14134211,14134211,14134211,14134211,14134212,14134211 opt=3544111,3544111,3544111,3544111,3544111,3544111,3544111,3544111,3544111,3544111
BENCH family=mp logn=4 pi=229 dir=0 calls=100 old=89711,89711,89711,89711,89711,89711,89711,89711,89711,89711 opt=32411,32411,32411,32411,32411,32411,32411,32411,32411,32411
BENCH family=mp logn=4 pi=229 dir=1 calls=100 old=102611,102611,102611,102611,102611,102611,102611,102611,102611,102611 opt=35011,35011,35011,35011,35011,35011,35011,35011,35011,35011
BENCH family=mp logn=5 pi=229 dir=0 calls=100 old=212111,212111,212111,212111,212111,212111,212111,212111,212111,212111 opt=72611,72611,72611,72611,72611,72611,72611,72611,72611,72611
BENCH family=mp logn=5 pi=229 dir=1 calls=100 old=241811,241811,241811,241811,241811,241811,241811,241811,241811,241811 opt=74311,74311,74311,74311,74311,74311,74311,74311,74311,74311
BENCH family=mp logn=6 pi=229 dir=0 calls=100 old=485211,485211,485211,485211,485211,485211,485211,485211,485211,485211 opt=150211,150211,150211,150211,150211,150211,150211,150211,150211,150211
BENCH family=mp logn=6 pi=229 dir=1 calls=100 old=555811,555811,555811,555811,555811,555811,555811,555811,555811,555811 opt=152311,152311,152311,152311,152311,152311,152311,152311,152311,152311
BENCH family=mp logn=7 pi=229 dir=0 calls=100 old=1124411,1124411,1124411,1124411,1124411,1124411,1124411,1124411,1124411,1124411 opt=348511,348511,348511,348511,348511,348511,348511,348511,348511,348511
BENCH family=mp logn=7 pi=229 dir=1 calls=100 old=1283811,1283811,1283811,1283811,1283811,1283811,1283811,1283811,1283811,1283811 opt=341811,341811,341811,341811,341811,341811,341811,341811,341811,341811
BENCH family=mp logn=8 pi=229 dir=0 calls=100 old=2503111,2503111,2503111,2503111,2503111,2503111,2503111,2503111,2503111,2503111 opt=759411,759411,759411,759411,759411,759411,759411,759411,759411,759411
BENCH family=mp logn=8 pi=229 dir=1 calls=100 old=2866611,2866611,2866611,2866611,2866611,2866611,2866611,2866611,2866611,2866611 opt=735211,735211,735211,735212,735211,735211,735211,735211,735211,735211
BENCH family=mp logn=9 pi=229 dir=0 calls=100 old=5655911,5655911,5655911,5655911,5655911,5655911,5655911,5655911,5655911,5655911 opt=1709911,1709911,1709911,1709911,1709911,1709911,1709912,1709911,1709911,1709911
BENCH family=mp logn=9 pi=229 dir=1 calls=100 old=6458611,6458611,6458611,6458611,6458611,6458611,6458612,6458611,6458611,6458611 opt=1646711,1646711,1646711,1646711,1646711,1646711,1646711,1646711,1646711,1646711
BENCH family=mp logn=10 pi=229 dir=0 calls=100 old=12349811,12349811,12349811,12349811,12349811,12349811,12349811,12349812,12349811,12349811 opt=3696011,3696011,3696012,3696011,3696011,3696011,3696011,3696011,3696011,3696011
BENCH family=mp logn=10 pi=229 dir=1 calls=100 old=14134211,14134211,14134212,14134211,14134211,14134211,14134211,14134211,14134211,14134211 opt=3544111,3544111,3544111,3544111,3544111,3544111,3544112,3544111,3544111,3544111
BENCH family=mp logn=4 pi=230 dir=0 calls=100 old=89711,89711,89711,89711,89711,89711,89711,89711,89711,89711 opt=32411,32411,32411,32411,32411,32411,32411,32411,32411,32411
BENCH family=mp logn=4 pi=230 dir=1 calls=100 old=102611,102611,102611,102611,102611,102611,102611,102611,102611,102611 opt=35011,35011,35011,35011,35011,35011,35011,35011,35011,35011
BENCH family=mp logn=5 pi=230 dir=0 calls=100 old=212111,212111,212111,212111,212111,212111,212111,212111,212111,212111 opt=72611,72611,72611,72611,72611,72611,72611,72611,72611,72611
BENCH family=mp logn=5 pi=230 dir=1 calls=100 old=241811,241811,241811,241811,241811,241811,241811,241811,241811,241811 opt=74311,74311,74311,74311,74311,74311,74311,74311,74311,74311
BENCH family=mp logn=6 pi=230 dir=0 calls=100 old=485211,485211,485211,485211,485211,485211,485211,485211,485211,485211 opt=150211,150211,150211,150211,150211,150211,150211,150211,150211,150211
BENCH family=mp logn=6 pi=230 dir=1 calls=100 old=555811,555811,555811,555811,555811,555811,555811,555811,555811,555811 opt=152311,152311,152311,152311,152311,152311,152311,152311,152311,152311
BENCH family=mp logn=7 pi=230 dir=0 calls=100 old=1124411,1124411,1124411,1124411,1124411,1124411,1124411,1124411,1124411,1124411 opt=348511,348511,348511,348511,348511,348511,348511,348511,348511,348511
BENCH family=mp logn=7 pi=230 dir=1 calls=100 old=1283811,1283811,1283811,1283811,1283811,1283811,1283811,1283811,1283811,1283811 opt=341811,341811,341811,341811,341811,341811,341811,341811,341811,341811
BENCH family=mp logn=8 pi=230 dir=0 calls=100 old=2503111,2503111,2503111,2503111,2503111,2503111,2503112,2503111,2503111,2503111 opt=759411,759411,759411,759411,759411,759411,759411,759411,759411,759411
BENCH family=mp logn=8 pi=230 dir=1 calls=100 old=2866611,2866611,2866611,2866611,2866611,2866611,2866611,2866611,2866611,2866611 opt=735211,735211,735211,735211,735211,735211,735211,735211,735211,735211
BENCH family=mp logn=9 pi=230 dir=0 calls=100 old=5655911,5655911,5655911,5655912,5655911,5655911,5655911,5655911,5655911,5655911 opt=1709911,1709911,1709911,1709911,1709911,1709911,1709911,1709911,1709911,1709911
BENCH family=mp logn=9 pi=230 dir=1 calls=100 old=6458611,6458611,6458611,6458612,6458611,6458611,6458611,6458611,6458611,6458611 opt=1646711,1646711,1646711,1646711,1646711,1646711,1646711,1646711,1646711,1646711
BENCH family=mp logn=10 pi=230 dir=0 calls=100 old=12349811,12349812,12349811,12349811,12349811,12349811,12349812,12349811,12349811,12349811 opt=3696011,3696011,3696011,3696011,3696011,3696011,3696011,3696011,3696011,3696011
BENCH family=mp logn=10 pi=230 dir=1 calls=100 old=14134211,14134211,14134211,14134211,14134211,14134212,14134211,14134211,14134211,14134212 opt=3544112,3544111,3544111,3544111,3544111,3544111,3544111,3544111,3544111,3544111
BENCH family=mp logn=4 pi=231 dir=0 calls=100 old=89711,89711,89711,89711,89711,89711,89711,89711,89711,89711 opt=32411,32411,32411,32411,32411,32411,32411,32411,32411,32411
BENCH family=mp logn=4 pi=231 dir=1 calls=100 old=102611,102611,102611,102611,102611,102611,102611,102611,102611,102611 opt=35011,35011,35011,35011,35011,35011,35011,35011,35011,35011
BENCH family=mp logn=5 pi=231 dir=0 calls=100 old=212111,212111,212111,212111,212111,212111,212111,212111,212111,212111 opt=72611,72611,72611,72611,72611,72611,72611,72611,72611,72611
BENCH family=mp logn=5 pi=231 dir=1 calls=100 old=241811,241811,241811,241811,241811,241811,241811,241811,241811,241811 opt=74311,74311,74311,74311,74311,74311,74311,74311,74311,74311
BENCH family=mp logn=6 pi=231 dir=0 calls=100 old=485211,485211,485211,485211,485211,485211,485211,485211,485211,485211 opt=150211,150211,150211,150211,150211,150211,150211,150211,150211,150211
BENCH family=mp logn=6 pi=231 dir=1 calls=100 old=555811,555811,555811,555811,555811,555811,555811,555811,555811,555811 opt=152311,152311,152311,152311,152311,152311,152311,152311,152311,152311
BENCH family=mp logn=7 pi=231 dir=0 calls=100 old=1124411,1124411,1124411,1124411,1124411,1124411,1124411,1124411,1124411,1124411 opt=348511,348511,348511,348511,348511,348511,348511,348511,348511,348511
BENCH family=mp logn=7 pi=231 dir=1 calls=100 old=1283811,1283811,1283811,1283811,1283811,1283811,1283811,1283811,1283811,1283811 opt=341811,341811,341811,341811,341811,341811,341811,341811,341811,341811
BENCH family=mp logn=8 pi=231 dir=0 calls=100 old=2503111,2503111,2503111,2503111,2503111,2503111,2503111,2503111,2503111,2503111 opt=759411,759411,759411,759411,759411,759411,759411,759411,759411,759411
BENCH family=mp logn=8 pi=231 dir=1 calls=100 old=2866611,2866611,2866611,2866611,2866611,2866611,2866611,2866611,2866611,2866611 opt=735211,735211,735211,735211,735211,735211,735211,735211,735211,735211
BENCH family=mp logn=9 pi=231 dir=0 calls=100 old=5655912,5655911,5655911,5655911,5655911,5655911,5655911,5655911,5655911,5655911 opt=1709911,1709911,1709911,1709911,1709911,1709911,1709911,1709911,1709911,1709911
BENCH family=mp logn=9 pi=231 dir=1 calls=100 old=6458612,6458611,6458611,6458611,6458611,6458611,6458611,6458611,6458611,6458611 opt=1646711,1646711,1646711,1646711,1646711,1646711,1646711,1646711,1646711,1646711
BENCH family=mp logn=10 pi=231 dir=0 calls=100 old=12349811,12349811,12349811,12349811,12349812,12349811,12349811,12349811,12349811,12349812 opt=3696011,3696011,3696011,3696011,3696011,3696011,3696011,3696011,3696011,3696011
BENCH family=mp logn=10 pi=231 dir=1 calls=100 old=14134211,14134211,14134211,14134212,14134211,14134211,14134211,14134211,14134212,14134211 opt=3544111,3544111,3544111,3544111,3544111,3544111,3544111,3544111,3544111,3544111
BENCH family=mp logn=4 pi=232 dir=0 calls=100 old=89711,89711,89711,89711,89711,89711,89711,89711,89711,89711 opt=32411,32411,32411,32411,32411,32411,32411,32411,32411,32411
BENCH family=mp logn=4 pi=232 dir=1 calls=100 old=102611,102611,102611,102611,102611,102611,102611,102611,102611,102611 opt=35011,35011,35011,35011,35011,35011,35011,35011,35011,35011
BENCH family=mp logn=5 pi=232 dir=0 calls=100 old=212111,212111,212111,212111,212111,212111,212111,212111,212111,212111 opt=72611,72611,72611,72611,72611,72611,72611,72611,72611,72611
BENCH family=mp logn=5 pi=232 dir=1 calls=100 old=241811,241811,241811,241811,241811,241811,241811,241811,241811,241811 opt=74311,74311,74311,74311,74311,74311,74311,74311,74311,74311
BENCH family=mp logn=6 pi=232 dir=0 calls=100 old=485211,485211,485211,485211,485211,485211,485211,485211,485211,485211 opt=150211,150211,150211,150211,150211,150211,150211,150211,150211,150211
BENCH family=mp logn=6 pi=232 dir=1 calls=100 old=555811,555811,555811,555811,555811,555811,555811,555811,555811,555811 opt=152311,152311,152311,152311,152311,152311,152311,152311,152311,152311
BENCH family=mp logn=7 pi=232 dir=0 calls=100 old=1124411,1124411,1124411,1124411,1124411,1124411,1124411,1124411,1124411,1124411 opt=348511,348511,348511,348511,348511,348512,348511,348511,348511,348511
BENCH family=mp logn=7 pi=232 dir=1 calls=100 old=1283811,1283811,1283811,1283811,1283811,1283811,1283811,1283811,1283811,1283811 opt=341811,341811,341811,341811,341811,341811,341811,341811,341811,341811
BENCH family=mp logn=8 pi=232 dir=0 calls=100 old=2503111,2503111,2503111,2503111,2503111,2503111,2503111,2503111,2503111,2503111 opt=759411,759411,759411,759411,759411,759411,759411,759411,759411,759411
BENCH family=mp logn=8 pi=232 dir=1 calls=100 old=2866611,2866611,2866611,2866612,2866611,2866611,2866611,2866611,2866611,2866611 opt=735211,735211,735211,735211,735211,735211,735211,735211,735211,735211
BENCH family=mp logn=9 pi=232 dir=0 calls=100 old=5655911,5655911,5655911,5655911,5655911,5655911,5655911,5655911,5655911,5655911 opt=1709911,1709911,1709911,1709911,1709911,1709911,1709911,1709912,1709911,1709911
BENCH family=mp logn=9 pi=232 dir=1 calls=100 old=6458611,6458611,6458611,6458611,6458611,6458611,6458612,6458611,6458611,6458611 opt=1646711,1646711,1646711,1646711,1646711,1646711,1646711,1646711,1646711,1646711
BENCH family=mp logn=10 pi=232 dir=0 calls=100 old=12349811,12349811,12349811,12349811,12349811,12349811,12349811,12349812,12349811,12349811 opt=3696011,3696011,3696012,3696011,3696011,3696011,3696011,3696011,3696011,3696011
BENCH family=mp logn=10 pi=232 dir=1 calls=100 old=14134211,14134211,14134212,14134211,14134211,14134211,14134211,14134211,14134211,14134211 opt=3544111,3544111,3544111,3544111,3544111,3544111,3544112,3544111,3544111,3544111
BENCH family=mp logn=4 pi=233 dir=0 calls=100 old=89711,89711,89711,89711,89711,89711,89711,89711,89711,89711 opt=32411,32411,32411,32411,32411,32411,32411,32411,32411,32411
BENCH family=mp logn=4 pi=233 dir=1 calls=100 old=102611,102611,102611,102611,102611,102611,102611,102611,102611,102611 opt=35011,35011,35011,35011,35011,35011,35011,35011,35011,35011
BENCH family=mp logn=5 pi=233 dir=0 calls=100 old=212111,212111,212111,212111,212111,212111,212111,212111,212111,212111 opt=72611,72611,72611,72611,72611,72611,72611,72611,72611,72611
BENCH family=mp logn=5 pi=233 dir=1 calls=100 old=241811,241811,241811,241811,241811,241811,241811,241811,241811,241811 opt=74311,74311,74311,74311,74311,74311,74311,74311,74311,74311
BENCH family=mp logn=6 pi=233 dir=0 calls=100 old=485211,485212,485211,485211,485211,485211,485211,485211,485211,485211 opt=150211,150211,150211,150211,150211,150211,150211,150211,150211,150211
BENCH family=mp logn=6 pi=233 dir=1 calls=100 old=555811,555811,555811,555811,555811,555811,555811,555811,555811,555811 opt=152311,152311,152311,152311,152311,152311,152311,152311,152311,152311
BENCH family=mp logn=7 pi=233 dir=0 calls=100 old=1124411,1124411,1124411,1124411,1124411,1124411,1124411,1124411,1124411,1124411 opt=348511,348511,348511,348511,348511,348511,348511,348511,348511,348511
BENCH family=mp logn=7 pi=233 dir=1 calls=100 old=1283811,1283811,1283811,1283811,1283811,1283811,1283811,1283811,1283811,1283811 opt=341811,341811,341811,341811,341811,341811,341811,341811,341811,341811
BENCH family=mp logn=8 pi=233 dir=0 calls=100 old=2503111,2503111,2503111,2503111,2503111,2503111,2503111,2503111,2503111,2503111 opt=759411,759411,759411,759411,759411,759411,759412,759411,759411,759411
BENCH family=mp logn=8 pi=233 dir=1 calls=100 old=2866611,2866611,2866611,2866611,2866611,2866611,2866611,2866611,2866611,2866611 opt=735211,735211,735211,735211,735211,735211,735211,735211,735211,735211
BENCH family=mp logn=9 pi=233 dir=0 calls=100 old=5655911,5655911,5655911,5655912,5655911,5655911,5655911,5655911,5655911,5655911 opt=1709911,1709911,1709911,1709911,1709911,1709911,1709911,1709911,1709911,1709911
BENCH family=mp logn=9 pi=233 dir=1 calls=100 old=6458611,6458611,6458611,6458612,6458611,6458611,6458611,6458611,6458611,6458611 opt=1646711,1646711,1646711,1646711,1646711,1646711,1646711,1646711,1646711,1646711
BENCH family=mp logn=10 pi=233 dir=0 calls=100 old=12349811,12349812,12349811,12349811,12349811,12349811,12349812,12349811,12349811,12349811 opt=3696011,3696011,3696011,3696011,3696011,3696011,3696011,3696011,3696011,3696011
BENCH family=mp logn=10 pi=233 dir=1 calls=100 old=14134211,14134211,14134211,14134211,14134211,14134212,14134211,14134211,14134211,14134212 opt=3544112,3544111,3544111,3544111,3544111,3544111,3544111,3544111,3544111,3544111
BENCH family=mp logn=4 pi=234 dir=0 calls=100 old=89711,89711,89711,89711,89711,89711,89711,89711,89711,89711 opt=32411,32411,32411,32411,32411,32411,32411,32411,32411,32411
BENCH family=mp logn=4 pi=234 dir=1 calls=100 old=102611,102611,102611,102611,102611,102611,102611,102611,102611,102611 opt=35011,35011,35011,35011,35011,35011,35011,35011,35011,35011
BENCH family=mp logn=5 pi=234 dir=0 calls=100 old=212111,212111,212111,212111,212111,212111,212111,212111,212111,212111 opt=72611,72611,72611,72611,72611,72611,72611,72611,72611,72611
BENCH family=mp logn=5 pi=234 dir=1 calls=100 old=241811,241811,241811,241811,241811,241811,241811,241811,241811,241811 opt=74311,74311,74311,74311,74311,74311,74311,74311,74311,74311
BENCH family=mp logn=6 pi=234 dir=0 calls=100 old=485211,485211,485211,485211,485211,485211,485211,485211,485211,485211 opt=150211,150211,150211,150211,150211,150211,150211,150211,150211,150211
BENCH family=mp logn=6 pi=234 dir=1 calls=100 old=555811,555811,555811,555811,555811,555811,555811,555811,555811,555811 opt=152311,152311,152311,152311,152311,152311,152311,152311,152311,152311
BENCH family=mp logn=7 pi=234 dir=0 calls=100 old=1124411,1124411,1124411,1124411,1124411,1124411,1124411,1124411,1124411,1124411 opt=348511,348511,348511,348511,348511,348511,348511,348511,348511,348511
BENCH family=mp logn=7 pi=234 dir=1 calls=100 old=1283811,1283811,1283811,1283811,1283811,1283811,1283811,1283811,1283811,1283811 opt=341811,341811,341811,341811,341811,341811,341811,341811,341811,341811
BENCH family=mp logn=8 pi=234 dir=0 calls=100 old=2503111,2503111,2503111,2503111,2503111,2503111,2503111,2503111,2503111,2503111 opt=759411,759411,759411,759411,759411,759411,759411,759411,759411,759411
BENCH family=mp logn=8 pi=234 dir=1 calls=100 old=2866611,2866611,2866611,2866611,2866611,2866611,2866611,2866611,2866611,2866611 opt=735211,735211,735211,735211,735211,735211,735211,735211,735211,735211
BENCH family=mp logn=9 pi=234 dir=0 calls=100 old=5655911,5655911,5655911,5655911,5655911,5655911,5655911,5655911,5655911,5655911 opt=1709911,1709911,1709911,1709911,1709911,1709911,1709911,1709911,1709911,1709911
BENCH family=mp logn=9 pi=234 dir=1 calls=100 old=6458612,6458611,6458611,6458611,6458611,6458611,6458611,6458611,6458611,6458611 opt=1646711,1646711,1646711,1646711,1646711,1646711,1646711,1646711,1646711,1646711
BENCH family=mp logn=10 pi=234 dir=0 calls=100 old=12349811,12349811,12349811,12349811,12349811,12349811,12349811,12349811,12349811,12349812 opt=3696011,3696011,3696011,3696011,3696012,3696011,3696011,3696011,3696011,3696011
BENCH family=mp logn=10 pi=234 dir=1 calls=100 old=14134211,14134211,14134211,14134211,14134212,14134211,14134211,14134211,14134212,14134211 opt=3544111,3544111,3544111,3544111,3544111,3544111,3544111,3544111,3544111,3544111
BENCH family=mp logn=4 pi=235 dir=0 calls=100 old=89711,89711,89711,89711,89711,89711,89711,89711,89711,89711 opt=32411,32411,32411,32411,32411,32411,32411,32411,32411,32411
BENCH family=mp logn=4 pi=235 dir=1 calls=100 old=102611,102611,102611,102611,102611,102611,102611,102611,102611,102611 opt=35011,35011,35011,35011,35011,35011,35011,35011,35011,35011
BENCH family=mp logn=5 pi=235 dir=0 calls=100 old=212111,212111,212111,212111,212111,212111,212111,212111,212111,212111 opt=72611,72611,72611,72611,72611,72611,72611,72611,72611,72611
BENCH family=mp logn=5 pi=235 dir=1 calls=100 old=241811,241811,241811,241811,241811,241811,241811,241811,241811,241811 opt=74311,74311,74311,74311,74311,74311,74311,74311,74311,74311
BENCH family=mp logn=6 pi=235 dir=0 calls=100 old=485211,485211,485211,485211,485211,485211,485211,485211,485211,485211 opt=150211,150211,150211,150211,150211,150211,150211,150211,150211,150211
BENCH family=mp logn=6 pi=235 dir=1 calls=100 old=555811,555811,555811,555811,555811,555811,555811,555811,555811,555811 opt=152311,152311,152311,152311,152311,152311,152311,152311,152311,152311
BENCH family=mp logn=7 pi=235 dir=0 calls=100 old=1124411,1124411,1124411,1124411,1124411,1124411,1124412,1124411,1124411,1124411 opt=348511,348511,348511,348511,348511,348511,348511,348511,348511,348511
BENCH family=mp logn=7 pi=235 dir=1 calls=100 old=1283811,1283811,1283811,1283811,1283811,1283811,1283811,1283811,1283811,1283811 opt=341811,341811,341811,341811,341811,341811,341811,341811,341811,341811
BENCH family=mp logn=8 pi=235 dir=0 calls=100 old=2503111,2503111,2503111,2503111,2503111,2503111,2503111,2503111,2503111,2503111 opt=759411,759411,759411,759411,759411,759411,759411,759411,759411,759411
BENCH family=mp logn=8 pi=235 dir=1 calls=100 old=2866611,2866611,2866611,2866611,2866612,2866611,2866611,2866611,2866611,2866611 opt=735211,735211,735211,735211,735211,735211,735211,735211,735211,735211
BENCH family=mp logn=9 pi=235 dir=0 calls=100 old=5655911,5655911,5655911,5655911,5655911,5655911,5655911,5655912,5655911,5655911 opt=1709911,1709911,1709911,1709911,1709911,1709911,1709911,1709911,1709911,1709911
BENCH family=mp logn=9 pi=235 dir=1 calls=100 old=6458611,6458611,6458611,6458611,6458611,6458611,6458611,6458611,6458611,6458611 opt=1646711,1646711,1646711,1646711,1646711,1646711,1646712,1646711,1646711,1646711
BENCH family=mp logn=10 pi=235 dir=0 calls=100 old=12349811,12349811,12349811,12349811,12349811,12349811,12349811,12349811,12349812,12349811 opt=3696011,3696011,3696011,3696012,3696011,3696011,3696011,3696011,3696011,3696011
BENCH family=mp logn=10 pi=235 dir=1 calls=100 old=14134211,14134211,14134212,14134211,14134211,14134211,14134211,14134211,14134211,14134211 opt=3544111,3544111,3544111,3544111,3544111,3544111,3544112,3544111,3544111,3544111
BENCH family=mp logn=4 pi=236 dir=0 calls=100 old=89711,89711,89711,89711,89711,89711,89711,89711,89711,89711 opt=32411,32411,32411,32411,32411,32411,32411,32411,32411,32411
BENCH family=mp logn=4 pi=236 dir=1 calls=100 old=102611,102611,102611,102611,102611,102611,102611,102611,102611,102611 opt=35011,35011,35011,35011,35011,35011,35011,35011,35011,35011
BENCH family=mp logn=5 pi=236 dir=0 calls=100 old=212111,212111,212111,212111,212111,212111,212111,212111,212111,212111 opt=72611,72611,72611,72611,72611,72611,72611,72611,72611,72611
BENCH family=mp logn=5 pi=236 dir=1 calls=100 old=241811,241811,241811,241811,241811,241811,241811,241811,241811,241811 opt=74311,74311,74311,74311,74311,74311,74311,74311,74311,74311
BENCH family=mp logn=6 pi=236 dir=0 calls=100 old=485211,485211,485211,485212,485211,485211,485211,485211,485211,485211 opt=150211,150211,150211,150211,150211,150211,150211,150211,150211,150211
BENCH family=mp logn=6 pi=236 dir=1 calls=100 old=555811,555811,555811,555811,555811,555811,555811,555811,555811,555811 opt=152311,152311,152311,152311,152311,152311,152311,152311,152311,152311
BENCH family=mp logn=7 pi=236 dir=0 calls=100 old=1124411,1124411,1124411,1124411,1124411,1124411,1124411,1124411,1124411,1124411 opt=348511,348511,348511,348511,348511,348511,348511,348511,348511,348511
BENCH family=mp logn=7 pi=236 dir=1 calls=100 old=1283811,1283811,1283811,1283811,1283811,1283811,1283811,1283811,1283811,1283811 opt=341811,341811,341811,341811,341811,341811,341811,341811,341811,341811
BENCH family=mp logn=8 pi=236 dir=0 calls=100 old=2503111,2503111,2503111,2503111,2503111,2503111,2503111,2503111,2503111,2503111 opt=759411,759411,759411,759411,759411,759411,759411,759412,759411,759411
BENCH family=mp logn=8 pi=236 dir=1 calls=100 old=2866611,2866611,2866611,2866611,2866611,2866611,2866611,2866611,2866611,2866611 opt=735211,735211,735211,735211,735211,735211,735211,735211,735211,735211
BENCH family=mp logn=9 pi=236 dir=0 calls=100 old=5655911,5655911,5655911,5655912,5655911,5655911,5655911,5655911,5655911,5655911 opt=1709911,1709911,1709911,1709911,1709911,1709911,1709911,1709911,1709911,1709911
BENCH family=mp logn=9 pi=236 dir=1 calls=100 old=6458611,6458611,6458611,6458612,6458611,6458611,6458611,6458611,6458611,6458611 opt=1646711,1646711,1646711,1646711,1646711,1646711,1646711,1646711,1646711,1646711
BENCH family=mp logn=10 pi=236 dir=0 calls=100 old=12349811,12349812,12349811,12349811,12349811,12349811,12349812,12349811,12349811,12349811 opt=3696011,3696011,3696011,3696011,3696011,3696011,3696011,3696011,3696011,3696011
BENCH family=mp logn=10 pi=236 dir=1 calls=100 old=14134211,14134211,14134211,14134211,14134211,14134212,14134211,14134211,14134211,14134211 opt=3544111,3544112,3544111,3544111,3544111,3544111,3544111,3544111,3544111,3544111
BENCH family=mp logn=4 pi=237 dir=0 calls=100 old=89711,89711,89711,89711,89711,89711,89711,89711,89711,89711 opt=32411,32411,32411,32411,32411,32411,32411,32411,32411,32411
BENCH family=mp logn=4 pi=237 dir=1 calls=100 old=102611,102611,102611,102611,102611,102611,102611,102611,102611,102611 opt=35011,35011,35011,35011,35011,35011,35011,35011,35011,35011
BENCH family=mp logn=5 pi=237 dir=0 calls=100 old=212111,212111,212111,212111,212111,212111,212111,212111,212111,212111 opt=72611,72611,72611,72611,72611,72611,72611,72611,72611,72611
BENCH family=mp logn=5 pi=237 dir=1 calls=100 old=241811,241811,241811,241811,241811,241811,241811,241811,241811,241811 opt=74311,74311,74311,74311,74311,74311,74311,74311,74311,74311
BENCH family=mp logn=6 pi=237 dir=0 calls=100 old=485211,485211,485211,485211,485211,485211,485211,485211,485211,485211 opt=150211,150211,150211,150211,150211,150211,150211,150211,150211,150211
BENCH family=mp logn=6 pi=237 dir=1 calls=100 old=555811,555811,555811,555811,555811,555811,555811,555811,555811,555811 opt=152311,152311,152311,152311,152311,152311,152311,152311,152311,152311
BENCH family=mp logn=7 pi=237 dir=0 calls=100 old=1124411,1124411,1124411,1124411,1124411,1124411,1124411,1124411,1124411,1124411 opt=348511,348511,348511,348511,348511,348511,348511,348511,348511,348511
BENCH family=mp logn=7 pi=237 dir=1 calls=100 old=1283811,1283811,1283811,1283811,1283811,1283811,1283811,1283811,1283811,1283811 opt=341811,341811,341811,341811,341811,341811,341811,341811,341811,341811
BENCH family=mp logn=8 pi=237 dir=0 calls=100 old=2503111,2503111,2503111,2503111,2503111,2503111,2503111,2503111,2503111,2503111 opt=759411,759411,759411,759411,759411,759411,759411,759411,759411,759411
BENCH family=mp logn=8 pi=237 dir=1 calls=100 old=2866611,2866611,2866611,2866611,2866611,2866611,2866611,2866611,2866611,2866611 opt=735211,735211,735211,735211,735211,735211,735211,735211,735211,735211
BENCH family=mp logn=9 pi=237 dir=0 calls=100 old=5655912,5655911,5655911,5655911,5655911,5655911,5655911,5655911,5655911,5655911 opt=1709911,1709911,1709911,1709911,1709911,1709911,1709911,1709911,1709911,1709911
BENCH family=mp logn=9 pi=237 dir=1 calls=100 old=6458612,6458611,6458611,6458611,6458611,6458611,6458611,6458611,6458611,6458611 opt=1646711,1646711,1646711,1646711,1646711,1646711,1646711,1646711,1646711,1646711
BENCH family=mp logn=10 pi=237 dir=0 calls=100 old=12349811,12349811,12349811,12349811,12349811,12349811,12349811,12349811,12349811,12349812 opt=3696011,3696011,3696011,3696011,3696012,3696011,3696011,3696011,3696011,3696011
BENCH family=mp logn=10 pi=237 dir=1 calls=100 old=14134211,14134211,14134211,14134212,14134211,14134211,14134211,14134211,14134212,14134211 opt=3544111,3544111,3544111,3544111,3544111,3544111,3544111,3544111,3544111,3544111
BENCH family=mp logn=4 pi=238 dir=0 calls=100 old=89711,89711,89711,89711,89711,89711,89711,89711,89711,89711 opt=32411,32411,32411,32411,32411,32411,32411,32411,32411,32411
BENCH family=mp logn=4 pi=238 dir=1 calls=100 old=102611,102611,102611,102611,102611,102611,102611,102611,102611,102611 opt=35011,35011,35011,35011,35011,35011,35011,35011,35011,35011
BENCH family=mp logn=5 pi=238 dir=0 calls=100 old=212111,212111,212111,212111,212111,212111,212111,212111,212111,212111 opt=72611,72611,72611,72611,72611,72611,72611,72611,72611,72611
BENCH family=mp logn=5 pi=238 dir=1 calls=100 old=241811,241811,241811,241811,241811,241811,241811,241811,241811,241811 opt=74311,74311,74311,74311,74311,74311,74311,74311,74311,74311
BENCH family=mp logn=6 pi=238 dir=0 calls=100 old=485211,485211,485211,485211,485211,485211,485211,485211,485211,485211 opt=150211,150211,150211,150211,150211,150211,150211,150211,150211,150211
BENCH family=mp logn=6 pi=238 dir=1 calls=100 old=555811,555811,555811,555811,555811,555811,555811,555811,555811,555811 opt=152311,152311,152311,152311,152311,152311,152311,152311,152311,152311
BENCH family=mp logn=7 pi=238 dir=0 calls=100 old=1124411,1124411,1124411,1124411,1124411,1124412,1124411,1124411,1124411,1124411 opt=348511,348511,348511,348511,348511,348511,348511,348511,348511,348511
BENCH family=mp logn=7 pi=238 dir=1 calls=100 old=1283811,1283811,1283811,1283811,1283811,1283811,1283811,1283811,1283811,1283811 opt=341811,341811,341811,341811,341811,341811,341811,341811,341811,341811
BENCH family=mp logn=8 pi=238 dir=0 calls=100 old=2503111,2503111,2503111,2503111,2503111,2503111,2503111,2503111,2503111,2503111 opt=759411,759411,759411,759411,759411,759411,759411,759411,759411,759411
BENCH family=mp logn=8 pi=238 dir=1 calls=100 old=2866611,2866611,2866611,2866611,2866612,2866611,2866611,2866611,2866611,2866611 opt=735211,735211,735211,735211,735211,735211,735211,735211,735211,735211
BENCH family=mp logn=9 pi=238 dir=0 calls=100 old=5655911,5655911,5655911,5655911,5655911,5655911,5655911,5655912,5655911,5655911 opt=1709911,1709911,1709911,1709911,1709911,1709911,1709911,1709911,1709911,1709911
BENCH family=mp logn=9 pi=238 dir=1 calls=100 old=6458611,6458611,6458611,6458611,6458611,6458611,6458611,6458611,6458611,6458611 opt=1646711,1646711,1646711,1646711,1646711,1646711,1646711,1646712,1646711,1646711
BENCH family=mp logn=10 pi=238 dir=0 calls=100 old=12349811,12349811,12349811,12349811,12349811,12349811,12349811,12349811,12349812,12349811 opt=3696011,3696011,3696011,3696012,3696011,3696011,3696011,3696011,3696011,3696011
BENCH family=mp logn=10 pi=238 dir=1 calls=100 old=14134211,14134211,14134212,14134211,14134211,14134211,14134211,14134211,14134211,14134211 opt=3544111,3544111,3544111,3544111,3544111,3544111,3544111,3544112,3544111,3544111
BENCH family=mp logn=4 pi=239 dir=0 calls=100 old=89711,89711,89711,89711,89711,89711,89711,89711,89711,89711 opt=32411,32411,32411,32411,32411,32411,32411,32411,32411,32411
BENCH family=mp logn=4 pi=239 dir=1 calls=100 old=102611,102611,102611,102611,102611,102611,102611,102611,102611,102611 opt=35011,35011,35011,35011,35011,35011,35011,35011,35011,35011
BENCH family=mp logn=5 pi=239 dir=0 calls=100 old=212111,212111,212111,212111,212111,212111,212111,212111,212111,212111 opt=72611,72611,72611,72611,72611,72611,72611,72611,72611,72611
BENCH family=mp logn=5 pi=239 dir=1 calls=100 old=241811,241811,241811,241811,241811,241811,241811,241811,241811,241811 opt=74311,74311,74311,74311,74311,74311,74311,74311,74311,74311
BENCH family=mp logn=6 pi=239 dir=0 calls=100 old=485211,485211,485211,485211,485211,485212,485211,485211,485211,485211 opt=150211,150211,150211,150211,150211,150211,150211,150211,150211,150211
BENCH family=mp logn=6 pi=239 dir=1 calls=100 old=555811,555811,555811,555811,555811,555811,555811,555811,555811,555811 opt=152311,152311,152311,152311,152311,152311,152311,152311,152311,152311
BENCH family=mp logn=7 pi=239 dir=0 calls=100 old=1124411,1124411,1124411,1124411,1124411,1124411,1124411,1124411,1124411,1124411 opt=348511,348511,348511,348511,348511,348511,348511,348511,348511,348511
BENCH family=mp logn=7 pi=239 dir=1 calls=100 old=1283811,1283811,1283811,1283811,1283811,1283811,1283811,1283811,1283811,1283811 opt=341811,341811,341811,341811,341811,341811,341811,341811,341811,341811
BENCH family=mp logn=8 pi=239 dir=0 calls=100 old=2503111,2503111,2503111,2503111,2503111,2503111,2503111,2503112,2503111,2503111 opt=759411,759411,759411,759411,759411,759411,759411,759411,759411,759411
BENCH family=mp logn=8 pi=239 dir=1 calls=100 old=2866611,2866611,2866611,2866611,2866611,2866611,2866611,2866611,2866611,2866611 opt=735211,735211,735211,735211,735211,735211,735211,735211,735211,735211
BENCH family=mp logn=9 pi=239 dir=0 calls=100 old=5655911,5655911,5655911,5655911,5655912,5655911,5655911,5655911,5655911,5655911 opt=1709911,1709911,1709911,1709911,1709911,1709911,1709911,1709911,1709911,1709911
BENCH family=mp logn=9 pi=239 dir=1 calls=100 old=6458611,6458611,6458611,6458612,6458611,6458611,6458611,6458611,6458611,6458611 opt=1646711,1646711,1646711,1646711,1646711,1646711,1646711,1646711,1646711,1646711
BENCH family=mp logn=10 pi=239 dir=0 calls=100 old=12349811,12349812,12349811,12349811,12349811,12349811,12349812,12349811,12349811,12349811 opt=3696011,3696011,3696011,3696011,3696011,3696011,3696011,3696011,3696011,3696011
BENCH family=mp logn=10 pi=239 dir=1 calls=100 old=14134211,14134211,14134211,14134211,14134211,14134212,14134211,14134211,14134211,14134211 opt=3544111,3544112,3544111,3544111,3544111,3544111,3544111,3544111,3544111,3544111
BENCH family=mp logn=4 pi=240 dir=0 calls=100 old=89711,89711,89711,89711,89711,89711,89711,89711,89711,89711 opt=32411,32411,32411,32411,32411,32411,32411,32411,32411,32411
BENCH family=mp logn=4 pi=240 dir=1 calls=100 old=102611,102611,102611,102611,102611,102611,102611,102611,102611,102611 opt=35011,35011,35011,35011,35011,35011,35011,35011,35011,35011
BENCH family=mp logn=5 pi=240 dir=0 calls=100 old=212111,212111,212111,212111,212111,212111,212111,212111,212111,212111 opt=72611,72611,72611,72611,72611,72611,72611,72611,72611,72611
BENCH family=mp logn=5 pi=240 dir=1 calls=100 old=241811,241811,241811,241811,241811,241811,241811,241811,241811,241811 opt=74311,74311,74311,74311,74311,74311,74311,74311,74311,74311
BENCH family=mp logn=6 pi=240 dir=0 calls=100 old=485211,485211,485211,485211,485211,485211,485211,485211,485211,485211 opt=150211,150211,150211,150211,150211,150211,150211,150211,150211,150211
BENCH family=mp logn=6 pi=240 dir=1 calls=100 old=555811,555811,555811,555811,555811,555811,555811,555811,555811,555811 opt=152311,152311,152311,152311,152311,152311,152311,152311,152311,152311
BENCH family=mp logn=7 pi=240 dir=0 calls=100 old=1124411,1124411,1124411,1124411,1124411,1124411,1124411,1124411,1124411,1124411 opt=348511,348511,348511,348511,348511,348511,348511,348511,348511,348511
BENCH family=mp logn=7 pi=240 dir=1 calls=100 old=1283811,1283811,1283811,1283811,1283811,1283811,1283811,1283811,1283811,1283811 opt=341811,341811,341811,341811,341811,341811,341811,341811,341811,341811
BENCH family=mp logn=8 pi=240 dir=0 calls=100 old=2503112,2503111,2503111,2503111,2503111,2503111,2503111,2503111,2503111,2503111 opt=759411,759411,759411,759411,759411,759411,759411,759411,759411,759411
BENCH family=mp logn=8 pi=240 dir=1 calls=100 old=2866611,2866611,2866611,2866611,2866611,2866611,2866611,2866611,2866611,2866611 opt=735211,735211,735211,735211,735211,735211,735211,735211,735211,735211
BENCH family=mp logn=9 pi=240 dir=0 calls=100 old=5655912,5655911,5655911,5655911,5655911,5655911,5655911,5655911,5655911,5655911 opt=1709911,1709911,1709911,1709911,1709911,1709911,1709911,1709911,1709911,1709911
BENCH family=mp logn=9 pi=240 dir=1 calls=100 old=6458612,6458611,6458611,6458611,6458611,6458611,6458611,6458611,6458611,6458611 opt=1646711,1646711,1646711,1646711,1646711,1646711,1646711,1646711,1646711,1646711
BENCH family=mp logn=10 pi=240 dir=0 calls=100 old=12349811,12349811,12349811,12349811,12349811,12349811,12349811,12349811,12349811,12349812 opt=3696011,3696011,3696011,3696011,3696012,3696011,3696011,3696011,3696011,3696011
BENCH family=mp logn=10 pi=240 dir=1 calls=100 old=14134211,14134211,14134211,14134211,14134212,14134211,14134211,14134211,14134212,14134211 opt=3544111,3544111,3544111,3544111,3544111,3544111,3544111,3544111,3544111,3544111
BENCH family=mp logn=4 pi=241 dir=0 calls=100 old=89711,89711,89711,89711,89711,89711,89711,89711,89711,89711 opt=32411,32411,32411,32411,32411,32411,32411,32411,32411,32411
BENCH family=mp logn=4 pi=241 dir=1 calls=100 old=102611,102611,102611,102611,102611,102611,102611,102611,102611,102611 opt=35011,35011,35011,35011,35011,35011,35011,35011,35011,35011
BENCH family=mp logn=5 pi=241 dir=0 calls=100 old=212111,212111,212111,212111,212111,212111,212111,212111,212111,212111 opt=72611,72611,72611,72611,72611,72611,72611,72611,72611,72611
BENCH family=mp logn=5 pi=241 dir=1 calls=100 old=241811,241811,241811,241811,241811,241811,241811,241811,241811,241811 opt=74311,74311,74311,74311,74311,74311,74311,74311,74311,74311
BENCH family=mp logn=6 pi=241 dir=0 calls=100 old=485211,485211,485211,485211,485211,485211,485211,485211,485211,485211 opt=150211,150211,150211,150211,150211,150211,150211,150211,150211,150211
BENCH family=mp logn=6 pi=241 dir=1 calls=100 old=555811,555811,555811,555811,555811,555811,555811,555811,555811,555811 opt=152311,152311,152311,152311,152311,152311,152311,152311,152311,152311
BENCH family=mp logn=7 pi=241 dir=0 calls=100 old=1124411,1124411,1124411,1124411,1124411,1124411,1124411,1124411,1124411,1124411 opt=348511,348511,348511,348511,348511,348511,348511,348511,348511,348511
BENCH family=mp logn=7 pi=241 dir=1 calls=100 old=1283811,1283811,1283811,1283811,1283811,1283811,1283811,1283811,1283811,1283811 opt=341811,341811,341811,341811,341811,341811,341811,341811,341811,341811
BENCH family=mp logn=8 pi=241 dir=0 calls=100 old=2503111,2503111,2503111,2503111,2503111,2503111,2503111,2503111,2503111,2503111 opt=759411,759411,759411,759411,759411,759411,759411,759411,759411,759411
BENCH family=mp logn=8 pi=241 dir=1 calls=100 old=2866611,2866611,2866611,2866611,2866612,2866611,2866611,2866611,2866611,2866611 opt=735211,735211,735211,735211,735211,735211,735211,735211,735211,735211
BENCH family=mp logn=9 pi=241 dir=0 calls=100 old=5655911,5655911,5655911,5655911,5655911,5655911,5655911,5655912,5655911,5655911 opt=1709911,1709911,1709911,1709911,1709911,1709911,1709911,1709911,1709911,1709911
BENCH family=mp logn=9 pi=241 dir=1 calls=100 old=6458611,6458611,6458611,6458611,6458611,6458611,6458611,6458612,6458611,6458611 opt=1646711,1646711,1646711,1646711,1646711,1646711,1646711,1646711,1646711,1646711
BENCH family=mp logn=10 pi=241 dir=0 calls=100 old=12349811,12349811,12349811,12349812,12349811,12349811,12349811,12349811,12349812,12349811 opt=3696011,3696011,3696011,3696011,3696011,3696011,3696011,3696011,3696011,3696011
BENCH family=mp logn=10 pi=241 dir=1 calls=100 old=14134211,14134211,14134212,14134211,14134211,14134211,14134211,14134211,14134211,14134211 opt=3544111,3544111,3544111,3544111,3544111,3544111,3544111,3544111,3544111,3544111
BENCH family=mp logn=4 pi=242 dir=0 calls=100 old=89711,89711,89711,89711,89711,89711,89711,89711,89711,89711 opt=32411,32411,32411,32411,32411,32411,32411,32411,32411,32411
BENCH family=mp logn=4 pi=242 dir=1 calls=100 old=102611,102611,102611,102611,102611,102611,102611,102611,102611,102611 opt=35011,35011,35011,35011,35011,35011,35011,35011,35011,35011
BENCH family=mp logn=5 pi=242 dir=0 calls=100 old=212111,212111,212111,212111,212111,212111,212111,212111,212111,212111 opt=72611,72611,72611,72611,72611,72611,72611,72611,72611,72611
BENCH family=mp logn=5 pi=242 dir=1 calls=100 old=241811,241811,241811,241811,241811,241811,241811,241811,241811,241811 opt=74311,74311,74311,74311,74311,74311,74311,74311,74311,74311
BENCH family=mp logn=6 pi=242 dir=0 calls=100 old=485211,485211,485211,485211,485211,485211,485211,485211,485211,485211 opt=150211,150211,150211,150211,150211,150211,150211,150211,150212,150211
BENCH family=mp logn=6 pi=242 dir=1 calls=100 old=555811,555811,555811,555811,555811,555811,555811,555811,555811,555811 opt=152311,152311,152311,152311,152311,152311,152311,152311,152311,152311
BENCH family=mp logn=7 pi=242 dir=0 calls=100 old=1124411,1124411,1124411,1124411,1124411,1124411,1124411,1124411,1124411,1124411 opt=348511,348511,348511,348511,348511,348511,348511,348511,348511,348511
BENCH family=mp logn=7 pi=242 dir=1 calls=100 old=1283811,1283811,1283811,1283811,1283811,1283811,1283811,1283811,1283811,1283811 opt=341811,341811,341811,341811,341811,341811,341811,341811,341811,341811
BENCH family=mp logn=8 pi=242 dir=0 calls=100 old=2503111,2503111,2503111,2503111,2503111,2503111,2503111,2503111,2503112,2503111 opt=759411,759411,759411,759411,759411,759411,759411,759411,759411,759411
BENCH family=mp logn=8 pi=242 dir=1 calls=100 old=2866611,2866611,2866611,2866611,2866611,2866611,2866611,2866611,2866611,2866611 opt=735211,735211,735211,735211,735211,735211,735211,735211,735211,735211
BENCH family=mp logn=9 pi=242 dir=0 calls=100 old=5655911,5655911,5655911,5655911,5655912,5655911,5655911,5655911,5655911,5655911 opt=1709911,1709911,1709911,1709911,1709911,1709911,1709911,1709911,1709911,1709911
BENCH family=mp logn=9 pi=242 dir=1 calls=100 old=6458611,6458611,6458611,6458611,6458612,6458611,6458611,6458611,6458611,6458611 opt=1646711,1646711,1646711,1646711,1646711,1646711,1646711,1646711,1646711,1646711
BENCH family=mp logn=10 pi=242 dir=0 calls=100 old=12349811,12349812,12349811,12349811,12349811,12349811,12349812,12349811,12349811,12349811 opt=3696011,3696011,3696011,3696011,3696011,3696011,3696011,3696011,3696011,3696011
BENCH family=mp logn=10 pi=242 dir=1 calls=100 old=14134211,14134211,14134211,14134211,14134211,14134212,14134211,14134211,14134211,14134211 opt=3544111,3544112,3544111,3544111,3544111,3544111,3544111,3544111,3544111,3544111
BENCH family=mp logn=4 pi=243 dir=0 calls=100 old=89712,89711,89711,89711,89711,89711,89711,89711,89711,89711 opt=32411,32411,32411,32411,32411,32411,32411,32411,32411,32411
BENCH family=mp logn=4 pi=243 dir=1 calls=100 old=102611,102611,102611,102611,102611,102611,102611,102611,102611,102611 opt=35011,35011,35011,35011,35011,35011,35011,35011,35011,35011
BENCH family=mp logn=5 pi=243 dir=0 calls=100 old=212111,212111,212111,212111,212111,212111,212111,212111,212111,212111 opt=72611,72611,72611,72611,72611,72611,72611,72611,72611,72611
BENCH family=mp logn=5 pi=243 dir=1 calls=100 old=241811,241811,241811,241811,241811,241811,241811,241811,241811,241811 opt=74311,74311,74311,74311,74311,74311,74311,74311,74311,74311
BENCH family=mp logn=6 pi=243 dir=0 calls=100 old=485211,485211,485211,485211,485211,485211,485211,485211,485211,485211 opt=150211,150211,150211,150211,150211,150211,150211,150211,150211,150211
BENCH family=mp logn=6 pi=243 dir=1 calls=100 old=555811,555811,555811,555811,555811,555811,555811,555811,555811,555811 opt=152311,152311,152311,152311,152311,152311,152311,152311,152311,152311
BENCH family=mp logn=7 pi=243 dir=0 calls=100 old=1124411,1124411,1124411,1124411,1124411,1124411,1124411,1124411,1124411,1124411 opt=348511,348511,348511,348511,348511,348511,348511,348511,348511,348511
BENCH family=mp logn=7 pi=243 dir=1 calls=100 old=1283811,1283811,1283811,1283811,1283811,1283811,1283811,1283811,1283811,1283811 opt=341811,341811,341811,341811,341811,341811,341811,341811,341811,341811
BENCH family=mp logn=8 pi=243 dir=0 calls=100 old=2503112,2503111,2503111,2503111,2503111,2503111,2503111,2503111,2503111,2503111 opt=759411,759411,759411,759411,759411,759411,759411,759411,759411,759411
BENCH family=mp logn=8 pi=243 dir=1 calls=100 old=2866611,2866611,2866611,2866611,2866611,2866611,2866611,2866611,2866611,2866611 opt=735211,735211,735211,735211,735211,735211,735211,735211,735211,735211
BENCH family=mp logn=9 pi=243 dir=0 calls=100 old=5655912,5655911,5655911,5655911,5655911,5655911,5655911,5655911,5655911,5655911 opt=1709911,1709911,1709911,1709911,1709911,1709911,1709911,1709911,1709911,1709911
BENCH family=mp logn=9 pi=243 dir=1 calls=100 old=6458612,6458611,6458611,6458611,6458611,6458611,6458611,6458611,6458611,6458611 opt=1646711,1646711,1646711,1646711,1646711,1646711,1646711,1646711,1646711,1646711
BENCH family=mp logn=10 pi=243 dir=0 calls=100 old=12349811,12349811,12349811,12349811,12349811,12349811,12349811,12349811,12349811,12349812 opt=3696011,3696011,3696011,3696011,3696011,3696012,3696011,3696011,3696011,3696011
BENCH family=mp logn=10 pi=243 dir=1 calls=100 old=14134211,14134211,14134211,14134211,14134212,14134211,14134211,14134211,14134212,14134211 opt=3544111,3544111,3544111,3544111,3544111,3544111,3544111,3544111,3544111,3544111
BENCH family=mp logn=4 pi=244 dir=0 calls=100 old=89711,89711,89711,89711,89711,89711,89711,89711,89711,89711 opt=32411,32411,32411,32411,32411,32411,32411,32411,32411,32411
BENCH family=mp logn=4 pi=244 dir=1 calls=100 old=102611,102611,102611,102611,102611,102611,102611,102611,102611,102611 opt=35011,35011,35011,35011,35011,35011,35011,35011,35011,35011
BENCH family=mp logn=5 pi=244 dir=0 calls=100 old=212111,212111,212111,212111,212111,212111,212111,212111,212111,212111 opt=72611,72611,72611,72611,72611,72611,72611,72611,72611,72611
BENCH family=mp logn=5 pi=244 dir=1 calls=100 old=241811,241811,241811,241811,241811,241811,241811,241811,241811,241811 opt=74311,74311,74311,74311,74311,74311,74311,74311,74311,74311
BENCH family=mp logn=6 pi=244 dir=0 calls=100 old=485211,485211,485211,485211,485211,485211,485211,485211,485211,485211 opt=150211,150211,150211,150211,150211,150211,150211,150211,150211,150211
BENCH family=mp logn=6 pi=244 dir=1 calls=100 old=555811,555811,555811,555811,555811,555811,555811,555811,555811,555811 opt=152311,152311,152311,152311,152311,152311,152311,152311,152311,152311
BENCH family=mp logn=7 pi=244 dir=0 calls=100 old=1124411,1124411,1124411,1124411,1124411,1124411,1124411,1124411,1124412,1124411 opt=348511,348511,348511,348511,348511,348511,348511,348511,348511,348511
BENCH family=mp logn=7 pi=244 dir=1 calls=100 old=1283811,1283811,1283811,1283811,1283811,1283811,1283811,1283811,1283811,1283811 opt=341811,341811,341811,341811,341811,341811,341811,341811,341811,341811
BENCH family=mp logn=8 pi=244 dir=0 calls=100 old=2503111,2503111,2503111,2503111,2503111,2503111,2503111,2503111,2503111,2503111 opt=759411,759411,759411,759411,759411,759411,759411,759411,759411,759411
BENCH family=mp logn=8 pi=244 dir=1 calls=100 old=2866611,2866611,2866611,2866611,2866611,2866611,2866611,2866611,2866611,2866611 opt=735211,735211,735211,735211,735212,735211,735211,735211,735211,735211
BENCH family=mp logn=9 pi=244 dir=0 calls=100 old=5655911,5655911,5655911,5655911,5655911,5655911,5655911,5655912,5655911,5655911 opt=1709911,1709911,1709911,1709911,1709911,1709911,1709911,1709911,1709911,1709911
BENCH family=mp logn=9 pi=244 dir=1 calls=100 old=6458611,6458611,6458611,6458611,6458611,6458611,6458611,6458612,6458611,6458611 opt=1646711,1646711,1646711,1646711,1646711,1646711,1646711,1646711,1646711,1646711
BENCH family=mp logn=10 pi=244 dir=0 calls=100 old=12349811,12349811,12349811,12349812,12349811,12349811,12349811,12349811,12349812,12349811 opt=3696011,3696011,3696011,3696011,3696011,3696011,3696011,3696011,3696011,3696011
BENCH family=mp logn=10 pi=244 dir=1 calls=100 old=14134211,14134211,14134212,14134211,14134211,14134211,14134211,14134212,14134211,14134211 opt=3544111,3544111,3544111,3544111,3544111,3544111,3544111,3544111,3544111,3544111
BENCH family=mp logn=4 pi=245 dir=0 calls=100 old=89711,89711,89711,89711,89711,89711,89711,89711,89711,89711 opt=32411,32411,32411,32411,32411,32411,32411,32411,32411,32411
BENCH family=mp logn=4 pi=245 dir=1 calls=100 old=102611,102611,102611,102611,102611,102611,102611,102611,102611,102611 opt=35011,35011,35011,35011,35011,35011,35011,35011,35011,35011
BENCH family=mp logn=5 pi=245 dir=0 calls=100 old=212111,212111,212111,212111,212111,212111,212111,212111,212111,212111 opt=72611,72611,72611,72611,72611,72611,72611,72611,72611,72611
BENCH family=mp logn=5 pi=245 dir=1 calls=100 old=241811,241811,241811,241811,241811,241811,241811,241811,241811,241811 opt=74311,74311,74311,74311,74311,74311,74311,74311,74311,74311
BENCH family=mp logn=6 pi=245 dir=0 calls=100 old=485211,485211,485211,485211,485211,485211,485211,485211,485211,485211 opt=150211,150211,150211,150211,150211,150211,150211,150211,150211,150211
BENCH family=mp logn=6 pi=245 dir=1 calls=100 old=555811,555811,555811,555811,555811,555811,555811,555811,555811,555811 opt=152311,152311,152311,152311,152311,152311,152311,152311,152311,152311
BENCH family=mp logn=7 pi=245 dir=0 calls=100 old=1124411,1124411,1124411,1124411,1124411,1124411,1124411,1124411,1124411,1124411 opt=348511,348511,348511,348511,348511,348511,348511,348511,348511,348511
BENCH family=mp logn=7 pi=245 dir=1 calls=100 old=1283811,1283811,1283811,1283811,1283811,1283811,1283811,1283811,1283811,1283811 opt=341811,341811,341811,341811,341811,341811,341811,341811,341811,341811
BENCH family=mp logn=8 pi=245 dir=0 calls=100 old=2503111,2503111,2503111,2503111,2503111,2503111,2503111,2503111,2503111,2503111 opt=759411,759411,759411,759411,759411,759411,759411,759411,759412,759411
BENCH family=mp logn=8 pi=245 dir=1 calls=100 old=2866611,2866611,2866611,2866611,2866611,2866611,2866611,2866611,2866611,2866611 opt=735211,735211,735211,735211,735211,735211,735211,735211,735211,735211
BENCH family=mp logn=9 pi=245 dir=0 calls=100 old=5655911,5655911,5655911,5655911,5655912,5655911,5655911,5655911,5655911,5655911 opt=1709911,1709911,1709911,1709911,1709911,1709911,1709911,1709911,1709911,1709911
BENCH family=mp logn=9 pi=245 dir=1 calls=100 old=6458611,6458611,6458611,6458611,6458612,6458611,6458611,6458611,6458611,6458611 opt=1646711,1646711,1646711,1646711,1646711,1646711,1646711,1646711,1646711,1646711
BENCH family=mp logn=10 pi=245 dir=0 calls=100 old=12349811,12349812,12349811,12349811,12349811,12349811,12349812,12349811,12349811,12349811 opt=3696011,3696011,3696011,3696011,3696011,3696011,3696011,3696011,3696011,3696011
BENCH family=mp logn=10 pi=245 dir=1 calls=100 old=14134211,14134212,14134211,14134211,14134211,14134212,14134211,14134211,14134211,14134211 opt=3544111,3544111,3544111,3544111,3544111,3544111,3544111,3544111,3544111,3544111
BENCH family=mp logn=4 pi=246 dir=0 calls=100 old=89711,89711,89711,89711,89711,89711,89711,89711,89711,89711 opt=32411,32411,32411,32411,32411,32411,32411,32411,32411,32411
BENCH family=mp logn=4 pi=246 dir=1 calls=100 old=102611,102611,102611,102611,102611,102611,102611,102611,102611,102611 opt=35011,35011,35011,35011,35011,35011,35011,35011,35011,35011
BENCH family=mp logn=5 pi=246 dir=0 calls=100 old=212111,212111,212111,212111,212111,212111,212111,212111,212111,212111 opt=72611,72611,72611,72611,72611,72611,72611,72611,72611,72611
BENCH family=mp logn=5 pi=246 dir=1 calls=100 old=241811,241811,241811,241811,241811,241811,241811,241811,241811,241811 opt=74311,74311,74311,74311,74311,74311,74311,74311,74311,74311
BENCH family=mp logn=6 pi=246 dir=0 calls=100 old=485211,485211,485211,485211,485211,485211,485211,485211,485211,485211 opt=150211,150211,150211,150211,150211,150211,150211,150211,150211,150211
BENCH family=mp logn=6 pi=246 dir=1 calls=100 old=555811,555811,555811,555811,555811,555811,555811,555811,555811,555811 opt=152311,152311,152311,152311,152311,152311,152311,152311,152311,152311
BENCH family=mp logn=7 pi=246 dir=0 calls=100 old=1124411,1124411,1124411,1124411,1124411,1124411,1124411,1124411,1124411,1124411 opt=348511,348511,348511,348511,348511,348511,348511,348511,348511,348511
BENCH family=mp logn=7 pi=246 dir=1 calls=100 old=1283811,1283811,1283811,1283811,1283811,1283811,1283811,1283811,1283811,1283811 opt=341811,341811,341811,341811,341811,341811,341811,341811,341811,341811
BENCH family=mp logn=8 pi=246 dir=0 calls=100 old=2503111,2503112,2503111,2503111,2503111,2503111,2503111,2503111,2503111,2503111 opt=759411,759411,759411,759411,759411,759411,759411,759411,759411,759411
BENCH family=mp logn=8 pi=246 dir=1 calls=100 old=2866611,2866611,2866611,2866611,2866611,2866611,2866611,2866611,2866611,2866611 opt=735211,735211,735211,735211,735211,735211,735211,735211,735211,735211
BENCH family=mp logn=9 pi=246 dir=0 calls=100 old=5655911,5655911,5655911,5655911,5655911,5655911,5655911,5655911,5655911,5655911 opt=1709911,1709912,1709911,1709911,1709911,1709911,1709911,1709911,1709911,1709911
BENCH family=mp logn=9 pi=246 dir=1 calls=100 old=6458611,6458612,6458611,6458611,6458611,6458611,6458611,6458611,6458611,6458611 opt=1646711,1646711,1646711,1646711,1646711,1646711,1646711,1646711,1646711,1646711
BENCH family=mp logn=10 pi=246 dir=0 calls=100 old=12349812,12349811,12349811,12349811,12349811,12349811,12349811,12349811,12349811,12349811 opt=3696011,3696011,3696011,3696011,3696011,3696012,3696011,3696011,3696011,3696011
BENCH family=mp logn=10 pi=246 dir=1 calls=100 old=14134211,14134211,14134211,14134211,14134212,14134211,14134211,14134211,14134211,14134211 opt=3544111,3544111,3544111,3544111,3544111,3544111,3544111,3544111,3544112,3544111
BENCH family=mp logn=4 pi=247 dir=0 calls=100 old=89711,89711,89711,89711,89711,89711,89711,89711,89711,89711 opt=32411,32411,32411,32411,32411,32411,32411,32411,32411,32411
BENCH family=mp logn=4 pi=247 dir=1 calls=100 old=102611,102611,102611,102611,102611,102611,102611,102611,102611,102611 opt=35011,35011,35011,35011,35011,35011,35011,35011,35011,35011
BENCH family=mp logn=5 pi=247 dir=0 calls=100 old=212111,212111,212111,212111,212111,212111,212111,212111,212111,212111 opt=72611,72611,72611,72611,72611,72611,72611,72611,72611,72611
BENCH family=mp logn=5 pi=247 dir=1 calls=100 old=241811,241811,241811,241811,241811,241811,241811,241811,241811,241811 opt=74311,74311,74311,74311,74311,74311,74311,74311,74311,74311
BENCH family=mp logn=6 pi=247 dir=0 calls=100 old=485211,485211,485211,485211,485211,485211,485211,485211,485211,485211 opt=150211,150211,150211,150211,150211,150211,150211,150211,150211,150211
BENCH family=mp logn=6 pi=247 dir=1 calls=100 old=555811,555811,555811,555811,555811,555811,555811,555811,555811,555811 opt=152311,152311,152311,152311,152311,152311,152311,152311,152311,152311
BENCH family=mp logn=7 pi=247 dir=0 calls=100 old=1124411,1124411,1124411,1124411,1124411,1124411,1124411,1124411,1124411,1124411 opt=348511,348511,348511,348511,348511,348511,348511,348511,348511,348511
BENCH family=mp logn=7 pi=247 dir=1 calls=100 old=1283811,1283811,1283811,1283811,1283811,1283811,1283811,1283811,1283811,1283811 opt=341811,341811,341811,341811,341811,341811,341811,341811,341811,341811
BENCH family=mp logn=8 pi=247 dir=0 calls=100 old=2503111,2503111,2503111,2503111,2503111,2503111,2503111,2503111,2503111,2503111 opt=759411,759411,759411,759411,759411,759411,759411,759411,759411,759411
BENCH family=mp logn=8 pi=247 dir=1 calls=100 old=2866611,2866611,2866611,2866611,2866611,2866611,2866612,2866611,2866611,2866611 opt=735211,735211,735211,735211,735211,735211,735211,735211,735211,735211
BENCH family=mp logn=9 pi=247 dir=0 calls=100 old=5655911,5655911,5655911,5655911,5655911,5655911,5655911,5655911,5655912,5655911 opt=1709911,1709911,1709911,1709911,1709911,1709911,1709911,1709911,1709911,1709911
BENCH family=mp logn=9 pi=247 dir=1 calls=100 old=6458611,6458611,6458611,6458611,6458611,6458611,6458611,6458612,6458611,6458611 opt=1646711,1646711,1646711,1646711,1646711,1646711,1646711,1646711,1646711,1646711
BENCH family=mp logn=10 pi=247 dir=0 calls=100 old=12349811,12349811,12349811,12349812,12349811,12349811,12349811,12349811,12349812,12349811 opt=3696011,3696011,3696011,3696011,3696011,3696011,3696011,3696011,3696011,3696011
BENCH family=mp logn=10 pi=247 dir=1 calls=100 old=14134211,14134211,14134211,14134211,14134211,14134211,14134211,14134212,14134211,14134211 opt=3544111,3544111,3544112,3544111,3544111,3544111,3544111,3544111,3544111,3544111
BENCH family=mp logn=4 pi=248 dir=0 calls=100 old=89711,89711,89711,89711,89711,89711,89711,89711,89711,89711 opt=32411,32411,32411,32411,32411,32411,32411,32411,32411,32411
BENCH family=mp logn=4 pi=248 dir=1 calls=100 old=102611,102611,102611,102611,102611,102611,102611,102611,102611,102611 opt=35011,35011,35011,35011,35011,35011,35011,35011,35011,35011
BENCH family=mp logn=5 pi=248 dir=0 calls=100 old=212111,212111,212111,212111,212111,212111,212111,212111,212111,212111 opt=72611,72611,72611,72611,72611,72611,72611,72611,72611,72611
BENCH family=mp logn=5 pi=248 dir=1 calls=100 old=241811,241811,241811,241811,241811,241811,241811,241811,241811,241811 opt=74311,74311,74311,74311,74311,74311,74311,74311,74311,74311
BENCH family=mp logn=6 pi=248 dir=0 calls=100 old=485211,485211,485211,485211,485211,485211,485211,485211,485211,485211 opt=150211,150211,150211,150211,150211,150211,150211,150211,150211,150211
BENCH family=mp logn=6 pi=248 dir=1 calls=100 old=555811,555812,555811,555811,555811,555811,555811,555811,555811,555811 opt=152311,152311,152311,152311,152311,152311,152311,152311,152311,152311
BENCH family=mp logn=7 pi=248 dir=0 calls=100 old=1124411,1124411,1124411,1124411,1124411,1124411,1124411,1124411,1124411,1124411 opt=348511,348511,348511,348511,348511,348511,348511,348511,348511,348511
BENCH family=mp logn=7 pi=248 dir=1 calls=100 old=1283811,1283811,1283811,1283811,1283811,1283811,1283811,1283811,1283811,1283811 opt=341811,341811,341811,341811,341811,341811,341811,341811,341811,341811
BENCH family=mp logn=8 pi=248 dir=0 calls=100 old=2503111,2503111,2503111,2503111,2503111,2503111,2503111,2503111,2503111,2503112 opt=759411,759411,759411,759411,759411,759411,759411,759411,759411,759411
BENCH family=mp logn=8 pi=248 dir=1 calls=100 old=2866611,2866611,2866611,2866611,2866611,2866611,2866611,2866611,2866611,2866611 opt=735211,735211,735211,735211,735211,735211,735211,735211,735211,735211
BENCH family=mp logn=9 pi=248 dir=0 calls=100 old=5655911,5655911,5655911,5655911,5655911,5655911,5655911,5655911,5655911,5655911 opt=1709911,1709911,1709911,1709911,1709912,1709911,1709911,1709911,1709911,1709911
BENCH family=mp logn=9 pi=248 dir=1 calls=100 old=6458611,6458611,6458611,6458611,6458612,6458611,6458611,6458611,6458611,6458611 opt=1646711,1646711,1646711,1646711,1646711,1646711,1646711,1646711,1646711,1646711
BENCH family=mp logn=10 pi=248 dir=0 calls=100 old=12349811,12349812,12349811,12349811,12349811,12349811,12349811,12349811,12349811,12349811 opt=3696011,3696011,3696011,3696011,3696011,3696011,3696012,3696011,3696011,3696011
BENCH family=mp logn=10 pi=248 dir=1 calls=100 old=14134211,14134212,14134211,14134211,14134211,14134211,14134212,14134211,14134211,14134211 opt=3544111,3544111,3544111,3544111,3544111,3544111,3544111,3544111,3544111,3544111
BENCH family=mp logn=4 pi=249 dir=0 calls=100 old=89711,89711,89711,89711,89711,89711,89711,89711,89711,89711 opt=32411,32411,32411,32411,32411,32411,32411,32411,32411,32411
BENCH family=mp logn=4 pi=249 dir=1 calls=100 old=102611,102611,102611,102611,102611,102611,102611,102611,102611,102611 opt=35011,35011,35011,35011,35011,35011,35011,35011,35011,35011
BENCH family=mp logn=5 pi=249 dir=0 calls=100 old=212111,212111,212111,212111,212111,212111,212111,212111,212111,212111 opt=72611,72611,72611,72611,72611,72611,72611,72611,72611,72611
BENCH family=mp logn=5 pi=249 dir=1 calls=100 old=241811,241811,241811,241811,241811,241811,241811,241811,241811,241811 opt=74311,74311,74311,74311,74311,74311,74311,74311,74311,74311
BENCH family=mp logn=6 pi=249 dir=0 calls=100 old=485211,485211,485211,485211,485211,485211,485211,485211,485211,485211 opt=150211,150211,150211,150211,150211,150211,150211,150211,150211,150211
BENCH family=mp logn=6 pi=249 dir=1 calls=100 old=555811,555811,555811,555811,555811,555811,555811,555811,555811,555811 opt=152311,152311,152311,152311,152311,152311,152311,152311,152311,152311
BENCH family=mp logn=7 pi=249 dir=0 calls=100 old=1124411,1124411,1124411,1124411,1124411,1124411,1124411,1124411,1124411,1124411 opt=348511,348511,348511,348511,348511,348511,348511,348511,348511,348511
BENCH family=mp logn=7 pi=249 dir=1 calls=100 old=1283811,1283811,1283811,1283811,1283811,1283811,1283811,1283811,1283811,1283811 opt=341811,341811,341811,341811,341811,341811,341811,341811,341811,341811
BENCH family=mp logn=8 pi=249 dir=0 calls=100 old=2503111,2503111,2503112,2503111,2503111,2503111,2503111,2503111,2503111,2503111 opt=759411,759411,759411,759411,759411,759411,759411,759411,759411,759411
BENCH family=mp logn=8 pi=249 dir=1 calls=100 old=2866611,2866611,2866611,2866611,2866611,2866611,2866611,2866611,2866611,2866611 opt=735211,735211,735211,735211,735211,735211,735211,735211,735211,735211
BENCH family=mp logn=9 pi=249 dir=0 calls=100 old=5655911,5655912,5655911,5655911,5655911,5655911,5655911,5655911,5655911,5655911 opt=1709911,1709911,1709911,1709911,1709911,1709911,1709911,1709911,1709911,1709911
BENCH family=mp logn=9 pi=249 dir=1 calls=100 old=6458611,6458612,6458611,6458611,6458611,6458611,6458611,6458611,6458611,6458611 opt=1646711,1646711,1646711,1646711,1646711,1646711,1646711,1646711,1646711,1646711
BENCH family=mp logn=10 pi=249 dir=0 calls=100 old=12349812,12349811,12349811,12349811,12349811,12349812,12349811,12349811,12349811,12349811 opt=3696011,3696011,3696011,3696011,3696011,3696011,3696011,3696011,3696011,3696011
BENCH family=mp logn=10 pi=249 dir=1 calls=100 old=14134212,14134211,14134211,14134211,14134212,14134211,14134211,14134211,14134211,14134211 opt=3544111,3544111,3544111,3544111,3544111,3544111,3544111,3544111,3544111,3544112
BENCH family=mp logn=4 pi=250 dir=0 calls=100 old=89711,89711,89711,89711,89711,89711,89711,89711,89711,89711 opt=32411,32411,32411,32411,32411,32411,32411,32411,32411,32411
BENCH family=mp logn=4 pi=250 dir=1 calls=100 old=102611,102611,102611,102611,102611,102611,102611,102611,102611,102611 opt=35011,35011,35011,35011,35011,35011,35011,35011,35011,35011
BENCH family=mp logn=5 pi=250 dir=0 calls=100 old=212111,212111,212111,212111,212111,212111,212111,212111,212111,212111 opt=72611,72611,72611,72611,72611,72611,72611,72611,72611,72611
BENCH family=mp logn=5 pi=250 dir=1 calls=100 old=241811,241811,241811,241811,241811,241811,241811,241811,241811,241811 opt=74311,74311,74311,74311,74311,74311,74311,74311,74311,74311
BENCH family=mp logn=6 pi=250 dir=0 calls=100 old=485211,485211,485211,485211,485211,485211,485211,485211,485211,485211 opt=150211,150211,150211,150211,150211,150211,150211,150211,150211,150211
BENCH family=mp logn=6 pi=250 dir=1 calls=100 old=555811,555811,555811,555811,555811,555811,555811,555811,555811,555811 opt=152311,152311,152311,152311,152311,152311,152311,152311,152311,152311
BENCH family=mp logn=7 pi=250 dir=0 calls=100 old=1124411,1124411,1124411,1124411,1124411,1124411,1124411,1124411,1124411,1124411 opt=348511,348511,348511,348511,348511,348511,348511,348511,348511,348511
BENCH family=mp logn=7 pi=250 dir=1 calls=100 old=1283812,1283811,1283811,1283811,1283811,1283811,1283811,1283811,1283811,1283811 opt=341811,341811,341811,341811,341811,341811,341811,341811,341811,341811
BENCH family=mp logn=8 pi=250 dir=0 calls=100 old=2503111,2503111,2503111,2503111,2503111,2503111,2503111,2503111,2503111,2503111 opt=759411,759411,759411,759411,759411,759411,759411,759411,759411,759411
BENCH family=mp logn=8 pi=250 dir=1 calls=100 old=2866611,2866611,2866611,2866611,2866611,2866611,2866612,2866611,2866611,2866611 opt=735211,735211,735211,735211,735211,735211,735211,735211,735211,735211
BENCH family=mp logn=9 pi=250 dir=0 calls=100 old=5655911,5655911,5655911,5655911,5655911,5655911,5655911,5655911,5655912,5655911 opt=1709911,1709911,1709911,1709911,1709911,1709911,1709911,1709911,1709911,1709911
BENCH family=mp logn=9 pi=250 dir=1 calls=100 old=6458611,6458611,6458611,6458611,6458611,6458611,6458611,6458611,6458612,6458611 opt=1646711,1646711,1646711,1646711,1646711,1646711,1646711,1646711,1646711,1646711
BENCH family=mp logn=10 pi=250 dir=0 calls=100 old=12349811,12349811,12349811,12349812,12349811,12349811,12349811,12349811,12349812,12349811 opt=3696011,3696011,3696011,3696011,3696011,3696011,3696011,3696011,3696011,3696011
BENCH family=mp logn=10 pi=250 dir=1 calls=100 old=14134211,14134211,14134211,14134211,14134211,14134211,14134211,14134212,14134211,14134211 opt=3544111,3544111,3544111,3544112,3544111,3544111,3544111,3544111,3544111,3544111
BENCH family=mp logn=4 pi=251 dir=0 calls=100 old=89711,89711,89711,89711,89711,89711,89711,89711,89711,89711 opt=32411,32411,32411,32411,32411,32411,32411,32411,32411,32411
BENCH family=mp logn=4 pi=251 dir=1 calls=100 old=102611,102611,102611,102611,102611,102611,102611,102611,102611,102611 opt=35011,35011,35011,35011,35011,35011,35011,35011,35011,35011
BENCH family=mp logn=5 pi=251 dir=0 calls=100 old=212111,212111,212111,212111,212111,212111,212111,212111,212111,212111 opt=72611,72611,72611,72611,72611,72611,72611,72611,72611,72611
BENCH family=mp logn=5 pi=251 dir=1 calls=100 old=241811,241811,241811,241811,241811,241811,241811,241811,241811,241811 opt=74311,74311,74311,74311,74311,74311,74311,74311,74311,74311
BENCH family=mp logn=6 pi=251 dir=0 calls=100 old=485211,485211,485211,485211,485211,485211,485211,485211,485211,485211 opt=150211,150211,150211,150211,150211,150211,150211,150211,150211,150211
BENCH family=mp logn=6 pi=251 dir=1 calls=100 old=555811,555811,555811,555811,555811,555811,555811,555811,555811,555811 opt=152311,152311,152311,152312,152311,152311,152311,152311,152311,152311
BENCH family=mp logn=7 pi=251 dir=0 calls=100 old=1124411,1124411,1124411,1124411,1124411,1124411,1124411,1124411,1124411,1124411 opt=348511,348511,348511,348511,348511,348511,348511,348511,348511,348511
BENCH family=mp logn=7 pi=251 dir=1 calls=100 old=1283811,1283811,1283811,1283811,1283811,1283811,1283811,1283811,1283811,1283811 opt=341811,341811,341811,341811,341811,341811,341811,341811,341811,341811
BENCH family=mp logn=8 pi=251 dir=0 calls=100 old=2503111,2503111,2503111,2503111,2503111,2503111,2503111,2503111,2503111,2503112 opt=759411,759411,759411,759411,759411,759411,759411,759411,759411,759411
BENCH family=mp logn=8 pi=251 dir=1 calls=100 old=2866611,2866611,2866611,2866611,2866611,2866611,2866611,2866611,2866611,2866611 opt=735211,735211,735211,735211,735211,735211,735211,735211,735211,735211
BENCH family=mp logn=9 pi=251 dir=0 calls=100 old=5655911,5655911,5655911,5655911,5655911,5655911,5655911,5655911,5655911,5655911 opt=1709911,1709911,1709911,1709911,1709912,1709911,1709911,1709911,1709911,1709911
BENCH family=mp logn=9 pi=251 dir=1 calls=100 old=6458611,6458611,6458611,6458611,6458612,6458611,6458611,6458611,6458611,6458611 opt=1646711,1646711,1646711,1646711,1646711,1646711,1646711,1646711,1646711,1646711
BENCH family=mp logn=10 pi=251 dir=0 calls=100 old=12349811,12349812,12349811,12349811,12349811,12349811,12349811,12349811,12349811,12349811 opt=3696011,3696011,3696011,3696011,3696011,3696011,3696012,3696011,3696011,3696011
BENCH family=mp logn=10 pi=251 dir=1 calls=100 old=14134211,14134212,14134211,14134211,14134211,14134211,14134212,14134211,14134211,14134211 opt=3544111,3544111,3544111,3544111,3544111,3544111,3544111,3544111,3544111,3544111
BENCH family=mp logn=4 pi=252 dir=0 calls=100 old=89711,89711,89711,89711,89711,89711,89711,89711,89711,89711 opt=32411,32411,32411,32411,32411,32411,32411,32411,32411,32411
BENCH family=mp logn=4 pi=252 dir=1 calls=100 old=102611,102611,102611,102611,102611,102611,102611,102612,102611,102611 opt=35011,35011,35011,35011,35011,35011,35011,35011,35011,35011
BENCH family=mp logn=5 pi=252 dir=0 calls=100 old=212111,212111,212111,212111,212111,212111,212111,212111,212111,212111 opt=72611,72611,72611,72611,72611,72611,72611,72611,72611,72611
BENCH family=mp logn=5 pi=252 dir=1 calls=100 old=241811,241811,241811,241811,241811,241811,241811,241811,241811,241811 opt=74311,74311,74311,74311,74311,74311,74311,74311,74311,74311
BENCH family=mp logn=6 pi=252 dir=0 calls=100 old=485211,485211,485211,485211,485211,485211,485211,485211,485211,485211 opt=150211,150211,150211,150211,150211,150211,150211,150211,150211,150211
BENCH family=mp logn=6 pi=252 dir=1 calls=100 old=555811,555811,555811,555811,555811,555811,555811,555811,555811,555811 opt=152311,152311,152311,152311,152311,152311,152311,152311,152311,152311
BENCH family=mp logn=7 pi=252 dir=0 calls=100 old=1124411,1124411,1124411,1124411,1124411,1124411,1124411,1124411,1124411,1124411 opt=348511,348511,348511,348511,348511,348511,348511,348511,348511,348511
BENCH family=mp logn=7 pi=252 dir=1 calls=100 old=1283811,1283811,1283811,1283811,1283811,1283811,1283811,1283811,1283811,1283811 opt=341811,341811,341811,341811,341811,341811,341811,341811,341811,341811
BENCH family=mp logn=8 pi=252 dir=0 calls=100 old=2503111,2503112,2503111,2503111,2503111,2503111,2503111,2503111,2503111,2503111 opt=759411,759411,759411,759411,759411,759411,759411,759411,759411,759411
BENCH family=mp logn=8 pi=252 dir=1 calls=100 old=2866611,2866611,2866611,2866611,2866611,2866611,2866611,2866611,2866611,2866611 opt=735211,735211,735211,735211,735211,735211,735211,735211,735211,735211
BENCH family=mp logn=9 pi=252 dir=0 calls=100 old=5655911,5655912,5655911,5655911,5655911,5655911,5655911,5655911,5655911,5655911 opt=1709911,1709911,1709911,1709911,1709911,1709911,1709911,1709911,1709911,1709911
BENCH family=mp logn=9 pi=252 dir=1 calls=100 old=6458611,6458612,6458611,6458611,6458611,6458611,6458611,6458611,6458611,6458611 opt=1646711,1646711,1646711,1646711,1646711,1646711,1646711,1646711,1646711,1646711
BENCH family=mp logn=10 pi=252 dir=0 calls=100 old=12349812,12349811,12349811,12349811,12349811,12349812,12349811,12349811,12349811,12349811 opt=3696011,3696011,3696011,3696011,3696011,3696011,3696011,3696011,3696011,3696011
BENCH family=mp logn=10 pi=252 dir=1 calls=100 old=14134212,14134211,14134211,14134211,14134212,14134211,14134211,14134211,14134211,14134211 opt=3544111,3544111,3544111,3544111,3544111,3544111,3544111,3544111,3544111,3544112
PROGRESS timing_prime=252
BENCH family=mp logn=4 pi=253 dir=0 calls=100 old=89711,89711,89711,89711,89711,89711,89711,89711,89711,89711 opt=32411,32411,32411,32411,32411,32411,32411,32411,32411,32411
BENCH family=mp logn=4 pi=253 dir=1 calls=100 old=102611,102611,102611,102611,102611,102611,102611,102611,102611,102611 opt=35011,35011,35011,35011,35011,35011,35011,35011,35011,35011
BENCH family=mp logn=5 pi=253 dir=0 calls=100 old=212111,212111,212111,212111,212111,212111,212111,212111,212111,212111 opt=72611,72611,72611,72611,72611,72611,72611,72611,72611,72611
BENCH family=mp logn=5 pi=253 dir=1 calls=100 old=241811,241811,241811,241811,241811,241811,241811,241811,241811,241811 opt=74311,74311,74311,74311,74311,74311,74311,74311,74311,74311
BENCH family=mp logn=6 pi=253 dir=0 calls=100 old=485211,485211,485211,485211,485211,485211,485211,485211,485211,485211 opt=150211,150211,150211,150211,150211,150211,150211,150211,150211,150211
BENCH family=mp logn=6 pi=253 dir=1 calls=100 old=555811,555811,555811,555811,555811,555811,555811,555811,555811,555811 opt=152311,152311,152311,152311,152311,152311,152311,152311,152311,152311
BENCH family=mp logn=7 pi=253 dir=0 calls=100 old=1124411,1124411,1124411,1124411,1124411,1124411,1124411,1124411,1124411,1124411 opt=348511,348511,348511,348511,348511,348511,348511,348511,348511,348511
BENCH family=mp logn=7 pi=253 dir=1 calls=100 old=1283812,1283811,1283811,1283811,1283811,1283811,1283811,1283811,1283811,1283811 opt=341811,341811,341811,341811,341811,341811,341811,341811,341811,341811
BENCH family=mp logn=8 pi=253 dir=0 calls=100 old=2503111,2503111,2503111,2503111,2503111,2503111,2503111,2503111,2503111,2503111 opt=759411,759411,759411,759411,759411,759411,759411,759411,759411,759411
BENCH family=mp logn=8 pi=253 dir=1 calls=100 old=2866611,2866611,2866611,2866611,2866611,2866611,2866612,2866611,2866611,2866611 opt=735211,735211,735211,735211,735211,735211,735211,735211,735211,735211
BENCH family=mp logn=9 pi=253 dir=0 calls=100 old=5655911,5655911,5655911,5655911,5655911,5655911,5655911,5655911,5655912,5655911 opt=1709911,1709911,1709911,1709911,1709911,1709911,1709911,1709911,1709911,1709911
BENCH family=mp logn=9 pi=253 dir=1 calls=100 old=6458611,6458611,6458611,6458611,6458611,6458611,6458611,6458611,6458612,6458611 opt=1646711,1646711,1646711,1646711,1646711,1646711,1646711,1646711,1646711,1646711
BENCH family=mp logn=10 pi=253 dir=0 calls=100 old=12349811,12349811,12349811,12349812,12349811,12349811,12349811,12349811,12349812,12349811 opt=3696011,3696011,3696011,3696011,3696011,3696011,3696011,3696011,3696011,3696011
BENCH family=mp logn=10 pi=253 dir=1 calls=100 old=14134211,14134211,14134211,14134211,14134211,14134211,14134211,14134212,14134211,14134211 opt=3544111,3544111,3544111,3544112,3544111,3544111,3544111,3544111,3544111,3544111
BENCH family=mp logn=4 pi=254 dir=0 calls=100 old=89711,89711,89711,89711,89711,89711,89711,89711,89711,89711 opt=32411,32411,32411,32411,32411,32411,32411,32411,32411,32411
BENCH family=mp logn=4 pi=254 dir=1 calls=100 old=102611,102611,102611,102611,102611,102611,102611,102611,102611,102611 opt=35011,35011,35011,35011,35011,35011,35011,35011,35011,35011
BENCH family=mp logn=5 pi=254 dir=0 calls=100 old=212111,212111,212111,212111,212111,212111,212111,212111,212111,212111 opt=72611,72611,72611,72611,72611,72611,72611,72611,72611,72611
BENCH family=mp logn=5 pi=254 dir=1 calls=100 old=241811,241811,241811,241811,241811,241811,241811,241811,241811,241811 opt=74311,74311,74311,74311,74311,74311,74311,74311,74311,74311
BENCH family=mp logn=6 pi=254 dir=0 calls=100 old=485211,485211,485211,485211,485211,485211,485211,485211,485211,485211 opt=150211,150211,150211,150211,150211,150211,150211,150211,150211,150211
BENCH family=mp logn=6 pi=254 dir=1 calls=100 old=555811,555811,555811,555811,555812,555811,555811,555811,555811,555811 opt=152311,152311,152311,152311,152311,152311,152311,152311,152311,152311
BENCH family=mp logn=7 pi=254 dir=0 calls=100 old=1124411,1124411,1124411,1124411,1124411,1124411,1124411,1124411,1124411,1124411 opt=348511,348511,348511,348511,348511,348511,348511,348511,348511,348511
BENCH family=mp logn=7 pi=254 dir=1 calls=100 old=1283811,1283811,1283811,1283811,1283811,1283811,1283811,1283811,1283811,1283811 opt=341811,341811,341811,341811,341811,341811,341811,341811,341811,341811
BENCH family=mp logn=8 pi=254 dir=0 calls=100 old=2503111,2503111,2503111,2503111,2503111,2503111,2503111,2503111,2503111,2503111 opt=759411,759411,759411,759411,759411,759411,759411,759411,759411,759411
BENCH family=mp logn=8 pi=254 dir=1 calls=100 old=2866611,2866611,2866611,2866611,2866611,2866611,2866611,2866611,2866611,2866611 opt=735211,735211,735211,735211,735211,735211,735211,735211,735211,735211
BENCH family=mp logn=9 pi=254 dir=0 calls=100 old=5655911,5655911,5655911,5655911,5655911,5655911,5655911,5655911,5655911,5655911 opt=1709911,1709911,1709911,1709911,1709911,1709912,1709911,1709911,1709911,1709911
BENCH family=mp logn=9 pi=254 dir=1 calls=100 old=6458611,6458611,6458611,6458611,6458611,6458611,6458611,6458611,6458611,6458611 opt=1646711,1646711,1646711,1646711,1646712,1646711,1646711,1646711,1646711,1646711
BENCH family=mp logn=10 pi=254 dir=0 calls=100 old=12349811,12349811,12349812,12349811,12349811,12349811,12349811,12349811,12349811,12349811 opt=3696011,3696011,3696011,3696011,3696011,3696011,3696011,3696012,3696011,3696011
BENCH family=mp logn=10 pi=254 dir=1 calls=100 old=14134211,14134212,14134211,14134211,14134211,14134211,14134212,14134211,14134211,14134211 opt=3544111,3544111,3544111,3544111,3544111,3544111,3544111,3544111,3544111,3544111
BENCH family=mp logn=4 pi=255 dir=0 calls=100 old=89711,89711,89711,89711,89711,89711,89711,89711,89711,89711 opt=32411,32411,32411,32411,32411,32411,32411,32411,32411,32411
BENCH family=mp logn=4 pi=255 dir=1 calls=100 old=102611,102611,102611,102611,102611,102611,102611,102611,102611,102611 opt=35011,35011,35011,35011,35011,35011,35011,35011,35011,35011
BENCH family=mp logn=5 pi=255 dir=0 calls=100 old=212111,212111,212111,212111,212111,212111,212111,212111,212111,212111 opt=72611,72611,72611,72611,72611,72611,72611,72611,72611,72611
BENCH family=mp logn=5 pi=255 dir=1 calls=100 old=241811,241811,241811,241811,241811,241811,241811,241811,241811,241811 opt=74311,74311,74311,74311,74311,74311,74311,74311,74311,74311
BENCH family=mp logn=6 pi=255 dir=0 calls=100 old=485211,485211,485211,485211,485211,485211,485211,485211,485211,485211 opt=150211,150211,150211,150211,150211,150211,150211,150211,150211,150211
BENCH family=mp logn=6 pi=255 dir=1 calls=100 old=555811,555811,555811,555811,555811,555811,555811,555811,555811,555811 opt=152311,152311,152311,152311,152311,152311,152311,152311,152311,152311
BENCH family=mp logn=7 pi=255 dir=0 calls=100 old=1124411,1124411,1124411,1124411,1124411,1124411,1124411,1124411,1124411,1124411 opt=348511,348511,348511,348511,348511,348511,348511,348511,348511,348511
BENCH family=mp logn=7 pi=255 dir=1 calls=100 old=1283811,1283811,1283811,1283811,1283811,1283811,1283811,1283811,1283811,1283811 opt=341811,341811,341811,341811,341811,341811,341811,341811,341811,341811
BENCH family=mp logn=8 pi=255 dir=0 calls=100 old=2503111,2503111,2503112,2503111,2503111,2503111,2503111,2503111,2503111,2503111 opt=759411,759411,759411,759411,759411,759411,759411,759411,759411,759411
BENCH family=mp logn=8 pi=255 dir=1 calls=100 old=2866611,2866611,2866611,2866611,2866611,2866611,2866611,2866611,2866611,2866611 opt=735211,735211,735211,735211,735211,735211,735211,735211,735211,735211
BENCH family=mp logn=9 pi=255 dir=0 calls=100 old=5655911,5655912,5655911,5655911,5655911,5655911,5655911,5655911,5655911,5655911 opt=1709911,1709911,1709911,1709911,1709911,1709911,1709911,1709911,1709911,1709911
BENCH family=mp logn=9 pi=255 dir=1 calls=100 old=6458611,6458612,6458611,6458611,6458611,6458611,6458611,6458611,6458611,6458611 opt=1646711,1646711,1646711,1646711,1646711,1646711,1646711,1646711,1646711,1646711
BENCH family=mp logn=10 pi=255 dir=0 calls=100 old=12349812,12349811,12349811,12349811,12349811,12349812,12349811,12349811,12349811,12349811 opt=3696011,3696011,3696011,3696011,3696011,3696011,3696011,3696011,3696011,3696011
BENCH family=mp logn=10 pi=255 dir=1 calls=100 old=14134212,14134211,14134211,14134211,14134212,14134211,14134211,14134211,14134211,14134211 opt=3544111,3544111,3544111,3544111,3544111,3544111,3544111,3544111,3544111,3544112
BENCH family=mp logn=4 pi=256 dir=0 calls=100 old=89711,89711,89711,89711,89711,89711,89711,89711,89711,89711 opt=32411,32411,32411,32411,32411,32411,32411,32411,32411,32411
BENCH family=mp logn=4 pi=256 dir=1 calls=100 old=102611,102611,102611,102611,102611,102611,102611,102611,102611,102611 opt=35011,35011,35011,35011,35011,35011,35011,35011,35011,35011
BENCH family=mp logn=5 pi=256 dir=0 calls=100 old=212111,212111,212111,212111,212111,212111,212111,212111,212111,212111 opt=72611,72611,72611,72611,72611,72611,72611,72611,72611,72611
BENCH family=mp logn=5 pi=256 dir=1 calls=100 old=241811,241811,241811,241811,241811,241811,241811,241811,241811,241811 opt=74311,74311,74311,74311,74311,74311,74311,74311,74311,74311
BENCH family=mp logn=6 pi=256 dir=0 calls=100 old=485211,485211,485211,485211,485211,485211,485211,485211,485211,485211 opt=150211,150211,150211,150211,150211,150211,150211,150211,150211,150211
BENCH family=mp logn=6 pi=256 dir=1 calls=100 old=555811,555811,555811,555811,555811,555811,555811,555811,555811,555811 opt=152311,152311,152311,152311,152311,152311,152311,152311,152311,152311
BENCH family=mp logn=7 pi=256 dir=0 calls=100 old=1124411,1124411,1124411,1124411,1124411,1124411,1124411,1124411,1124411,1124411 opt=348511,348511,348511,348511,348511,348511,348511,348511,348511,348511
BENCH family=mp logn=7 pi=256 dir=1 calls=100 old=1283811,1283811,1283811,1283811,1283811,1283811,1283811,1283811,1283811,1283811 opt=341811,341811,341811,341811,341811,341811,341811,341811,341811,341811
BENCH family=mp logn=8 pi=256 dir=0 calls=100 old=2503111,2503111,2503111,2503111,2503111,2503111,2503111,2503111,2503111,2503111 opt=759411,759411,759411,759411,759411,759411,759411,759411,759411,759411
BENCH family=mp logn=8 pi=256 dir=1 calls=100 old=2866611,2866611,2866611,2866611,2866611,2866611,2866612,2866611,2866611,2866611 opt=735211,735211,735211,735211,735211,735211,735211,735211,735211,735211
BENCH family=mp logn=9 pi=256 dir=0 calls=100 old=5655911,5655911,5655911,5655911,5655911,5655911,5655911,5655911,5655912,5655911 opt=1709911,1709911,1709911,1709911,1709911,1709911,1709911,1709911,1709911,1709911
BENCH family=mp logn=9 pi=256 dir=1 calls=100 old=6458611,6458611,6458611,6458611,6458611,6458611,6458611,6458612,6458611,6458611 opt=1646711,1646711,1646711,1646711,1646711,1646711,1646711,1646711,1646711,1646711
BENCH family=mp logn=10 pi=256 dir=0 calls=100 old=12349811,12349811,12349811,12349812,12349811,12349811,12349811,12349811,12349812,12349811 opt=3696011,3696011,3696011,3696011,3696011,3696011,3696011,3696011,3696011,3696011
BENCH family=mp logn=10 pi=256 dir=1 calls=100 old=14134211,14134211,14134211,14134211,14134211,14134211,14134211,14134212,14134211,14134211 opt=3544111,3544111,3544111,3544112,3544111,3544111,3544111,3544111,3544111,3544111
BENCH family=mp logn=4 pi=257 dir=0 calls=100 old=89711,89711,89711,89711,89711,89711,89711,89711,89711,89711 opt=32411,32411,32411,32411,32411,32411,32411,32411,32411,32411
BENCH family=mp logn=4 pi=257 dir=1 calls=100 old=102611,102611,102611,102611,102611,102611,102611,102611,102611,102611 opt=35011,35011,35011,35011,35011,35011,35011,35011,35011,35011
BENCH family=mp logn=5 pi=257 dir=0 calls=100 old=212111,212111,212111,212111,212111,212111,212111,212111,212111,212111 opt=72611,72611,72611,72611,72611,72611,72611,72611,72611,72611
BENCH family=mp logn=5 pi=257 dir=1 calls=100 old=241811,241811,241811,241811,241811,241811,241811,241811,241811,241811 opt=74311,74311,74311,74311,74311,74311,74311,74311,74311,74311
BENCH family=mp logn=6 pi=257 dir=0 calls=100 old=485211,485211,485211,485211,485211,485211,485211,485211,485211,485211 opt=150211,150211,150211,150211,150211,150211,150211,150211,150211,150211
BENCH family=mp logn=6 pi=257 dir=1 calls=100 old=555811,555811,555811,555812,555811,555811,555811,555811,555811,555811 opt=152311,152311,152311,152311,152311,152311,152311,152311,152311,152311
BENCH family=mp logn=7 pi=257 dir=0 calls=100 old=1124411,1124411,1124411,1124411,1124411,1124411,1124411,1124411,1124411,1124411 opt=348511,348511,348511,348511,348511,348511,348511,348511,348511,348511
BENCH family=mp logn=7 pi=257 dir=1 calls=100 old=1283811,1283811,1283811,1283811,1283811,1283811,1283811,1283811,1283811,1283811 opt=341811,341811,341811,341811,341811,341811,341811,341811,341811,341811
BENCH family=mp logn=8 pi=257 dir=0 calls=100 old=2503111,2503111,2503111,2503111,2503111,2503111,2503111,2503111,2503111,2503111 opt=759411,759411,759411,759411,759411,759411,759411,759411,759411,759411
BENCH family=mp logn=8 pi=257 dir=1 calls=100 old=2866611,2866611,2866611,2866611,2866611,2866611,2866611,2866611,2866611,2866611 opt=735211,735211,735211,735211,735211,735211,735211,735211,735211,735211
BENCH family=mp logn=9 pi=257 dir=0 calls=100 old=5655911,5655911,5655911,5655911,5655911,5655911,5655911,5655911,5655911,5655911 opt=1709911,1709911,1709911,1709911,1709911,1709912,1709911,1709911,1709911,1709911
BENCH family=mp logn=9 pi=257 dir=1 calls=100 old=6458611,6458611,6458611,6458611,6458611,6458611,6458611,6458611,6458611,6458611 opt=1646711,1646711,1646711,1646711,1646712,1646711,1646711,1646711,1646711,1646711
BENCH family=mp logn=10 pi=257 dir=0 calls=100 old=12349811,12349811,12349812,12349811,12349811,12349811,12349811,12349811,12349811,12349811 opt=3696011,3696011,3696011,3696011,3696011,3696011,3696011,3696012,3696011,3696011
BENCH family=mp logn=10 pi=257 dir=1 calls=100 old=14134211,14134212,14134211,14134211,14134211,14134211,14134212,14134211,14134211,14134211 opt=3544111,3544111,3544111,3544111,3544111,3544111,3544111,3544111,3544111,3544111
BENCH family=mp logn=4 pi=258 dir=0 calls=100 old=89711,89711,89711,89711,89711,89711,89711,89711,89711,89711 opt=32411,32411,32411,32411,32411,32411,32411,32411,32411,32411
BENCH family=mp logn=4 pi=258 dir=1 calls=100 old=102611,102611,102611,102611,102611,102611,102611,102611,102611,102611 opt=35011,35011,35011,35011,35011,35011,35011,35011,35011,35011
BENCH family=mp logn=5 pi=258 dir=0 calls=100 old=212111,212111,212111,212111,212111,212111,212111,212111,212111,212111 opt=72611,72611,72611,72611,72611,72611,72611,72611,72611,72611
BENCH family=mp logn=5 pi=258 dir=1 calls=100 old=241811,241811,241811,241811,241811,241811,241811,241811,241811,241811 opt=74311,74311,74311,74311,74311,74311,74311,74311,74311,74311
BENCH family=mp logn=6 pi=258 dir=0 calls=100 old=485211,485211,485211,485211,485211,485211,485211,485211,485211,485211 opt=150211,150211,150211,150211,150211,150211,150211,150211,150211,150211
BENCH family=mp logn=6 pi=258 dir=1 calls=100 old=555811,555811,555811,555811,555811,555811,555811,555811,555811,555811 opt=152311,152311,152311,152311,152311,152311,152311,152311,152311,152311
BENCH family=mp logn=7 pi=258 dir=0 calls=100 old=1124411,1124411,1124411,1124411,1124411,1124411,1124411,1124411,1124411,1124411 opt=348511,348511,348511,348511,348511,348511,348511,348511,348511,348511
BENCH family=mp logn=7 pi=258 dir=1 calls=100 old=1283811,1283811,1283811,1283811,1283811,1283811,1283811,1283811,1283811,1283811 opt=341811,341811,341811,341811,341811,341811,341811,341811,341811,341811
BENCH family=mp logn=8 pi=258 dir=0 calls=100 old=2503111,2503111,2503112,2503111,2503111,2503111,2503111,2503111,2503111,2503111 opt=759411,759411,759411,759411,759411,759411,759411,759411,759411,759411
BENCH family=mp logn=8 pi=258 dir=1 calls=100 old=2866611,2866611,2866611,2866611,2866611,2866611,2866611,2866611,2866611,2866611 opt=735211,735211,735211,735211,735211,735211,735211,735211,735211,735211
BENCH family=mp logn=9 pi=258 dir=0 calls=100 old=5655911,5655912,5655911,5655911,5655911,5655911,5655911,5655911,5655911,5655911 opt=1709911,1709911,1709911,1709911,1709911,1709911,1709911,1709911,1709911,1709911
BENCH family=mp logn=9 pi=258 dir=1 calls=100 old=6458611,6458612,6458611,6458611,6458611,6458611,6458611,6458611,6458611,6458611 opt=1646711,1646711,1646711,1646711,1646711,1646711,1646711,1646711,1646711,1646711
BENCH family=mp logn=10 pi=258 dir=0 calls=100 old=12349812,12349811,12349811,12349811,12349811,12349812,12349811,12349811,12349811,12349811 opt=3696011,3696011,3696011,3696011,3696011,3696011,3696011,3696011,3696011,3696011
BENCH family=mp logn=10 pi=258 dir=1 calls=100 old=14134212,14134211,14134211,14134211,14134212,14134211,14134211,14134211,14134211,14134211 opt=3544111,3544111,3544111,3544111,3544111,3544111,3544111,3544111,3544111,3544112
BENCH family=mp logn=4 pi=259 dir=0 calls=100 old=89711,89711,89711,89711,89711,89711,89711,89711,89711,89711 opt=32411,32411,32411,32411,32411,32411,32411,32411,32411,32411
BENCH family=mp logn=4 pi=259 dir=1 calls=100 old=102611,102611,102611,102611,102611,102611,102611,102611,102611,102611 opt=35011,35011,35011,35011,35011,35011,35011,35011,35011,35011
BENCH family=mp logn=5 pi=259 dir=0 calls=100 old=212111,212111,212111,212111,212111,212111,212111,212111,212111,212111 opt=72611,72611,72611,72611,72611,72611,72611,72611,72611,72611
BENCH family=mp logn=5 pi=259 dir=1 calls=100 old=241811,241811,241811,241811,241811,241811,241811,241811,241811,241811 opt=74311,74311,74311,74311,74311,74311,74311,74311,74311,74311
BENCH family=mp logn=6 pi=259 dir=0 calls=100 old=485211,485211,485211,485211,485211,485211,485211,485211,485211,485211 opt=150211,150211,150211,150211,150211,150211,150211,150211,150211,150211
BENCH family=mp logn=6 pi=259 dir=1 calls=100 old=555811,555811,555811,555811,555811,555811,555811,555811,555811,555811 opt=152311,152311,152311,152311,152311,152311,152311,152311,152311,152311
BENCH family=mp logn=7 pi=259 dir=0 calls=100 old=1124411,1124411,1124411,1124411,1124411,1124411,1124411,1124411,1124411,1124411 opt=348511,348511,348511,348511,348511,348511,348511,348511,348511,348511
BENCH family=mp logn=7 pi=259 dir=1 calls=100 old=1283811,1283811,1283811,1283811,1283811,1283811,1283811,1283811,1283811,1283811 opt=341812,341811,341811,341811,341811,341811,341811,341811,341811,341811
BENCH family=mp logn=8 pi=259 dir=0 calls=100 old=2503111,2503111,2503111,2503111,2503111,2503111,2503111,2503111,2503111,2503111 opt=759411,759411,759411,759411,759411,759411,759411,759411,759411,759411
BENCH family=mp logn=8 pi=259 dir=1 calls=100 old=2866611,2866611,2866611,2866611,2866611,2866611,2866611,2866611,2866611,2866611 opt=735211,735211,735211,735211,735211,735211,735212,735211,735211,735211
BENCH family=mp logn=9 pi=259 dir=0 calls=100 old=5655911,5655911,5655911,5655911,5655911,5655911,5655911,5655911,5655912,5655911 opt=1709911,1709911,1709911,1709911,1709911,1709911,1709911,1709911,1709911,1709911
BENCH family=mp logn=9 pi=259 dir=1 calls=100 old=6458611,6458611,6458611,6458611,6458611,6458611,6458611,6458611,6458612,6458611 opt=1646711,1646711,1646711,1646711,1646711,1646711,1646711,1646711,1646711,1646711
BENCH family=mp logn=10 pi=259 dir=0 calls=100 old=12349811,12349811,12349811,12349812,12349811,12349811,12349811,12349811,12349812,12349811 opt=3696011,3696011,3696011,3696011,3696011,3696011,3696011,3696011,3696011,3696011
BENCH family=mp logn=10 pi=259 dir=1 calls=100 old=14134211,14134211,14134211,14134211,14134211,14134211,14134211,14134212,14134211,14134211 opt=3544111,3544111,3544111,3544112,3544111,3544111,3544111,3544111,3544111,3544111
BENCH family=mp logn=4 pi=260 dir=0 calls=100 old=89711,89711,89711,89711,89711,89711,89711,89711,89711,89711 opt=32411,32411,32411,32411,32411,32411,32411,32411,32411,32411
BENCH family=mp logn=4 pi=260 dir=1 calls=100 old=102611,102611,102611,102611,102611,102611,102611,102611,102611,102611 opt=35011,35011,35011,35011,35011,35011,35011,35011,35011,35011
BENCH family=mp logn=5 pi=260 dir=0 calls=100 old=212111,212111,212111,212111,212111,212111,212111,212111,212111,212111 opt=72611,72611,72611,72611,72611,72611,72611,72611,72611,72611
BENCH family=mp logn=5 pi=260 dir=1 calls=100 old=241811,241811,241811,241811,241811,241811,241811,241811,241811,241811 opt=74311,74311,74311,74311,74311,74311,74311,74311,74311,74311
BENCH family=mp logn=6 pi=260 dir=0 calls=100 old=485211,485211,485211,485211,485211,485211,485211,485211,485211,485211 opt=150211,150211,150211,150211,150211,150211,150211,150211,150211,150211
BENCH family=mp logn=6 pi=260 dir=1 calls=100 old=555811,555811,555811,555811,555812,555811,555811,555811,555811,555811 opt=152311,152311,152311,152311,152311,152311,152311,152311,152311,152311
BENCH family=mp logn=7 pi=260 dir=0 calls=100 old=1124411,1124411,1124411,1124411,1124411,1124411,1124411,1124411,1124411,1124411 opt=348511,348511,348511,348511,348511,348511,348511,348511,348511,348511
BENCH family=mp logn=7 pi=260 dir=1 calls=100 old=1283811,1283811,1283811,1283811,1283811,1283811,1283811,1283811,1283811,1283811 opt=341811,341811,341811,341811,341811,341811,341811,341811,341811,341811
BENCH family=mp logn=8 pi=260 dir=0 calls=100 old=2503111,2503111,2503111,2503111,2503111,2503111,2503111,2503111,2503111,2503111 opt=759411,759411,759411,759411,759411,759411,759411,759411,759411,759411
BENCH family=mp logn=8 pi=260 dir=1 calls=100 old=2866611,2866611,2866611,2866611,2866611,2866611,2866611,2866611,2866611,2866611 opt=735211,735211,735211,735211,735211,735211,735211,735211,735211,735211
BENCH family=mp logn=9 pi=260 dir=0 calls=100 old=5655911,5655911,5655911,5655911,5655911,5655912,5655911,5655911,5655911,5655911 opt=1709911,1709911,1709911,1709911,1709911,1709911,1709911,1709911,1709911,1709911
BENCH family=mp logn=9 pi=260 dir=1 calls=100 old=6458611,6458611,6458611,6458611,6458611,6458611,6458611,6458611,6458611,6458611 opt=1646711,1646711,1646711,1646711,1646711,1646712,1646711,1646711,1646711,1646711
BENCH family=mp logn=10 pi=260 dir=0 calls=100 old=12349811,12349811,12349812,12349811,12349811,12349811,12349811,12349811,12349811,12349811 opt=3696011,3696011,3696011,3696011,3696011,3696011,3696011,3696012,3696011,3696011
BENCH family=mp logn=10 pi=260 dir=1 calls=100 old=14134211,14134212,14134211,14134211,14134211,14134211,14134212,14134211,14134211,14134211 opt=3544111,3544111,3544111,3544111,3544111,3544111,3544111,3544111,3544111,3544111
BENCH family=mp logn=4 pi=261 dir=0 calls=100 old=89711,89711,89711,89711,89711,89711,89711,89711,89711,89711 opt=32411,32411,32411,32411,32411,32411,32411,32411,32411,32411
BENCH family=mp logn=4 pi=261 dir=1 calls=100 old=102611,102611,102611,102611,102611,102611,102611,102611,102611,102611 opt=35011,35011,35011,35011,35011,35011,35011,35011,35011,35011
BENCH family=mp logn=5 pi=261 dir=0 calls=100 old=212111,212111,212111,212111,212111,212111,212111,212111,212111,212111 opt=72611,72611,72611,72611,72611,72611,72611,72611,72611,72611
BENCH family=mp logn=5 pi=261 dir=1 calls=100 old=241811,241811,241811,241811,241811,241811,241811,241811,241811,241811 opt=74311,74311,74311,74311,74311,74311,74311,74311,74311,74311
BENCH family=mp logn=6 pi=261 dir=0 calls=100 old=485211,485211,485211,485211,485211,485211,485211,485211,485211,485211 opt=150211,150211,150211,150211,150211,150211,150211,150211,150211,150211
BENCH family=mp logn=6 pi=261 dir=1 calls=100 old=555811,555811,555811,555811,555811,555811,555811,555811,555811,555811 opt=152311,152311,152311,152311,152311,152311,152311,152311,152311,152311
BENCH family=mp logn=7 pi=261 dir=0 calls=100 old=1124411,1124411,1124411,1124411,1124411,1124411,1124411,1124411,1124411,1124411 opt=348511,348511,348511,348511,348511,348511,348511,348511,348511,348511
BENCH family=mp logn=7 pi=261 dir=1 calls=100 old=1283811,1283811,1283811,1283811,1283811,1283811,1283811,1283811,1283811,1283811 opt=341811,341811,341811,341811,341811,341811,341811,341811,341811,341811
BENCH family=mp logn=8 pi=261 dir=0 calls=100 old=2503111,2503111,2503111,2503111,2503111,2503111,2503111,2503111,2503111,2503111 opt=759411,759411,759412,759411,759411,759411,759411,759411,759411,759411
BENCH family=mp logn=8 pi=261 dir=1 calls=100 old=2866611,2866611,2866611,2866611,2866611,2866611,2866611,2866611,2866611,2866611 opt=735211,735211,735211,735211,735211,735211,735211,735211,735211,735211
BENCH family=mp logn=9 pi=261 dir=0 calls=100 old=5655911,5655912,5655911,5655911,5655911,5655911,5655911,5655911,5655911,5655911 opt=1709911,1709911,1709911,1709911,1709911,1709911,1709911,1709911,1709911,1709911
BENCH family=mp logn=9 pi=261 dir=1 calls=100 old=6458611,6458612,6458611,6458611,6458611,6458611,6458611,6458611,6458611,6458611 opt=1646711,1646711,1646711,1646711,1646711,1646711,1646711,1646711,1646711,1646711
BENCH family=mp logn=10 pi=261 dir=0 calls=100 old=12349812,12349811,12349811,12349811,12349811,12349812,12349811,12349811,12349811,12349811 opt=3696011,3696011,3696011,3696011,3696011,3696011,3696011,3696011,3696011,3696011
BENCH family=mp logn=10 pi=261 dir=1 calls=100 old=14134212,14134211,14134211,14134211,14134212,14134211,14134211,14134211,14134211,14134212 opt=3544111,3544111,3544111,3544111,3544111,3544111,3544111,3544111,3544111,3544111
BENCH family=mp logn=4 pi=262 dir=0 calls=100 old=89711,89711,89711,89711,89711,89711,89711,89711,89711,89711 opt=32411,32411,32411,32411,32411,32411,32411,32411,32411,32411
BENCH family=mp logn=4 pi=262 dir=1 calls=100 old=102611,102611,102611,102611,102611,102611,102611,102611,102611,102611 opt=35011,35011,35011,35011,35011,35011,35011,35011,35011,35011
BENCH family=mp logn=5 pi=262 dir=0 calls=100 old=212111,212111,212111,212111,212111,212111,212111,212111,212111,212111 opt=72611,72611,72611,72611,72611,72611,72611,72611,72611,72611
BENCH family=mp logn=5 pi=262 dir=1 calls=100 old=241811,241811,241811,241811,241811,241811,241811,241811,241811,241811 opt=74311,74311,74311,74311,74311,74311,74311,74311,74311,74311
BENCH family=mp logn=6 pi=262 dir=0 calls=100 old=485211,485211,485211,485211,485211,485211,485211,485211,485211,485211 opt=150211,150211,150211,150211,150211,150211,150211,150211,150211,150211
BENCH family=mp logn=6 pi=262 dir=1 calls=100 old=555811,555811,555811,555811,555811,555811,555811,555811,555811,555811 opt=152311,152311,152311,152311,152311,152311,152311,152311,152311,152311
BENCH family=mp logn=7 pi=262 dir=0 calls=100 old=1124411,1124411,1124411,1124411,1124411,1124411,1124411,1124411,1124411,1124411 opt=348511,348511,348511,348511,348511,348511,348511,348511,348511,348511
BENCH family=mp logn=7 pi=262 dir=1 calls=100 old=1283811,1283811,1283812,1283811,1283811,1283811,1283811,1283811,1283811,1283811 opt=341811,341811,341811,341811,341811,341811,341811,341811,341811,341811
BENCH family=mp logn=8 pi=262 dir=0 calls=100 old=2503111,2503111,2503111,2503111,2503111,2503111,2503111,2503111,2503111,2503111 opt=759411,759411,759411,759411,759411,759411,759411,759411,759411,759411
BENCH family=mp logn=8 pi=262 dir=1 calls=100 old=2866611,2866611,2866611,2866611,2866611,2866611,2866611,2866612,2866611,2866611 opt=735211,735211,735211,735211,735211,735211,735211,735211,735211,735211
BENCH family=mp logn=9 pi=262 dir=0 calls=100 old=5655911,5655911,5655911,5655911,5655911,5655911,5655911,5655911,5655911,5655911 opt=1709911,1709911,1709911,1709911,1709911,1709911,1709911,1709911,1709911,1709911
BENCH family=mp logn=9 pi=262 dir=1 calls=100 old=6458611,6458611,6458611,6458611,6458611,6458611,6458611,6458611,6458612,6458611 opt=1646711,1646711,1646711,1646711,1646711,1646711,1646711,1646711,1646711,1646711
BENCH family=mp logn=10 pi=262 dir=0 calls=100 old=12349811,12349811,12349811,12349812,12349811,12349811,12349811,12349811,12349811,12349811 opt=3696011,3696011,3696011,3696011,3696011,3696011,3696011,3696011,3696012,3696011
BENCH family=mp logn=10 pi=262 dir=1 calls=100 old=14134211,14134211,14134211,14134212,14134211,14134211,14134211,14134212,14134211,14134211 opt=3544111,3544111,3544111,3544111,3544111,3544111,3544111,3544111,3544111,3544111
BENCH family=mp logn=4 pi=263 dir=0 calls=100 old=89711,89711,89711,89711,89711,89711,89711,89711,89711,89711 opt=32411,32411,32411,32411,32411,32411,32411,32411,32411,32411
BENCH family=mp logn=4 pi=263 dir=1 calls=100 old=102611,102611,102611,102611,102611,102611,102611,102611,102611,102611 opt=35011,35011,35011,35011,35011,35011,35011,35011,35011,35011
BENCH family=mp logn=5 pi=263 dir=0 calls=100 old=212111,212111,212111,212111,212111,212111,212111,212111,212111,212111 opt=72611,72611,72611,72611,72611,72611,72611,72611,72611,72611
BENCH family=mp logn=5 pi=263 dir=1 calls=100 old=241811,241811,241811,241811,241811,241811,241811,241811,241811,241811 opt=74311,74311,74311,74311,74311,74311,74311,74311,74311,74311
BENCH family=mp logn=6 pi=263 dir=0 calls=100 old=485211,485211,485211,485211,485211,485211,485211,485211,485211,485211 opt=150211,150211,150211,150211,150211,150211,150211,150211,150211,150211
BENCH family=mp logn=6 pi=263 dir=1 calls=100 old=555811,555811,555811,555811,555811,555811,555811,555811,555811,555812 opt=152311,152311,152311,152311,152311,152311,152311,152311,152311,152311
BENCH family=mp logn=7 pi=263 dir=0 calls=100 old=1124411,1124411,1124411,1124411,1124411,1124411,1124411,1124411,1124411,1124411 opt=348511,348511,348511,348511,348511,348511,348511,348511,348511,348511
BENCH family=mp logn=7 pi=263 dir=1 calls=100 old=1283811,1283811,1283811,1283811,1283811,1283811,1283811,1283811,1283811,1283811 opt=341811,341811,341811,341811,341811,341811,341811,341811,341811,341811
BENCH family=mp logn=8 pi=263 dir=0 calls=100 old=2503111,2503111,2503111,2503111,2503111,2503111,2503111,2503111,2503111,2503111 opt=759411,759411,759411,759411,759411,759411,759411,759411,759411,759411
BENCH family=mp logn=8 pi=263 dir=1 calls=100 old=2866612,2866611,2866611,2866611,2866611,2866611,2866611,2866611,2866611,2866611 opt=735211,735211,735211,735211,735211,735211,735211,735211,735211,735211
BENCH family=mp logn=9 pi=263 dir=0 calls=100 old=5655911,5655911,5655911,5655911,5655911,5655912,5655911,5655911,5655911,5655911 opt=1709911,1709911,1709911,1709911,1709911,1709911,1709911,1709911,1709911,1709911
BENCH family=mp logn=9 pi=263 dir=1 calls=100 old=6458611,6458611,6458611,6458611,6458611,6458612,6458611,6458611,6458611,6458611 opt=1646711,1646711,1646711,1646711,1646711,1646711,1646711,1646711,1646711,1646711
BENCH family=mp logn=10 pi=263 dir=0 calls=100 old=12349811,12349811,12349812,12349811,12349811,12349811,12349811,12349812,12349811,12349811 opt=3696011,3696011,3696011,3696011,3696011,3696011,3696011,3696011,3696011,3696011
BENCH family=mp logn=10 pi=263 dir=1 calls=100 old=14134211,14134212,14134211,14134211,14134211,14134211,14134212,14134211,14134211,14134211 opt=3544111,3544111,3544111,3544111,3544111,3544111,3544111,3544111,3544111,3544111
BENCH family=mp logn=4 pi=264 dir=0 calls=100 old=89711,89711,89711,89711,89711,89711,89711,89711,89711,89711 opt=32411,32411,32411,32411,32411,32411,32411,32411,32411,32411
BENCH family=mp logn=4 pi=264 dir=1 calls=100 old=102611,102611,102611,102611,102611,102611,102611,102611,102611,102611 opt=35011,35011,35011,35011,35011,35011,35011,35011,35011,35011
BENCH family=mp logn=5 pi=264 dir=0 calls=100 old=212111,212111,212111,212111,212111,212111,212111,212111,212111,212111 opt=72611,72611,72611,72611,72611,72611,72611,72611,72611,72611
BENCH family=mp logn=5 pi=264 dir=1 calls=100 old=241811,241811,241811,241811,241811,241811,241811,241811,241811,241811 opt=74311,74311,74311,74311,74311,74311,74311,74311,74311,74311
BENCH family=mp logn=6 pi=264 dir=0 calls=100 old=485211,485211,485211,485211,485211,485211,485211,485211,485211,485211 opt=150211,150211,150211,150211,150211,150211,150211,150211,150211,150211
BENCH family=mp logn=6 pi=264 dir=1 calls=100 old=555811,555811,555811,555811,555811,555811,555811,555811,555811,555811 opt=152311,152311,152311,152311,152311,152311,152311,152311,152311,152311
BENCH family=mp logn=7 pi=264 dir=0 calls=100 old=1124411,1124411,1124411,1124411,1124411,1124411,1124411,1124411,1124411,1124411 opt=348511,348511,348511,348511,348511,348511,348511,348511,348511,348511
BENCH family=mp logn=7 pi=264 dir=1 calls=100 old=1283811,1283811,1283811,1283811,1283811,1283811,1283811,1283811,1283811,1283811 opt=341811,341811,341811,341811,341811,341811,341811,341811,341811,341811
BENCH family=mp logn=8 pi=264 dir=0 calls=100 old=2503111,2503111,2503111,2503111,2503112,2503111,2503111,2503111,2503111,2503111 opt=759411,759411,759411,759411,759411,759411,759411,759411,759411,759411
BENCH family=mp logn=8 pi=264 dir=1 calls=100 old=2866611,2866611,2866611,2866611,2866611,2866611,2866611,2866611,2866611,2866611 opt=735211,735211,735211,735211,735211,735211,735211,735211,735211,735211
BENCH family=mp logn=9 pi=264 dir=0 calls=100 old=5655911,5655911,5655912,5655911,5655911,5655911,5655911,5655911,5655911,5655911 opt=1709911,1709911,1709911,1709911,1709911,1709911,1709911,1709911,1709911,1709911
BENCH family=mp logn=9 pi=264 dir=1 calls=100 old=6458611,6458611,6458612,6458611,6458611,6458611,6458611,6458611,6458611,6458611 opt=1646711,1646711,1646711,1646711,1646711,1646711,1646711,1646711,1646711,1646711
BENCH family=mp logn=10 pi=264 dir=0 calls=100 old=12349811,12349811,12349811,12349811,12349811,12349812,12349811,12349811,12349811,12349811 opt=3696012,3696011,3696011,3696011,3696011,3696011,3696011,3696011,3696011,3696011
BENCH family=mp logn=10 pi=264 dir=1 calls=100 old=14134212,14134211,14134211,14134211,14134211,14134211,14134211,14134211,14134211,14134212 opt=3544111,3544111,3544111,3544111,3544112,3544111,3544111,3544111,3544111,3544111
BENCH family=mp logn=4 pi=265 dir=0 calls=100 old=89711,89711,89711,89711,89711,89711,89711,89711,89711,89711 opt=32411,32411,32411,32411,32411,32411,32411,32411,32411,32411
BENCH family=mp logn=4 pi=265 dir=1 calls=100 old=102611,102611,102611,102611,102611,102611,102611,102611,102611,102611 opt=35011,35011,35011,35011,35011,35011,35011,35011,35011,35011
BENCH family=mp logn=5 pi=265 dir=0 calls=100 old=212111,212111,212111,212111,212111,212111,212111,212111,212111,212111 opt=72611,72611,72611,72611,72611,72611,72611,72611,72611,72611
BENCH family=mp logn=5 pi=265 dir=1 calls=100 old=241811,241811,241811,241811,241811,241811,241811,241811,241811,241811 opt=74311,74311,74311,74311,74311,74311,74311,74311,74311,74311
BENCH family=mp logn=6 pi=265 dir=0 calls=100 old=485211,485211,485211,485211,485211,485211,485211,485211,485211,485211 opt=150211,150211,150211,150211,150211,150211,150211,150211,150211,150211
BENCH family=mp logn=6 pi=265 dir=1 calls=100 old=555811,555811,555811,555811,555811,555811,555811,555811,555811,555811 opt=152311,152311,152311,152311,152311,152311,152311,152311,152311,152311
BENCH family=mp logn=7 pi=265 dir=0 calls=100 old=1124411,1124411,1124411,1124411,1124411,1124411,1124411,1124411,1124411,1124411 opt=348511,348511,348511,348511,348511,348511,348511,348511,348511,348511
BENCH family=mp logn=7 pi=265 dir=1 calls=100 old=1283811,1283811,1283811,1283811,1283812,1283811,1283811,1283811,1283811,1283811 opt=341811,341811,341811,341811,341811,341811,341811,341811,341811,341811
BENCH family=mp logn=8 pi=265 dir=0 calls=100 old=2503111,2503111,2503111,2503111,2503111,2503111,2503111,2503111,2503111,2503111 opt=759411,759411,759411,759411,759411,759411,759411,759411,759411,759411
BENCH family=mp logn=8 pi=265 dir=1 calls=100 old=2866611,2866611,2866611,2866611,2866611,2866611,2866611,2866611,2866612,2866611 opt=735211,735211,735211,735211,735211,735211,735211,735211,735211,735211
BENCH family=mp logn=9 pi=265 dir=0 calls=100 old=5655911,5655911,5655911,5655911,5655911,5655911,5655911,5655911,5655911,5655912 opt=1709911,1709911,1709911,1709911,1709911,1709911,1709911,1709911,1709911,1709911
BENCH family=mp logn=9 pi=265 dir=1 calls=100 old=6458611,6458611,6458611,6458611,6458611,6458611,6458611,6458611,6458611,6458611 opt=1646711,1646711,1646711,1646711,1646711,1646711,1646711,1646711,1646711,1646712
BENCH family=mp logn=10 pi=265 dir=0 calls=100 old=12349811,12349811,12349811,12349811,12349812,12349811,12349811,12349811,12349811,12349811 opt=3696011,3696011,3696011,3696011,3696011,3696011,3696011,3696011,3696011,3696012
BENCH family=mp logn=10 pi=265 dir=1 calls=100 old=14134211,14134211,14134211,14134212,14134211,14134211,14134211,14134212,14134211,14134211 opt=3544111,3544111,3544111,3544111,3544111,3544111,3544111,3544111,3544111,3544111
BENCH family=mp logn=4 pi=266 dir=0 calls=100 old=89711,89711,89711,89711,89711,89711,89711,89711,89711,89711 opt=32411,32411,32411,32411,32411,32411,32411,32411,32411,32411
BENCH family=mp logn=4 pi=266 dir=1 calls=100 old=102611,102611,102611,102611,102611,102611,102611,102611,102611,102611 opt=35011,35011,35011,35011,35011,35011,35011,35011,35011,35011
BENCH family=mp logn=5 pi=266 dir=0 calls=100 old=212111,212111,212111,212111,212111,212111,212111,212111,212111,212111 opt=72611,72611,72611,72611,72611,72611,72611,72611,72611,72611
BENCH family=mp logn=5 pi=266 dir=1 calls=100 old=241811,241811,241811,241811,241811,241811,241811,241811,241811,241811 opt=74311,74311,74311,74311,74311,74311,74311,74311,74311,74311
BENCH family=mp logn=6 pi=266 dir=0 calls=100 old=485211,485211,485211,485211,485211,485211,485211,485211,485211,485211 opt=150211,150211,150211,150211,150211,150211,150211,150211,150211,150211
BENCH family=mp logn=6 pi=266 dir=1 calls=100 old=555811,555811,555811,555811,555811,555811,555811,555811,555811,555811 opt=152311,152311,152311,152311,152311,152311,152311,152311,152311,152311
BENCH family=mp logn=7 pi=266 dir=0 calls=100 old=1124411,1124411,1124411,1124411,1124411,1124411,1124411,1124411,1124411,1124411 opt=348511,348511,348511,348511,348511,348511,348511,348511,348511,348511
BENCH family=mp logn=7 pi=266 dir=1 calls=100 old=1283811,1283811,1283811,1283811,1283811,1283811,1283811,1283811,1283811,1283811 opt=341811,341811,341811,341811,341811,341811,341811,341811,341811,341811
BENCH family=mp logn=8 pi=266 dir=0 calls=100 old=2503111,2503111,2503111,2503111,2503111,2503111,2503111,2503111,2503111,2503111 opt=759411,759411,759411,759411,759411,759411,759411,759411,759411,759411
BENCH family=mp logn=8 pi=266 dir=1 calls=100 old=2866611,2866612,2866611,2866611,2866611,2866611,2866611,2866611,2866611,2866611 opt=735211,735211,735211,735211,735211,735211,735211,735211,735211,735211
BENCH family=mp logn=9 pi=266 dir=0 calls=100 old=5655911,5655911,5655911,5655911,5655911,5655911,5655912,5655911,5655911,5655911 opt=1709911,1709911,1709911,1709911,1709911,1709911,1709911,1709911,1709911,1709911
BENCH family=mp logn=9 pi=266 dir=1 calls=100 old=6458611,6458611,6458611,6458611,6458611,6458612,6458611,6458611,6458611,6458611 opt=1646711,1646711,1646711,1646711,1646711,1646711,1646711,1646711,1646711,1646711
BENCH family=mp logn=10 pi=266 dir=0 calls=100 old=12349811,12349811,12349812,12349811,12349811,12349811,12349811,12349812,12349811,12349811 opt=3696011,3696011,3696011,3696011,3696011,3696011,3696011,3696011,3696011,3696011
BENCH family=mp logn=10 pi=266 dir=1 calls=100 old=14134211,14134211,14134212,14134211,14134211,14134211,14134212,14134211,14134211,14134211 opt=3544111,3544111,3544111,3544111,3544111,3544111,3544111,3544111,3544111,3544111
BENCH family=mp logn=4 pi=267 dir=0 calls=100 old=89711,89711,89711,89711,89711,89711,89711,89711,89711,89711 opt=32411,32411,32411,32411,32411,32411,32411,32411,32411,32411
BENCH family=mp logn=4 pi=267 dir=1 calls=100 old=102611,102611,102611,102611,102611,102611,102611,102611,102611,102611 opt=35011,35011,35011,35011,35011,35011,35011,35011,35011,35011
BENCH family=mp logn=5 pi=267 dir=0 calls=100 old=212111,212111,212111,212111,212111,212111,212111,212111,212111,212111 opt=72611,72611,72611,72611,72611,72611,72611,72611,72611,72611
BENCH family=mp logn=5 pi=267 dir=1 calls=100 old=241811,241812,241811,241811,241811,241811,241811,241811,241811,241811 opt=74311,74311,74311,74311,74311,74311,74311,74311,74311,74311
BENCH family=mp logn=6 pi=267 dir=0 calls=100 old=485211,485211,485211,485211,485211,485211,485211,485211,485211,485211 opt=150211,150211,150211,150211,150211,150211,150211,150211,150211,150211
BENCH family=mp logn=6 pi=267 dir=1 calls=100 old=555811,555811,555811,555811,555811,555811,555811,555811,555811,555811 opt=152311,152311,152311,152311,152311,152311,152311,152311,152311,152311
BENCH family=mp logn=7 pi=267 dir=0 calls=100 old=1124411,1124411,1124411,1124411,1124411,1124411,1124411,1124411,1124411,1124411 opt=348511,348511,348511,348511,348511,348511,348511,348511,348511,348511
BENCH family=mp logn=7 pi=267 dir=1 calls=100 old=1283811,1283811,1283811,1283811,1283811,1283811,1283811,1283811,1283811,1283811 opt=341811,341811,341811,341811,341811,341811,341811,341811,341811,341811
BENCH family=mp logn=8 pi=267 dir=0 calls=100 old=2503111,2503111,2503111,2503111,2503111,2503111,2503111,2503111,2503111,2503111 opt=759411,759411,759411,759411,759412,759411,759411,759411,759411,759411
BENCH family=mp logn=8 pi=267 dir=1 calls=100 old=2866611,2866611,2866611,2866611,2866611,2866611,2866611,2866611,2866611,2866611 opt=735211,735211,735211,735211,735211,735211,735211,735211,735211,735211
BENCH family=mp logn=9 pi=267 dir=0 calls=100 old=5655911,5655911,5655912,5655911,5655911,5655911,5655911,5655911,5655911,5655911 opt=1709911,1709911,1709911,1709911,1709911,1709911,1709911,1709911,1709911,1709911
BENCH family=mp logn=9 pi=267 dir=1 calls=100 old=6458611,6458611,6458612,6458611,6458611,6458611,6458611,6458611,6458611,6458611 opt=1646711,1646711,1646711,1646711,1646711,1646711,1646711,1646711,1646711,1646711
BENCH family=mp logn=10 pi=267 dir=0 calls=100 old=12349811,12349811,12349811,12349811,12349811,12349811,12349812,12349811,12349811,12349811 opt=3696011,3696012,3696011,3696011,3696011,3696011,3696011,3696011,3696011,3696011
BENCH family=mp logn=10 pi=267 dir=1 calls=100 old=14134212,14134211,14134211,14134211,14134211,14134211,14134211,14134211,14134211,14134212 opt=3544111,3544111,3544111,3544111,3544111,3544112,3544111,3544111,3544111,3544111
BENCH family=mp logn=4 pi=268 dir=0 calls=100 old=89711,89711,89711,89711,89711,89711,89711,89711,89711,89711 opt=32411,32411,32411,32411,32411,32411,32411,32411,32411,32411
BENCH family=mp logn=4 pi=268 dir=1 calls=100 old=102611,102611,102611,102611,102611,102611,102611,102611,102611,102611 opt=35011,35011,35011,35011,35011,35011,35011,35011,35011,35011
BENCH family=mp logn=5 pi=268 dir=0 calls=100 old=212111,212111,212111,212111,212111,212111,212111,212111,212111,212111 opt=72611,72611,72611,72611,72611,72611,72611,72611,72611,72611
BENCH family=mp logn=5 pi=268 dir=1 calls=100 old=241811,241811,241811,241811,241811,241811,241811,241811,241811,241811 opt=74311,74311,74311,74311,74311,74311,74311,74311,74311,74311
BENCH family=mp logn=6 pi=268 dir=0 calls=100 old=485211,485211,485211,485211,485211,485211,485211,485211,485211,485211 opt=150211,150211,150211,150211,150211,150211,150211,150211,150211,150211
BENCH family=mp logn=6 pi=268 dir=1 calls=100 old=555811,555811,555811,555811,555811,555811,555811,555811,555811,555811 opt=152311,152311,152311,152311,152311,152311,152311,152311,152311,152311
BENCH family=mp logn=7 pi=268 dir=0 calls=100 old=1124411,1124411,1124411,1124411,1124411,1124411,1124411,1124411,1124411,1124411 opt=348511,348511,348511,348511,348511,348511,348511,348511,348511,348511
BENCH family=mp logn=7 pi=268 dir=1 calls=100 old=1283811,1283811,1283811,1283811,1283811,1283811,1283812,1283811,1283811,1283811 opt=341811,341811,341811,341811,341811,341811,341811,341811,341811,341811
BENCH family=mp logn=8 pi=268 dir=0 calls=100 old=2503111,2503111,2503111,2503111,2503111,2503111,2503111,2503111,2503111,2503111 opt=759411,759411,759411,759411,759411,759411,759411,759411,759411,759411
BENCH family=mp logn=8 pi=268 dir=1 calls=100 old=2866611,2866611,2866611,2866611,2866611,2866611,2866611,2866611,2866611,2866612 opt=735211,735211,735211,735211,735211,735211,735211,735211,735211,735211
BENCH family=mp logn=9 pi=268 dir=0 calls=100 old=5655911,5655911,5655911,5655911,5655911,5655911,5655911,5655911,5655911,5655911 opt=1709911,1709911,1709911,1709911,1709911,1709911,1709911,1709911,1709911,1709911
BENCH family=mp logn=9 pi=268 dir=1 calls=100 old=6458611,6458611,6458611,6458611,6458611,6458611,6458611,6458611,6458611,6458612 opt=1646711,1646711,1646711,1646711,1646711,1646711,1646711,1646711,1646711,1646711
BENCH family=mp logn=10 pi=268 dir=0 calls=100 old=12349811,12349811,12349811,12349811,12349812,12349811,12349811,12349811,12349811,12349812 opt=3696011,3696011,3696011,3696011,3696011,3696011,3696011,3696011,3696011,3696011
BENCH family=mp logn=10 pi=268 dir=1 calls=100 old=14134211,14134211,14134211,14134212,14134211,14134211,14134211,14134211,14134212,14134211 opt=3544111,3544111,3544111,3544111,3544111,3544111,3544111,3544111,3544111,3544111
BENCH family=mp logn=4 pi=269 dir=0 calls=100 old=89711,89711,89711,89711,89711,89711,89711,89711,89711,89711 opt=32411,32411,32411,32411,32411,32411,32411,32411,32411,32411
BENCH family=mp logn=4 pi=269 dir=1 calls=100 old=102611,102611,102611,102611,102611,102611,102611,102611,102611,102611 opt=35011,35011,35011,35011,35011,35011,35011,35011,35011,35011
BENCH family=mp logn=5 pi=269 dir=0 calls=100 old=212111,212111,212111,212111,212111,212111,212111,212111,212111,212111 opt=72611,72611,72611,72611,72611,72611,72611,72611,72611,72611
BENCH family=mp logn=5 pi=269 dir=1 calls=100 old=241811,241811,241811,241811,241811,241811,241811,241811,241811,241811 opt=74311,74311,74311,74311,74311,74311,74311,74311,74311,74311
BENCH family=mp logn=6 pi=269 dir=0 calls=100 old=485211,485211,485211,485211,485211,485211,485211,485211,485211,485211 opt=150211,150211,150211,150211,150211,150211,150211,150211,150211,150211
BENCH family=mp logn=6 pi=269 dir=1 calls=100 old=555811,555811,555811,555811,555811,555811,555811,555811,555811,555811 opt=152311,152311,152311,152311,152311,152311,152311,152311,152311,152311
BENCH family=mp logn=7 pi=269 dir=0 calls=100 old=1124411,1124412,1124411,1124411,1124411,1124411,1124411,1124411,1124411,1124411 opt=348511,348511,348511,348511,348511,348511,348511,348511,348511,348511
BENCH family=mp logn=7 pi=269 dir=1 calls=100 old=1283811,1283811,1283811,1283811,1283811,1283811,1283811,1283811,1283811,1283811 opt=341811,341811,341811,341811,341811,341811,341811,341811,341811,341811
BENCH family=mp logn=8 pi=269 dir=0 calls=100 old=2503111,2503111,2503111,2503111,2503111,2503111,2503111,2503111,2503111,2503111 opt=759411,759411,759411,759411,759411,759411,759411,759411,759411,759411
BENCH family=mp logn=8 pi=269 dir=1 calls=100 old=2866611,2866612,2866611,2866611,2866611,2866611,2866611,2866611,2866611,2866611 opt=735211,735211,735211,735211,735211,735211,735211,735211,735211,735211
BENCH family=mp logn=9 pi=269 dir=0 calls=100 old=5655911,5655911,5655911,5655911,5655911,5655911,5655912,5655911,5655911,5655911 opt=1709911,1709911,1709911,1709911,1709911,1709911,1709911,1709911,1709911,1709911
BENCH family=mp logn=9 pi=269 dir=1 calls=100 old=6458611,6458611,6458611,6458611,6458611,6458611,6458612,6458611,6458611,6458611 opt=1646711,1646711,1646711,1646711,1646711,1646711,1646711,1646711,1646711,1646711
BENCH family=mp logn=10 pi=269 dir=0 calls=100 old=12349811,12349811,12349812,12349811,12349811,12349811,12349811,12349812,12349811,12349811 opt=3696011,3696011,3696011,3696011,3696011,3696011,3696011,3696011,3696011,3696011
BENCH family=mp logn=10 pi=269 dir=1 calls=100 old=14134211,14134211,14134212,14134211,14134211,14134211,14134212,14134211,14134211,14134211 opt=3544111,3544111,3544111,3544111,3544111,3544111,3544111,3544111,3544111,3544111
BENCH family=mp logn=4 pi=270 dir=0 calls=100 old=89711,89711,89711,89711,89711,89711,89711,89711,89711,89711 opt=32411,32411,32411,32411,32411,32411,32411,32411,32411,32411
BENCH family=mp logn=4 pi=270 dir=1 calls=100 old=102611,102611,102611,102611,102611,102611,102611,102611,102611,102611 opt=35011,35011,35011,35011,35011,35011,35011,35011,35011,35011
BENCH family=mp logn=5 pi=270 dir=0 calls=100 old=212111,212111,212111,212111,212111,212111,212111,212111,212111,212111 opt=72611,72611,72611,72611,72611,72611,72611,72611,72611,72611
BENCH family=mp logn=5 pi=270 dir=1 calls=100 old=241811,241811,241811,241811,241811,241811,241811,241811,241811,241811 opt=74311,74311,74311,74311,74311,74311,74311,74311,74311,74311
BENCH family=mp logn=6 pi=270 dir=0 calls=100 old=485211,485211,485211,485211,485211,485211,485211,485211,485211,485211 opt=150211,150211,150211,150211,150211,150211,150211,150211,150211,150211
BENCH family=mp logn=6 pi=270 dir=1 calls=100 old=555811,555811,555811,555811,555811,555811,555811,555811,555811,555811 opt=152311,152311,152311,152311,152311,152311,152311,152311,152311,152311
BENCH family=mp logn=7 pi=270 dir=0 calls=100 old=1124411,1124411,1124411,1124411,1124411,1124411,1124411,1124411,1124411,1124411 opt=348511,348511,348511,348511,348511,348511,348511,348511,348511,348511
BENCH family=mp logn=7 pi=270 dir=1 calls=100 old=1283811,1283811,1283811,1283811,1283811,1283811,1283811,1283811,1283811,1283811 opt=341811,341811,341811,341811,341811,341811,341811,341811,341811,341811
BENCH family=mp logn=8 pi=270 dir=0 calls=100 old=2503111,2503111,2503111,2503111,2503111,2503112,2503111,2503111,2503111,2503111 opt=759411,759411,759411,759411,759411,759411,759411,759411,759411,759411
BENCH family=mp logn=8 pi=270 dir=1 calls=100 old=2866611,2866611,2866611,2866611,2866611,2866611,2866611,2866611,2866611,2866611 opt=735211,735211,735211,735211,735211,735211,735211,735211,735211,735211
BENCH family=mp logn=9 pi=270 dir=0 calls=100 old=5655911,5655911,5655911,5655911,5655911,5655911,5655911,5655911,5655911,5655911 opt=1709911,1709911,1709911,1709912,1709911,1709911,1709911,1709911,1709911,1709911
BENCH family=mp logn=9 pi=270 dir=1 calls=100 old=6458611,6458611,6458611,6458611,6458611,6458611,6458611,6458611,6458611,6458611 opt=1646711,1646711,1646712,1646711,1646711,1646711,1646711,1646711,1646711,1646711
BENCH family=mp logn=10 pi=270 dir=0 calls=100 old=12349811,12349811,12349811,12349811,12349811,12349811,12349812,12349811,12349811,12349811 opt=3696011,3696012,3696011,3696011,3696011,3696011,3696011,3696011,3696011,3696011
BENCH family=mp logn=10 pi=270 dir=1 calls=100 old=14134212,14134211,14134211,14134211,14134211,14134212,14134211,14134211,14134211,14134212 opt=3544111,3544111,3544111,3544111,3544111,3544111,3544111,3544111,3544111,3544111
BENCH family=mp logn=4 pi=271 dir=0 calls=100 old=89711,89711,89711,89711,89711,89711,89711,89711,89711,89711 opt=32411,32411,32411,32411,32411,32411,32411,32411,32411,32411
BENCH family=mp logn=4 pi=271 dir=1 calls=100 old=102611,102611,102611,102611,102611,102611,102611,102611,102611,102611 opt=35011,35011,35011,35011,35011,35011,35011,35011,35011,35011
BENCH family=mp logn=5 pi=271 dir=0 calls=100 old=212111,212111,212111,212111,212111,212111,212111,212111,212111,212111 opt=72611,72611,72611,72611,72611,72611,72611,72611,72611,72611
BENCH family=mp logn=5 pi=271 dir=1 calls=100 old=241811,241811,241811,241811,241811,241811,241811,241811,241811,241811 opt=74311,74311,74311,74311,74311,74311,74311,74311,74311,74311
BENCH family=mp logn=6 pi=271 dir=0 calls=100 old=485211,485211,485211,485211,485211,485211,485211,485211,485211,485211 opt=150211,150211,150211,150211,150211,150211,150211,150211,150211,150211
BENCH family=mp logn=6 pi=271 dir=1 calls=100 old=555811,555811,555811,555811,555811,555811,555811,555811,555811,555811 opt=152311,152311,152311,152311,152311,152311,152311,152311,152311,152311
BENCH family=mp logn=7 pi=271 dir=0 calls=100 old=1124411,1124411,1124411,1124411,1124411,1124411,1124411,1124411,1124411,1124411 opt=348511,348511,348511,348511,348511,348511,348511,348511,348511,348511
BENCH family=mp logn=7 pi=271 dir=1 calls=100 old=1283811,1283811,1283811,1283811,1283811,1283811,1283811,1283811,1283812,1283811 opt=341811,341811,341811,341811,341811,341811,341811,341811,341811,341811
BENCH family=mp logn=8 pi=271 dir=0 calls=100 old=2503111,2503111,2503111,2503111,2503111,2503111,2503111,2503111,2503111,2503111 opt=759411,759411,759411,759411,759411,759411,759411,759411,759411,759411
BENCH family=mp logn=8 pi=271 dir=1 calls=100 old=2866611,2866611,2866611,2866611,2866611,2866611,2866611,2866611,2866611,2866611 opt=735211,735211,735211,735211,735211,735211,735211,735211,735211,735211
BENCH family=mp logn=9 pi=271 dir=0 calls=100 old=5655911,5655911,5655911,5655911,5655911,5655911,5655911,5655911,5655911,5655911 opt=1709911,1709911,1709911,1709911,1709911,1709911,1709911,1709911,1709911,1709911
BENCH family=mp logn=9 pi=271 dir=1 calls=100 old=6458611,6458611,6458611,6458611,6458611,6458611,6458611,6458611,6458611,6458612 opt=1646711,1646711,1646711,1646711,1646711,1646711,1646711,1646711,1646711,1646711
BENCH family=mp logn=10 pi=271 dir=0 calls=100 old=12349811,12349811,12349811,12349811,12349812,12349811,12349811,12349811,12349811,12349812 opt=3696011,3696011,3696011,3696011,3696011,3696011,3696011,3696011,3696011,3696011
BENCH family=mp logn=10 pi=271 dir=1 calls=100 old=14134211,14134211,14134211,14134212,14134211,14134211,14134211,14134211,14134212,14134211 opt=3544111,3544111,3544111,3544111,3544111,3544111,3544111,3544111,3544111,3544111
BENCH family=mp logn=4 pi=272 dir=0 calls=100 old=89711,89711,89711,89711,89711,89711,89711,89711,89711,89711 opt=32411,32411,32411,32411,32411,32411,32411,32411,32411,32411
BENCH family=mp logn=4 pi=272 dir=1 calls=100 old=102611,102611,102611,102611,102611,102611,102611,102611,102611,102611 opt=35011,35011,35011,35011,35011,35011,35011,35011,35011,35011
BENCH family=mp logn=5 pi=272 dir=0 calls=100 old=212111,212111,212111,212111,212111,212111,212111,212111,212111,212111 opt=72611,72611,72611,72611,72611,72611,72611,72611,72611,72611
BENCH family=mp logn=5 pi=272 dir=1 calls=100 old=241811,241811,241811,241811,241811,241811,241811,241811,241811,241811 opt=74311,74311,74311,74311,74311,74311,74311,74311,74311,74311
BENCH family=mp logn=6 pi=272 dir=0 calls=100 old=485211,485211,485211,485211,485211,485211,485211,485211,485211,485211 opt=150211,150211,150211,150211,150211,150211,150211,150211,150211,150211
BENCH family=mp logn=6 pi=272 dir=1 calls=100 old=555811,555811,555811,555811,555811,555811,555811,555811,555811,555811 opt=152311,152311,152311,152311,152311,152311,152311,152311,152311,152311
BENCH family=mp logn=7 pi=272 dir=0 calls=100 old=1124411,1124411,1124411,1124412,1124411,1124411,1124411,1124411,1124411,1124411 opt=348511,348511,348511,348511,348511,348511,348511,348511,348511,348511
BENCH family=mp logn=7 pi=272 dir=1 calls=100 old=1283811,1283811,1283811,1283811,1283811,1283811,1283811,1283811,1283811,1283811 opt=341811,341811,341811,341811,341811,341811,341811,341811,341811,341811
BENCH family=mp logn=8 pi=272 dir=0 calls=100 old=2503111,2503111,2503111,2503111,2503111,2503111,2503111,2503111,2503111,2503111 opt=759411,759411,759411,759411,759411,759411,759411,759411,759411,759411
BENCH family=mp logn=8 pi=272 dir=1 calls=100 old=2866611,2866611,2866611,2866611,2866611,2866611,2866611,2866611,2866611,2866611 opt=735211,735211,735211,735212,735211,735211,735211,735211,735211,735211
BENCH family=mp logn=9 pi=272 dir=0 calls=100 old=5655911,5655911,5655911,5655911,5655911,5655911,5655911,5655911,5655911,5655911 opt=1709911,1709911,1709911,1709911,1709911,1709911,1709912,1709911,1709911,1709911
BENCH family=mp logn=9 pi=272 dir=1 calls=100 old=6458611,6458611,6458611,6458611,6458611,6458611,6458612,6458611,6458611,6458611 opt=1646711,1646711,1646711,1646711,1646711,1646711,1646711,1646711,1646711,1646711
BENCH family=mp logn=10 pi=272 dir=0 calls=100 old=12349811,12349811,12349811,12349811,12349811,12349811,12349811,12349812,12349811,12349811 opt=3696011,3696011,3696012,3696011,3696011,3696011,3696011,3696011,3696011,3696011
BENCH family=mp logn=10 pi=272 dir=1 calls=100 old=14134211,14134211,14134212,14134211,14134211,14134211,14134211,14134211,14134211,14134211 opt=3544111,3544111,3544111,3544111,3544111,3544111,3544112,3544111,3544111,3544111
BENCH family=mp logn=4 pi=273 dir=0 calls=100 old=89711,89711,89711,89711,89711,89711,89711,89711,89711,89711 opt=32411,32411,32411,32411,32411,32411,32411,32411,32411,32411
BENCH family=mp logn=4 pi=273 dir=1 calls=100 old=102611,102611,102611,102611,102611,102611,102611,102611,102611,102611 opt=35011,35011,35011,35011,35011,35011,35011,35011,35011,35011
BENCH family=mp logn=5 pi=273 dir=0 calls=100 old=212111,212111,212111,212111,212111,212111,212111,212111,212111,212111 opt=72611,72611,72611,72611,72611,72611,72611,72611,72611,72611
BENCH family=mp logn=5 pi=273 dir=1 calls=100 old=241811,241811,241811,241811,241811,241811,241811,241811,241811,241811 opt=74311,74311,74311,74311,74311,74311,74311,74311,74311,74311
BENCH family=mp logn=6 pi=273 dir=0 calls=100 old=485211,485212,485211,485211,485211,485211,485211,485211,485211,485211 opt=150211,150211,150211,150211,150211,150211,150211,150211,150211,150211
BENCH family=mp logn=6 pi=273 dir=1 calls=100 old=555811,555811,555811,555811,555811,555811,555811,555811,555811,555811 opt=152311,152311,152311,152311,152311,152311,152311,152311,152311,152311
BENCH family=mp logn=7 pi=273 dir=0 calls=100 old=1124411,1124411,1124411,1124411,1124411,1124411,1124411,1124411,1124411,1124411 opt=348511,348511,348511,348511,348511,348511,348511,348511,348511,348511
BENCH family=mp logn=7 pi=273 dir=1 calls=100 old=1283811,1283811,1283811,1283811,1283811,1283811,1283811,1283811,1283811,1283811 opt=341811,341811,341811,341811,341811,341811,341811,341811,341811,341811
BENCH family=mp logn=8 pi=273 dir=0 calls=100 old=2503111,2503111,2503111,2503111,2503111,2503111,2503112,2503111,2503111,2503111 opt=759411,759411,759411,759411,759411,759411,759411,759411,759411,759411
BENCH family=mp logn=8 pi=273 dir=1 calls=100 old=2866611,2866611,2866611,2866611,2866611,2866611,2866611,2866611,2866611,2866611 opt=735211,735211,735211,735211,735211,735211,735211,735211,735211,735211
BENCH family=mp logn=9 pi=273 dir=0 calls=100 old=5655911,5655911,5655911,5655912,5655911,5655911,5655911,5655911,5655911,5655911 opt=1709911,1709911,1709911,1709911,1709911,1709911,1709911,1709911,1709911,1709911
BENCH family=mp logn=9 pi=273 dir=1 calls=100 old=6458611,6458611,6458611,6458612,6458611,6458611,6458611,6458611,6458611,6458611 opt=1646711,1646711,1646711,1646711,1646711,1646711,1646711,1646711,1646711,1646711
BENCH family=mp logn=10 pi=273 dir=0 calls=100 old=12349811,12349812,12349811,12349811,12349811,12349811,12349812,12349811,12349811,12349811 opt=3696011,3696011,3696011,3696011,3696011,3696011,3696011,3696011,3696011,3696011
BENCH family=mp logn=10 pi=273 dir=1 calls=100 old=14134211,14134211,14134211,14134211,14134211,14134212,14134211,14134211,14134211,14134211 opt=3544112,3544111,3544111,3544111,3544111,3544111,3544111,3544111,3544111,3544111
BENCH family=mp logn=4 pi=274 dir=0 calls=100 old=89711,89711,89711,89711,89711,89711,89711,89711,89711,89711 opt=32411,32411,32411,32411,32411,32411,32411,32411,32411,32411
BENCH family=mp logn=4 pi=274 dir=1 calls=100 old=102611,102611,102611,102611,102611,102611,102611,102611,102611,102611 opt=35011,35011,35011,35011,35011,35011,35011,35011,35011,35011
BENCH family=mp logn=5 pi=274 dir=0 calls=100 old=212111,212111,212111,212111,212111,212111,212111,212111,212111,212111 opt=72611,72611,72611,72611,72611,72611,72611,72611,72611,72611
BENCH family=mp logn=5 pi=274 dir=1 calls=100 old=241811,241811,241811,241811,241811,241811,241811,241811,241811,241811 opt=74311,74311,74311,74311,74311,74311,74311,74311,74311,74311
BENCH family=mp logn=6 pi=274 dir=0 calls=100 old=485211,485211,485211,485211,485211,485211,485211,485211,485211,485211 opt=150211,150211,150211,150211,150211,150211,150211,150211,150211,150211
BENCH family=mp logn=6 pi=274 dir=1 calls=100 old=555811,555811,555811,555811,555811,555811,555811,555811,555811,555811 opt=152311,152311,152311,152311,152311,152311,152311,152311,152311,152311
BENCH family=mp logn=7 pi=274 dir=0 calls=100 old=1124411,1124411,1124411,1124411,1124411,1124411,1124411,1124411,1124411,1124411 opt=348511,348511,348511,348511,348511,348511,348511,348511,348511,348511
BENCH family=mp logn=7 pi=274 dir=1 calls=100 old=1283811,1283811,1283811,1283811,1283811,1283811,1283811,1283811,1283811,1283811 opt=341811,341811,341811,341811,341811,341811,341811,341811,341811,341811
BENCH family=mp logn=8 pi=274 dir=0 calls=100 old=2503111,2503111,2503111,2503111,2503111,2503111,2503111,2503111,2503111,2503111 opt=759411,759411,759411,759411,759411,759411,759411,759411,759411,759411
BENCH family=mp logn=8 pi=274 dir=1 calls=100 old=2866611,2866611,2866611,2866611,2866611,2866611,2866611,2866611,2866611,2866611 opt=735211,735211,735211,735211,735211,735211,735211,735211,735211,735211
BENCH family=mp logn=9 pi=274 dir=0 calls=100 old=5655912,5655911,5655911,5655911,5655911,5655911,5655911,5655911,5655911,5655911 opt=1709911,1709911,1709911,1709911,1709911,1709911,1709911,1709911,1709911,1709911
BENCH family=mp logn=9 pi=274 dir=1 calls=100 old=6458612,6458611,6458611,6458611,6458611,6458611,6458611,6458611,6458611,6458611 opt=1646711,1646711,1646711,1646711,1646711,1646711,1646711,1646711,1646711,1646711
BENCH family=mp logn=10 pi=274 dir=0 calls=100 old=12349811,12349811,12349811,12349811,12349811,12349811,12349811,12349811,12349811,12349812 opt=3696011,3696011,3696011,3696011,3696012,3696011,3696011,3696011,3696011,3696011
BENCH family=mp logn=10 pi=274 dir=1 calls=100 old=14134211,14134211,14134211,14134211,14134212,14134211,14134211,14134211,14134212,14134211 opt=3544111,3544111,3544111,3544111,3544111,3544111,3544111,3544111,3544111,3544111
BENCH family=mp logn=4 pi=275 dir=0 calls=100 old=89711,89711,89711,89711,89711,89711,89711,89711,89711,89711 opt=32411,32411,32411,32411,32411,32411,32411,32411,32411,32411
BENCH family=mp logn=4 pi=275 dir=1 calls=100 old=102611,102611,102611,102611,102611,102611,102611,102611,102611,102611 opt=35011,35011,35011,35011,35011,35011,35011,35011,35011,35011
BENCH family=mp logn=5 pi=275 dir=0 calls=100 old=212111,212111,212111,212111,212111,212111,212111,212111,212111,212111 opt=72611,72611,72611,72611,72611,72611,72611,72611,72611,72611
BENCH family=mp logn=5 pi=275 dir=1 calls=100 old=241811,241811,241811,241811,241811,241811,241811,241811,241811,241811 opt=74311,74311,74311,74311,74311,74311,74311,74311,74311,74311
BENCH family=mp logn=6 pi=275 dir=0 calls=100 old=485211,485211,485211,485211,485211,485211,485211,485211,485211,485211 opt=150211,150211,150211,150211,150211,150211,150211,150211,150211,150211
BENCH family=mp logn=6 pi=275 dir=1 calls=100 old=555811,555811,555811,555811,555811,555811,555811,555811,555811,555811 opt=152311,152311,152311,152311,152311,152311,152311,152311,152311,152311
BENCH family=mp logn=7 pi=275 dir=0 calls=100 old=1124411,1124411,1124411,1124411,1124411,1124411,1124411,1124412,1124411,1124411 opt=348511,348511,348511,348511,348511,348511,348511,348511,348511,348511
BENCH family=mp logn=7 pi=275 dir=1 calls=100 old=1283811,1283811,1283811,1283811,1283811,1283811,1283811,1283811,1283811,1283811 opt=341811,341811,341811,341811,341811,341811,341811,341811,341811,341811
BENCH family=mp logn=8 pi=275 dir=0 calls=100 old=2503111,2503111,2503111,2503111,2503111,2503111,2503111,2503111,2503111,2503111 opt=759411,759411,759411,759411,759411,759411,759411,759411,759411,759411
BENCH family=mp logn=8 pi=275 dir=1 calls=100 old=2866611,2866611,2866611,2866611,2866612,2866611,2866611,2866611,2866611,2866611 opt=735211,735211,735211,735211,735211,735211,735211,735211,735211,735211
BENCH family=mp logn=9 pi=275 dir=0 calls=100 old=5655911,5655911,5655911,5655911,5655911,5655911,5655911,5655912,5655911,5655911 opt=1709911,1709911,1709911,1709911,1709911,1709911,1709911,1709911,1709911,1709911
BENCH family=mp logn=9 pi=275 dir=1 calls=100 old=6458611,6458611,6458611,6458611,6458611,6458611,6458611,6458612,6458611,6458611 opt=1646711,1646711,1646711,1646711,1646711,1646711,1646711,1646711,1646711,1646711
BENCH family=mp logn=10 pi=275 dir=0 calls=100 old=12349811,12349811,12349811,12349812,12349811,12349811,12349811,12349811,12349812,12349811 opt=3696011,3696011,3696011,3696011,3696011,3696011,3696011,3696011,3696011,3696011
BENCH family=mp logn=10 pi=275 dir=1 calls=100 old=14134211,14134211,14134212,14134211,14134211,14134211,14134211,14134211,14134211,14134211 opt=3544111,3544111,3544111,3544111,3544111,3544111,3544111,3544112,3544111,3544111
BENCH family=mp logn=4 pi=276 dir=0 calls=100 old=89711,89711,89711,89711,89711,89711,89711,89711,89711,89711 opt=32411,32411,32411,32411,32411,32411,32411,32411,32411,32411
BENCH family=mp logn=4 pi=276 dir=1 calls=100 old=102611,102611,102611,102611,102611,102611,102611,102611,102611,102611 opt=35011,35011,35011,35011,35011,35011,35011,35011,35011,35011
BENCH family=mp logn=5 pi=276 dir=0 calls=100 old=212111,212111,212111,212111,212111,212111,212111,212111,212111,212111 opt=72611,72611,72611,72611,72611,72611,72611,72611,72611,72611
BENCH family=mp logn=5 pi=276 dir=1 calls=100 old=241811,241811,241811,241811,241811,241811,241811,241811,241811,241811 opt=74311,74311,74311,74311,74311,74311,74311,74311,74311,74311
BENCH family=mp logn=6 pi=276 dir=0 calls=100 old=485211,485211,485211,485211,485211,485211,485211,485212,485211,485211 opt=150211,150211,150211,150211,150211,150211,150211,150211,150211,150211
BENCH family=mp logn=6 pi=276 dir=1 calls=100 old=555811,555811,555811,555811,555811,555811,555811,555811,555811,555811 opt=152311,152311,152311,152311,152311,152311,152311,152311,152311,152311
BENCH family=mp logn=7 pi=276 dir=0 calls=100 old=1124411,1124411,1124411,1124411,1124411,1124411,1124411,1124411,1124411,1124411 opt=348511,348511,348511,348511,348511,348511,348511,348511,348511,348511
BENCH family=mp logn=7 pi=276 dir=1 calls=100 old=1283811,1283811,1283811,1283811,1283811,1283811,1283811,1283811,1283811,1283811 opt=341811,341811,341811,341811,341811,341811,341811,341811,341811,341811
BENCH family=mp logn=8 pi=276 dir=0 calls=100 old=2503111,2503111,2503111,2503111,2503111,2503111,2503111,2503111,2503112,2503111 opt=759411,759411,759411,759411,759411,759411,759411,759411,759411,759411
BENCH family=mp logn=8 pi=276 dir=1 calls=100 old=2866611,2866611,2866611,2866611,2866611,2866611,2866611,2866611,2866611,2866611 opt=735211,735211,735211,735211,735211,735211,735211,735211,735211,735211
BENCH family=mp logn=9 pi=276 dir=0 calls=100 old=5655911,5655911,5655911,5655911,5655912,5655911,5655911,5655911,5655911,5655911 opt=1709911,1709911,1709911,1709911,1709911,1709911,1709911,1709911,1709911,1709911
BENCH family=mp logn=9 pi=276 dir=1 calls=100 old=6458611,6458611,6458611,6458612,6458611,6458611,6458611,6458611,6458611,6458611 opt=1646711,1646711,1646711,1646711,1646711,1646711,1646711,1646711,1646711,1646711
BENCH family=mp logn=10 pi=276 dir=0 calls=100 old=12349811,12349812,12349811,12349811,12349811,12349811,12349812,12349811,12349811,12349811 opt=3696011,3696011,3696011,3696011,3696011,3696011,3696011,3696011,3696011,3696011
BENCH family=mp logn=10 pi=276 dir=1 calls=100 old=14134211,14134211,14134211,14134211,14134211,14134212,14134211,14134211,14134211,14134211 opt=3544111,3544112,3544111,3544111,3544111,3544111,3544111,3544111,3544111,3544111
BENCH family=mp logn=4 pi=277 dir=0 calls=100 old=89711,89711,89711,89711,89711,89711,89711,89711,89711,89711 opt=32411,32411,32411,32411,32411,32411,32411,32411,32411,32411
BENCH family=mp logn=4 pi=277 dir=1 calls=100 old=102611,102611,102611,102611,102611,102611,102611,102611,102611,102611 opt=35011,35011,35011,35011,35011,35011,35011,35011,35011,35011
BENCH family=mp logn=5 pi=277 dir=0 calls=100 old=212111,212111,212111,212111,212111,212111,212111,212111,212111,212111 opt=72611,72611,72611,72611,72611,72611,72611,72611,72611,72611
BENCH family=mp logn=5 pi=277 dir=1 calls=100 old=241811,241811,241811,241811,241811,241811,241811,241811,241811,241811 opt=74311,74311,74311,74311,74311,74311,74311,74311,74311,74311
BENCH family=mp logn=6 pi=277 dir=0 calls=100 old=485211,485211,485211,485211,485211,485211,485211,485211,485211,485211 opt=150211,150211,150211,150211,150211,150211,150211,150211,150211,150211
BENCH family=mp logn=6 pi=277 dir=1 calls=100 old=555811,555811,555811,555811,555811,555811,555811,555811,555811,555811 opt=152311,152311,152311,152311,152311,152311,152311,152311,152311,152311
BENCH family=mp logn=7 pi=277 dir=0 calls=100 old=1124411,1124411,1124411,1124411,1124411,1124411,1124411,1124411,1124411,1124411 opt=348511,348511,348511,348511,348511,348511,348511,348511,348511,348511
BENCH family=mp logn=7 pi=277 dir=1 calls=100 old=1283811,1283811,1283811,1283811,1283811,1283811,1283811,1283811,1283811,1283811 opt=341811,341811,341811,341811,341811,341811,341811,341811,341811,341811
BENCH family=mp logn=8 pi=277 dir=0 calls=100 old=2503112,2503111,2503111,2503111,2503111,2503111,2503111,2503111,2503111,2503111 opt=759411,759411,759411,759411,759411,759411,759411,759411,759411,759411
BENCH family=mp logn=8 pi=277 dir=1 calls=100 old=2866611,2866611,2866611,2866611,2866611,2866611,2866611,2866611,2866611,2866611 opt=735211,735211,735211,735211,735211,735211,735211,735211,735211,735211
BENCH family=mp logn=9 pi=277 dir=0 calls=100 old=5655912,5655911,5655911,5655911,5655911,5655911,5655911,5655911,5655911,5655911 opt=1709911,1709911,1709911,1709911,1709911,1709911,1709911,1709911,1709911,1709911
BENCH family=mp logn=9 pi=277 dir=1 calls=100 old=6458612,6458611,6458611,6458611,6458611,6458611,6458611,6458611,6458611,6458611 opt=1646711,1646711,1646711,1646711,1646711,1646711,1646711,1646711,1646711,1646711
BENCH family=mp logn=10 pi=277 dir=0 calls=100 old=12349812,12349811,12349811,12349811,12349811,12349811,12349811,12349811,12349811,12349812 opt=3696011,3696011,3696011,3696011,3696011,3696012,3696011,3696011,3696011,3696011
BENCH family=mp logn=10 pi=277 dir=1 calls=100 old=14134211,14134211,14134211,14134211,14134212,14134211,14134211,14134211,14134212,14134211 opt=3544111,3544111,3544111,3544111,3544111,3544111,3544111,3544111,3544111,3544111
BENCH family=mp logn=4 pi=278 dir=0 calls=100 old=89711,89711,89711,89711,89711,89711,89711,89711,89711,89711 opt=32411,32411,32411,32411,32411,32411,32411,32411,32411,32411
BENCH family=mp logn=4 pi=278 dir=1 calls=100 old=102611,102611,102611,102611,102611,102611,102611,102611,102611,102611 opt=35011,35011,35011,35011,35011,35011,35011,35011,35011,35011
BENCH family=mp logn=5 pi=278 dir=0 calls=100 old=212111,212111,212111,212111,212111,212111,212111,212111,212111,212111 opt=72611,72611,72611,72611,72611,72611,72611,72611,72611,72611
BENCH family=mp logn=5 pi=278 dir=1 calls=100 old=241811,241811,241811,241811,241811,241811,241811,241811,241811,241811 opt=74311,74311,74311,74311,74311,74311,74311,74311,74311,74311
BENCH family=mp logn=6 pi=278 dir=0 calls=100 old=485211,485211,485211,485211,485211,485211,485211,485211,485211,485211 opt=150211,150211,150211,150211,150211,150211,150211,150211,150211,150211
BENCH family=mp logn=6 pi=278 dir=1 calls=100 old=555811,555811,555811,555811,555811,555811,555811,555811,555811,555811 opt=152311,152311,152311,152311,152311,152311,152311,152311,152311,152311
BENCH family=mp logn=7 pi=278 dir=0 calls=100 old=1124411,1124411,1124411,1124411,1124411,1124411,1124411,1124411,1124411,1124412 opt=348511,348511,348511,348511,348511,348511,348511,348511,348511,348511
BENCH family=mp logn=7 pi=278 dir=1 calls=100 old=1283811,1283811,1283811,1283811,1283811,1283811,1283811,1283811,1283811,1283811 opt=341811,341811,341811,341811,341811,341811,341811,341811,341811,341811
BENCH family=mp logn=8 pi=278 dir=0 calls=100 old=2503111,2503111,2503111,2503111,2503111,2503111,2503111,2503111,2503111,2503111 opt=759411,759411,759411,759411,759411,759411,759411,759411,759411,759411
BENCH family=mp logn=8 pi=278 dir=1 calls=100 old=2866611,2866611,2866611,2866611,2866611,2866612,2866611,2866611,2866611,2866611 opt=735211,735211,735211,735211,735211,735211,735211,735211,735211,735211
BENCH family=mp logn=9 pi=278 dir=0 calls=100 old=5655911,5655911,5655911,5655911,5655911,5655911,5655911,5655912,5655911,5655911 opt=1709911,1709911,1709911,1709911,1709911,1709911,1709911,1709911,1709911,1709911
BENCH family=mp logn=9 pi=278 dir=1 calls=100 old=6458611,6458611,6458611,6458611,6458611,6458611,6458611,6458612,6458611,6458611 opt=1646711,1646711,1646711,1646711,1646711,1646711,1646711,1646711,1646711,1646711
BENCH family=mp logn=10 pi=278 dir=0 calls=100 old=12349811,12349811,12349811,12349812,12349811,12349811,12349811,12349811,12349812,12349811 opt=3696011,3696011,3696011,3696011,3696011,3696011,3696011,3696011,3696011,3696011
BENCH family=mp logn=10 pi=278 dir=1 calls=100 old=14134211,14134211,14134212,14134211,14134211,14134211,14134211,14134212,14134211,14134211 opt=3544111,3544111,3544111,3544111,3544111,3544111,3544111,3544111,3544111,3544111
BENCH family=mp logn=4 pi=279 dir=0 calls=100 old=89711,89711,89711,89711,89711,89711,89711,89711,89711,89711 opt=32411,32411,32411,32411,32411,32411,32411,32411,32411,32411
BENCH family=mp logn=4 pi=279 dir=1 calls=100 old=102611,102611,102611,102611,102611,102611,102611,102611,102611,102611 opt=35011,35011,35011,35011,35011,35011,35011,35011,35011,35011
BENCH family=mp logn=5 pi=279 dir=0 calls=100 old=212111,212111,212111,212111,212111,212111,212111,212111,212111,212111 opt=72611,72611,72611,72611,72611,72611,72611,72611,72611,72611
BENCH family=mp logn=5 pi=279 dir=1 calls=100 old=241811,241811,241811,241811,241811,241811,241811,241811,241811,241811 opt=74311,74311,74311,74311,74311,74311,74311,74311,74311,74311
BENCH family=mp logn=6 pi=279 dir=0 calls=100 old=485211,485211,485211,485211,485211,485211,485211,485211,485211,485212 opt=150211,150211,150211,150211,150211,150211,150211,150211,150211,150211
BENCH family=mp logn=6 pi=279 dir=1 calls=100 old=555811,555811,555811,555811,555811,555811,555811,555811,555811,555811 opt=152311,152311,152311,152311,152311,152311,152311,152311,152311,152311
BENCH family=mp logn=7 pi=279 dir=0 calls=100 old=1124411,1124411,1124411,1124411,1124411,1124411,1124411,1124411,1124411,1124411 opt=348511,348511,348511,348511,348511,348511,348511,348511,348511,348511
BENCH family=mp logn=7 pi=279 dir=1 calls=100 old=1283811,1283811,1283811,1283811,1283811,1283811,1283811,1283811,1283811,1283811 opt=341811,341811,341811,341811,341811,341811,341811,341811,341811,341811
BENCH family=mp logn=8 pi=279 dir=0 calls=100 old=2503111,2503111,2503111,2503111,2503111,2503111,2503111,2503111,2503112,2503111 opt=759411,759411,759411,759411,759411,759411,759411,759411,759411,759411
BENCH family=mp logn=8 pi=279 dir=1 calls=100 old=2866611,2866611,2866611,2866611,2866611,2866611,2866611,2866611,2866611,2866611 opt=735211,735211,735211,735211,735211,735211,735211,735211,735211,735211
BENCH family=mp logn=9 pi=279 dir=0 calls=100 old=5655911,5655911,5655911,5655911,5655912,5655911,5655911,5655911,5655911,5655911 opt=1709911,1709911,1709911,1709911,1709911,1709911,1709911,1709911,1709911,1709911
BENCH family=mp logn=9 pi=279 dir=1 calls=100 old=6458611,6458611,6458611,6458611,6458612,6458611,6458611,6458611,6458611,6458611 opt=1646711,1646711,1646711,1646711,1646711,1646711,1646711,1646711,1646711,1646711
BENCH family=mp logn=10 pi=279 dir=0 calls=100 old=12349811,12349812,12349811,12349811,12349811,12349811,12349812,12349811,12349811,12349811 opt=3696011,3696011,3696011,3696011,3696011,3696011,3696011,3696011,3696011,3696011
BENCH family=mp logn=10 pi=279 dir=1 calls=100 old=14134211,14134212,14134211,14134211,14134211,14134212,14134211,14134211,14134211,14134211 opt=3544111,3544111,3544111,3544111,3544111,3544111,3544111,3544111,3544111,3544111
BENCH family=mp logn=4 pi=280 dir=0 calls=100 old=89711,89711,89711,89711,89711,89711,89711,89711,89711,89711 opt=32411,32411,32411,32411,32411,32411,32411,32411,32411,32411
BENCH family=mp logn=4 pi=280 dir=1 calls=100 old=102611,102611,102611,102611,102611,102611,102611,102611,102611,102611 opt=35011,35011,35011,35011,35011,35011,35011,35011,35011,35011
BENCH family=mp logn=5 pi=280 dir=0 calls=100 old=212111,212111,212111,212111,212111,212111,212111,212111,212111,212111 opt=72611,72611,72611,72611,72611,72611,72611,72611,72611,72611
BENCH family=mp logn=5 pi=280 dir=1 calls=100 old=241811,241811,241811,241811,241811,241811,241811,241811,241811,241811 opt=74311,74311,74311,74311,74311,74311,74311,74311,74311,74311
BENCH family=mp logn=6 pi=280 dir=0 calls=100 old=485211,485211,485211,485211,485211,485211,485211,485211,485211,485211 opt=150211,150211,150211,150211,150211,150211,150211,150211,150211,150211
BENCH family=mp logn=6 pi=280 dir=1 calls=100 old=555811,555811,555811,555811,555811,555811,555811,555811,555811,555811 opt=152311,152311,152311,152311,152311,152311,152311,152311,152311,152311
BENCH family=mp logn=7 pi=280 dir=0 calls=100 old=1124411,1124411,1124411,1124411,1124411,1124411,1124411,1124411,1124411,1124411 opt=348511,348511,348511,348511,348511,348511,348511,348511,348511,348511
BENCH family=mp logn=7 pi=280 dir=1 calls=100 old=1283811,1283811,1283811,1283811,1283811,1283811,1283811,1283811,1283811,1283811 opt=341811,341811,341811,341811,341811,341811,341811,341811,341811,341811
BENCH family=mp logn=8 pi=280 dir=0 calls=100 old=2503111,2503111,2503111,2503111,2503111,2503111,2503111,2503111,2503111,2503111 opt=759412,759411,759411,759411,759411,759411,759411,759411,759411,759411
BENCH family=mp logn=8 pi=280 dir=1 calls=100 old=2866611,2866611,2866611,2866611,2866611,2866611,2866611,2866611,2866611,2866611 opt=735211,735211,735211,735211,735211,735211,735211,735211,735211,735211
BENCH family=mp logn=9 pi=280 dir=0 calls=100 old=5655911,5655911,5655911,5655911,5655911,5655911,5655911,5655911,5655911,5655911 opt=1709912,1709911,1709911,1709911,1709911,1709911,1709911,1709911,1709911,1709911
BENCH family=mp logn=9 pi=280 dir=1 calls=100 old=6458611,6458611,6458611,6458611,6458611,6458611,6458611,6458611,6458611,6458611 opt=1646711,1646712,1646711,1646711,1646711,1646711,1646711,1646711,1646711,1646711
BENCH family=mp logn=10 pi=280 dir=0 calls=100 old=12349812,12349811,12349811,12349811,12349811,12349811,12349811,12349811,12349811,12349811 opt=3696011,3696011,3696011,3696011,3696011,3696012,3696011,3696011,3696011,3696011
BENCH family=mp logn=10 pi=280 dir=1 calls=100 old=14134211,14134211,14134211,14134211,14134212,14134211,14134211,14134211,14134211,14134211 opt=3544111,3544111,3544111,3544111,3544111,3544111,3544111,3544111,3544112,3544111
PROGRESS timing_prime=280
BENCH family=mp logn=4 pi=281 dir=0 calls=100 old=89711,89711,89711,89711,89711,89711,89711,89711,89711,89711 opt=32411,32411,32411,32411,32411,32411,32411,32411,32411,32411
BENCH family=mp logn=4 pi=281 dir=1 calls=100 old=102611,102611,102611,102611,102611,102611,102611,102611,102611,102611 opt=35011,35011,35011,35011,35011,35011,35011,35011,35011,35011
BENCH family=mp logn=5 pi=281 dir=0 calls=100 old=212111,212111,212111,212111,212111,212111,212111,212111,212111,212111 opt=72611,72611,72611,72611,72611,72611,72611,72611,72611,72611
BENCH family=mp logn=5 pi=281 dir=1 calls=100 old=241811,241811,241811,241811,241811,241811,241811,241811,241811,241811 opt=74311,74311,74311,74311,74311,74311,74311,74311,74311,74311
BENCH family=mp logn=6 pi=281 dir=0 calls=100 old=485211,485211,485211,485211,485211,485211,485211,485211,485211,485211 opt=150211,150211,150211,150211,150211,150211,150211,150211,150211,150211
BENCH family=mp logn=6 pi=281 dir=1 calls=100 old=555811,555811,555811,555811,555811,555811,555811,555811,555811,555811 opt=152311,152311,152311,152311,152311,152311,152311,152311,152311,152311
BENCH family=mp logn=7 pi=281 dir=0 calls=100 old=1124411,1124411,1124411,1124411,1124411,1124411,1124411,1124411,1124411,1124411 opt=348511,348511,348511,348511,348511,348511,348511,348511,348511,348511
BENCH family=mp logn=7 pi=281 dir=1 calls=100 old=1283811,1283811,1283811,1283811,1283811,1283811,1283811,1283811,1283811,1283811 opt=341811,341811,341811,341811,341811,341811,341811,341811,341811,341811
BENCH family=mp logn=8 pi=281 dir=0 calls=100 old=2503111,2503111,2503111,2503111,2503111,2503111,2503111,2503111,2503111,2503111 opt=759411,759411,759411,759411,759411,759411,759411,759411,759411,759411
BENCH family=mp logn=8 pi=281 dir=1 calls=100 old=2866611,2866611,2866611,2866611,2866611,2866612,2866611,2866611,2866611,2866611 opt=735211,735211,735211,735211,735211,735211,735211,735211,735211,735211
BENCH family=mp logn=9 pi=281 dir=0 calls=100 old=5655911,5655911,5655911,5655911,5655911,5655911,5655911,5655911,5655912,5655911 opt=1709911,1709911,1709911,1709911,1709911,1709911,1709911,1709911,1709911,1709911
BENCH family=mp logn=9 pi=281 dir=1 calls=100 old=6458611,6458611,6458611,6458611,6458611,6458611,6458611,6458612,6458611,6458611 opt=1646711,1646711,1646711,1646711,1646711,1646711,1646711,1646711,1646711,1646711
BENCH family=mp logn=10 pi=281 dir=0 calls=100 old=12349811,12349811,12349811,12349812,12349811,12349811,12349811,12349811,12349812,12349811 opt=3696011,3696011,3696011,3696011,3696011,3696011,3696011,3696011,3696011,3696011
BENCH family=mp logn=10 pi=281 dir=1 calls=100 old=14134211,14134211,14134211,14134211,14134211,14134211,14134211,14134212,14134211,14134211 opt=3544111,3544111,3544112,3544111,3544111,3544111,3544111,3544111,3544111,3544111
BENCH family=mp logn=4 pi=282 dir=0 calls=100 old=89711,89711,89711,89711,89711,89711,89711,89711,89711,89711 opt=32411,32411,32411,32411,32411,32411,32411,32411,32411,32411
BENCH family=mp logn=4 pi=282 dir=1 calls=100 old=102611,102611,102611,102611,102611,102611,102611,102611,102611,102611 opt=35011,35011,35011,35011,35011,35011,35011,35011,35011,35011
BENCH family=mp logn=5 pi=282 dir=0 calls=100 old=212111,212111,212111,212111,212111,212111,212111,212111,212111,212111 opt=72611,72611,72611,72611,72611,72611,72611,72611,72611,72611
BENCH family=mp logn=5 pi=282 dir=1 calls=100 old=241811,241811,241811,241811,241811,241811,241811,241811,241811,241811 opt=74311,74311,74311,74311,74311,74311,74311,74311,74311,74311
BENCH family=mp logn=6 pi=282 dir=0 calls=100 old=485211,485211,485211,485211,485211,485211,485211,485211,485211,485211 opt=150211,150211,150211,150211,150211,150211,150211,150211,150211,150211
BENCH family=mp logn=6 pi=282 dir=1 calls=100 old=555811,555811,555811,555811,555811,555811,555811,555811,555811,555811 opt=152311,152311,152311,152311,152311,152311,152311,152311,152311,152311
BENCH family=mp logn=7 pi=282 dir=0 calls=100 old=1124411,1124411,1124411,1124411,1124411,1124411,1124411,1124411,1124411,1124411 opt=348511,348511,348511,348511,348511,348511,348511,348511,348511,348511
BENCH family=mp logn=7 pi=282 dir=1 calls=100 old=1283811,1283811,1283811,1283811,1283811,1283811,1283811,1283811,1283811,1283811 opt=341811,341811,341811,341811,341811,341811,341811,341811,341811,341811
BENCH family=mp logn=8 pi=282 dir=0 calls=100 old=2503111,2503111,2503111,2503111,2503111,2503111,2503111,2503111,2503111,2503112 opt=759411,759411,759411,759411,759411,759411,759411,759411,759411,759411
BENCH family=mp logn=8 pi=282 dir=1 calls=100 old=2866611,2866611,2866611,2866611,2866611,2866611,2866611,2866611,2866611,2866611 opt=735211,735211,735211,735211,735211,735211,735211,735211,735211,735211
BENCH family=mp logn=9 pi=282 dir=0 calls=100 old=5655911,5655911,5655911,5655911,5655912,5655911,5655911,5655911,5655911,5655911 opt=1709911,1709911,1709911,1709911,1709911,1709911,1709911,1709911,1709911,1709911
BENCH family=mp logn=9 pi=282 dir=1 calls=100 old=6458611,6458611,6458611,6458611,6458612,6458611,6458611,6458611,6458611,6458611 opt=1646711,1646711,1646711,1646711,1646711,1646711,1646711,1646711,1646711,1646711
BENCH family=mp logn=10 pi=282 dir=0 calls=100 old=12349811,12349812,12349811,12349811,12349811,12349811,12349811,12349811,12349811,12349811 opt=3696011,3696011,3696011,3696011,3696011,3696011,3696012,3696011,3696011,3696011
BENCH family=mp logn=10 pi=282 dir=1 calls=100 old=14134211,14134212,14134211,14134211,14134211,14134212,14134211,14134211,14134211,14134211 opt=3544111,3544111,3544111,3544111,3544111,3544111,3544111,3544111,3544111,3544111
BENCH family=mp logn=4 pi=283 dir=0 calls=100 old=89711,89711,89711,89711,89711,89711,89711,89711,89711,89711 opt=32411,32411,32411,32411,32411,32411,32411,32411,32411,32411
BENCH family=mp logn=4 pi=283 dir=1 calls=100 old=102611,102611,102611,102611,102611,102611,102611,102611,102611,102611 opt=35012,35011,35011,35011,35011,35011,35011,35011,35011,35011
BENCH family=mp logn=5 pi=283 dir=0 calls=100 old=212111,212111,212111,212111,212111,212111,212111,212111,212111,212111 opt=72611,72611,72611,72611,72611,72611,72611,72611,72611,72611
BENCH family=mp logn=5 pi=283 dir=1 calls=100 old=241811,241811,241811,241811,241811,241811,241811,241811,241811,241811 opt=74311,74311,74311,74311,74311,74311,74311,74311,74311,74311
BENCH family=mp logn=6 pi=283 dir=0 calls=100 old=485211,485211,485211,485211,485211,485211,485211,485211,485211,485211 opt=150211,150211,150211,150211,150211,150211,150211,150211,150211,150211
BENCH family=mp logn=6 pi=283 dir=1 calls=100 old=555811,555811,555811,555811,555811,555811,555811,555811,555811,555811 opt=152311,152311,152311,152311,152311,152311,152311,152311,152311,152311
BENCH family=mp logn=7 pi=283 dir=0 calls=100 old=1124411,1124411,1124411,1124411,1124411,1124411,1124411,1124411,1124411,1124411 opt=348511,348511,348511,348511,348511,348511,348511,348511,348511,348511
BENCH family=mp logn=7 pi=283 dir=1 calls=100 old=1283811,1283811,1283811,1283811,1283811,1283811,1283811,1283811,1283811,1283811 opt=341811,341811,341811,341811,341811,341811,341811,341811,341811,341811
BENCH family=mp logn=8 pi=283 dir=0 calls=100 old=2503111,2503112,2503111,2503111,2503111,2503111,2503111,2503111,2503111,2503111 opt=759411,759411,759411,759411,759411,759411,759411,759411,759411,759411
BENCH family=mp logn=8 pi=283 dir=1 calls=100 old=2866611,2866611,2866611,2866611,2866611,2866611,2866611,2866611,2866611,2866611 opt=735211,735211,735211,735211,735211,735211,735211,735211,735211,735211
BENCH family=mp logn=9 pi=283 dir=0 calls=100 old=5655911,5655911,5655911,5655911,5655911,5655911,5655911,5655911,5655911,5655911 opt=1709911,1709912,1709911,1709911,1709911,1709911,1709911,1709911,1709911,1709911
BENCH family=mp logn=9 pi=283 dir=1 calls=100 old=6458611,6458612,6458611,6458611,6458611,6458611,6458611,6458611,6458611,6458611 opt=1646711,1646711,1646711,1646711,1646711,1646711,1646711,1646711,1646711,1646711
BENCH family=mp logn=10 pi=283 dir=0 calls=100 old=12349812,12349811,12349811,12349811,12349811,12349812,12349811,12349811,12349811,12349811 opt=3696011,3696011,3696011,3696011,3696011,3696011,3696011,3696011,3696011,3696011
BENCH family=mp logn=10 pi=283 dir=1 calls=100 old=14134211,14134211,14134211,14134211,14134212,14134211,14134211,14134211,14134211,14134211 opt=3544111,3544111,3544111,3544111,3544111,3544111,3544111,3544111,3544112,3544111
BENCH family=mp logn=4 pi=284 dir=0 calls=100 old=89711,89711,89711,89711,89711,89711,89711,89711,89711,89711 opt=32411,32411,32411,32411,32411,32411,32411,32411,32411,32411
BENCH family=mp logn=4 pi=284 dir=1 calls=100 old=102611,102611,102611,102611,102611,102611,102611,102611,102611,102611 opt=35011,35011,35011,35011,35011,35011,35011,35011,35011,35011
BENCH family=mp logn=5 pi=284 dir=0 calls=100 old=212111,212111,212111,212111,212111,212111,212111,212111,212111,212111 opt=72611,72611,72611,72611,72611,72611,72611,72611,72611,72611
BENCH family=mp logn=5 pi=284 dir=1 calls=100 old=241811,241811,241811,241811,241811,241811,241811,241811,241811,241811 opt=74311,74311,74311,74311,74311,74311,74311,74311,74311,74311
BENCH family=mp logn=6 pi=284 dir=0 calls=100 old=485211,485211,485211,485211,485211,485211,485211,485211,485211,485211 opt=150211,150211,150211,150211,150211,150211,150211,150211,150211,150211
BENCH family=mp logn=6 pi=284 dir=1 calls=100 old=555811,555811,555811,555811,555811,555811,555811,555811,555811,555811 opt=152311,152311,152311,152311,152311,152311,152311,152311,152311,152311
BENCH family=mp logn=7 pi=284 dir=0 calls=100 old=1124411,1124411,1124411,1124411,1124411,1124411,1124411,1124411,1124411,1124411 opt=348511,348511,348511,348511,348511,348511,348511,348511,348511,348511
BENCH family=mp logn=7 pi=284 dir=1 calls=100 old=1283811,1283811,1283811,1283811,1283811,1283811,1283811,1283811,1283811,1283811 opt=341811,341811,341811,341811,341811,341811,341811,341811,341811,341811
BENCH family=mp logn=8 pi=284 dir=0 calls=100 old=2503111,2503111,2503111,2503111,2503111,2503111,2503111,2503111,2503111,2503111 opt=759411,759411,759411,759411,759411,759411,759411,759411,759411,759411
BENCH family=mp logn=8 pi=284 dir=1 calls=100 old=2866611,2866611,2866611,2866611,2866611,2866611,2866612,2866611,2866611,2866611 opt=735211,735211,735211,735211,735211,735211,735211,735211,735211,735211
BENCH family=mp logn=9 pi=284 dir=0 calls=100 old=5655911,5655911,5655911,5655911,5655911,5655911,5655911,5655911,5655912,5655911 opt=1709911,1709911,1709911,1709911,1709911,1709911,1709911,1709911,1709911,1709911
BENCH family=mp logn=9 pi=284 dir=1 calls=100 old=6458611,6458611,6458611,6458611,6458611,6458611,6458611,6458611,6458612,6458611 opt=1646711,1646711,1646711,1646711,1646711,1646711,1646711,1646711,1646711,1646711
BENCH family=mp logn=10 pi=284 dir=0 calls=100 old=12349811,12349811,12349811,12349812,12349811,12349811,12349811,12349811,12349812,12349811 opt=3696011,3696011,3696011,3696011,3696011,3696011,3696011,3696011,3696011,3696011
BENCH family=mp logn=10 pi=284 dir=1 calls=100 old=14134211,14134211,14134211,14134211,14134211,14134211,14134211,14134212,14134211,14134211 opt=3544111,3544111,3544111,3544112,3544111,3544111,3544111,3544111,3544111,3544111
BENCH family=mp logn=4 pi=285 dir=0 calls=100 old=89711,89711,89711,89711,89711,89711,89711,89711,89711,89711 opt=32411,32411,32411,32411,32411,32411,32411,32411,32411,32411
BENCH family=mp logn=4 pi=285 dir=1 calls=100 old=102611,102611,102611,102611,102611,102611,102611,102611,102611,102611 opt=35011,35011,35011,35011,35011,35011,35011,35011,35011,35011
BENCH family=mp logn=5 pi=285 dir=0 calls=100 old=212111,212111,212111,212111,212111,212111,212111,212111,212111,212111 opt=72611,72611,72611,72611,72611,72611,72611,72611,72611,72611
BENCH family=mp logn=5 pi=285 dir=1 calls=100 old=241811,241811,241811,241811,241811,241811,241811,241811,241811,241811 opt=74311,74311,74311,74311,74311,74311,74311,74311,74311,74311
BENCH family=mp logn=6 pi=285 dir=0 calls=100 old=485211,485211,485211,485211,485211,485211,485211,485211,485211,485211 opt=150211,150211,150211,150211,150211,150211,150211,150211,150211,150211
BENCH family=mp logn=6 pi=285 dir=1 calls=100 old=555811,555811,555811,555811,555812,555811,555811,555811,555811,555811 opt=152311,152311,152311,152311,152311,152311,152311,152311,152311,152311
BENCH family=mp logn=7 pi=285 dir=0 calls=100 old=1124411,1124411,1124411,1124411,1124411,1124411,1124411,1124411,1124411,1124411 opt=348511,348511,348511,348511,348511,348511,348511,348511,348511,348511
BENCH family=mp logn=7 pi=285 dir=1 calls=100 old=1283811,1283811,1283811,1283811,1283811,1283811,1283811,1283811,1283811,1283811 opt=341811,341811,341811,341811,341811,341811,341811,341811,341811,341811
BENCH family=mp logn=8 pi=285 dir=0 calls=100 old=2503111,2503111,2503111,2503111,2503111,2503111,2503111,2503111,2503111,2503111 opt=759411,759411,759411,759411,759411,759411,759411,759411,759411,759411
BENCH family=mp logn=8 pi=285 dir=1 calls=100 old=2866611,2866611,2866611,2866611,2866611,2866611,2866611,2866611,2866611,2866611 opt=735211,735211,735211,735211,735211,735211,735211,735211,735211,735211
BENCH family=mp logn=9 pi=285 dir=0 calls=100 old=5655911,5655911,5655911,5655911,5655911,5655911,5655911,5655911,5655911,5655911 opt=1709911,1709911,1709911,1709911,1709911,1709912,1709911,1709911,1709911,1709911
BENCH family=mp logn=9 pi=285 dir=1 calls=100 old=6458611,6458611,6458611,6458611,6458611,6458611,6458611,6458611,6458611,6458611 opt=1646711,1646711,1646711,1646711,1646712,1646711,1646711,1646711,1646711,1646711
BENCH family=mp logn=10 pi=285 dir=0 calls=100 old=12349811,12349811,12349812,12349811,12349811,12349811,12349811,12349811,12349811,12349811 opt=3696011,3696011,3696011,3696011,3696011,3696011,3696011,3696012,3696011,3696011
BENCH family=mp logn=10 pi=285 dir=1 calls=100 old=14134211,14134212,14134211,14134211,14134211,14134211,14134212,14134211,14134211,14134211 opt=3544111,3544111,3544111,3544111,3544111,3544111,3544111,3544111,3544111,3544111
BENCH family=mp logn=4 pi=286 dir=0 calls=100 old=89711,89711,89711,89711,89711,89711,89711,89711,89711,89711 opt=32411,32411,32411,32411,32411,32411,32411,32411,32411,32411
BENCH family=mp logn=4 pi=286 dir=1 calls=100 old=102611,102611,102611,102611,102611,102611,102611,102611,102611,102611 opt=35011,35011,35011,35011,35011,35011,35011,35011,35011,35011
BENCH family=mp logn=5 pi=286 dir=0 calls=100 old=212111,212111,212111,212111,212111,212111,212111,212111,212111,212111 opt=72611,72611,72611,72611,72611,72611,72611,72611,72611,72611
BENCH family=mp logn=5 pi=286 dir=1 calls=100 old=241811,241811,241811,241811,241811,241811,241811,241811,241811,241811 opt=74311,74311,74311,74311,74311,74311,74311,74311,74311,74311
BENCH family=mp logn=6 pi=286 dir=0 calls=100 old=485211,485211,485211,485211,485211,485211,485211,485211,485211,485211 opt=150211,150211,150211,150211,150211,150211,150211,150211,150211,150211
BENCH family=mp logn=6 pi=286 dir=1 calls=100 old=555811,555811,555811,555811,555811,555811,555811,555811,555811,555811 opt=152311,152311,152311,152311,152311,152311,152311,152311,152311,152311
BENCH family=mp logn=7 pi=286 dir=0 calls=100 old=1124411,1124411,1124411,1124411,1124411,1124411,1124411,1124411,1124411,1124411 opt=348511,348511,348511,348511,348511,348511,348511,348511,348511,348511
BENCH family=mp logn=7 pi=286 dir=1 calls=100 old=1283811,1283811,1283811,1283811,1283811,1283811,1283811,1283811,1283811,1283811 opt=341811,341811,341811,341811,341811,341811,341811,341811,341811,341811
BENCH family=mp logn=8 pi=286 dir=0 calls=100 old=2503111,2503111,2503112,2503111,2503111,2503111,2503111,2503111,2503111,2503111 opt=759411,759411,759411,759411,759411,759411,759411,759411,759411,759411
BENCH family=mp logn=8 pi=286 dir=1 calls=100 old=2866611,2866611,2866611,2866611,2866611,2866611,2866611,2866611,2866611,2866611 opt=735211,735211,735211,735211,735211,735211,735211,735211,735211,735211
BENCH family=mp logn=9 pi=286 dir=0 calls=100 old=5655911,5655912,5655911,5655911,5655911,5655911,5655911,5655911,5655911,5655911 opt=1709911,1709911,1709911,1709911,1709911,1709911,1709911,1709911,1709911,1709911
BENCH family=mp logn=9 pi=286 dir=1 calls=100 old=6458611,6458612,6458611,6458611,6458611,6458611,6458611,6458611,6458611,6458611 opt=1646711,1646711,1646711,1646711,1646711,1646711,1646711,1646711,1646711,1646711
BENCH family=mp logn=10 pi=286 dir=0 calls=100 old=12349812,12349811,12349811,12349811,12349811,12349812,12349811,12349811,12349811,12349811 opt=3696011,3696011,3696011,3696011,3696011,3696011,3696011,3696011,3696011,3696011
BENCH family=mp logn=10 pi=286 dir=1 calls=100 old=14134212,14134211,14134211,14134211,14134212,14134211,14134211,14134211,14134211,14134211 opt=3544111,3544111,3544111,3544111,3544111,3544111,3544111,3544111,3544111,3544112
BENCH family=mp logn=4 pi=287 dir=0 calls=100 old=89711,89711,89711,89711,89711,89711,89711,89711,89711,89711 opt=32411,32411,32411,32411,32411,32411,32411,32411,32411,32411
BENCH family=mp logn=4 pi=287 dir=1 calls=100 old=102611,102611,102611,102611,102611,102611,102611,102611,102611,102611 opt=35011,35011,35011,35011,35011,35011,35011,35011,35011,35011
BENCH family=mp logn=5 pi=287 dir=0 calls=100 old=212111,212111,212111,212111,212111,212111,212111,212111,212111,212111 opt=72611,72611,72611,72611,72611,72611,72611,72611,72611,72611
BENCH family=mp logn=5 pi=287 dir=1 calls=100 old=241811,241811,241811,241811,241811,241811,241811,241811,241811,241811 opt=74311,74311,74311,74311,74311,74311,74311,74311,74311,74311
BENCH family=mp logn=6 pi=287 dir=0 calls=100 old=485211,485211,485211,485211,485211,485211,485211,485211,485211,485211 opt=150211,150211,150211,150211,150211,150211,150211,150211,150211,150211
BENCH family=mp logn=6 pi=287 dir=1 calls=100 old=555811,555811,555811,555811,555811,555811,555811,555811,555811,555811 opt=152311,152311,152311,152311,152311,152311,152311,152311,152311,152311
BENCH family=mp logn=7 pi=287 dir=0 calls=100 old=1124411,1124411,1124411,1124411,1124411,1124411,1124411,1124411,1124411,1124411 opt=348511,348511,348511,348511,348511,348511,348511,348511,348511,348511
BENCH family=mp logn=7 pi=287 dir=1 calls=100 old=1283812,1283811,1283811,1283811,1283811,1283811,1283811,1283811,1283811,1283811 opt=341811,341811,341811,341811,341811,341811,341811,341811,341811,341811
BENCH family=mp logn=8 pi=287 dir=0 calls=100 old=2503111,2503111,2503111,2503111,2503111,2503111,2503111,2503111,2503111,2503111 opt=759411,759411,759411,759411,759411,759411,759411,759411,759411,759411
BENCH family=mp logn=8 pi=287 dir=1 calls=100 old=2866611,2866611,2866611,2866611,2866611,2866611,2866612,2866611,2866611,2866611 opt=735211,735211,735211,735211,735211,735211,735211,735211,735211,735211
BENCH family=mp logn=9 pi=287 dir=0 calls=100 old=5655911,5655911,5655911,5655911,5655911,5655911,5655911,5655911,5655912,5655911 opt=1709911,1709911,1709911,1709911,1709911,1709911,1709911,1709911,1709911,1709911
BENCH family=mp logn=9 pi=287 dir=1 calls=100 old=6458611,6458611,6458611,6458611,6458611,6458611,6458611,6458611,6458612,6458611 opt=1646711,1646711,1646711,1646711,1646711,1646711,1646711,1646711,1646711,1646711
BENCH family=mp logn=10 pi=287 dir=0 calls=100 old=12349811,12349811,12349811,12349812,12349811,12349811,12349811,12349811,12349811,12349811 opt=3696011,3696011,3696011,3696011,3696011,3696011,3696011,3696011,3696012,3696011
BENCH family=mp logn=10 pi=287 dir=1 calls=100 old=14134211,14134211,14134211,14134211,14134211,14134211,14134211,14134212,14134211,14134211 opt=3544111,3544111,3544111,3544112,3544111,3544111,3544111,3544111,3544111,3544111
BENCH family=mp logn=4 pi=288 dir=0 calls=100 old=89711,89711,89711,89711,89711,89711,89711,89711,89711,89711 opt=32411,32411,32411,32411,32411,32411,32411,32411,32411,32411
BENCH family=mp logn=4 pi=288 dir=1 calls=100 old=102611,102611,102611,102611,102611,102611,102611,102611,102611,102611 opt=35011,35011,35011,35011,35011,35011,35011,35011,35011,35011
BENCH family=mp logn=5 pi=288 dir=0 calls=100 old=212111,212111,212111,212111,212111,212111,212111,212111,212111,212111 opt=72611,72611,72611,72611,72611,72611,72611,72611,72611,72611
BENCH family=mp logn=5 pi=288 dir=1 calls=100 old=241811,241811,241811,241811,241811,241811,241811,241811,241811,241811 opt=74311,74311,74311,74311,74311,74311,74311,74311,74311,74311
BENCH family=mp logn=6 pi=288 dir=0 calls=100 old=485211,485211,485211,485211,485211,485211,485211,485211,485211,485211 opt=150211,150211,150211,150211,150211,150211,150211,150211,150211,150211
BENCH family=mp logn=6 pi=288 dir=1 calls=100 old=555811,555811,555811,555811,555811,555811,555811,555812,555811,555811 opt=152311,152311,152311,152311,152311,152311,152311,152311,152311,152311
BENCH family=mp logn=7 pi=288 dir=0 calls=100 old=1124411,1124411,1124411,1124411,1124411,1124411,1124411,1124411,1124411,1124411 opt=348511,348511,348511,348511,348511,348511,348511,348511,348511,348511
BENCH family=mp logn=7 pi=288 dir=1 calls=100 old=1283811,1283811,1283811,1283811,1283811,1283811,1283811,1283811,1283811,1283811 opt=341811,341811,341811,341811,341811,341811,341811,341811,341811,341811
BENCH family=mp logn=8 pi=288 dir=0 calls=100 old=2503111,2503111,2503111,2503111,2503111,2503111,2503111,2503111,2503111,2503111 opt=759411,759411,759411,759411,759411,759411,759411,759411,759411,759411
BENCH family=mp logn=8 pi=288 dir=1 calls=100 old=2866612,2866611,2866611,2866611,2866611,2866611,2866611,2866611,2866611,2866611 opt=735211,735211,735211,735211,735211,735211,735211,735211,735211,735211
BENCH family=mp logn=9 pi=288 dir=0 calls=100 old=5655911,5655911,5655911,5655911,5655911,5655912,5655911,5655911,5655911,5655911 opt=1709911,1709911,1709911,1709911,1709911,1709911,1709911,1709911,1709911,1709911
BENCH family=mp logn=9 pi=288 dir=1 calls=100 old=6458611,6458611,6458611,6458611,6458611,6458611,6458611,6458611,6458611,6458611 opt=1646711,1646711,1646711,1646711,1646711,1646712,1646711,1646711,1646711,1646711
BENCH family=mp logn=10 pi=288 dir=0 calls=100 old=12349811,12349811,12349812,12349811,12349811,12349811,12349811,12349811,12349811,12349811 opt=3696011,3696011,3696011,3696011,3696011,3696011,3696011,3696012,3696011,3696011
BENCH family=mp logn=10 pi=288 dir=1 calls=100 old=14134211,14134212,14134211,14134211,14134211,14134211,14134212,14134211,14134211,14134211 opt=3544111,3544111,3544111,3544111,3544111,3544111,3544111,3544111,3544111,3544111
BENCH family=mp logn=4 pi=289 dir=0 calls=100 old=89711,89711,89711,89711,89711,89711,89711,89711,89711,89711 opt=32411,32411,32411,32411,32411,32411,32411,32411,32411,32411
BENCH family=mp logn=4 pi=289 dir=1 calls=100 old=102611,102611,102611,102611,102611,102611,102611,102611,102611,102611 opt=35011,35011,35011,35011,35011,35011,35011,35011,35011,35011
BENCH family=mp logn=5 pi=289 dir=0 calls=100 old=212111,212111,212111,212111,212111,212111,212111,212111,212111,212111 opt=72611,72611,72611,72611,72611,72611,72611,72611,72611,72611
BENCH family=mp logn=5 pi=289 dir=1 calls=100 old=241811,241811,241811,241811,241811,241811,241811,241811,241811,241811 opt=74311,74311,74311,74311,74311,74311,74311,74311,74311,74311
BENCH family=mp logn=6 pi=289 dir=0 calls=100 old=485211,485211,485211,485211,485211,485211,485211,485211,485211,485211 opt=150211,150211,150211,150211,150211,150211,150211,150211,150211,150211
BENCH family=mp logn=6 pi=289 dir=1 calls=100 old=555811,555811,555811,555811,555811,555811,555811,555811,555811,555811 opt=152311,152311,152311,152311,152311,152311,152311,152311,152311,152311
BENCH family=mp logn=7 pi=289 dir=0 calls=100 old=1124411,1124411,1124411,1124411,1124411,1124411,1124411,1124411,1124411,1124411 opt=348511,348511,348511,348511,348511,348511,348511,348511,348511,348511
BENCH family=mp logn=7 pi=289 dir=1 calls=100 old=1283811,1283811,1283811,1283811,1283811,1283811,1283811,1283811,1283811,1283811 opt=341811,341811,341811,341811,341811,341811,341811,341811,341811,341811
BENCH family=mp logn=8 pi=289 dir=0 calls=100 old=2503111,2503111,2503112,2503111,2503111,2503111,2503111,2503111,2503111,2503111 opt=759411,759411,759411,759411,759411,759411,759411,759411,759411,759411
BENCH family=mp logn=8 pi=289 dir=1 calls=100 old=2866611,2866611,2866611,2866611,2866611,2866611,2866611,2866611,2866611,2866611 opt=735211,735211,735211,735211,735211,735211,735211,735211,735211,735211
BENCH family=mp logn=9 pi=289 dir=0 calls=100 old=5655911,5655912,5655911,5655911,5655911,5655911,5655911,5655911,5655911,5655911 opt=1709911,1709911,1709911,1709911,1709911,1709911,1709911,1709911,1709911,1709911
BENCH family=mp logn=9 pi=289 dir=1 calls=100 old=6458611,6458612,6458611,6458611,6458611,6458611,6458611,6458611,6458611,6458611 opt=1646711,1646711,1646711,1646711,1646711,1646711,1646711,1646711,1646711,1646711
BENCH family=mp logn=10 pi=289 dir=0 calls=100 old=12349812,12349811,12349811,12349811,12349811,12349812,12349811,12349811,12349811,12349811 opt=3696011,3696011,3696011,3696011,3696011,3696011,3696011,3696011,3696011,3696011
BENCH family=mp logn=10 pi=289 dir=1 calls=100 old=14134212,14134211,14134211,14134211,14134212,14134211,14134211,14134211,14134211,14134211 opt=3544111,3544111,3544111,3544111,3544111,3544111,3544111,3544111,3544111,3544112
BENCH family=mp logn=4 pi=290 dir=0 calls=100 old=89711,89711,89711,89711,89711,89711,89711,89711,89711,89711 opt=32411,32411,32411,32411,32411,32411,32411,32411,32411,32411
BENCH family=mp logn=4 pi=290 dir=1 calls=100 old=102611,102611,102611,102611,102611,102611,102611,102611,102611,102611 opt=35011,35011,35011,35011,35011,35011,35011,35011,35011,35011
BENCH family=mp logn=5 pi=290 dir=0 calls=100 old=212111,212111,212111,212111,212111,212111,212111,212111,212111,212111 opt=72611,72611,72611,72611,72611,72611,72611,72611,72611,72611
BENCH family=mp logn=5 pi=290 dir=1 calls=100 old=241811,241811,241811,241811,241811,241811,241811,241811,241811,241811 opt=74311,74311,74311,74311,74311,74311,74311,74311,74311,74311
BENCH family=mp logn=6 pi=290 dir=0 calls=100 old=485211,485211,485211,485211,485211,485211,485211,485211,485211,485211 opt=150211,150211,150211,150211,150211,150211,150211,150211,150211,150211
BENCH family=mp logn=6 pi=290 dir=1 calls=100 old=555811,555811,555811,555811,555811,555811,555811,555811,555811,555811 opt=152311,152311,152311,152311,152311,152311,152311,152311,152311,152311
BENCH family=mp logn=7 pi=290 dir=0 calls=100 old=1124411,1124411,1124411,1124411,1124411,1124411,1124411,1124411,1124411,1124411 opt=348511,348511,348511,348511,348511,348511,348511,348511,348511,348511
BENCH family=mp logn=7 pi=290 dir=1 calls=100 old=1283811,1283812,1283811,1283811,1283811,1283811,1283811,1283811,1283811,1283811 opt=341811,341811,341811,341811,341811,341811,341811,341811,341811,341811
BENCH family=mp logn=8 pi=290 dir=0 calls=100 old=2503111,2503111,2503111,2503111,2503111,2503111,2503111,2503111,2503111,2503111 opt=759411,759411,759411,759411,759411,759411,759411,759411,759411,759411
BENCH family=mp logn=8 pi=290 dir=1 calls=100 old=2866611,2866611,2866611,2866611,2866611,2866611,2866611,2866611,2866611,2866611 opt=735211,735211,735211,735211,735211,735211,735211,735212,735211,735211
BENCH family=mp logn=9 pi=290 dir=0 calls=100 old=5655911,5655911,5655911,5655911,5655911,5655911,5655911,5655911,5655911,5655911 opt=1709911,1709911,1709911,1709911,1709911,1709911,1709911,1709911,1709911,1709911
BENCH family=mp logn=9 pi=290 dir=1 calls=100 old=6458611,6458611,6458611,6458611,6458611,6458611,6458611,6458611,6458612,6458611 opt=1646711,1646711,1646711,1646711,1646711,1646711,1646711,1646711,1646711,1646711
BENCH family=mp logn=10 pi=290 dir=0 calls=100 old=12349811,12349811,12349811,12349812,12349811,12349811,12349811,12349811,12349811,12349811 opt=3696011,3696011,3696011,3696011,3696011,3696011,3696011,3696011,3696012,3696011
BENCH family=mp logn=10 pi=290 dir=1 calls=100 old=14134211,14134211,14134211,14134212,14134211,14134211,14134211,14134212,14134211,14134211 opt=3544111,3544111,3544111,3544111,3544111,3544111,3544111,3544111,3544111,3544111
BENCH family=mp logn=4 pi=291 dir=0 calls=100 old=89711,89711,89711,89711,89711,89711,89711,89711,89711,89711 opt=32411,32411,32411,32411,32411,32411,32411,32411,32411,32411
BENCH family=mp logn=4 pi=291 dir=1 calls=100 old=102611,102611,102611,102611,102611,102611,102611,102611,102611,102611 opt=35011,35011,35011,35011,35011,35011,35011,35011,35011,35011
BENCH family=mp logn=5 pi=291 dir=0 calls=100 old=212111,212111,212111,212111,212111,212111,212111,212111,212111,212111 opt=72611,72611,72611,72611,72611,72611,72611,72611,72611,72611
BENCH family=mp logn=5 pi=291 dir=1 calls=100 old=241811,241811,241811,241811,241811,241811,241811,241811,241811,241811 opt=74311,74311,74311,74311,74311,74311,74311,74311,74311,74311
BENCH family=mp logn=6 pi=291 dir=0 calls=100 old=485211,485211,485211,485211,485211,485211,485211,485211,485211,485211 opt=150211,150211,150211,150211,150211,150211,150211,150211,150211,150211
BENCH family=mp logn=6 pi=291 dir=1 calls=100 old=555811,555811,555811,555811,555811,555811,555811,555811,555811,555812 opt=152311,152311,152311,152311,152311,152311,152311,152311,152311,152311
BENCH family=mp logn=7 pi=291 dir=0 calls=100 old=1124411,1124411,1124411,1124411,1124411,1124411,1124411,1124411,1124411,1124411 opt=348511,348511,348511,348511,348511,348511,348511,348511,348511,348511
BENCH family=mp logn=7 pi=291 dir=1 calls=100 old=1283811,1283811,1283811,1283811,1283811,1283811,1283811,1283811,1283811,1283811 opt=341811,341811,341811,341811,341811,341811,341811,341811,341811,341811
BENCH family=mp logn=8 pi=291 dir=0 calls=100 old=2503111,2503111,2503111,2503111,2503111,2503111,2503111,2503111,2503111,2503111 opt=759411,759411,759411,759411,759411,759411,759411,759411,759411,759411
BENCH family=mp logn=8 pi=291 dir=1 calls=100 old=2866612,2866611,2866611,2866611,2866611,2866611,2866611,2866611,2866611,2866611 opt=735211,735211,735211,735211,735211,735211,735211,735211,735211,735211
BENCH family=mp logn=9 pi=291 dir=0 calls=100 old=5655911,5655911,5655911,5655911,5655911,5655912,5655911,5655911,5655911,5655911 opt=1709911,1709911,1709911,1709911,1709911,1709911,1709911,1709911,1709911,1709911
BENCH family=mp logn=9 pi=291 dir=1 calls=100 old=6458611,6458611,6458611,6458611,6458611,6458612,6458611,6458611,6458611,6458611 opt=1646711,1646711,1646711,1646711,1646711,1646711,1646711,1646711,1646711,1646711
BENCH family=mp logn=10 pi=291 dir=0 calls=100 old=12349811,12349811,12349812,12349811,12349811,12349811,12349811,12349812,12349811,12349811 opt=3696011,3696011,3696011,3696011,3696011,3696011,3696011,3696011,3696011,3696011
BENCH family=mp logn=10 pi=291 dir=1 calls=100 old=14134211,14134212,14134211,14134211,14134211,14134211,14134212,14134211,14134211,14134211 opt=3544111,3544111,3544111,3544111,3544111,3544111,3544111,3544111,3544111,3544111
BENCH family=mp logn=4 pi=292 dir=0 calls=100 old=89711,89711,89711,89711,89711,89711,89711,89711,89711,89711 opt=32411,32411,32411,32411,32411,32411,32411,32411,32411,32411
BENCH family=mp logn=4 pi=292 dir=1 calls=100 old=102611,102611,102611,102611,102611,102611,102611,102611,102611,102611 opt=35011,35011,35011,35011,35011,35011,35011,35011,35011,35011
BENCH family=mp logn=5 pi=292 dir=0 calls=100 old=212111,212111,212111,212111,212111,212111,212111,212111,212111,212111 opt=72611,72611,72611,72611,72611,72611,72611,72611,72611,72611
BENCH family=mp logn=5 pi=292 dir=1 calls=100 old=241811,241811,241811,241811,241811,241811,241811,241811,241811,241811 opt=74311,74311,74311,74311,74311,74311,74311,74311,74311,74311
BENCH family=mp logn=6 pi=292 dir=0 calls=100 old=485211,485211,485211,485211,485211,485211,485211,485211,485211,485211 opt=150211,150211,150211,150211,150211,150211,150211,150211,150211,150211
BENCH family=mp logn=6 pi=292 dir=1 calls=100 old=555811,555811,555811,555811,555811,555811,555811,555811,555811,555811 opt=152311,152311,152311,152311,152311,152311,152311,152311,152311,152311
BENCH family=mp logn=7 pi=292 dir=0 calls=100 old=1124411,1124411,1124411,1124411,1124411,1124411,1124411,1124411,1124411,1124411 opt=348511,348511,348511,348511,348511,348511,348511,348511,348511,348511
BENCH family=mp logn=7 pi=292 dir=1 calls=100 old=1283811,1283811,1283811,1283811,1283811,1283811,1283811,1283811,1283811,1283811 opt=341811,341811,341811,341811,341811,341811,341811,341811,341811,341811
BENCH family=mp logn=8 pi=292 dir=0 calls=100 old=2503111,2503111,2503111,2503111,2503112,2503111,2503111,2503111,2503111,2503111 opt=759411,759411,759411,759411,759411,759411,759411,759411,759411,759411
BENCH family=mp logn=8 pi=292 dir=1 calls=100 old=2866611,2866611,2866611,2866611,2866611,2866611,2866611,2866611,2866611,2866611 opt=735211,735211,735211,735211,735211,735211,735211,735211,735211,735211
BENCH family=mp logn=9 pi=292 dir=0 calls=100 old=5655911,5655911,5655912,5655911,5655911,5655911,5655911,5655911,5655911,5655911 opt=1709911,1709911,1709911,1709911,1709911,1709911,1709911,1709911,1709911,1709911
BENCH family=mp logn=9 pi=292 dir=1 calls=100 old=6458611,6458611,6458612,6458611,6458611,6458611,6458611,6458611,6458611,6458611 opt=1646711,1646711,1646711,1646711,1646711,1646711,1646711,1646711,1646711,1646711
BENCH family=mp logn=10 pi=292 dir=0 calls=100 old=12349811,12349811,12349811,12349811,12349811,12349812,12349811,12349811,12349811,12349811 opt=3696012,3696011,3696011,3696011,3696011,3696011,3696011,3696011,3696011,3696011
BENCH family=mp logn=10 pi=292 dir=1 calls=100 old=14134212,14134211,14134211,14134211,14134211,14134211,14134211,14134211,14134211,14134212 opt=3544111,3544111,3544111,3544111,3544112,3544111,3544111,3544111,3544111,3544111
BENCH family=mp logn=4 pi=293 dir=0 calls=100 old=89711,89711,89711,89711,89711,89711,89711,89711,89711,89711 opt=32411,32411,32411,32411,32411,32411,32411,32411,32411,32411
BENCH family=mp logn=4 pi=293 dir=1 calls=100 old=102611,102611,102611,102611,102611,102611,102611,102611,102611,102611 opt=35011,35011,35011,35011,35011,35011,35011,35011,35011,35011
BENCH family=mp logn=5 pi=293 dir=0 calls=100 old=212111,212111,212111,212111,212111,212111,212111,212111,212111,212111 opt=72611,72611,72611,72611,72611,72611,72611,72611,72611,72611
BENCH family=mp logn=5 pi=293 dir=1 calls=100 old=241811,241811,241811,241811,241811,241811,241811,241811,241811,241811 opt=74311,74311,74311,74311,74311,74311,74311,74311,74311,74311
BENCH family=mp logn=6 pi=293 dir=0 calls=100 old=485211,485211,485211,485211,485211,485211,485211,485211,485211,485211 opt=150211,150211,150211,150211,150211,150211,150211,150211,150211,150211
BENCH family=mp logn=6 pi=293 dir=1 calls=100 old=555811,555811,555811,555811,555811,555811,555811,555811,555811,555811 opt=152311,152311,152311,152311,152311,152311,152311,152311,152311,152311
BENCH family=mp logn=7 pi=293 dir=0 calls=100 old=1124411,1124411,1124411,1124411,1124411,1124411,1124411,1124411,1124411,1124411 opt=348511,348511,348511,348511,348511,348511,348511,348511,348511,348511
BENCH family=mp logn=7 pi=293 dir=1 calls=100 old=1283811,1283811,1283811,1283812,1283811,1283811,1283811,1283811,1283811,1283811 opt=341811,341811,341811,341811,341811,341811,341811,341811,341811,341811
BENCH family=mp logn=8 pi=293 dir=0 calls=100 old=2503111,2503111,2503111,2503111,2503111,2503111,2503111,2503111,2503111,2503111 opt=759411,759411,759411,759411,759411,759411,759411,759411,759411,759411
BENCH family=mp logn=8 pi=293 dir=1 calls=100 old=2866611,2866611,2866611,2866611,2866611,2866611,2866611,2866611,2866612,2866611 opt=735211,735211,735211,735211,735211,735211,735211,735211,735211,735211
BENCH family=mp logn=9 pi=293 dir=0 calls=100 old=5655911,5655911,5655911,5655911,5655911,5655911,5655911,5655911,5655911,5655912 opt=1709911,1709911,1709911,1709911,1709911,1709911,1709911,1709911,1709911,1709911
BENCH family=mp logn=9 pi=293 dir=1 calls=100 old=6458611,6458611,6458611,6458611,6458611,6458611,6458611,6458611,6458611,6458611 opt=1646711,1646711,1646711,1646711,1646711,1646711,1646711,1646711,1646712,1646711
BENCH family=mp logn=10 pi=293 dir=0 calls=100 old=12349811,12349811,12349811,12349811,12349812,12349811,12349811,12349811,12349811,12349811 opt=3696011,3696011,3696011,3696011,3696011,3696011,3696011,3696011,3696011,3696012
BENCH family=mp logn=10 pi=293 dir=1 calls=100 old=14134211,14134211,14134211,14134212,14134211,14134211,14134211,14134212,14134211,14134211 opt=3544111,3544111,3544111,3544111,3544111,3544111,3544111,3544111,3544111,3544111
BENCH family=mp logn=4 pi=294 dir=0 calls=100 old=89711,89711,89711,89711,89711,89711,89711,89711,89711,89711 opt=32411,32411,32411,32411,32411,32411,32411,32411,32411,32411
BENCH family=mp logn=4 pi=294 dir=1 calls=100 old=102611,102611,102611,102611,102611,102611,102611,102611,102611,102611 opt=35011,35011,35011,35011,35011,35011,35011,35011,35011,35011
BENCH family=mp logn=5 pi=294 dir=0 calls=100 old=212111,212111,212111,212111,212111,212111,212111,212111,212111,212111 opt=72611,72611,72611,72611,72611,72611,72611,72611,72611,72611
BENCH family=mp logn=5 pi=294 dir=1 calls=100 old=241811,241811,241811,241811,241811,241811,241811,241811,241811,241811 opt=74311,74311,74311,74311,74311,74311,74311,74311,74311,74311
BENCH family=mp logn=6 pi=294 dir=0 calls=100 old=485211,485211,485211,485211,485211,485211,485211,485211,485211,485211 opt=150211,150211,150211,150211,150211,150211,150211,150211,150211,150211
BENCH family=mp logn=6 pi=294 dir=1 calls=100 old=555811,555811,555811,555811,555811,555811,555811,555811,555811,555811 opt=152311,152311,152311,152311,152311,152311,152311,152311,152311,152311
BENCH family=mp logn=7 pi=294 dir=0 calls=100 old=1124411,1124411,1124411,1124411,1124411,1124411,1124411,1124411,1124411,1124411 opt=348511,348511,348511,348511,348511,348511,348511,348511,348511,348511
BENCH family=mp logn=7 pi=294 dir=1 calls=100 old=1283811,1283811,1283811,1283811,1283811,1283811,1283811,1283811,1283811,1283811 opt=341811,341811,341811,341811,341811,341811,341811,341811,341811,341811
BENCH family=mp logn=8 pi=294 dir=0 calls=100 old=2503111,2503111,2503111,2503111,2503111,2503111,2503111,2503111,2503111,2503111 opt=759411,759411,759411,759411,759411,759411,759411,759411,759411,759411
BENCH family=mp logn=8 pi=294 dir=1 calls=100 old=2866611,2866611,2866611,2866611,2866611,2866611,2866611,2866611,2866611,2866611 opt=735211,735212,735211,735211,735211,735211,735211,735211,735211,735211
BENCH family=mp logn=9 pi=294 dir=0 calls=100 old=5655911,5655911,5655911,5655911,5655911,5655912,5655911,5655911,5655911,5655911 opt=1709911,1709911,1709911,1709911,1709911,1709911,1709911,1709911,1709911,1709911
BENCH family=mp logn=9 pi=294 dir=1 calls=100 old=6458611,6458611,6458611,6458611,6458611,6458612,6458611,6458611,6458611,6458611 opt=1646711,1646711,1646711,1646711,1646711,1646711,1646711,1646711,1646711,1646711
BENCH family=mp logn=10 pi=294 dir=0 calls=100 old=12349811,12349811,12349812,12349811,12349811,12349811,12349811,12349812,12349811,12349811 opt=3696011,3696011,3696011,3696011,3696011,3696011,3696011,3696011,3696011,3696011
BENCH family=mp logn=10 pi=294 dir=1 calls=100 old=14134211,14134212,14134211,14134211,14134211,14134211,14134212,14134211,14134211,14134211 opt=3544111,3544111,3544111,3544111,3544111,3544111,3544111,3544111,3544111,3544111
BENCH family=mp logn=4 pi=295 dir=0 calls=100 old=89711,89711,89711,89711,89711,89711,89711,89711,89711,89711 opt=32411,32411,32411,32411,32411,32411,32411,32411,32411,32411
BENCH family=mp logn=4 pi=295 dir=1 calls=100 old=102611,102611,102611,102611,102611,102611,102611,102611,102611,102611 opt=35011,35011,35011,35011,35011,35011,35011,35011,35011,35011
BENCH family=mp logn=5 pi=295 dir=0 calls=100 old=212111,212111,212111,212111,212111,212111,212111,212111,212111,212111 opt=72611,72611,72611,72611,72611,72611,72611,72611,72611,72611
BENCH family=mp logn=5 pi=295 dir=1 calls=100 old=241811,241811,241811,241811,241811,241811,241811,241811,241811,241811 opt=74311,74311,74312,74311,74311,74311,74311,74311,74311,74311
BENCH family=mp logn=6 pi=295 dir=0 calls=100 old=485211,485211,485211,485211,485211,485211,485211,485211,485211,485211 opt=150211,150211,150211,150211,150211,150211,150211,150211,150211,150211
BENCH family=mp logn=6 pi=295 dir=1 calls=100 old=555811,555811,555811,555811,555811,555811,555811,555811,555811,555811 opt=152311,152311,152311,152311,152311,152311,152311,152311,152311,152311
BENCH family=mp logn=7 pi=295 dir=0 calls=100 old=1124411,1124411,1124411,1124411,1124411,1124411,1124411,1124411,1124411,1124411 opt=348511,348511,348511,348511,348511,348511,348511,348511,348511,348511
BENCH family=mp logn=7 pi=295 dir=1 calls=100 old=1283811,1283811,1283811,1283811,1283811,1283811,1283811,1283811,1283811,1283811 opt=341811,341811,341811,341811,341811,341811,341811,341811,341811,341811
BENCH family=mp logn=8 pi=295 dir=0 calls=100 old=2503111,2503111,2503111,2503111,2503111,2503111,2503111,2503111,2503111,2503111 opt=759411,759411,759411,759411,759412,759411,759411,759411,759411,759411
BENCH family=mp logn=8 pi=295 dir=1 calls=100 old=2866611,2866611,2866611,2866611,2866611,2866611,2866611,2866611,2866611,2866611 opt=735211,735211,735211,735211,735211,735211,735211,735211,735211,735211
BENCH family=mp logn=9 pi=295 dir=0 calls=100 old=5655911,5655911,5655912,5655911,5655911,5655911,5655911,5655911,5655911,5655911 opt=1709911,1709911,1709911,1709911,1709911,1709911,1709911,1709911,1709911,1709911
BENCH family=mp logn=9 pi=295 dir=1 calls=100 old=6458611,6458611,6458612,6458611,6458611,6458611,6458611,6458611,6458611,6458611 opt=1646711,1646711,1646711,1646711,1646711,1646711,1646711,1646711,1646711,1646711
BENCH family=mp logn=10 pi=295 dir=0 calls=100 old=12349811,12349811,12349811,12349811,12349811,12349812,12349811,12349811,12349811,12349811 opt=3696012,3696011,3696011,3696011,3696011,3696011,3696011,3696011,3696011,3696011
BENCH family=mp logn=10 pi=295 dir=1 calls=100 old=14134212,14134211,14134211,14134211,14134211,14134211,14134211,14134211,14134211,14134212 opt=3544111,3544111,3544111,3544111,3544111,3544112,3544111,3544111,3544111,3544111
BENCH family=mp logn=4 pi=296 dir=0 calls=100 old=89711,89711,89711,89711,89711,89711,89711,89711,89711,89711 opt=32411,32411,32411,32411,32411,32411,32411,32411,32411,32411
BENCH family=mp logn=4 pi=296 dir=1 calls=100 old=102611,102611,102611,102611,102611,102611,102611,102611,102611,102611 opt=35011,35011,35011,35011,35011,35011,35011,35011,35011,35011
BENCH family=mp logn=5 pi=296 dir=0 calls=100 old=212111,212111,212111,212111,212111,212111,212111,212111,212111,212111 opt=72611,72611,72611,72611,72611,72611,72611,72611,72611,72611
BENCH family=mp logn=5 pi=296 dir=1 calls=100 old=241811,241811,241811,241811,241811,241811,241811,241811,241811,241811 opt=74311,74311,74311,74311,74311,74311,74311,74311,74311,74311
BENCH family=mp logn=6 pi=296 dir=0 calls=100 old=485211,485211,485211,485211,485211,485211,485211,485211,485211,485211 opt=150211,150211,150211,150211,150211,150211,150211,150211,150211,150211
BENCH family=mp logn=6 pi=296 dir=1 calls=100 old=555811,555811,555811,555811,555811,555811,555811,555811,555811,555811 opt=152311,152311,152311,152311,152311,152311,152311,152311,152311,152311
BENCH family=mp logn=7 pi=296 dir=0 calls=100 old=1124411,1124411,1124411,1124411,1124411,1124411,1124411,1124411,1124411,1124411 opt=348511,348511,348511,348511,348511,348511,348511,348511,348511,348511
BENCH family=mp logn=7 pi=296 dir=1 calls=100 old=1283811,1283811,1283811,1283811,1283811,1283811,1283811,1283811,1283811,1283811 opt=341811,341811,341811,341811,341811,341811,341811,341811,341811,341811
BENCH family=mp logn=8 pi=296 dir=0 calls=100 old=2503111,2503111,2503111,2503111,2503111,2503111,2503111,2503111,2503111,2503111 opt=759411,759411,759411,759411,759411,759411,759411,759411,759411,759411
BENCH family=mp logn=8 pi=296 dir=1 calls=100 old=2866611,2866611,2866611,2866611,2866611,2866611,2866611,2866611,2866611,2866612 opt=735211,735211,735211,735211,735211,735211,735211,735211,735211,735211
BENCH family=mp logn=9 pi=296 dir=0 calls=100 old=5655911,5655911,5655911,5655911,5655911,5655911,5655911,5655911,5655911,5655911 opt=1709911,1709911,1709911,1709911,1709911,1709911,1709911,1709911,1709911,1709911
BENCH family=mp logn=9 pi=296 dir=1 calls=100 old=6458611,6458611,6458611,6458611,6458611,6458611,6458611,6458611,6458611,6458612 opt=1646711,1646711,1646711,1646711,1646711,1646711,1646711,1646711,1646711,1646711
BENCH family=mp logn=10 pi=296 dir=0 calls=100 old=12349811,12349811,12349811,12349811,12349812,12349811,12349811,12349811,12349811,12349812 opt=3696011,3696011,3696011,3696011,3696011,3696011,3696011,3696011,3696011,3696011
BENCH family=mp logn=10 pi=296 dir=1 calls=100 old=14134211,14134211,14134211,14134212,14134211,14134211,14134211,14134211,14134212,14134211 opt=3544111,3544111,3544111,3544111,3544111,3544111,3544111,3544111,3544111,3544111
BENCH family=mp logn=4 pi=297 dir=0 calls=100 old=89711,89711,89711,89711,89711,89711,89711,89711,89711,89711 opt=32411,32411,32411,32411,32411,32411,32411,32411,32411,32411
BENCH family=mp logn=4 pi=297 dir=1 calls=100 old=102611,102611,102611,102611,102611,102611,102611,102611,102611,102611 opt=35011,35011,35011,35011,35011,35011,35011,35011,35011,35011
BENCH family=mp logn=5 pi=297 dir=0 calls=100 old=212111,212111,212111,212111,212111,212111,212111,212111,212111,212111 opt=72611,72611,72611,72611,72611,72611,72611,72611,72611,72611
BENCH family=mp logn=5 pi=297 dir=1 calls=100 old=241811,241811,241811,241811,241811,241811,241811,241811,241811,241811 opt=74311,74311,74311,74311,74311,74311,74311,74311,74311,74311
BENCH family=mp logn=6 pi=297 dir=0 calls=100 old=485211,485211,485211,485211,485211,485211,485211,485211,485211,485211 opt=150211,150211,150211,150211,150211,150211,150211,150211,150211,150211
BENCH family=mp logn=6 pi=297 dir=1 calls=100 old=555811,555811,555811,555811,555811,555811,555811,555811,555811,555811 opt=152311,152311,152311,152311,152311,152311,152311,152311,152311,152311
BENCH family=mp logn=7 pi=297 dir=0 calls=100 old=1124411,1124411,1124412,1124411,1124411,1124411,1124411,1124411,1124411,1124411 opt=348511,348511,348511,348511,348511,348511,348511,348511,348511,348511
BENCH family=mp logn=7 pi=297 dir=1 calls=100 old=1283811,1283811,1283811,1283811,1283811,1283811,1283811,1283811,1283811,1283811 opt=341811,341811,341811,341811,341811,341811,341811,341811,341811,341811
BENCH family=mp logn=8 pi=297 dir=0 calls=100 old=2503111,2503111,2503111,2503111,2503111,2503111,2503111,2503111,2503111,2503111 opt=759411,759411,759411,759411,759411,759411,759411,759411,759411,759411
BENCH family=mp logn=8 pi=297 dir=1 calls=100 old=2866611,2866611,2866612,2866611,2866611,2866611,2866611,2866611,2866611,2866611 opt=735211,735211,735211,735211,735211,735211,735211,735211,735211,735211
BENCH family=mp logn=9 pi=297 dir=0 calls=100 old=5655911,5655911,5655911,5655911,5655911,5655911,5655912,5655911,5655911,5655911 opt=1709911,1709911,1709911,1709911,1709911,1709911,1709911,1709911,1709911,1709911
BENCH family=mp logn=9 pi=297 dir=1 calls=100 old=6458611,6458611,6458611,6458611,6458611,6458611,6458612,6458611,6458611,6458611 opt=1646711,1646711,1646711,1646711,1646711,1646711,1646711,1646711,1646711,1646711
BENCH family=mp logn=10 pi=297 dir=0 calls=100 old=12349811,12349811,12349811,12349811,12349811,12349811,12349811,12349812,12349811,12349811 opt=3696011,3696011,3696012,3696011,3696011,3696011,3696011,3696011,3696011,3696011
BENCH family=mp logn=10 pi=297 dir=1 calls=100 old=14134211,14134211,14134212,14134211,14134211,14134211,14134211,14134211,14134211,14134211 opt=3544111,3544111,3544111,3544111,3544111,3544111,3544111,3544111,3544111,3544111
BENCH family=mp logn=4 pi=298 dir=0 calls=100 old=89711,89711,89711,89711,89711,89711,89711,89711,89711,89711 opt=32411,32411,32411,32411,32411,32411,32411,32411,32411,32411
BENCH family=mp logn=4 pi=298 dir=1 calls=100 old=102611,102611,102611,102611,102611,102611,102611,102611,102611,102611 opt=35011,35011,35011,35011,35011,35011,35011,35011,35011,35011
BENCH family=mp logn=5 pi=298 dir=0 calls=100 old=212111,212111,212111,212111,212111,212111,212111,212111,212111,212111 opt=72611,72611,72611,72611,72611,72611,72611,72611,72611,72611
BENCH family=mp logn=5 pi=298 dir=1 calls=100 old=241811,241811,241811,241811,241811,241811,241811,241811,241811,241811 opt=74311,74311,74311,74311,74311,74311,74311,74311,74311,74311
BENCH family=mp logn=6 pi=298 dir=0 calls=100 old=485211,485211,485211,485211,485211,485211,485211,485211,485211,485211 opt=150211,150211,150211,150211,150211,150211,150211,150211,150211,150211
BENCH family=mp logn=6 pi=298 dir=1 calls=100 old=555811,555811,555811,555811,555811,555811,555811,555811,555811,555811 opt=152311,152311,152311,152311,152311,152311,152311,152311,152311,152311
BENCH family=mp logn=7 pi=298 dir=0 calls=100 old=1124411,1124411,1124411,1124411,1124411,1124411,1124411,1124411,1124411,1124411 opt=348511,348511,348511,348511,348511,348511,348511,348511,348511,348511
BENCH family=mp logn=7 pi=298 dir=1 calls=100 old=1283811,1283811,1283811,1283811,1283811,1283811,1283811,1283811,1283811,1283811 opt=341811,341811,341811,341811,341811,341811,341811,341811,341811,341811
BENCH family=mp logn=8 pi=298 dir=0 calls=100 old=2503111,2503111,2503111,2503111,2503111,2503111,2503112,2503111,2503111,2503111 opt=759411,759411,759411,759411,759411,759411,759411,759411,759411,759411
BENCH family=mp logn=8 pi=298 dir=1 calls=100 old=2866611,2866611,2866611,2866611,2866611,2866611,2866611,2866611,2866611,2866611 opt=735211,735211,735211,735211,735211,735211,735211,735211,735211,735211
BENCH family=mp logn=9 pi=298 dir=0 calls=100 old=5655911,5655911,5655911,5655911,5655911,5655911,5655911,5655911,5655911,5655911 opt=1709911,1709911,1709911,1709912,1709911,1709911,1709911,1709911,1709911,1709911
BENCH family=mp logn=9 pi=298 dir=1 calls=100 old=6458611,6458611,6458611,6458611,6458611,6458611,6458611,6458611,6458611,6458611 opt=1646711,1646711,1646711,1646712,1646711,1646711,1646711,1646711,1646711,1646711
BENCH family=mp logn=10 pi=298 dir=0 calls=100 old=12349811,12349811,12349811,12349811,12349811,12349811,12349812,12349811,12349811,12349811 opt=3696011,3696012,3696011,3696011,3696011,3696011,3696011,3696011,3696011,3696011
BENCH family=mp logn=10 pi=298 dir=1 calls=100 old=14134212,14134211,14134211,14134211,14134211,14134212,14134211,14134211,14134211,14134212 opt=3544111,3544111,3544111,3544111,3544111,3544111,3544111,3544111,3544111,3544111
BENCH family=mp logn=4 pi=299 dir=0 calls=100 old=89711,89711,89711,89711,89711,89711,89711,89711,89711,89711 opt=32411,32411,32411,32411,32411,32411,32411,32411,32411,32411
BENCH family=mp logn=4 pi=299 dir=1 calls=100 old=102611,102611,102611,102611,102611,102611,102611,102611,102611,102611 opt=35011,35011,35011,35011,35011,35011,35011,35011,35011,35011
BENCH family=mp logn=5 pi=299 dir=0 calls=100 old=212111,212111,212111,212111,212111,212111,212111,212111,212111,212111 opt=72611,72611,72611,72611,72611,72611,72611,72611,72611,72611
BENCH family=mp logn=5 pi=299 dir=1 calls=100 old=241811,241811,241811,241811,241811,241811,241811,241811,241811,241811 opt=74311,74311,74311,74311,74311,74311,74311,74311,74311,74311
BENCH family=mp logn=6 pi=299 dir=0 calls=100 old=485211,485211,485211,485211,485211,485211,485211,485211,485211,485211 opt=150211,150211,150211,150211,150211,150211,150211,150211,150211,150211
BENCH family=mp logn=6 pi=299 dir=1 calls=100 old=555811,555811,555811,555811,555811,555811,555811,555811,555811,555811 opt=152311,152311,152311,152311,152311,152311,152311,152311,152311,152311
BENCH family=mp logn=7 pi=299 dir=0 calls=100 old=1124411,1124411,1124411,1124411,1124411,1124411,1124411,1124411,1124411,1124411 opt=348511,348511,348511,348511,348511,348511,348511,348511,348511,348511
BENCH family=mp logn=7 pi=299 dir=1 calls=100 old=1283811,1283811,1283811,1283811,1283811,1283811,1283811,1283811,1283812,1283811 opt=341811,341811,341811,341811,341811,341811,341811,341811,341811,341811
BENCH family=mp logn=8 pi=299 dir=0 calls=100 old=2503111,2503111,2503111,2503111,2503111,2503111,2503111,2503111,2503111,2503111 opt=759411,759411,759411,759411,759411,759411,759411,759411,759411,759411
BENCH family=mp logn=8 pi=299 dir=1 calls=100 old=2866611,2866611,2866611,2866611,2866611,2866611,2866611,2866611,2866611,2866611 opt=735211,735211,735211,735211,735211,735211,735211,735211,735211,735211
BENCH family=mp logn=9 pi=299 dir=0 calls=100 old=5655911,5655911,5655911,5655911,5655911,5655911,5655911,5655911,5655911,5655911 opt=1709911,1709911,1709911,1709911,1709911,1709911,1709911,1709911,1709911,1709911
BENCH family=mp logn=9 pi=299 dir=1 calls=100 old=6458611,6458611,6458611,6458611,6458611,6458611,6458611,6458611,6458611,6458612 opt=1646711,1646711,1646711,1646711,1646711,1646711,1646711,1646711,1646711,1646711
BENCH family=mp logn=10 pi=299 dir=0 calls=100 old=12349811,12349811,12349811,12349811,12349812,12349811,12349811,12349811,12349811,12349812 opt=3696011,3696011,3696011,3696011,3696011,3696011,3696011,3696011,3696011,3696011
BENCH family=mp logn=10 pi=299 dir=1 calls=100 old=14134211,14134211,14134211,14134212,14134211,14134211,14134211,14134211,14134212,14134211 opt=3544111,3544111,3544111,3544111,3544111,3544111,3544111,3544111,3544111,3544111
BENCH family=mp logn=4 pi=300 dir=0 calls=100 old=89711,89711,89711,89711,89711,89711,89711,89711,89711,89711 opt=32411,32411,32411,32411,32411,32411,32411,32411,32411,32411
BENCH family=mp logn=4 pi=300 dir=1 calls=100 old=102611,102611,102611,102611,102611,102611,102611,102611,102611,102611 opt=35011,35011,35011,35011,35011,35011,35011,35011,35011,35011
BENCH family=mp logn=5 pi=300 dir=0 calls=100 old=212111,212111,212111,212111,212111,212111,212111,212111,212111,212111 opt=72611,72611,72611,72611,72611,72611,72611,72611,72611,72611
BENCH family=mp logn=5 pi=300 dir=1 calls=100 old=241811,241811,241811,241811,241811,241811,241811,241811,241811,241811 opt=74311,74311,74311,74311,74311,74311,74311,74311,74311,74311
BENCH family=mp logn=6 pi=300 dir=0 calls=100 old=485211,485211,485211,485211,485211,485211,485211,485211,485211,485211 opt=150211,150211,150211,150211,150211,150211,150211,150211,150211,150211
BENCH family=mp logn=6 pi=300 dir=1 calls=100 old=555811,555811,555811,555811,555811,555811,555811,555811,555811,555811 opt=152311,152311,152311,152311,152311,152311,152311,152311,152311,152311
BENCH family=mp logn=7 pi=300 dir=0 calls=100 old=1124411,1124411,1124411,1124411,1124411,1124411,1124411,1124411,1124411,1124411 opt=348511,348511,348511,348511,348512,348511,348511,348511,348511,348511
BENCH family=mp logn=7 pi=300 dir=1 calls=100 old=1283811,1283811,1283811,1283811,1283811,1283811,1283811,1283811,1283811,1283811 opt=341811,341811,341811,341811,341811,341811,341811,341811,341811,341811
BENCH family=mp logn=8 pi=300 dir=0 calls=100 old=2503111,2503111,2503111,2503111,2503111,2503111,2503111,2503111,2503111,2503111 opt=759411,759411,759411,759411,759411,759411,759411,759411,759411,759411
BENCH family=mp logn=8 pi=300 dir=1 calls=100 old=2866611,2866611,2866611,2866612,2866611,2866611,2866611,2866611,2866611,2866611 opt=735211,735211,735211,735211,735211,735211,735211,735211,735211,735211
BENCH family=mp logn=9 pi=300 dir=0 calls=100 old=5655911,5655911,5655911,5655911,5655911,5655911,5655911,5655911,5655911,5655911 opt=1709911,1709911,1709911,1709911,1709911,1709911,1709912,1709911,1709911,1709911
BENCH family=mp logn=9 pi=300 dir=1 calls=100 old=6458611,6458611,6458611,6458611,6458611,6458611,6458612,6458611,6458611,6458611 opt=1646711,1646711,1646711,1646711,1646711,1646711,1646711,1646711,1646711,1646711
BENCH family=mp logn=10 pi=300 dir=0 calls=100 old=12349811,12349811,12349811,12349811,12349811,12349811,12349811,12349812,12349811,12349811 opt=3696011,3696011,3696012,3696011,3696011,3696011,3696011,3696011,3696011,3696011
BENCH family=mp logn=10 pi=300 dir=1 calls=100 old=14134211,14134211,14134212,14134211,14134211,14134211,14134211,14134211,14134211,14134211 opt=3544111,3544111,3544111,3544111,3544111,3544111,3544112,3544111,3544111,3544111
BENCH family=mp logn=4 pi=301 dir=0 calls=100 old=89711,89711,89711,89711,89711,89711,89711,89711,89711,89711 opt=32411,32411,32411,32411,32411,32411,32411,32411,32411,32411
BENCH family=mp logn=4 pi=301 dir=1 calls=100 old=102611,102611,102611,102611,102611,102611,102611,102611,102611,102611 opt=35011,35011,35011,35011,35011,35011,35011,35011,35011,35011
BENCH family=mp logn=5 pi=301 dir=0 calls=100 old=212111,212111,212111,212111,212111,212111,212111,212111,212111,212111 opt=72611,72611,72611,72611,72611,72611,72611,72611,72611,72611
BENCH family=mp logn=5 pi=301 dir=1 calls=100 old=241811,241811,241811,241811,241811,241811,241811,241811,241811,241811 opt=74311,74311,74311,74311,74311,74311,74311,74311,74311,74311
BENCH family=mp logn=6 pi=301 dir=0 calls=100 old=485211,485211,485211,485211,485211,485211,485211,485211,485211,485211 opt=150211,150211,150211,150211,150211,150211,150211,150211,150211,150211
BENCH family=mp logn=6 pi=301 dir=1 calls=100 old=555811,555811,555811,555811,555811,555811,555811,555811,555811,555811 opt=152311,152311,152311,152311,152311,152311,152311,152311,152311,152311
BENCH family=mp logn=7 pi=301 dir=0 calls=100 old=1124411,1124411,1124411,1124411,1124411,1124411,1124411,1124411,1124411,1124411 opt=348511,348511,348511,348511,348511,348511,348511,348511,348511,348511
BENCH family=mp logn=7 pi=301 dir=1 calls=100 old=1283811,1283811,1283811,1283811,1283811,1283811,1283811,1283811,1283811,1283811 opt=341811,341811,341811,341811,341811,341811,341811,341811,341811,341811
BENCH family=mp logn=8 pi=301 dir=0 calls=100 old=2503111,2503111,2503111,2503111,2503111,2503111,2503112,2503111,2503111,2503111 opt=759411,759411,759411,759411,759411,759411,759411,759411,759411,759411
BENCH family=mp logn=8 pi=301 dir=1 calls=100 old=2866611,2866611,2866611,2866611,2866611,2866611,2866611,2866611,2866611,2866611 opt=735211,735211,735211,735211,735211,735211,735211,735211,735211,735211
BENCH family=mp logn=9 pi=301 dir=0 calls=100 old=5655911,5655911,5655911,5655912,5655911,5655911,5655911,5655911,5655911,5655911 opt=1709911,1709911,1709911,1709911,1709911,1709911,1709911,1709911,1709911,1709911
BENCH family=mp logn=9 pi=301 dir=1 calls=100 old=6458611,6458611,6458611,6458612,6458611,6458611,6458611,6458611,6458611,6458611 opt=1646711,1646711,1646711,1646711,1646711,1646711,1646711,1646711,1646711,1646711
BENCH family=mp logn=10 pi=301 dir=0 calls=100 old=12349811,12349812,12349811,12349811,12349811,12349811,12349812,12349811,12349811,12349811 opt=3696011,3696011,3696011,3696011,3696011,3696011,3696011,3696011,3696011,3696011
BENCH family=mp logn=10 pi=301 dir=1 calls=100 old=14134212,14134211,14134211,14134211,14134211,14134212,14134211,14134211,14134211,14134212 opt=3544111,3544111,3544111,3544111,3544111,3544111,3544111,3544111,3544111,3544111
BENCH family=mp logn=4 pi=302 dir=0 calls=100 old=89711,89711,89711,89711,89711,89711,89711,89711,89711,89711 opt=32411,32411,32411,32411,32411,32411,32411,32411,32411,32411
BENCH family=mp logn=4 pi=302 dir=1 calls=100 old=102611,102611,102611,102611,102611,102611,102611,102611,102611,102611 opt=35011,35011,35011,35011,35011,35011,35011,35011,35011,35011
BENCH family=mp logn=5 pi=302 dir=0 calls=100 old=212111,212111,212111,212111,212111,212111,212111,212111,212111,212111 opt=72611,72611,72611,72611,72611,72611,72611,72611,72611,72611
BENCH family=mp logn=5 pi=302 dir=1 calls=100 old=241811,241811,241811,241811,241811,241811,241811,241811,241811,241811 opt=74311,74311,74311,74311,74311,74311,74311,74311,74311,74311
BENCH family=mp logn=6 pi=302 dir=0 calls=100 old=485211,485211,485211,485211,485211,485211,485211,485211,485211,485211 opt=150211,150211,150211,150211,150211,150211,150211,150211,150211,150211
BENCH family=mp logn=6 pi=302 dir=1 calls=100 old=555811,555811,555811,555811,555811,555811,555811,555811,555811,555811 opt=152311,152311,152311,152311,152311,152311,152311,152311,152311,152311
BENCH family=mp logn=7 pi=302 dir=0 calls=100 old=1124411,1124411,1124411,1124411,1124411,1124411,1124411,1124411,1124411,1124411 opt=348511,348511,348511,348511,348511,348511,348511,348511,348511,348511
BENCH family=mp logn=7 pi=302 dir=1 calls=100 old=1283811,1283811,1283811,1283811,1283811,1283811,1283811,1283812,1283811,1283811 opt=341811,341811,341811,341811,341811,341811,341811,341811,341811,341811
BENCH family=mp logn=8 pi=302 dir=0 calls=100 old=2503111,2503111,2503111,2503111,2503111,2503111,2503111,2503111,2503111,2503111 opt=759411,759411,759411,759411,759411,759411,759411,759411,759411,759411
BENCH family=mp logn=8 pi=302 dir=1 calls=100 old=2866611,2866611,2866611,2866611,2866611,2866611,2866611,2866611,2866611,2866611 opt=735211,735211,735211,735211,735211,735211,735211,735211,735211,735211
BENCH family=mp logn=9 pi=302 dir=0 calls=100 old=5655911,5655911,5655911,5655911,5655911,5655911,5655911,5655911,5655911,5655911 opt=1709911,1709911,1709911,1709911,1709911,1709911,1709911,1709911,1709911,1709911
BENCH family=mp logn=9 pi=302 dir=1 calls=100 old=6458611,6458611,6458611,6458611,6458611,6458611,6458611,6458611,6458611,6458612 opt=1646711,1646711,1646711,1646711,1646711,1646711,1646711,1646711,1646711,1646711
BENCH family=mp logn=10 pi=302 dir=0 calls=100 old=12349811,12349811,12349811,12349811,12349812,12349811,12349811,12349811,12349811,12349812 opt=3696011,3696011,3696011,3696011,3696011,3696011,3696011,3696011,3696011,3696011
BENCH family=mp logn=10 pi=302 dir=1 calls=100 old=14134211,14134211,14134211,14134212,14134211,14134211,14134211,14134211,14134212,14134211 opt=3544111,3544111,3544111,3544111,3544111,3544111,3544111,3544111,3544111,3544111
BENCH family=mp logn=4 pi=303 dir=0 calls=100 old=89711,89711,89711,89711,89711,89711,89711,89711,89711,89711 opt=32411,32411,32411,32411,32411,32411,32411,32411,32411,32411
BENCH family=mp logn=4 pi=303 dir=1 calls=100 old=102611,102611,102611,102611,102611,102611,102611,102611,102611,102611 opt=35011,35011,35011,35011,35011,35011,35011,35011,35011,35011
BENCH family=mp logn=5 pi=303 dir=0 calls=100 old=212111,212111,212111,212111,212111,212111,212111,212111,212111,212111 opt=72611,72611,72611,72611,72611,72611,72611,72611,72611,72611
BENCH family=mp logn=5 pi=303 dir=1 calls=100 old=241811,241811,241811,241811,241811,241811,241811,241811,241811,241811 opt=74311,74311,74311,74311,74311,74311,74311,74311,74311,74311
BENCH family=mp logn=6 pi=303 dir=0 calls=100 old=485211,485211,485211,485211,485211,485211,485211,485211,485211,485211 opt=150211,150211,150211,150211,150211,150211,150211,150211,150211,150211
BENCH family=mp logn=6 pi=303 dir=1 calls=100 old=555811,555811,555811,555811,555811,555811,555811,555811,555811,555811 opt=152311,152311,152311,152311,152311,152311,152311,152311,152311,152311
BENCH family=mp logn=7 pi=303 dir=0 calls=100 old=1124411,1124411,1124411,1124412,1124411,1124411,1124411,1124411,1124411,1124411 opt=348511,348511,348511,348511,348511,348511,348511,348511,348511,348511
BENCH family=mp logn=7 pi=303 dir=1 calls=100 old=1283811,1283811,1283811,1283811,1283811,1283811,1283811,1283811,1283811,1283811 opt=341811,341811,341811,341811,341811,341811,341811,341811,341811,341811
BENCH family=mp logn=8 pi=303 dir=0 calls=100 old=2503111,2503111,2503111,2503111,2503111,2503111,2503111,2503111,2503111,2503111 opt=759411,759411,759411,759411,759411,759411,759411,759411,759411,759411
BENCH family=mp logn=8 pi=303 dir=1 calls=100 old=2866611,2866611,2866611,2866611,2866611,2866611,2866611,2866611,2866611,2866611 opt=735211,735211,735212,735211,735211,735211,735211,735211,735211,735211
BENCH family=mp logn=9 pi=303 dir=0 calls=100 old=5655911,5655911,5655911,5655911,5655911,5655911,5655912,5655911,5655911,5655911 opt=1709911,1709911,1709911,1709911,1709911,1709911,1709911,1709911,1709911,1709911
BENCH family=mp logn=9 pi=303 dir=1 calls=100 old=6458611,6458611,6458611,6458611,6458611,6458611,6458612,6458611,6458611,6458611 opt=1646711,1646711,1646711,1646711,1646711,1646711,1646711,1646711,1646711,1646711
BENCH family=mp logn=10 pi=303 dir=0 calls=100 old=12349811,12349811,12349811,12349811,12349811,12349811,12349811,12349812,12349811,12349811 opt=3696011,3696011,3696012,3696011,3696011,3696011,3696011,3696011,3696011,3696011
BENCH family=mp logn=10 pi=303 dir=1 calls=100 old=14134211,14134211,14134212,14134211,14134211,14134211,14134211,14134211,14134211,14134211 opt=3544111,3544111,3544111,3544111,3544111,3544111,3544112,3544111,3544111,3544111
BENCH family=mp logn=4 pi=304 dir=0 calls=100 old=89711,89711,89711,89711,89711,89711,89711,89711,89711,89711 opt=32411,32411,32411,32411,32411,32411,32411,32411,32411,32411
BENCH family=mp logn=4 pi=304 dir=1 calls=100 old=102611,102611,102611,102611,102611,102611,102611,102611,102611,102611 opt=35011,35011,35011,35011,35011,35011,35011,35011,35011,35011
BENCH family=mp logn=5 pi=304 dir=0 calls=100 old=212111,212111,212111,212111,212111,212111,212111,212111,212111,212111 opt=72611,72611,72611,72611,72611,72611,72611,72611,72611,72611
BENCH family=mp logn=5 pi=304 dir=1 calls=100 old=241811,241811,241811,241811,241811,241811,241811,241811,241811,241811 opt=74311,74311,74311,74311,74311,74311,74311,74311,74311,74311
BENCH family=mp logn=6 pi=304 dir=0 calls=100 old=485211,485211,485211,485211,485211,485211,485211,485211,485211,485211 opt=150211,150211,150211,150211,150211,150211,150211,150211,150211,150211
BENCH family=mp logn=6 pi=304 dir=1 calls=100 old=555811,555811,555811,555811,555811,555811,555811,555811,555811,555811 opt=152311,152311,152311,152311,152311,152311,152311,152311,152311,152311
BENCH family=mp logn=7 pi=304 dir=0 calls=100 old=1124411,1124411,1124411,1124411,1124411,1124411,1124411,1124411,1124411,1124411 opt=348511,348511,348511,348511,348511,348511,348511,348511,348511,348511
BENCH family=mp logn=7 pi=304 dir=1 calls=100 old=1283811,1283811,1283811,1283811,1283811,1283811,1283811,1283811,1283811,1283811 opt=341811,341811,341811,341811,341811,341811,341811,341811,341811,341811
BENCH family=mp logn=8 pi=304 dir=0 calls=100 old=2503111,2503111,2503111,2503111,2503111,2503111,2503112,2503111,2503111,2503111 opt=759411,759411,759411,759411,759411,759411,759411,759411,759411,759411
BENCH family=mp logn=8 pi=304 dir=1 calls=100 old=2866611,2866611,2866611,2866611,2866611,2866611,2866611,2866611,2866611,2866611 opt=735211,735211,735211,735211,735211,735211,735211,735211,735211,735211
BENCH family=mp logn=9 pi=304 dir=0 calls=100 old=5655911,5655911,5655911,5655911,5655911,5655911,5655911,5655911,5655911,5655911 opt=1709911,1709911,1709911,1709912,1709911,1709911,1709911,1709911,1709911,1709911
BENCH family=mp logn=9 pi=304 dir=1 calls=100 old=6458611,6458611,6458611,6458611,6458611,6458611,6458611,6458611,6458611,6458611 opt=1646711,1646711,1646711,1646712,1646711,1646711,1646711,1646711,1646711,1646711
BENCH family=mp logn=10 pi=304 dir=0 calls=100 old=12349811,12349811,12349811,12349811,12349811,12349811,12349812,12349811,12349811,12349811 opt=3696011,3696012,3696011,3696011,3696011,3696011,3696011,3696011,3696011,3696011
BENCH family=mp logn=10 pi=304 dir=1 calls=100 old=14134212,14134211,14134211,14134211,14134211,14134212,14134211,14134211,14134211,14134212 opt=3544111,3544111,3544111,3544111,3544111,3544111,3544111,3544111,3544111,3544111
BENCH family=mp logn=4 pi=305 dir=0 calls=100 old=89711,89711,89711,89711,89711,89711,89711,89711,89711,89711 opt=32411,32411,32411,32411,32411,32411,32411,32411,32411,32411
BENCH family=mp logn=4 pi=305 dir=1 calls=100 old=102611,102611,102611,102611,102611,102611,102611,102611,102611,102611 opt=35011,35011,35011,35011,35011,35011,35011,35011,35011,35011
BENCH family=mp logn=5 pi=305 dir=0 calls=100 old=212111,212111,212111,212111,212111,212111,212111,212111,212111,212111 opt=72611,72611,72611,72611,72611,72611,72611,72611,72611,72611
BENCH family=mp logn=5 pi=305 dir=1 calls=100 old=241811,241811,241811,241811,241811,241811,241811,241811,241811,241811 opt=74311,74311,74311,74311,74311,74311,74311,74311,74311,74311
BENCH family=mp logn=6 pi=305 dir=0 calls=100 old=485211,485211,485211,485211,485211,485211,485211,485211,485211,485211 opt=150211,150211,150211,150211,150211,150211,150211,150211,150211,150211
BENCH family=mp logn=6 pi=305 dir=1 calls=100 old=555811,555811,555811,555811,555811,555811,555811,555811,555811,555811 opt=152311,152311,152311,152311,152311,152311,152311,152311,152311,152311
BENCH family=mp logn=7 pi=305 dir=0 calls=100 old=1124411,1124411,1124411,1124411,1124411,1124411,1124411,1124411,1124411,1124411 opt=348511,348511,348511,348511,348511,348511,348511,348511,348511,348511
BENCH family=mp logn=7 pi=305 dir=1 calls=100 old=1283811,1283811,1283811,1283811,1283811,1283811,1283811,1283811,1283812,1283811 opt=341811,341811,341811,341811,341811,341811,341811,341811,341811,341811
BENCH family=mp logn=8 pi=305 dir=0 calls=100 old=2503111,2503111,2503111,2503111,2503111,2503111,2503111,2503111,2503111,2503111 opt=759411,759411,759411,759411,759411,759411,759411,759411,759411,759411
BENCH family=mp logn=8 pi=305 dir=1 calls=100 old=2866611,2866611,2866611,2866611,2866611,2866611,2866611,2866611,2866611,2866611 opt=735211,735211,735211,735211,735211,735211,735211,735211,735211,735211
BENCH family=mp logn=9 pi=305 dir=0 calls=100 old=5655911,5655911,5655911,5655911,5655911,5655911,5655911,5655911,5655911,5655911 opt=1709911,1709911,1709911,1709911,1709911,1709911,1709911,1709911,1709911,1709911
BENCH family=mp logn=9 pi=305 dir=1 calls=100 old=6458611,6458611,6458611,6458611,6458611,6458611,6458611,6458611,6458611,6458612 opt=1646711,1646711,1646711,1646711,1646711,1646711,1646711,1646711,1646711,1646711
BENCH family=mp logn=10 pi=305 dir=0 calls=100 old=12349811,12349811,12349811,12349811,12349812,12349811,12349811,12349811,12349811,12349812 opt=3696011,3696011,3696011,3696011,3696011,3696011,3696011,3696011,3696011,3696011
BENCH family=mp logn=10 pi=305 dir=1 calls=100 old=14134211,14134211,14134211,14134212,14134211,14134211,14134211,14134211,14134212,14134211 opt=3544111,3544111,3544111,3544111,3544111,3544111,3544111,3544111,3544111,3544111
BENCH family=mp logn=4 pi=306 dir=0 calls=100 old=89711,89711,89711,89711,89711,89711,89711,89711,89711,89711 opt=32411,32411,32411,32411,32411,32411,32411,32411,32411,32411
BENCH family=mp logn=4 pi=306 dir=1 calls=100 old=102611,102611,102611,102611,102611,102611,102611,102611,102611,102611 opt=35011,35011,35011,35011,35011,35011,35011,35011,35011,35011
BENCH family=mp logn=5 pi=306 dir=0 calls=100 old=212111,212111,212111,212111,212111,212111,212111,212111,212111,212111 opt=72611,72611,72611,72611,72611,72611,72611,72611,72611,72611
BENCH family=mp logn=5 pi=306 dir=1 calls=100 old=241811,241811,241811,241811,241811,241811,241811,241811,241811,241811 opt=74311,74311,74311,74311,74311,74311,74311,74311,74311,74311
BENCH family=mp logn=6 pi=306 dir=0 calls=100 old=485211,485211,485211,485211,485211,485211,485211,485211,485211,485211 opt=150211,150211,150211,150211,150211,150211,150211,150211,150211,150211
BENCH family=mp logn=6 pi=306 dir=1 calls=100 old=555811,555811,555811,555811,555811,555811,555811,555811,555811,555811 opt=152311,152311,152311,152311,152311,152311,152311,152311,152311,152311
BENCH family=mp logn=7 pi=306 dir=0 calls=100 old=1124411,1124411,1124411,1124411,1124412,1124411,1124411,1124411,1124411,1124411 opt=348511,348511,348511,348511,348511,348511,348511,348511,348511,348511
BENCH family=mp logn=7 pi=306 dir=1 calls=100 old=1283811,1283811,1283811,1283811,1283811,1283811,1283811,1283811,1283811,1283811 opt=341811,341811,341811,341811,341811,341811,341811,341811,341811,341811
BENCH family=mp logn=8 pi=306 dir=0 calls=100 old=2503111,2503111,2503111,2503111,2503111,2503111,2503111,2503111,2503111,2503111 opt=759411,759411,759411,759411,759411,759411,759411,759411,759411,759411
BENCH family=mp logn=8 pi=306 dir=1 calls=100 old=2866611,2866611,2866611,2866612,2866611,2866611,2866611,2866611,2866611,2866611 opt=735211,735211,735211,735211,735211,735211,735211,735211,735211,735211
BENCH family=mp logn=9 pi=306 dir=0 calls=100 old=5655911,5655911,5655911,5655911,5655911,5655911,5655911,5655911,5655911,5655911 opt=1709911,1709911,1709911,1709911,1709911,1709911,1709912,1709911,1709911,1709911
BENCH family=mp logn=9 pi=306 dir=1 calls=100 old=6458611,6458611,6458611,6458611,6458611,6458611,6458612,6458611,6458611,6458611 opt=1646711,1646711,1646711,1646711,1646711,1646711,1646711,1646711,1646711,1646711
BENCH family=mp logn=10 pi=306 dir=0 calls=100 old=12349811,12349811,12349811,12349811,12349811,12349811,12349811,12349812,12349811,12349811 opt=3696011,3696011,3696012,3696011,3696011,3696011,3696011,3696011,3696011,3696011
BENCH family=mp logn=10 pi=306 dir=1 calls=100 old=14134211,14134211,14134212,14134211,14134211,14134211,14134211,14134211,14134211,14134211 opt=3544111,3544111,3544111,3544111,3544111,3544111,3544112,3544111,3544111,3544111
BENCH family=mp logn=4 pi=307 dir=0 calls=100 old=89711,89711,89711,89711,89711,89711,89711,89711,89711,89711 opt=32411,32411,32411,32411,32411,32411,32411,32411,32411,32411
BENCH family=mp logn=4 pi=307 dir=1 calls=100 old=102611,102611,102611,102611,102611,102611,102611,102611,102611,102611 opt=35011,35011,35011,35011,35011,35011,35011,35011,35011,35011
BENCH family=mp logn=5 pi=307 dir=0 calls=100 old=212111,212111,212111,212111,212111,212111,212111,212111,212111,212111 opt=72611,72611,72611,72611,72611,72611,72611,72611,72611,72611
BENCH family=mp logn=5 pi=307 dir=1 calls=100 old=241811,241811,241811,241811,241811,241811,241811,241811,241811,241811 opt=74311,74311,74311,74311,74311,74311,74311,74311,74311,74311
BENCH family=mp logn=6 pi=307 dir=0 calls=100 old=485212,485211,485211,485211,485211,485211,485211,485211,485211,485211 opt=150211,150211,150211,150211,150211,150211,150211,150211,150211,150211
BENCH family=mp logn=6 pi=307 dir=1 calls=100 old=555811,555811,555811,555811,555811,555811,555811,555811,555811,555811 opt=152311,152311,152311,152311,152311,152311,152311,152311,152311,152311
BENCH family=mp logn=7 pi=307 dir=0 calls=100 old=1124411,1124411,1124411,1124411,1124411,1124411,1124411,1124411,1124411,1124411 opt=348511,348511,348511,348511,348511,348511,348511,348511,348511,348511
BENCH family=mp logn=7 pi=307 dir=1 calls=100 old=1283811,1283811,1283811,1283811,1283811,1283811,1283811,1283811,1283811,1283811 opt=341811,341811,341811,341811,341811,341811,341811,341811,341811,341811
BENCH family=mp logn=8 pi=307 dir=0 calls=100 old=2503111,2503111,2503111,2503111,2503111,2503111,2503112,2503111,2503111,2503111 opt=759411,759411,759411,759411,759411,759411,759411,759411,759411,759411
BENCH family=mp logn=8 pi=307 dir=1 calls=100 old=2866611,2866611,2866611,2866611,2866611,2866611,2866611,2866611,2866611,2866611 opt=735211,735211,735211,735211,735211,735211,735211,735211,735211,735211
BENCH family=mp logn=9 pi=307 dir=0 calls=100 old=5655911,5655911,5655911,5655912,5655911,5655911,5655911,5655911,5655911,5655911 opt=1709911,1709911,1709911,1709911,1709911,1709911,1709911,1709911,1709911,1709911
BENCH family=mp logn=9 pi=307 dir=1 calls=100 old=6458611,6458611,6458611,6458612,6458611,6458611,6458611,6458611,6458611,6458611 opt=1646711,1646711,1646711,1646711,1646711,1646711,1646711,1646711,1646711,1646711
BENCH family=mp logn=10 pi=307 dir=0 calls=100 old=12349811,12349812,12349811,12349811,12349811,12349811,12349812,12349811,12349811,12349811 opt=3696011,3696011,3696011,3696011,3696011,3696011,3696011,3696011,3696011,3696011
BENCH family=mp logn=10 pi=307 dir=1 calls=100 old=14134211,14134211,14134211,14134211,14134211,14134212,14134211,14134211,14134211,14134212 opt=3544112,3544111,3544111,3544111,3544111,3544111,3544111,3544111,3544111,3544111
COMPARE_DONE records=4316 correctness=PASS timed_outputs=PASS
Info : Deferring arp_examine of stm32n6x.cpu
Info : Use arp_examine command to examine it manually!
Info : dropped 'gdb' connection
0x18005988 in ?? ()
Loading section rom_start, size 0x32c lma 0x10000000
Loading section text, size 0x143dc lma 0x10000330
Loading section .ARM.exidx, size 0x8 lma 0x30000000
Loading section initlevel, size 0xc8 lma 0x30000008
Loading section device_area, size 0x268 lma 0x300000d0
Loading section sw_isr_table, size 0x5d8 lma 0x30000338
Loading section gpio_driver_api_area, size 0x24 lma 0x30000910
Loading section reset_driver_api_area, size 0x10 lma 0x30000934
Loading section clock_control_driver_api_area, size 0x1c lma 0x30000944
Loading section otp_driver_api_area, size 0x4 lma 0x30000960
Loading section uart_driver_api_area, size 0x14 lma 0x30000964
Loading section rodata, size 0x7238 lma 0x30000980
Loading section datas, size 0x50 lma 0x30007bc0
Loading section device_states, size 0x2c lma 0x30007c10
Loading section k_mutex_area, size 0x14 lma 0x30007c3c
Loading section .last_section, size 0x4 lma 0x30007c50
Start address 0x1000f6b4, load size 115532
Transfer rate: 529 KB/sec, 5251 bytes/write.
Temporary breakpoint 1 at 0x1000c434: file /Users/seungwon/FALCON/fn-dsa_m55/function_compare/ntt_k4c/board/shim.c, line 254.
Hardware assisted breakpoint 2 at 0x1000f6a0: file /Users/seungwon/FALCON/fn-dsa_m55/measurement_mlkem_native/env/zephyr-4.4.1/arch/arm/core/cortex_m/fault_s.S, line 80.

Temporary breakpoint 1, get_bootargs () at /Users/seungwon/FALCON/fn-dsa_m55/function_compare/ntt_k4c/board/shim.c:254
254	  return mlk_bootargs_block;
TCM_CONTROL_START=0x99
TCM_MSCR_START=0x1300a
Restoring binary file /var/folders/cl/qszfy4ys3t51fgwf6m125j080000gt/T/tmpojuf1feh/argv.bin into memory (0x340b0000 to 0x340c0000)
Breakpoint 3 at 0x1000c3e4: file /Users/seungwon/FALCON/fn-dsa_m55/function_compare/ntt_k4c/board/shim.c, line 148.
Breakpoint 4 at 0x1000f6a0: file /Users/seungwon/FALCON/fn-dsa_m55/measurement_mlkem_native/env/zephyr-4.4.1/arch/arm/core/cortex_m/fault_s.S, line 80.

Breakpoint 3, nucleo_test_breakpoint (rc=rc@entry=0) at /Users/seungwon/FALCON/fn-dsa_m55/function_compare/ntt_k4c/board/shim.c:148
148	  __asm__ volatile("bkpt 0" ::: "memory");
[[NUCLEO-DONE]]
NUCLEO_EXIT_CODE=0
r0             0x0                 0
r1             0xe0000000          -536870912
r2             0x1000900           16779520
r3             0x984632            9979442
r4             0x0                 0
r5             0x300000d0          805306576
r6             0x30000910          805308688
r7             0x30017990          805403024
r8             0x300000d0          805306576
r9             0x30027ad0          805468880
r10            0x34102040          873472064
r11            0x56021800          1442977792
r12            0xa                 10
sp             0x30027a80          0x30027a80 <z_main_stack+65456>
lr             0x1000c42b          268485675
pc             0x1000c3e4          0x1000c3e4 <nucleo_test_breakpoint>
xpsr           0x10f0000           17760256
fpscr          0x40000             262144
msp            0x30017990          0x30017990 <z_idle_stacks>
psp            0x30027a80          0x30027a80 <z_main_stack+65456>
vpr            0xf0ff              [ P0=61695 MASK01=0 MASK23=0 ]
msp_ns         0x241077f0          0x241077f0
psp_ns         0x241077f0          0x241077f0
msp_s          0x30017990          0x30017990 <z_idle_stacks>
psp_s          0x30027a80          0x30027a80 <z_main_stack+65456>
primask        0x0                 0
basepri        0x0                 0
faultmask      0x0                 0
control        0x6                 6
msplim_s       0x30017190          0x30017190 <z_interrupt_stacks>
psplim_s       0x30017ad0          0x30017ad0 <z_main_stack>
msplim_ns      0x24106ff0          0x24106ff0
psplim_ns      0x24106ff0          0x24106ff0
primask_s      0x0                 0
basepri_s      0x0                 0
faultmask_s    0x0                 0
control_s      0x6                 6
primask_ns     0x0                 0
basepri_ns     0x0                 0
faultmask_ns   0x0                 0
control_ns     0x4                 4
p0             0xf0ff              -3841
0x30027a80 <z_main_stack+65456>:	0x00000000	0x1000c447	0x00000000	0x10012fcf
CFSR=0x0
HFSR=0x0
DFSR=0x0
MMFAR=0x0
BFAR=0x30040000
AFSR=0x0
SHCSR=0xf0000
CCR=0x611
MSP=0x30017990
PSP=0x30027a80
LR=0x1000c42b
PC=0x1000c3e4
STACKED_R0_R1_R2_R3_R12_LR_PC_XPSR:
0x30017990 <z_idle_stacks>:	0x00000000	0x00000000	0x00000000	0x00000000
0x300179a0 <z_idle_stacks+16>:	0x00000000	0x00000000	0x00000000	0x00000000
0xe000ed28:	0x00000000	0x00000000	0x00000000	0x00000000
0xe000ed38:	0x30040000
TCM_CONTROL_END=0x99
TCM_MSCR_END=0x1300a
[Inferior 1 (Remote target) detached]
none separate
Deferring arp_examine of stm32n6x.cpu
Use arp_examine command to examine it manually!
