
/Users/seungwon/FALCON/fn-dsa_m55/measurement_mlkem_native/build-combo-s1a-s2b-s3c/CMakeFiles/app.dir/Users/seungwon/FALCON/fn-dsa_m55/ntt_opt_4thStage/combinations/S1A_S2B_S3C/mq_cm55.s.obj:     file format elf32-littlearm


Disassembly of section .text:

00000000 <fndsa_mqpoly_small_to_int>:
       0:	b4f0      	push	{r4, r5, r6, r7}
       2:	2301      	movs	r3, #1
       4:	4083      	lsls	r3, r0
       6:	f243 0001 	movw	r0, #12289	@ 0x3001
       a:	f2c3 0001 	movt	r0, #12289	@ 0x3001
       e:	f04f 1701 	mov.w	r7, #65537	@ 0x10001

00000012 <fndsa_mqpoly_small_to_int__L1>:
      12:	f851 5b04 	ldr.w	r5, [r1], #4
      16:	fa2f f485 	sxtb16	r4, r5
      1a:	fa94 f600 	sadd16	r6, r4, r0
      1e:	fad4 fc07 	ssub16	ip, r4, r7
      22:	faa4 f486 	sel	r4, r4, r6
      26:	fa2f f595 	sxtb16	r5, r5, ror #8
      2a:	fa95 f600 	sadd16	r6, r5, r0
      2e:	fad5 fc07 	ssub16	ip, r5, r7
      32:	faa5 f586 	sel	r5, r5, r6
      36:	eac5 4624 	pkhtb	r6, r5, r4, asr #16
      3a:	eac4 4505 	pkhbt	r5, r4, r5, lsl #16
      3e:	e8e2 5602 	strd	r5, r6, [r2], #8
      42:	3b04      	subs	r3, #4
      44:	d1e5      	bne.n	12 <fndsa_mqpoly_small_to_int__L1>
      46:	bcf0      	pop	{r4, r5, r6, r7}
      48:	4770      	bx	lr
      4a:	bf00      	nop

0000004c <fndsa_mqpoly_signed_to_int>:
      4c:	b470      	push	{r4, r5, r6}
      4e:	2301      	movs	r3, #1
      50:	4083      	lsls	r3, r0
      52:	f243 0001 	movw	r0, #12289	@ 0x3001
      56:	f2c3 0001 	movt	r0, #12289	@ 0x3001
      5a:	f04f 1201 	mov.w	r2, #65537	@ 0x10001

0000005e <fndsa_mqpoly_signed_to_int__L1>:
      5e:	e9d1 4500 	ldrd	r4, r5, [r1]
      62:	fa94 f600 	sadd16	r6, r4, r0
      66:	fad4 fc02 	ssub16	ip, r4, r2
      6a:	faa4 f486 	sel	r4, r4, r6
      6e:	fa95 f600 	sadd16	r6, r5, r0
      72:	fad5 fc02 	ssub16	ip, r5, r2
      76:	faa5 f586 	sel	r5, r5, r6
      7a:	e8e1 4502 	strd	r4, r5, [r1], #8
      7e:	3b04      	subs	r3, #4
      80:	d1ed      	bne.n	5e <fndsa_mqpoly_signed_to_int__L1>
      82:	bc70      	pop	{r4, r5, r6}
      84:	4770      	bx	lr
      86:	bf00      	nop

00000088 <fndsa_mqpoly_int_to_ext>:
      88:	e92d 0070 	stmdb	sp!, {r4, r5, r6}
      8c:	2301      	movs	r3, #1
      8e:	4083      	lsls	r3, r0
      90:	f243 0001 	movw	r0, #12289	@ 0x3001
      94:	f2c3 0001 	movt	r0, #12289	@ 0x3001
      98:	f04f 32ff 	mov.w	r2, #4294967295	@ 0xffffffff
      9c:	f240 0600 	movw	r6, #0

000000a0 <fndsa_mqpoly_int_to_ext__L1>:
      a0:	e9d1 4500 	ldrd	r4, r5, [r1]
      a4:	fad4 fc00 	ssub16	ip, r4, r0
      a8:	faa6 f484 	sel	r4, r6, r4
      ac:	fad5 fc00 	ssub16	ip, r5, r0
      b0:	faa6 f585 	sel	r5, r6, r5
      b4:	e8e1 4502 	strd	r4, r5, [r1], #8
      b8:	3b04      	subs	r3, #4
      ba:	d1f1      	bne.n	a0 <fndsa_mqpoly_int_to_ext__L1>
      bc:	bc70      	pop	{r4, r5, r6}
      be:	4770      	bx	lr

000000c0 <fndsa_mqpoly_mul_ntt>:
      c0:	e92d 45f0 	stmdb	sp!, {r4, r5, r6, r7, r8, sl, lr}
      c4:	2301      	movs	r3, #1
      c6:	4083      	lsls	r3, r0
      c8:	f243 0a01 	movw	sl, #12289	@ 0x3001
      cc:	f642 7eff 	movw	lr, #12287	@ 0x2fff
      d0:	f2cf 7e00 	movt	lr, #63232	@ 0xf700
      d4:	f241 6020 	movw	r0, #5664	@ 0x1620

000000d8 <fndsa_mqpoly_mul_ntt__L1>:
      d8:	680d      	ldr	r5, [r1, #0]
      da:	684e      	ldr	r6, [r1, #4]
      dc:	f852 7b04 	ldr.w	r7, [r2], #4
      e0:	f852 8b04 	ldr.w	r8, [r2], #4
      e4:	fb15 f407 	smulbb	r4, r5, r7
      e8:	fb15 f537 	smultt	r5, r5, r7
      ec:	fb04 fc0e 	mul.w	ip, r4, lr
      f0:	fbec e46a 	umaal	lr, r4, ip, sl
      f4:	fb05 fc0e 	mul.w	ip, r5, lr
      f8:	fbec e56a 	umaal	lr, r5, ip, sl
      fc:	4344      	muls	r4, r0
      fe:	4345      	muls	r5, r0
     100:	fb04 fc0e 	mul.w	ip, r4, lr
     104:	fbec e46a 	umaal	lr, r4, ip, sl
     108:	fb05 fc0e 	mul.w	ip, r5, lr
     10c:	fbec e56a 	umaal	lr, r5, ip, sl
     110:	eac4 4705 	pkhbt	r7, r4, r5, lsl #16
     114:	f841 7b04 	str.w	r7, [r1], #4
     118:	fb16 f408 	smulbb	r4, r6, r8
     11c:	fb16 f538 	smultt	r5, r6, r8
     120:	fb04 fc0e 	mul.w	ip, r4, lr
     124:	fbec e46a 	umaal	lr, r4, ip, sl
     128:	fb05 fc0e 	mul.w	ip, r5, lr
     12c:	fbec e56a 	umaal	lr, r5, ip, sl
     130:	4344      	muls	r4, r0
     132:	4345      	muls	r5, r0
     134:	fb04 fc0e 	mul.w	ip, r4, lr
     138:	fbec e46a 	umaal	lr, r4, ip, sl
     13c:	fb05 fc0e 	mul.w	ip, r5, lr
     140:	fbec e56a 	umaal	lr, r5, ip, sl
     144:	eac4 4805 	pkhbt	r8, r4, r5, lsl #16
     148:	f841 8b04 	str.w	r8, [r1], #4
     14c:	3b04      	subs	r3, #4
     14e:	d1c3      	bne.n	d8 <fndsa_mqpoly_mul_ntt__L1>
     150:	e8bd 85f0 	ldmia.w	sp!, {r4, r5, r6, r7, r8, sl, pc}

00000154 <fndsa_mqpoly_sub>:
     154:	e92d 40f0 	stmdb	sp!, {r4, r5, r6, r7, lr}
     158:	2301      	movs	r3, #1
     15a:	4083      	lsls	r3, r0
     15c:	f240 0000 	movw	r0, #0
     160:	f243 0e01 	movw	lr, #12289	@ 0x3001
     164:	f2c3 0e01 	movt	lr, #12289	@ 0x3001

00000168 <fndsa_mqpoly_sub__L1>:
     168:	680c      	ldr	r4, [r1, #0]
     16a:	684d      	ldr	r5, [r1, #4]
     16c:	f852 6b04 	ldr.w	r6, [r2], #4
     170:	f852 7b04 	ldr.w	r7, [r2], #4
     174:	fad4 f406 	ssub16	r4, r4, r6
     178:	faa0 fc8e 	sel	ip, r0, lr
     17c:	fa94 f40c 	sadd16	r4, r4, ip
     180:	f841 4b04 	str.w	r4, [r1], #4
     184:	fad5 f507 	ssub16	r5, r5, r7
     188:	faa0 fc8e 	sel	ip, r0, lr
     18c:	fa95 f50c 	sadd16	r5, r5, ip
     190:	f841 5b04 	str.w	r5, [r1], #4
     194:	3b04      	subs	r3, #4
     196:	d1e7      	bne.n	168 <fndsa_mqpoly_sub__L1>
     198:	bdf0      	pop	{r4, r5, r6, r7, pc}
     19a:	bf00      	nop

0000019c <fndsa_mqpoly_add>:
     19c:	e92d 40f0 	stmdb	sp!, {r4, r5, r6, r7, lr}
     1a0:	2301      	movs	r3, #1
     1a2:	4083      	lsls	r3, r0
     1a4:	f243 0e01 	movw	lr, #12289	@ 0x3001
     1a8:	f2c3 0e01 	movt	lr, #12289	@ 0x3001

000001ac <fndsa_mqpoly_add__L1>:
     1ac:	680c      	ldr	r4, [r1, #0]
     1ae:	684d      	ldr	r5, [r1, #4]
     1b0:	f852 6b04 	ldr.w	r6, [r2], #4
     1b4:	f852 7b04 	ldr.w	r7, [r2], #4
     1b8:	fa94 f406 	sadd16	r4, r4, r6
     1bc:	fad4 fc0e 	ssub16	ip, r4, lr
     1c0:	faac f484 	sel	r4, ip, r4
     1c4:	f841 4b04 	str.w	r4, [r1], #4
     1c8:	fa95 f507 	sadd16	r5, r5, r7
     1cc:	fad5 fc0e 	ssub16	ip, r5, lr
     1d0:	faac f585 	sel	r5, ip, r5
     1d4:	f841 5b04 	str.w	r5, [r1], #4
     1d8:	3b04      	subs	r3, #4
     1da:	d1e7      	bne.n	1ac <fndsa_mqpoly_add__L1>
     1dc:	bdf0      	pop	{r4, r5, r6, r7, pc}
     1de:	bf00      	nop

000001e0 <fndsa_mqpoly_sqnorm_signed>:
     1e0:	2301      	movs	r3, #1
     1e2:	4083      	lsls	r3, r0
     1e4:	f240 0000 	movw	r0, #0

000001e8 <fndsa_mqpoly_sqnorm_signed__L1>:
     1e8:	e8f1 2c02 	ldrd	r2, ip, [r1], #8
     1ec:	fb22 0002 	smlad	r0, r2, r2, r0
     1f0:	fb2c 000c 	smlad	r0, ip, ip, r0
     1f4:	3b04      	subs	r3, #4
     1f6:	d1f7      	bne.n	1e8 <fndsa_mqpoly_sqnorm_signed__L1>
     1f8:	4770      	bx	lr
     1fa:	bf00      	nop

000001fc <fndsa_mqpoly_sqnorm_binf_int>:
     1fc:	e92d 40f0 	stmdb	sp!, {r4, r5, r6, r7, lr}
     200:	2301      	movs	r3, #1
     202:	4083      	lsls	r3, r0
     204:	f243 0501 	movw	r5, #12289	@ 0x3001
     208:	f2c3 0501 	movt	r5, #12289	@ 0x3001
     20c:	f641 0601 	movw	r6, #6145	@ 0x1801
     210:	f6c1 0601 	movt	r6, #6145	@ 0x1801
     214:	f240 3e48 	movw	lr, #840	@ 0x348
     218:	f2c0 3e48 	movt	lr, #840	@ 0x348
     21c:	f240 0000 	movw	r0, #0
     220:	f380 8800 	msr	CPSR_f, r0

00000224 <fndsa_mqpoly_sqnorm_binf_int__L1>:
     224:	e8f1 2402 	ldrd	r2, r4, [r1], #8
     228:	fad2 f705 	ssub16	r7, r2, r5
     22c:	fad2 fc06 	ssub16	ip, r2, r6
     230:	faa7 f282 	sel	r2, r7, r2
     234:	fad4 f705 	ssub16	r7, r4, r5
     238:	fad4 fc06 	ssub16	ip, r4, r6
     23c:	faa7 f484 	sel	r4, r7, r4
     240:	fb22 0002 	smlad	r0, r2, r2, r0
     244:	fb24 0004 	smlad	r0, r4, r4, r0
     248:	fade f702 	ssub16	r7, lr, r2
     24c:	fa9e f202 	sadd16	r2, lr, r2
     250:	f3a7 070f 	usat16	r7, #15, r7
     254:	f3a2 020f 	usat16	r2, #15, r2
     258:	fade f704 	ssub16	r7, lr, r4
     25c:	fa9e f404 	sadd16	r4, lr, r4
     260:	f3a7 070f 	usat16	r7, #15, r7
     264:	f3a4 040f 	usat16	r4, #15, r4
     268:	3b04      	subs	r3, #4
     26a:	d1db      	bne.n	224 <fndsa_mqpoly_sqnorm_binf_int__L1>
     26c:	f3ef 8100 	mrs	r1, APSR
     270:	f341 61c0 	sbfx	r1, r1, #27, #1
     274:	4308      	orrs	r0, r1
     276:	bdf0      	pop	{r4, r5, r6, r7, pc}

00000278 <fndsa_mqpoly_sqnorm_int_to_signed>:
     278:	e92d 00f0 	stmdb	sp!, {r4, r5, r6, r7}
     27c:	2301      	movs	r3, #1
     27e:	4083      	lsls	r3, r0
     280:	f243 0501 	movw	r5, #12289	@ 0x3001
     284:	f2c3 0501 	movt	r5, #12289	@ 0x3001
     288:	f641 0601 	movw	r6, #6145	@ 0x1801
     28c:	f6c1 0601 	movt	r6, #6145	@ 0x1801
     290:	f240 0000 	movw	r0, #0
     294:	f380 8800 	msr	CPSR_f, r0

00000298 <fndsa_mqpoly_sqnorm_int_to_signed__L1>:
     298:	e9d1 2400 	ldrd	r2, r4, [r1]
     29c:	fad2 f705 	ssub16	r7, r2, r5
     2a0:	fad2 fc06 	ssub16	ip, r2, r6
     2a4:	faa7 f282 	sel	r2, r7, r2
     2a8:	f841 2b04 	str.w	r2, [r1], #4
     2ac:	fad4 f705 	ssub16	r7, r4, r5
     2b0:	fad4 fc06 	ssub16	ip, r4, r6
     2b4:	faa7 f484 	sel	r4, r7, r4
     2b8:	f841 4b04 	str.w	r4, [r1], #4
     2bc:	fb22 0002 	smlad	r0, r2, r2, r0
     2c0:	fb24 0004 	smlad	r0, r4, r4, r0
     2c4:	3b04      	subs	r3, #4
     2c6:	d1e7      	bne.n	298 <fndsa_mqpoly_sqnorm_int_to_signed__L1>
     2c8:	f3ef 8100 	mrs	r1, APSR
     2cc:	f341 61c0 	sbfx	r1, r1, #27, #1
     2d0:	4308      	orrs	r0, r1
     2d2:	bcf0      	pop	{r4, r5, r6, r7}
     2d4:	4770      	bx	lr
     2d6:	bf00      	nop

000002d8 <fndsa_mqpoly_int_to_ntt__gmaddr_plus1_near>:
     2d8:	00000002 	.word	0x00000002

000002dc <fndsa_mqpoly_int_to_ntt__stage3_gmaddrs>:
	...

000002e4 <fndsa_mqpoly_int_to_ntt>:
     2e4:	e92d 4ff1 	stmdb	sp!, {r0, r4, r5, r6, r7, r8, r9, sl, fp, lr}
     2e8:	ed2d 8b10 	vpush	{d8-d15}
     2ec:	ee00 0a10 	vmov	s0, r0
     2f0:	ee01 1a10 	vmov	s2, r1
     2f4:	2201      	movs	r2, #1
     2f6:	4082      	lsls	r2, r0
     2f8:	f240 0001 	movw	r0, #1
     2fc:	ee01 0a90 	vmov	s3, r0
     300:	f240 0000 	movw	r0, #0
     304:	f243 0a01 	movw	sl, #12289	@ 0x3001
     308:	ea4a 4b0a 	orr.w	fp, sl, sl, lsl #16
     30c:	f642 7eff 	movw	lr, #12287	@ 0x2fff
     310:	f2cf 7e00 	movt	lr, #63232	@ 0xf700
     314:	ee10 ca10 	vmov	ip, s0
     318:	f1bc 0f09 	cmp.w	ip, #9
     31c:	d308      	bcc.n	330 <fndsa_mqpoly_int_to_ntt__legacy_gm>
     31e:	f2af 0c44 	subw	ip, pc, #68	@ 0x44
     322:	e89c 0300 	ldmia.w	ip, {r8, r9}
     326:	eba9 0908 	sub.w	r9, r9, r8
     32a:	f108 0802 	add.w	r8, r8, #2
     32e:	e005      	b.n	33c <fndsa_mqpoly_int_to_ntt__gm_ready>

00000330 <fndsa_mqpoly_int_to_ntt__legacy_gm>:
     330:	f2af 085c 	subw	r8, pc, #92	@ 0x5c
     334:	f8d8 8000 	ldr.w	r8, [r8]
     338:	f05f 0900 	movs.w	r9, #0

0000033c <fndsa_mqpoly_int_to_ntt__gm_ready>:
     33c:	f5b2 7f00 	cmp.w	r2, #512	@ 0x200
     340:	f040 81a6 	bne.w	690 <fndsa_mqpoly_int_to_ntt__L512_not>
     344:	f240 1200 	movw	r2, #256	@ 0x100
     348:	f05f 0b01 	movs.w	fp, #1
     34c:	f108 0002 	add.w	r0, r8, #2
     350:	ee11 1a10 	vmov	r1, s2

00000354 <fndsa_mqpoly_int_to_ntt__L512_CT2_pass>:
     354:	ee01 ba90 	vmov	s3, fp

00000358 <fndsa_mqpoly_int_to_ntt__L512_CT2_group>:
     358:	f8b8 5000 	ldrh.w	r5, [r8]
     35c:	eb08 0e09 	add.w	lr, r8, r9
     360:	f8be e000 	ldrh.w	lr, [lr]
     364:	ea45 450e 	orr.w	r5, r5, lr, lsl #16
     368:	f108 0802 	add.w	r8, r8, #2
     36c:	8806      	ldrh	r6, [r0, #0]
     36e:	eb00 0e09 	add.w	lr, r0, r9
     372:	f8be e000 	ldrh.w	lr, [lr]
     376:	ea46 460e 	orr.w	r6, r6, lr, lsl #16
     37a:	f100 0002 	add.w	r0, r0, #2
     37e:	8807      	ldrh	r7, [r0, #0]
     380:	eb00 0e09 	add.w	lr, r0, r9
     384:	f8be e000 	ldrh.w	lr, [lr]
     388:	ea47 470e 	orr.w	r7, r7, lr, lsl #16
     38c:	f100 0002 	add.w	r0, r0, #2
     390:	ea4f 1312 	mov.w	r3, r2, lsr #4
     394:	ed91 3e80 	vldrh.u16	q1, [r1, #0]
     398:	eb01 0402 	add.w	r4, r1, r2
     39c:	ed94 5e80 	vldrh.u16	q2, [r4, #0]
     3a0:	eb04 0402 	add.w	r4, r4, r2
     3a4:	ed94 7e80 	vldrh.u16	q3, [r4, #0]
     3a8:	eb04 0402 	add.w	r4, r4, r2
     3ac:	ed94 9e80 	vldrh.u16	q4, [r4, #0]
     3b0:	3b01      	subs	r3, #1
     3b2:	f000 80b1 	beq.w	518 <fndsa_mqpoly_int_to_ntt__L512_CT2_chunk_epilogue>

000003b6 <fndsa_mqpoly_int_to_ntt__L512_CT2_chunk_steady>:
     3b6:	eeae 5b30 	vdup.16	q7, r5
     3ba:	ea4f 4e25 	mov.w	lr, r5, asr #16
     3be:	eeac eb30 	vdup.16	q6, lr
     3c2:	ff16 ab4c 	vqrdmulh.s16	q5, q3, q6
     3c6:	ef16 695e 	vmul.i16	q3, q3, q7
     3ca:	ff18 cb4c 	vqrdmulh.s16	q6, q4, q6
     3ce:	ef18 895e 	vmul.i16	q4, q4, q7
     3d2:	ee1b 6e4a 	vmla.i16	q3, q5, sl
     3d6:	ee1d 8e4a 	vmla.i16	q4, q6, sl
     3da:	fe17 1fcf 	vcmp.s16	lt, q3, zr
     3de:	fe71 0f4d 	vpst
     3e2:	ee17 6f4a 	vaddt.i16	q3, q3, sl
     3e6:	fe19 1fcf 	vcmp.s16	lt, q4, zr
     3ea:	fe71 0f4d 	vpst
     3ee:	ee19 8f4a 	vaddt.i16	q4, q4, sl
     3f2:	eeae ab30 	vdup.16	q7, sl
     3f6:	ef12 a846 	vadd.i16	q5, q1, q3
     3fa:	ff1a a84e 	vsub.i16	q5, q5, q7
     3fe:	fe1b 1fcf 	vcmp.s16	lt, q5, zr
     402:	fe71 0f4d 	vpst
     406:	ef1a a84e 	vaddt.i16	q5, q5, q7
     40a:	ff12 6846 	vsub.i16	q3, q1, q3
     40e:	fe17 1fcf 	vcmp.s16	lt, q3, zr
     412:	fe71 0f4d 	vpst
     416:	ef16 684e 	vaddt.i16	q3, q3, q7
     41a:	ef2a 215a 	vmov	q1, q5
     41e:	ef14 a848 	vadd.i16	q5, q2, q4
     422:	ff1a a84e 	vsub.i16	q5, q5, q7
     426:	fe1b 1fcf 	vcmp.s16	lt, q5, zr
     42a:	fe71 0f4d 	vpst
     42e:	ef1a a84e 	vaddt.i16	q5, q5, q7
     432:	ff14 8848 	vsub.i16	q4, q2, q4
     436:	fe19 1fcf 	vcmp.s16	lt, q4, zr
     43a:	fe71 0f4d 	vpst
     43e:	ef18 884e 	vaddt.i16	q4, q4, q7
     442:	eeae 6b30 	vdup.16	q7, r6
     446:	ea4f 4e26 	mov.w	lr, r6, asr #16
     44a:	eeac eb30 	vdup.16	q6, lr
     44e:	ff1a 4b4c 	vqrdmulh.s16	q2, q5, q6
     452:	ef1a a95e 	vmul.i16	q5, q5, q7
     456:	eeae 7b30 	vdup.16	q7, r7
     45a:	ea4f 4e27 	mov.w	lr, r7, asr #16
     45e:	eeac eb30 	vdup.16	q6, lr
     462:	ff18 cb4c 	vqrdmulh.s16	q6, q4, q6
     466:	ef18 895e 	vmul.i16	q4, q4, q7
     46a:	ee15 ae4a 	vmla.i16	q5, q2, sl
     46e:	ee1d 8e4a 	vmla.i16	q4, q6, sl
     472:	fe1b 1fcf 	vcmp.s16	lt, q5, zr
     476:	fe71 0f4d 	vpst
     47a:	ee1b af4a 	vaddt.i16	q5, q5, sl
     47e:	fe19 1fcf 	vcmp.s16	lt, q4, zr
     482:	fe71 0f4d 	vpst
     486:	ee19 8f4a 	vaddt.i16	q4, q4, sl
     48a:	ef2a 415a 	vmov	q2, q5
     48e:	eeae ab30 	vdup.16	q7, sl
     492:	ef12 a844 	vadd.i16	q5, q1, q2
     496:	ff1a a84e 	vsub.i16	q5, q5, q7
     49a:	fe1b 1fcf 	vcmp.s16	lt, q5, zr
     49e:	fe71 0f4d 	vpst
     4a2:	ef1a a84e 	vaddt.i16	q5, q5, q7
     4a6:	ff12 4844 	vsub.i16	q2, q1, q2
     4aa:	fe15 1fcf 	vcmp.s16	lt, q2, zr
     4ae:	fe71 0f4d 	vpst
     4b2:	ef14 484e 	vaddt.i16	q2, q2, q7
     4b6:	ef2a 215a 	vmov	q1, q5
     4ba:	ef16 a848 	vadd.i16	q5, q3, q4
     4be:	ed81 3e80 	vstrh.16	q1, [r1, #0]
     4c2:	ff1a a84e 	vsub.i16	q5, q5, q7
     4c6:	fe1b 1fcf 	vcmp.s16	lt, q5, zr
     4ca:	fe71 0f4d 	vpst
     4ce:	ef1a a84e 	vaddt.i16	q5, q5, q7
     4d2:	ed91 3e88 	vldrh.u16	q1, [r1, #16]
     4d6:	eb01 0c02 	add.w	ip, r1, r2
     4da:	ff16 8848 	vsub.i16	q4, q3, q4
     4de:	ed8c 5e80 	vstrh.16	q2, [ip, #0]
     4e2:	fe19 1fcf 	vcmp.s16	lt, q4, zr
     4e6:	fe71 0f4d 	vpst
     4ea:	ef18 884e 	vaddt.i16	q4, q4, q7
     4ee:	ed9c 5e88 	vldrh.u16	q2, [ip, #16]
     4f2:	ef2a 615a 	vmov	q3, q5
     4f6:	eb0c 0c02 	add.w	ip, ip, r2
     4fa:	ed8c 7e80 	vstrh.16	q3, [ip, #0]
     4fe:	ed9c 7e88 	vldrh.u16	q3, [ip, #16]
     502:	eb0c 0c02 	add.w	ip, ip, r2
     506:	ed8c 9e80 	vstrh.16	q4, [ip, #0]
     50a:	ed9c 9e88 	vldrh.u16	q4, [ip, #16]
     50e:	f101 0110 	add.w	r1, r1, #16
     512:	3b01      	subs	r3, #1
     514:	f47f af4f 	bne.w	3b6 <fndsa_mqpoly_int_to_ntt__L512_CT2_chunk_steady>

00000518 <fndsa_mqpoly_int_to_ntt__L512_CT2_chunk_epilogue>:
     518:	eeae 5b30 	vdup.16	q7, r5
     51c:	ea4f 4e25 	mov.w	lr, r5, asr #16
     520:	eeac eb30 	vdup.16	q6, lr
     524:	ff16 ab4c 	vqrdmulh.s16	q5, q3, q6
     528:	ef16 695e 	vmul.i16	q3, q3, q7
     52c:	ff18 cb4c 	vqrdmulh.s16	q6, q4, q6
     530:	ef18 895e 	vmul.i16	q4, q4, q7
     534:	ee1b 6e4a 	vmla.i16	q3, q5, sl
     538:	ee1d 8e4a 	vmla.i16	q4, q6, sl
     53c:	fe17 1fcf 	vcmp.s16	lt, q3, zr
     540:	fe71 0f4d 	vpst
     544:	ee17 6f4a 	vaddt.i16	q3, q3, sl
     548:	fe19 1fcf 	vcmp.s16	lt, q4, zr
     54c:	fe71 0f4d 	vpst
     550:	ee19 8f4a 	vaddt.i16	q4, q4, sl
     554:	eeae ab30 	vdup.16	q7, sl
     558:	ef12 a846 	vadd.i16	q5, q1, q3
     55c:	ff1a a84e 	vsub.i16	q5, q5, q7
     560:	fe1b 1fcf 	vcmp.s16	lt, q5, zr
     564:	fe71 0f4d 	vpst
     568:	ef1a a84e 	vaddt.i16	q5, q5, q7
     56c:	ff12 6846 	vsub.i16	q3, q1, q3
     570:	fe17 1fcf 	vcmp.s16	lt, q3, zr
     574:	fe71 0f4d 	vpst
     578:	ef16 684e 	vaddt.i16	q3, q3, q7
     57c:	ef2a 215a 	vmov	q1, q5
     580:	ef14 a848 	vadd.i16	q5, q2, q4
     584:	ff1a a84e 	vsub.i16	q5, q5, q7
     588:	fe1b 1fcf 	vcmp.s16	lt, q5, zr
     58c:	fe71 0f4d 	vpst
     590:	ef1a a84e 	vaddt.i16	q5, q5, q7
     594:	ff14 8848 	vsub.i16	q4, q2, q4
     598:	fe19 1fcf 	vcmp.s16	lt, q4, zr
     59c:	fe71 0f4d 	vpst
     5a0:	ef18 884e 	vaddt.i16	q4, q4, q7
     5a4:	eeae 6b30 	vdup.16	q7, r6
     5a8:	ea4f 4e26 	mov.w	lr, r6, asr #16
     5ac:	eeac eb30 	vdup.16	q6, lr
     5b0:	ff1a 4b4c 	vqrdmulh.s16	q2, q5, q6
     5b4:	ef1a a95e 	vmul.i16	q5, q5, q7
     5b8:	eeae 7b30 	vdup.16	q7, r7
     5bc:	ea4f 4e27 	mov.w	lr, r7, asr #16
     5c0:	eeac eb30 	vdup.16	q6, lr
     5c4:	ff18 cb4c 	vqrdmulh.s16	q6, q4, q6
     5c8:	ef18 895e 	vmul.i16	q4, q4, q7
     5cc:	ee15 ae4a 	vmla.i16	q5, q2, sl
     5d0:	ee1d 8e4a 	vmla.i16	q4, q6, sl
     5d4:	fe1b 1fcf 	vcmp.s16	lt, q5, zr
     5d8:	fe71 0f4d 	vpst
     5dc:	ee1b af4a 	vaddt.i16	q5, q5, sl
     5e0:	fe19 1fcf 	vcmp.s16	lt, q4, zr
     5e4:	fe71 0f4d 	vpst
     5e8:	ee19 8f4a 	vaddt.i16	q4, q4, sl
     5ec:	ef2a 415a 	vmov	q2, q5
     5f0:	eeae ab30 	vdup.16	q7, sl
     5f4:	ef12 a844 	vadd.i16	q5, q1, q2
     5f8:	ff1a a84e 	vsub.i16	q5, q5, q7
     5fc:	fe1b 1fcf 	vcmp.s16	lt, q5, zr
     600:	fe71 0f4d 	vpst
     604:	ef1a a84e 	vaddt.i16	q5, q5, q7
     608:	ff12 4844 	vsub.i16	q2, q1, q2
     60c:	fe15 1fcf 	vcmp.s16	lt, q2, zr
     610:	fe71 0f4d 	vpst
     614:	ef14 484e 	vaddt.i16	q2, q2, q7
     618:	ef2a 215a 	vmov	q1, q5
     61c:	ef16 a848 	vadd.i16	q5, q3, q4
     620:	ff1a a84e 	vsub.i16	q5, q5, q7
     624:	fe1b 1fcf 	vcmp.s16	lt, q5, zr
     628:	fe71 0f4d 	vpst
     62c:	ef1a a84e 	vaddt.i16	q5, q5, q7
     630:	ff16 8848 	vsub.i16	q4, q3, q4
     634:	fe19 1fcf 	vcmp.s16	lt, q4, zr
     638:	fe71 0f4d 	vpst
     63c:	ef18 884e 	vaddt.i16	q4, q4, q7
     640:	ef2a 615a 	vmov	q3, q5
     644:	ed81 3e80 	vstrh.16	q1, [r1, #0]
     648:	eb01 0402 	add.w	r4, r1, r2
     64c:	ed84 5e80 	vstrh.16	q2, [r4, #0]
     650:	eb04 0402 	add.w	r4, r4, r2
     654:	ed84 7e80 	vstrh.16	q3, [r4, #0]
     658:	eb04 0402 	add.w	r4, r4, r2
     65c:	ed84 9e80 	vstrh.16	q4, [r4, #0]
     660:	f101 0110 	add.w	r1, r1, #16
     664:	eb01 0142 	add.w	r1, r1, r2, lsl #1
     668:	eb01 0102 	add.w	r1, r1, r2
     66c:	ee11 3a90 	vmov	r3, s3
     670:	3b01      	subs	r3, #1
     672:	ee01 3a90 	vmov	s3, r3
     676:	f47f ae6f 	bne.w	358 <fndsa_mqpoly_int_to_ntt__L512_CT2_group>
     67a:	eb08 088b 	add.w	r8, r8, fp, lsl #2
     67e:	eb00 00cb 	add.w	r0, r0, fp, lsl #3
     682:	ea4f 0b8b 	mov.w	fp, fp, lsl #2
     686:	ea4f 0292 	mov.w	r2, r2, lsr #2
     68a:	ee11 1a10 	vmov	r1, s2
     68e:	e08e      	b.n	7ae <fndsa_mqpoly_int_to_ntt__L3x512>

00000690 <fndsa_mqpoly_int_to_ntt__L512_not>:
     690:	f5b2 6f80 	cmp.w	r2, #1024	@ 0x400
     694:	f000 8441 	beq.w	f1a <fndsa_mqpoly_int_to_ntt__F2_setup>
     698:	2a04      	cmp	r2, #4
     69a:	f000 8693 	beq.w	13c4 <fndsa_mqpoly_int_to_ntt__L4>

0000069e <fndsa_mqpoly_int_to_ntt__L1>:
     69e:	ee11 3a90 	vmov	r3, s3
     6a2:	ea4f 0643 	mov.w	r6, r3, lsl #1
     6a6:	ee01 6a90 	vmov	s3, r6
     6aa:	2b04      	cmp	r3, #4
     6ac:	d103      	bne.n	6b6 <fndsa_mqpoly_int_to_ntt__L2>
     6ae:	ee10 4a10 	vmov	r4, s0
     6b2:	2c09      	cmp	r4, #9
     6b4:	d07b      	beq.n	7ae <fndsa_mqpoly_int_to_ntt__L3x512>

000006b6 <fndsa_mqpoly_int_to_ntt__L2>:
     6b6:	f838 6b02 	ldrh.w	r6, [r8], #2
     6ba:	ea4f 0752 	mov.w	r7, r2, lsr #1
     6be:	2f08      	cmp	r7, #8
     6c0:	d344      	bcc.n	74c <fndsa_mqpoly_int_to_ntt__L3>

000006c2 <fndsa_mqpoly_int_to_ntt__L3_mve>:
     6c2:	eb01 0402 	add.w	r4, r1, r2
     6c6:	ed91 3e80 	vldrh.u16	q1, [r1, #0]
     6ca:	ed94 5e80 	vldrh.u16	q2, [r4, #0]
     6ce:	ef80 6050 	vmov.i32	q3, #0	@ 0x00000000
     6d2:	fe15 0f06 	vcmp.i16	eq, q2, q3
     6d6:	eea6 6b30 	vdup.16	q3, r6
     6da:	fe15 8e07 	vmulh.u16	q4, q2, q3
     6de:	ef14 4956 	vmul.i16	q2, q2, q3
     6e2:	eea6 eb30 	vdup.16	q3, lr
     6e6:	fe15 6e07 	vmulh.u16	q3, q2, q3
     6ea:	f24f 7c00 	movw	ip, #63232	@ 0xf700
     6ee:	ee15 5e6c 	vmul.i16	q2, q2, ip
     6f2:	ee19 9e6e 	vmul.i16	q4, q4, lr
     6f6:	ef14 4848 	vadd.i16	q2, q2, q4
     6fa:	ef14 4846 	vadd.i16	q2, q2, q3
     6fe:	eea6 ab30 	vdup.16	q3, sl
     702:	fe15 4e07 	vmulh.u16	q2, q2, q3
     706:	f05f 0c01 	movs.w	ip, #1
     70a:	ee15 4f4c 	vadd.i16	q2, q2, ip
     70e:	fe71 0f4d 	vpst
     712:	ee15 5f4c 	vsubt.i16	q2, q2, ip
     716:	ef12 8844 	vadd.i16	q4, q1, q2
     71a:	ff18 8846 	vsub.i16	q4, q4, q3
     71e:	fe19 1fcf 	vcmp.s16	lt, q4, zr
     722:	fe71 0f4d 	vpst
     726:	ef18 8846 	vaddt.i16	q4, q4, q3
     72a:	ed81 9e80 	vstrh.16	q4, [r1, #0]
     72e:	ff12 8844 	vsub.i16	q4, q1, q2
     732:	fe19 1fcf 	vcmp.s16	lt, q4, zr
     736:	fe71 0f4d 	vpst
     73a:	ef18 8846 	vaddt.i16	q4, q4, q3
     73e:	ed84 9e80 	vstrh.16	q4, [r4, #0]
     742:	f101 0110 	add.w	r1, r1, #16
     746:	3f08      	subs	r7, #8
     748:	d1bb      	bne.n	6c2 <fndsa_mqpoly_int_to_ntt__L3_mve>
     74a:	e023      	b.n	794 <fndsa_mqpoly_int_to_ntt__L3_done>

0000074c <fndsa_mqpoly_int_to_ntt__L3>:
     74c:	f851 4002 	ldr.w	r4, [r1, r2]
     750:	fb14 f526 	smultb	r5, r4, r6
     754:	fb05 fc0e 	mul.w	ip, r5, lr
     758:	fbec e56a 	umaal	lr, r5, ip, sl
     75c:	fb14 f406 	smulbb	r4, r4, r6
     760:	fb04 fc0e 	mul.w	ip, r4, lr
     764:	fbec e46a 	umaal	lr, r4, ip, sl
     768:	eac4 4505 	pkhbt	r5, r4, r5, lsl #16
     76c:	f8d1 4000 	ldr.w	r4, [r1]
     770:	fa94 fc05 	sadd16	ip, r4, r5
     774:	fad4 f505 	ssub16	r5, r4, r5
     778:	faa0 f48b 	sel	r4, r0, fp
     77c:	fa95 f504 	sadd16	r5, r5, r4
     780:	f841 5002 	str.w	r5, [r1, r2]
     784:	fadc f40b 	ssub16	r4, ip, fp
     788:	faa4 f48c 	sel	r4, r4, ip
     78c:	f841 4b04 	str.w	r4, [r1], #4
     790:	3f02      	subs	r7, #2
     792:	d1db      	bne.n	74c <fndsa_mqpoly_int_to_ntt__L3>

00000794 <fndsa_mqpoly_int_to_ntt__L3_done>:
     794:	eb01 0102 	add.w	r1, r1, r2
     798:	3b01      	subs	r3, #1
     79a:	d18c      	bne.n	6b6 <fndsa_mqpoly_int_to_ntt__L2>
     79c:	ee11 1a10 	vmov	r1, s2
     7a0:	ea4f 0252 	mov.w	r2, r2, lsr #1
     7a4:	2a04      	cmp	r2, #4
     7a6:	f47f af7a 	bne.w	69e <fndsa_mqpoly_int_to_ntt__L1>
     7aa:	f000 be0b 	b.w	13c4 <fndsa_mqpoly_int_to_ntt__L4>

000007ae <fndsa_mqpoly_int_to_ntt__L3x512>:
     7ae:	b084      	sub	sp, #16
     7b0:	ee11 ca10 	vmov	ip, s2
     7b4:	f8cd 8000 	str.w	r8, [sp]
     7b8:	f108 0408 	add.w	r4, r8, #8
     7bc:	9401      	str	r4, [sp, #4]
     7be:	f108 0418 	add.w	r4, r8, #24
     7c2:	9402      	str	r4, [sp, #8]
     7c4:	f8cd c00c 	str.w	ip, [sp, #12]
     7c8:	4661      	mov	r1, ip
     7ca:	2304      	movs	r3, #4

000007cc <fndsa_mqpoly_int_to_ntt__L3x512_block>:
     7cc:	f8dd c000 	ldr.w	ip, [sp]
     7d0:	f8bc 4000 	ldrh.w	r4, [ip]
     7d4:	eb0c 0e09 	add.w	lr, ip, r9
     7d8:	f8be e000 	ldrh.w	lr, [lr]
     7dc:	ea44 440e 	orr.w	r4, r4, lr, lsl #16
     7e0:	f10c 0c02 	add.w	ip, ip, #2
     7e4:	f8cd c000 	str.w	ip, [sp]
     7e8:	f8dd c004 	ldr.w	ip, [sp, #4]
     7ec:	f8bc 5000 	ldrh.w	r5, [ip]
     7f0:	eb0c 0e09 	add.w	lr, ip, r9
     7f4:	f8be e000 	ldrh.w	lr, [lr]
     7f8:	ea45 450e 	orr.w	r5, r5, lr, lsl #16
     7fc:	f10c 0c02 	add.w	ip, ip, #2
     800:	f8bc 6000 	ldrh.w	r6, [ip]
     804:	eb0c 0e09 	add.w	lr, ip, r9
     808:	f8be e000 	ldrh.w	lr, [lr]
     80c:	ea46 460e 	orr.w	r6, r6, lr, lsl #16
     810:	f10c 0c02 	add.w	ip, ip, #2
     814:	f8cd c004 	str.w	ip, [sp, #4]
     818:	f8dd c008 	ldr.w	ip, [sp, #8]
     81c:	f8bc 7000 	ldrh.w	r7, [ip]
     820:	eb0c 0e09 	add.w	lr, ip, r9
     824:	f8be e000 	ldrh.w	lr, [lr]
     828:	ea47 470e 	orr.w	r7, r7, lr, lsl #16
     82c:	f10c 0c02 	add.w	ip, ip, #2
     830:	f8bc 8000 	ldrh.w	r8, [ip]
     834:	eb0c 0e09 	add.w	lr, ip, r9
     838:	f8be e000 	ldrh.w	lr, [lr]
     83c:	ea48 480e 	orr.w	r8, r8, lr, lsl #16
     840:	f10c 0c02 	add.w	ip, ip, #2
     844:	f8bc b000 	ldrh.w	fp, [ip]
     848:	eb0c 0e09 	add.w	lr, ip, r9
     84c:	f8be e000 	ldrh.w	lr, [lr]
     850:	ea4b 4b0e 	orr.w	fp, fp, lr, lsl #16
     854:	f10c 0c02 	add.w	ip, ip, #2
     858:	f8bc 0000 	ldrh.w	r0, [ip]
     85c:	eb0c 0e09 	add.w	lr, ip, r9
     860:	f8be e000 	ldrh.w	lr, [lr]
     864:	ea40 400e 	orr.w	r0, r0, lr, lsl #16
     868:	f10c 0c02 	add.w	ip, ip, #2
     86c:	f8cd c008 	str.w	ip, [sp, #8]
     870:	2202      	movs	r2, #2

00000872 <fndsa_mqpoly_int_to_ntt__L3x512_lanes>:
     872:	ed91 1e80 	vldrh.u16	q0, [r1, #0]
     876:	f101 0c20 	add.w	ip, r1, #32
     87a:	ed9c 3e80 	vldrh.u16	q1, [ip, #0]
     87e:	f101 0c40 	add.w	ip, r1, #64	@ 0x40
     882:	ed9c 5e80 	vldrh.u16	q2, [ip, #0]
     886:	f101 0c60 	add.w	ip, r1, #96	@ 0x60
     88a:	ed9c 7e80 	vldrh.u16	q3, [ip, #0]
     88e:	f101 0c80 	add.w	ip, r1, #128	@ 0x80
     892:	ed9c 9e80 	vldrh.u16	q4, [ip, #0]
     896:	eeac 4b30 	vdup.16	q6, r4
     89a:	ea4f 4e24 	mov.w	lr, r4, asr #16
     89e:	eeaa eb30 	vdup.16	q5, lr
     8a2:	ff18 ab4a 	vqrdmulh.s16	q5, q4, q5
     8a6:	ef18 895c 	vmul.i16	q4, q4, q6
     8aa:	ee1b 8e4a 	vmla.i16	q4, q5, sl
     8ae:	fe19 1fcf 	vcmp.s16	lt, q4, zr
     8b2:	fe71 0f4d 	vpst
     8b6:	ee19 8f4a 	vaddt.i16	q4, q4, sl
     8ba:	ff10 a848 	vsub.i16	q5, q0, q4
     8be:	ef10 0848 	vadd.i16	q0, q0, q4
     8c2:	eeac ab30 	vdup.16	q6, sl
     8c6:	ff10 084c 	vsub.i16	q0, q0, q6
     8ca:	fe11 1fcf 	vcmp.s16	lt, q0, zr
     8ce:	fe71 0f4d 	vpst
     8d2:	ef10 084c 	vaddt.i16	q0, q0, q6
     8d6:	fe1b 1fcf 	vcmp.s16	lt, q5, zr
     8da:	fe71 0f4d 	vpst
     8de:	ef1a a84c 	vaddt.i16	q5, q5, q6
     8e2:	ef2a 815a 	vmov	q4, q5
     8e6:	f101 0c80 	add.w	ip, r1, #128	@ 0x80
     8ea:	ed8c 9e80 	vstrh.16	q4, [ip, #0]
     8ee:	f101 0ca0 	add.w	ip, r1, #160	@ 0xa0
     8f2:	ed9c 9e80 	vldrh.u16	q4, [ip, #0]
     8f6:	eeac 4b30 	vdup.16	q6, r4
     8fa:	ea4f 4e24 	mov.w	lr, r4, asr #16
     8fe:	eeaa eb30 	vdup.16	q5, lr
     902:	ff18 ab4a 	vqrdmulh.s16	q5, q4, q5
     906:	ef18 895c 	vmul.i16	q4, q4, q6
     90a:	ee1b 8e4a 	vmla.i16	q4, q5, sl
     90e:	fe19 1fcf 	vcmp.s16	lt, q4, zr
     912:	fe71 0f4d 	vpst
     916:	ee19 8f4a 	vaddt.i16	q4, q4, sl
     91a:	ff12 a848 	vsub.i16	q5, q1, q4
     91e:	ef12 2848 	vadd.i16	q1, q1, q4
     922:	eeac ab30 	vdup.16	q6, sl
     926:	ff12 284c 	vsub.i16	q1, q1, q6
     92a:	fe13 1fcf 	vcmp.s16	lt, q1, zr
     92e:	fe71 0f4d 	vpst
     932:	ef12 284c 	vaddt.i16	q1, q1, q6
     936:	fe1b 1fcf 	vcmp.s16	lt, q5, zr
     93a:	fe71 0f4d 	vpst
     93e:	ef1a a84c 	vaddt.i16	q5, q5, q6
     942:	ef2a 815a 	vmov	q4, q5
     946:	f101 0ca0 	add.w	ip, r1, #160	@ 0xa0
     94a:	ed8c 9e80 	vstrh.16	q4, [ip, #0]
     94e:	f101 0cc0 	add.w	ip, r1, #192	@ 0xc0
     952:	ed9c 9e80 	vldrh.u16	q4, [ip, #0]
     956:	eeac 4b30 	vdup.16	q6, r4
     95a:	ea4f 4e24 	mov.w	lr, r4, asr #16
     95e:	eeaa eb30 	vdup.16	q5, lr
     962:	ff18 ab4a 	vqrdmulh.s16	q5, q4, q5
     966:	ef18 895c 	vmul.i16	q4, q4, q6
     96a:	ee1b 8e4a 	vmla.i16	q4, q5, sl
     96e:	fe19 1fcf 	vcmp.s16	lt, q4, zr
     972:	fe71 0f4d 	vpst
     976:	ee19 8f4a 	vaddt.i16	q4, q4, sl
     97a:	ff14 a848 	vsub.i16	q5, q2, q4
     97e:	ef14 4848 	vadd.i16	q2, q2, q4
     982:	ee15 5f4a 	vsub.i16	q2, q2, sl
     986:	fe15 1fcf 	vcmp.s16	lt, q2, zr
     98a:	fe71 0f4d 	vpst
     98e:	ee15 4f4a 	vaddt.i16	q2, q2, sl
     992:	ea4f 4e25 	mov.w	lr, r5, asr #16
     996:	fe15 8e6e 	vqrdmulh.s16	q4, q2, lr
     99a:	ee15 5e65 	vmul.i16	q2, q2, r5
     99e:	fe1b 1fcf 	vcmp.s16	lt, q5, zr
     9a2:	fe71 0f4d 	vpst
     9a6:	ee1b af4a 	vaddt.i16	q5, q5, sl
     9aa:	ea4f 4e26 	mov.w	lr, r6, asr #16
     9ae:	fe1b ce6e 	vqrdmulh.s16	q6, q5, lr
     9b2:	ee1b be66 	vmul.i16	q5, q5, r6
     9b6:	ee19 4e4a 	vmla.i16	q2, q4, sl
     9ba:	ee1d ae4a 	vmla.i16	q5, q6, sl
     9be:	fe15 1fcf 	vcmp.s16	lt, q2, zr
     9c2:	fe71 0f4d 	vpst
     9c6:	ee15 4f4a 	vaddt.i16	q2, q2, sl
     9ca:	fe1b 1fcf 	vcmp.s16	lt, q5, zr
     9ce:	fe71 0f4d 	vpst
     9d2:	ee1b af4a 	vaddt.i16	q5, q5, sl
     9d6:	ef2a 815a 	vmov	q4, q5
     9da:	f101 0cc0 	add.w	ip, r1, #192	@ 0xc0
     9de:	ed8c 9e80 	vstrh.16	q4, [ip, #0]
     9e2:	f101 0ce0 	add.w	ip, r1, #224	@ 0xe0
     9e6:	ed9c 9e80 	vldrh.u16	q4, [ip, #0]
     9ea:	eeac 4b30 	vdup.16	q6, r4
     9ee:	ea4f 4e24 	mov.w	lr, r4, asr #16
     9f2:	eeaa eb30 	vdup.16	q5, lr
     9f6:	ff18 ab4a 	vqrdmulh.s16	q5, q4, q5
     9fa:	ef18 895c 	vmul.i16	q4, q4, q6
     9fe:	ee1b 8e4a 	vmla.i16	q4, q5, sl
     a02:	fe19 1fcf 	vcmp.s16	lt, q4, zr
     a06:	fe71 0f4d 	vpst
     a0a:	ee19 8f4a 	vaddt.i16	q4, q4, sl
     a0e:	ff16 a848 	vsub.i16	q5, q3, q4
     a12:	ef16 6848 	vadd.i16	q3, q3, q4
     a16:	ee17 7f4a 	vsub.i16	q3, q3, sl
     a1a:	fe17 1fcf 	vcmp.s16	lt, q3, zr
     a1e:	fe71 0f4d 	vpst
     a22:	ee17 6f4a 	vaddt.i16	q3, q3, sl
     a26:	ea4f 4e25 	mov.w	lr, r5, asr #16
     a2a:	fe17 8e6e 	vqrdmulh.s16	q4, q3, lr
     a2e:	ee17 7e65 	vmul.i16	q3, q3, r5
     a32:	fe1b 1fcf 	vcmp.s16	lt, q5, zr
     a36:	fe71 0f4d 	vpst
     a3a:	ee1b af4a 	vaddt.i16	q5, q5, sl
     a3e:	ea4f 4e26 	mov.w	lr, r6, asr #16
     a42:	fe1b ce6e 	vqrdmulh.s16	q6, q5, lr
     a46:	ee1b be66 	vmul.i16	q5, q5, r6
     a4a:	ee19 6e4a 	vmla.i16	q3, q4, sl
     a4e:	ee1d ae4a 	vmla.i16	q5, q6, sl
     a52:	fe17 1fcf 	vcmp.s16	lt, q3, zr
     a56:	fe71 0f4d 	vpst
     a5a:	ee17 6f4a 	vaddt.i16	q3, q3, sl
     a5e:	fe1b 1fcf 	vcmp.s16	lt, q5, zr
     a62:	fe71 0f4d 	vpst
     a66:	ee1b af4a 	vaddt.i16	q5, q5, sl
     a6a:	ef2a 815a 	vmov	q4, q5
     a6e:	f101 0ce0 	add.w	ip, r1, #224	@ 0xe0
     a72:	ed8c 9e80 	vstrh.16	q4, [ip, #0]
     a76:	ff10 8844 	vsub.i16	q4, q0, q2
     a7a:	ef10 0844 	vadd.i16	q0, q0, q2
     a7e:	eeaa ab30 	vdup.16	q5, sl
     a82:	ff10 084a 	vsub.i16	q0, q0, q5
     a86:	fe11 1fcf 	vcmp.s16	lt, q0, zr
     a8a:	fe71 0f4d 	vpst
     a8e:	ef10 084a 	vaddt.i16	q0, q0, q5
     a92:	fe19 1fcf 	vcmp.s16	lt, q4, zr
     a96:	fe71 0f4d 	vpst
     a9a:	ef18 884a 	vaddt.i16	q4, q4, q5
     a9e:	ef28 4158 	vmov	q2, q4
     aa2:	ff12 8846 	vsub.i16	q4, q1, q3
     aa6:	ef12 2846 	vadd.i16	q1, q1, q3
     aaa:	ee13 3f4a 	vsub.i16	q1, q1, sl
     aae:	fe13 1fcf 	vcmp.s16	lt, q1, zr
     ab2:	fe71 0f4d 	vpst
     ab6:	ee13 2f4a 	vaddt.i16	q1, q1, sl
     aba:	ea4f 4e27 	mov.w	lr, r7, asr #16
     abe:	fe13 6e6e 	vqrdmulh.s16	q3, q1, lr
     ac2:	ee13 3e67 	vmul.i16	q1, q1, r7
     ac6:	fe19 1fcf 	vcmp.s16	lt, q4, zr
     aca:	fe71 0f4d 	vpst
     ace:	ee19 8f4a 	vaddt.i16	q4, q4, sl
     ad2:	ea4f 4e28 	mov.w	lr, r8, asr #16
     ad6:	fe19 ae6e 	vqrdmulh.s16	q5, q4, lr
     ada:	ee19 9e68 	vmul.i16	q4, q4, r8
     ade:	ee17 2e4a 	vmla.i16	q1, q3, sl
     ae2:	ee1b 8e4a 	vmla.i16	q4, q5, sl
     ae6:	fe13 1fcf 	vcmp.s16	lt, q1, zr
     aea:	fe71 0f4d 	vpst
     aee:	ee13 2f4a 	vaddt.i16	q1, q1, sl
     af2:	fe19 1fcf 	vcmp.s16	lt, q4, zr
     af6:	fe71 0f4d 	vpst
     afa:	ee19 8f4a 	vaddt.i16	q4, q4, sl
     afe:	ef28 6158 	vmov	q3, q4
     b02:	ff10 8842 	vsub.i16	q4, q0, q1
     b06:	ef10 0842 	vadd.i16	q0, q0, q1
     b0a:	eeaa ab30 	vdup.16	q5, sl
     b0e:	ff10 084a 	vsub.i16	q0, q0, q5
     b12:	fe11 1fcf 	vcmp.s16	lt, q0, zr
     b16:	fe71 0f4d 	vpst
     b1a:	ef10 084a 	vaddt.i16	q0, q0, q5
     b1e:	fe19 1fcf 	vcmp.s16	lt, q4, zr
     b22:	fe71 0f4d 	vpst
     b26:	ef18 884a 	vaddt.i16	q4, q4, q5
     b2a:	ef28 2158 	vmov	q1, q4
     b2e:	ff14 8846 	vsub.i16	q4, q2, q3
     b32:	ef14 4846 	vadd.i16	q2, q2, q3
     b36:	eeaa ab30 	vdup.16	q5, sl
     b3a:	ff14 484a 	vsub.i16	q2, q2, q5
     b3e:	fe15 1fcf 	vcmp.s16	lt, q2, zr
     b42:	fe71 0f4d 	vpst
     b46:	ef14 484a 	vaddt.i16	q2, q2, q5
     b4a:	fe19 1fcf 	vcmp.s16	lt, q4, zr
     b4e:	fe71 0f4d 	vpst
     b52:	ef18 884a 	vaddt.i16	q4, q4, q5
     b56:	ef28 6158 	vmov	q3, q4
     b5a:	ed81 1e80 	vstrh.16	q0, [r1, #0]
     b5e:	f101 0c20 	add.w	ip, r1, #32
     b62:	ed8c 3e80 	vstrh.16	q1, [ip, #0]
     b66:	f101 0c40 	add.w	ip, r1, #64	@ 0x40
     b6a:	ed8c 5e80 	vstrh.16	q2, [ip, #0]
     b6e:	f101 0c60 	add.w	ip, r1, #96	@ 0x60
     b72:	ed8c 7e80 	vstrh.16	q3, [ip, #0]
     b76:	f101 0c80 	add.w	ip, r1, #128	@ 0x80
     b7a:	ed9c 1e80 	vldrh.u16	q0, [ip, #0]
     b7e:	f101 0ca0 	add.w	ip, r1, #160	@ 0xa0
     b82:	ed9c 3e80 	vldrh.u16	q1, [ip, #0]
     b86:	f101 0cc0 	add.w	ip, r1, #192	@ 0xc0
     b8a:	ed9c 5e80 	vldrh.u16	q2, [ip, #0]
     b8e:	f101 0ce0 	add.w	ip, r1, #224	@ 0xe0
     b92:	ed9c 7e80 	vldrh.u16	q3, [ip, #0]
     b96:	ff10 8844 	vsub.i16	q4, q0, q2
     b9a:	ef10 0844 	vadd.i16	q0, q0, q2
     b9e:	eeaa ab30 	vdup.16	q5, sl
     ba2:	ff10 084a 	vsub.i16	q0, q0, q5
     ba6:	fe11 1fcf 	vcmp.s16	lt, q0, zr
     baa:	fe71 0f4d 	vpst
     bae:	ef10 084a 	vaddt.i16	q0, q0, q5
     bb2:	fe19 1fcf 	vcmp.s16	lt, q4, zr
     bb6:	fe71 0f4d 	vpst
     bba:	ef18 884a 	vaddt.i16	q4, q4, q5
     bbe:	ef28 4158 	vmov	q2, q4
     bc2:	ff12 8846 	vsub.i16	q4, q1, q3
     bc6:	ef12 2846 	vadd.i16	q1, q1, q3
     bca:	ee13 3f4a 	vsub.i16	q1, q1, sl
     bce:	fe13 1fcf 	vcmp.s16	lt, q1, zr
     bd2:	fe71 0f4d 	vpst
     bd6:	ee13 2f4a 	vaddt.i16	q1, q1, sl
     bda:	ea4f 4e2b 	mov.w	lr, fp, asr #16
     bde:	fe13 6e6e 	vqrdmulh.s16	q3, q1, lr
     be2:	ee13 3e6b 	vmul.i16	q1, q1, fp
     be6:	fe19 1fcf 	vcmp.s16	lt, q4, zr
     bea:	fe71 0f4d 	vpst
     bee:	ee19 8f4a 	vaddt.i16	q4, q4, sl
     bf2:	ea4f 4e20 	mov.w	lr, r0, asr #16
     bf6:	fe19 ae6e 	vqrdmulh.s16	q5, q4, lr
     bfa:	ee19 9e60 	vmul.i16	q4, q4, r0
     bfe:	ee17 2e4a 	vmla.i16	q1, q3, sl
     c02:	ee1b 8e4a 	vmla.i16	q4, q5, sl
     c06:	fe13 1fcf 	vcmp.s16	lt, q1, zr
     c0a:	fe71 0f4d 	vpst
     c0e:	ee13 2f4a 	vaddt.i16	q1, q1, sl
     c12:	fe19 1fcf 	vcmp.s16	lt, q4, zr
     c16:	fe71 0f4d 	vpst
     c1a:	ee19 8f4a 	vaddt.i16	q4, q4, sl
     c1e:	ef28 6158 	vmov	q3, q4
     c22:	ff10 8842 	vsub.i16	q4, q0, q1
     c26:	ef10 0842 	vadd.i16	q0, q0, q1
     c2a:	eeaa ab30 	vdup.16	q5, sl
     c2e:	ff10 084a 	vsub.i16	q0, q0, q5
     c32:	fe11 1fcf 	vcmp.s16	lt, q0, zr
     c36:	fe71 0f4d 	vpst
     c3a:	ef10 084a 	vaddt.i16	q0, q0, q5
     c3e:	fe19 1fcf 	vcmp.s16	lt, q4, zr
     c42:	fe71 0f4d 	vpst
     c46:	ef18 884a 	vaddt.i16	q4, q4, q5
     c4a:	ef28 2158 	vmov	q1, q4
     c4e:	ff14 8846 	vsub.i16	q4, q2, q3
     c52:	ef14 4846 	vadd.i16	q2, q2, q3
     c56:	eeaa ab30 	vdup.16	q5, sl
     c5a:	ff14 484a 	vsub.i16	q2, q2, q5
     c5e:	fe15 1fcf 	vcmp.s16	lt, q2, zr
     c62:	fe71 0f4d 	vpst
     c66:	ef14 484a 	vaddt.i16	q2, q2, q5
     c6a:	fe19 1fcf 	vcmp.s16	lt, q4, zr
     c6e:	fe71 0f4d 	vpst
     c72:	ef18 884a 	vaddt.i16	q4, q4, q5
     c76:	ef28 6158 	vmov	q3, q4
     c7a:	f101 0c80 	add.w	ip, r1, #128	@ 0x80
     c7e:	ed8c 1e80 	vstrh.16	q0, [ip, #0]
     c82:	f101 0ca0 	add.w	ip, r1, #160	@ 0xa0
     c86:	ed8c 3e80 	vstrh.16	q1, [ip, #0]
     c8a:	f101 0cc0 	add.w	ip, r1, #192	@ 0xc0
     c8e:	ed8c 5e80 	vstrh.16	q2, [ip, #0]
     c92:	f101 0ce0 	add.w	ip, r1, #224	@ 0xe0
     c96:	ed8c 7e80 	vstrh.16	q3, [ip, #0]
     c9a:	f101 0110 	add.w	r1, r1, #16
     c9e:	3a01      	subs	r2, #1
     ca0:	f47f ade7 	bne.w	872 <fndsa_mqpoly_int_to_ntt__L3x512_lanes>
     ca4:	f101 01e0 	add.w	r1, r1, #224	@ 0xe0
     ca8:	3b01      	subs	r3, #1
     caa:	f47f ad8f 	bne.w	7cc <fndsa_mqpoly_int_to_ntt__L3x512_block>
     cae:	f8dd 8008 	ldr.w	r8, [sp, #8]
     cb2:	9903      	ldr	r1, [sp, #12]
     cb4:	b004      	add	sp, #16
     cb6:	ee01 1a10 	vmov	s2, r1

00000cba <fndsa_mqpoly_int_to_ntt__L512_CT2_packed>:
     cba:	4644      	mov	r4, r8
     cbc:	f108 0040 	add.w	r0, r8, #64	@ 0x40
     cc0:	2210      	movs	r2, #16
     cc2:	ee11 1a10 	vmov	r1, s2

00000cc6 <fndsa_mqpoly_int_to_ntt__L512_CT2_packed_loop>:
     cc6:	8825      	ldrh	r5, [r4, #0]
     cc8:	eb04 0e09 	add.w	lr, r4, r9
     ccc:	f8be e000 	ldrh.w	lr, [lr]
     cd0:	ea45 450e 	orr.w	r5, r5, lr, lsl #16
     cd4:	f104 0402 	add.w	r4, r4, #2
     cd8:	8826      	ldrh	r6, [r4, #0]
     cda:	eb04 0e09 	add.w	lr, r4, r9
     cde:	f8be e000 	ldrh.w	lr, [lr]
     ce2:	ea46 460e 	orr.w	r6, r6, lr, lsl #16
     ce6:	f104 0402 	add.w	r4, r4, #2
     cea:	8807      	ldrh	r7, [r0, #0]
     cec:	eb00 0e09 	add.w	lr, r0, r9
     cf0:	f8be e000 	ldrh.w	lr, [lr]
     cf4:	ea47 470e 	orr.w	r7, r7, lr, lsl #16
     cf8:	f100 0002 	add.w	r0, r0, #2
     cfc:	f8b0 8000 	ldrh.w	r8, [r0]
     d00:	eb00 0e09 	add.w	lr, r0, r9
     d04:	f8be e000 	ldrh.w	lr, [lr]
     d08:	ea48 480e 	orr.w	r8, r8, lr, lsl #16
     d0c:	f100 0002 	add.w	r0, r0, #2
     d10:	f8b0 b000 	ldrh.w	fp, [r0]
     d14:	eb00 0e09 	add.w	lr, r0, r9
     d18:	f8be e000 	ldrh.w	lr, [lr]
     d1c:	ea4b 4b0e 	orr.w	fp, fp, lr, lsl #16
     d20:	f100 0002 	add.w	r0, r0, #2
     d24:	8803      	ldrh	r3, [r0, #0]
     d26:	eb00 0e09 	add.w	lr, r0, r9
     d2a:	f8be e000 	ldrh.w	lr, [lr]
     d2e:	ea43 430e 	orr.w	r3, r3, lr, lsl #16
     d32:	f100 0002 	add.w	r0, r0, #2
     d36:	ed91 2b00 	vldr	d2, [r1]
     d3a:	ed91 3b08 	vldr	d3, [r1, #32]
     d3e:	ed91 4b02 	vldr	d4, [r1, #8]
     d42:	ed91 5b0a 	vldr	d5, [r1, #40]	@ 0x28
     d46:	ed91 6b04 	vldr	d6, [r1, #16]
     d4a:	ed91 7b0c 	vldr	d7, [r1, #48]	@ 0x30
     d4e:	ed91 8b06 	vldr	d8, [r1, #24]
     d52:	ed91 9b0e 	vldr	d9, [r1, #56]	@ 0x38
     d56:	eeae 5b30 	vdup.16	q7, r5
     d5a:	ea4f 4e25 	mov.w	lr, r5, asr #16
     d5e:	eeac eb30 	vdup.16	q6, lr
     d62:	fa1f fc86 	uxth.w	ip, r6
     d66:	ea4c 4c0c 	orr.w	ip, ip, ip, lsl #16
     d6a:	ec4c cb1f 	vmov	d15, ip, ip
     d6e:	ea4f 4c26 	mov.w	ip, r6, asr #16
     d72:	fa1f fc8c 	uxth.w	ip, ip
     d76:	ea4c 4c0c 	orr.w	ip, ip, ip, lsl #16
     d7a:	ec4c cb1d 	vmov	d13, ip, ip
     d7e:	ff16 ab4c 	vqrdmulh.s16	q5, q3, q6
     d82:	ef16 695e 	vmul.i16	q3, q3, q7
     d86:	ff18 cb4c 	vqrdmulh.s16	q6, q4, q6
     d8a:	ef18 895e 	vmul.i16	q4, q4, q7
     d8e:	ee1b 6e4a 	vmla.i16	q3, q5, sl
     d92:	ee1d 8e4a 	vmla.i16	q4, q6, sl
     d96:	fe17 1fcf 	vcmp.s16	lt, q3, zr
     d9a:	fe71 0f4d 	vpst
     d9e:	ee17 6f4a 	vaddt.i16	q3, q3, sl
     da2:	fe19 1fcf 	vcmp.s16	lt, q4, zr
     da6:	fe71 0f4d 	vpst
     daa:	ee19 8f4a 	vaddt.i16	q4, q4, sl
     dae:	eeae ab30 	vdup.16	q7, sl
     db2:	ef12 a846 	vadd.i16	q5, q1, q3
     db6:	ff1a a84e 	vsub.i16	q5, q5, q7
     dba:	fe1b 1fcf 	vcmp.s16	lt, q5, zr
     dbe:	fe71 0f4d 	vpst
     dc2:	ef1a a84e 	vaddt.i16	q5, q5, q7
     dc6:	ff12 6846 	vsub.i16	q3, q1, q3
     dca:	fe17 1fcf 	vcmp.s16	lt, q3, zr
     dce:	fe71 0f4d 	vpst
     dd2:	ef16 684e 	vaddt.i16	q3, q3, q7
     dd6:	ef2a 215a 	vmov	q1, q5
     dda:	ef14 a848 	vadd.i16	q5, q2, q4
     dde:	ff1a a84e 	vsub.i16	q5, q5, q7
     de2:	fe1b 1fcf 	vcmp.s16	lt, q5, zr
     de6:	fe71 0f4d 	vpst
     dea:	ef1a a84e 	vaddt.i16	q5, q5, q7
     dee:	ff14 8848 	vsub.i16	q4, q2, q4
     df2:	fe19 1fcf 	vcmp.s16	lt, q4, zr
     df6:	fe71 0f4d 	vpst
     dfa:	ef18 884e 	vaddt.i16	q4, q4, q7
     dfe:	eeae 7b30 	vdup.16	q7, r7
     e02:	ea4f 4e27 	mov.w	lr, r7, asr #16
     e06:	eeac eb30 	vdup.16	q6, lr
     e0a:	fa1f fc8b 	uxth.w	ip, fp
     e0e:	ea4c 4c0c 	orr.w	ip, ip, ip, lsl #16
     e12:	ec4c cb1f 	vmov	d15, ip, ip
     e16:	ea4f 4c2b 	mov.w	ip, fp, asr #16
     e1a:	fa1f fc8c 	uxth.w	ip, ip
     e1e:	ea4c 4c0c 	orr.w	ip, ip, ip, lsl #16
     e22:	ec4c cb1d 	vmov	d13, ip, ip
     e26:	ff1a 4b4c 	vqrdmulh.s16	q2, q5, q6
     e2a:	ef1a a95e 	vmul.i16	q5, q5, q7
     e2e:	eeae 8b30 	vdup.16	q7, r8
     e32:	ea4f 4e28 	mov.w	lr, r8, asr #16
     e36:	eeac eb30 	vdup.16	q6, lr
     e3a:	fa1f fc83 	uxth.w	ip, r3
     e3e:	ea4c 4c0c 	orr.w	ip, ip, ip, lsl #16
     e42:	ec4c cb1f 	vmov	d15, ip, ip
     e46:	ea4f 4c23 	mov.w	ip, r3, asr #16
     e4a:	fa1f fc8c 	uxth.w	ip, ip
     e4e:	ea4c 4c0c 	orr.w	ip, ip, ip, lsl #16
     e52:	ec4c cb1d 	vmov	d13, ip, ip
     e56:	ff18 cb4c 	vqrdmulh.s16	q6, q4, q6
     e5a:	ef18 895e 	vmul.i16	q4, q4, q7
     e5e:	ee15 ae4a 	vmla.i16	q5, q2, sl
     e62:	ee1d 8e4a 	vmla.i16	q4, q6, sl
     e66:	fe1b 1fcf 	vcmp.s16	lt, q5, zr
     e6a:	fe71 0f4d 	vpst
     e6e:	ee1b af4a 	vaddt.i16	q5, q5, sl
     e72:	fe19 1fcf 	vcmp.s16	lt, q4, zr
     e76:	fe71 0f4d 	vpst
     e7a:	ee19 8f4a 	vaddt.i16	q4, q4, sl
     e7e:	ef2a 415a 	vmov	q2, q5
     e82:	eeae ab30 	vdup.16	q7, sl
     e86:	ef12 a844 	vadd.i16	q5, q1, q2
     e8a:	ff1a a84e 	vsub.i16	q5, q5, q7
     e8e:	fe1b 1fcf 	vcmp.s16	lt, q5, zr
     e92:	fe71 0f4d 	vpst
     e96:	ef1a a84e 	vaddt.i16	q5, q5, q7
     e9a:	ff12 4844 	vsub.i16	q2, q1, q2
     e9e:	fe15 1fcf 	vcmp.s16	lt, q2, zr
     ea2:	fe71 0f4d 	vpst
     ea6:	ef14 484e 	vaddt.i16	q2, q2, q7
     eaa:	ef2a 215a 	vmov	q1, q5
     eae:	ef16 a848 	vadd.i16	q5, q3, q4
     eb2:	ff1a a84e 	vsub.i16	q5, q5, q7
     eb6:	fe1b 1fcf 	vcmp.s16	lt, q5, zr
     eba:	fe71 0f4d 	vpst
     ebe:	ef1a a84e 	vaddt.i16	q5, q5, q7
     ec2:	ff16 8848 	vsub.i16	q4, q3, q4
     ec6:	fe19 1fcf 	vcmp.s16	lt, q4, zr
     eca:	fe71 0f4d 	vpst
     ece:	ef18 884e 	vaddt.i16	q4, q4, q7
     ed2:	ef2a 615a 	vmov	q3, q5
     ed6:	ed81 2b00 	vstr	d2, [r1]
     eda:	ed81 3b08 	vstr	d3, [r1, #32]
     ede:	ed81 4b02 	vstr	d4, [r1, #8]
     ee2:	ed81 5b0a 	vstr	d5, [r1, #40]	@ 0x28
     ee6:	ed81 6b04 	vstr	d6, [r1, #16]
     eea:	ed81 7b0c 	vstr	d7, [r1, #48]	@ 0x30
     eee:	ed81 8b06 	vstr	d8, [r1, #24]
     ef2:	ed81 9b0e 	vstr	d9, [r1, #56]	@ 0x38
     ef6:	f101 0140 	add.w	r1, r1, #64	@ 0x40
     efa:	3a01      	subs	r2, #1
     efc:	f47f aee3 	bne.w	cc6 <fndsa_mqpoly_int_to_ntt__L512_CT2_packed_loop>
     f00:	4680      	mov	r8, r0
     f02:	ee11 1a10 	vmov	r1, s2
     f06:	2380      	movs	r3, #128	@ 0x80
     f08:	ee01 3a90 	vmov	s3, r3
     f0c:	2204      	movs	r2, #4
     f0e:	2000      	movs	r0, #0
     f10:	f243 0a01 	movw	sl, #12289	@ 0x3001
     f14:	ea4a 4b0a 	orr.w	fp, sl, sl, lsl #16
     f18:	e254      	b.n	13c4 <fndsa_mqpoly_int_to_ntt__L4>

00000f1a <fndsa_mqpoly_int_to_ntt__F2_setup>:
     f1a:	2601      	movs	r6, #1
     f1c:	ee01 6a90 	vmov	s3, r6

00000f20 <fndsa_mqpoly_int_to_ntt__F2_outer>:
     f20:	ee11 1a10 	vmov	r1, s2
     f24:	ee11 6a90 	vmov	r6, s3
     f28:	4633      	mov	r3, r6
     f2a:	eb08 0746 	add.w	r7, r8, r6, lsl #1
     f2e:	ea4f 0452 	mov.w	r4, r2, lsr #1

00000f32 <fndsa_mqpoly_int_to_ntt__F2_middle>:
     f32:	f8b8 5000 	ldrh.w	r5, [r8]
     f36:	eb08 0e09 	add.w	lr, r8, r9
     f3a:	f8be e000 	ldrh.w	lr, [lr]
     f3e:	ea45 450e 	orr.w	r5, r5, lr, lsl #16
     f42:	f108 0802 	add.w	r8, r8, #2
     f46:	f8b7 b000 	ldrh.w	fp, [r7]
     f4a:	eb07 0e09 	add.w	lr, r7, r9
     f4e:	f8be e000 	ldrh.w	lr, [lr]
     f52:	ea4b 4b0e 	orr.w	fp, fp, lr, lsl #16
     f56:	f107 0702 	add.w	r7, r7, #2
     f5a:	883e      	ldrh	r6, [r7, #0]
     f5c:	eb07 0e09 	add.w	lr, r7, r9
     f60:	f8be e000 	ldrh.w	lr, [lr]
     f64:	ea46 460e 	orr.w	r6, r6, lr, lsl #16
     f68:	f107 0702 	add.w	r7, r7, #2
     f6c:	2a10      	cmp	r2, #16
     f6e:	f000 8167 	beq.w	1240 <fndsa_mqpoly_int_to_ntt__F2_half>
     f72:	ea4f 1052 	mov.w	r0, r2, lsr #5
     f76:	ed91 3e80 	vldrh.u16	q1, [r1, #0]
     f7a:	eb01 0c04 	add.w	ip, r1, r4
     f7e:	ed9c 5e80 	vldrh.u16	q2, [ip, #0]
     f82:	eb0c 0c04 	add.w	ip, ip, r4
     f86:	ed9c 7e80 	vldrh.u16	q3, [ip, #0]
     f8a:	eb0c 0c04 	add.w	ip, ip, r4
     f8e:	ed9c 9e80 	vldrh.u16	q4, [ip, #0]
     f92:	3801      	subs	r0, #1
     f94:	f000 80ad 	beq.w	10f2 <fndsa_mqpoly_int_to_ntt__F2_vector_epilogue>

00000f98 <fndsa_mqpoly_int_to_ntt__F2_vector_steady>:
     f98:	eeae 5b30 	vdup.16	q7, r5
     f9c:	ea4f 4e25 	mov.w	lr, r5, asr #16
     fa0:	eeac eb30 	vdup.16	q6, lr
     fa4:	ff16 ab4c 	vqrdmulh.s16	q5, q3, q6
     fa8:	ef16 695e 	vmul.i16	q3, q3, q7
     fac:	ff18 cb4c 	vqrdmulh.s16	q6, q4, q6
     fb0:	ef18 895e 	vmul.i16	q4, q4, q7
     fb4:	ee1b 6e4a 	vmla.i16	q3, q5, sl
     fb8:	ee1d 8e4a 	vmla.i16	q4, q6, sl
     fbc:	fe17 1fcf 	vcmp.s16	lt, q3, zr
     fc0:	fe71 0f4d 	vpst
     fc4:	ee17 6f4a 	vaddt.i16	q3, q3, sl
     fc8:	fe19 1fcf 	vcmp.s16	lt, q4, zr
     fcc:	fe71 0f4d 	vpst
     fd0:	ee19 8f4a 	vaddt.i16	q4, q4, sl
     fd4:	ef12 a846 	vadd.i16	q5, q1, q3
     fd8:	ee1b bf4a 	vsub.i16	q5, q5, sl
     fdc:	fe1b 1fcf 	vcmp.s16	lt, q5, zr
     fe0:	fe71 0f4d 	vpst
     fe4:	ee1b af4a 	vaddt.i16	q5, q5, sl
     fe8:	ff12 6846 	vsub.i16	q3, q1, q3
     fec:	fe17 1fcf 	vcmp.s16	lt, q3, zr
     ff0:	fe71 0f4d 	vpst
     ff4:	ee17 6f4a 	vaddt.i16	q3, q3, sl
     ff8:	ef2a 215a 	vmov	q1, q5
     ffc:	ef14 a848 	vadd.i16	q5, q2, q4
    1000:	ee1b bf4a 	vsub.i16	q5, q5, sl
    1004:	fe1b 1fcf 	vcmp.s16	lt, q5, zr
    1008:	fe71 0f4d 	vpst
    100c:	ee1b af4a 	vaddt.i16	q5, q5, sl
    1010:	ff14 8848 	vsub.i16	q4, q2, q4
    1014:	fe19 1fcf 	vcmp.s16	lt, q4, zr
    1018:	fe71 0f4d 	vpst
    101c:	ee19 8f4a 	vaddt.i16	q4, q4, sl
    1020:	eeae bb30 	vdup.16	q7, fp
    1024:	ea4f 4e2b 	mov.w	lr, fp, asr #16
    1028:	eeac eb30 	vdup.16	q6, lr
    102c:	ff1a 4b4c 	vqrdmulh.s16	q2, q5, q6
    1030:	ef1a a95e 	vmul.i16	q5, q5, q7
    1034:	eeae 6b30 	vdup.16	q7, r6
    1038:	ea4f 4e26 	mov.w	lr, r6, asr #16
    103c:	eeac eb30 	vdup.16	q6, lr
    1040:	ff18 cb4c 	vqrdmulh.s16	q6, q4, q6
    1044:	ef18 895e 	vmul.i16	q4, q4, q7
    1048:	ee15 ae4a 	vmla.i16	q5, q2, sl
    104c:	ee1d 8e4a 	vmla.i16	q4, q6, sl
    1050:	fe1b 1fcf 	vcmp.s16	lt, q5, zr
    1054:	fe71 0f4d 	vpst
    1058:	ee1b af4a 	vaddt.i16	q5, q5, sl
    105c:	fe19 1fcf 	vcmp.s16	lt, q4, zr
    1060:	fe71 0f4d 	vpst
    1064:	ee19 8f4a 	vaddt.i16	q4, q4, sl
    1068:	ef2a 415a 	vmov	q2, q5
    106c:	ef12 a844 	vadd.i16	q5, q1, q2
    1070:	ee1b bf4a 	vsub.i16	q5, q5, sl
    1074:	fe1b 1fcf 	vcmp.s16	lt, q5, zr
    1078:	fe71 0f4d 	vpst
    107c:	ee1b af4a 	vaddt.i16	q5, q5, sl
    1080:	ff12 4844 	vsub.i16	q2, q1, q2
    1084:	fe15 1fcf 	vcmp.s16	lt, q2, zr
    1088:	fe71 0f4d 	vpst
    108c:	ee15 4f4a 	vaddt.i16	q2, q2, sl
    1090:	ef2a 215a 	vmov	q1, q5
    1094:	ef16 a848 	vadd.i16	q5, q3, q4
    1098:	ed81 3e80 	vstrh.16	q1, [r1, #0]
    109c:	ee1b bf4a 	vsub.i16	q5, q5, sl
    10a0:	fe1b 1fcf 	vcmp.s16	lt, q5, zr
    10a4:	fe71 0f4d 	vpst
    10a8:	ee1b af4a 	vaddt.i16	q5, q5, sl
    10ac:	ed91 3e88 	vldrh.u16	q1, [r1, #16]
    10b0:	eb01 0c04 	add.w	ip, r1, r4
    10b4:	ff16 8848 	vsub.i16	q4, q3, q4
    10b8:	ed8c 5e80 	vstrh.16	q2, [ip, #0]
    10bc:	fe19 1fcf 	vcmp.s16	lt, q4, zr
    10c0:	fe71 0f4d 	vpst
    10c4:	ee19 8f4a 	vaddt.i16	q4, q4, sl
    10c8:	ed9c 5e88 	vldrh.u16	q2, [ip, #16]
    10cc:	ef2a 615a 	vmov	q3, q5
    10d0:	eb0c 0c04 	add.w	ip, ip, r4
    10d4:	ed8c 7e80 	vstrh.16	q3, [ip, #0]
    10d8:	ed9c 7e88 	vldrh.u16	q3, [ip, #16]
    10dc:	eb0c 0c04 	add.w	ip, ip, r4
    10e0:	ed8c 9e80 	vstrh.16	q4, [ip, #0]
    10e4:	ed9c 9e88 	vldrh.u16	q4, [ip, #16]
    10e8:	f101 0110 	add.w	r1, r1, #16
    10ec:	3801      	subs	r0, #1
    10ee:	f47f af53 	bne.w	f98 <fndsa_mqpoly_int_to_ntt__F2_vector_steady>

000010f2 <fndsa_mqpoly_int_to_ntt__F2_vector_epilogue>:
    10f2:	eeae 5b30 	vdup.16	q7, r5
    10f6:	ea4f 4e25 	mov.w	lr, r5, asr #16
    10fa:	eeac eb30 	vdup.16	q6, lr
    10fe:	ff16 ab4c 	vqrdmulh.s16	q5, q3, q6
    1102:	ef16 695e 	vmul.i16	q3, q3, q7
    1106:	ff18 cb4c 	vqrdmulh.s16	q6, q4, q6
    110a:	ef18 895e 	vmul.i16	q4, q4, q7
    110e:	ee1b 6e4a 	vmla.i16	q3, q5, sl
    1112:	ee1d 8e4a 	vmla.i16	q4, q6, sl
    1116:	fe17 1fcf 	vcmp.s16	lt, q3, zr
    111a:	fe71 0f4d 	vpst
    111e:	ee17 6f4a 	vaddt.i16	q3, q3, sl
    1122:	fe19 1fcf 	vcmp.s16	lt, q4, zr
    1126:	fe71 0f4d 	vpst
    112a:	ee19 8f4a 	vaddt.i16	q4, q4, sl
    112e:	ef12 a846 	vadd.i16	q5, q1, q3
    1132:	ee1b bf4a 	vsub.i16	q5, q5, sl
    1136:	fe1b 1fcf 	vcmp.s16	lt, q5, zr
    113a:	fe71 0f4d 	vpst
    113e:	ee1b af4a 	vaddt.i16	q5, q5, sl
    1142:	ff12 6846 	vsub.i16	q3, q1, q3
    1146:	fe17 1fcf 	vcmp.s16	lt, q3, zr
    114a:	fe71 0f4d 	vpst
    114e:	ee17 6f4a 	vaddt.i16	q3, q3, sl
    1152:	ef2a 215a 	vmov	q1, q5
    1156:	ef14 a848 	vadd.i16	q5, q2, q4
    115a:	ee1b bf4a 	vsub.i16	q5, q5, sl
    115e:	fe1b 1fcf 	vcmp.s16	lt, q5, zr
    1162:	fe71 0f4d 	vpst
    1166:	ee1b af4a 	vaddt.i16	q5, q5, sl
    116a:	ff14 8848 	vsub.i16	q4, q2, q4
    116e:	fe19 1fcf 	vcmp.s16	lt, q4, zr
    1172:	fe71 0f4d 	vpst
    1176:	ee19 8f4a 	vaddt.i16	q4, q4, sl
    117a:	eeae bb30 	vdup.16	q7, fp
    117e:	ea4f 4e2b 	mov.w	lr, fp, asr #16
    1182:	eeac eb30 	vdup.16	q6, lr
    1186:	ff1a 4b4c 	vqrdmulh.s16	q2, q5, q6
    118a:	ef1a a95e 	vmul.i16	q5, q5, q7
    118e:	eeae 6b30 	vdup.16	q7, r6
    1192:	ea4f 4e26 	mov.w	lr, r6, asr #16
    1196:	eeac eb30 	vdup.16	q6, lr
    119a:	ff18 cb4c 	vqrdmulh.s16	q6, q4, q6
    119e:	ef18 895e 	vmul.i16	q4, q4, q7
    11a2:	ee15 ae4a 	vmla.i16	q5, q2, sl
    11a6:	ee1d 8e4a 	vmla.i16	q4, q6, sl
    11aa:	fe1b 1fcf 	vcmp.s16	lt, q5, zr
    11ae:	fe71 0f4d 	vpst
    11b2:	ee1b af4a 	vaddt.i16	q5, q5, sl
    11b6:	fe19 1fcf 	vcmp.s16	lt, q4, zr
    11ba:	fe71 0f4d 	vpst
    11be:	ee19 8f4a 	vaddt.i16	q4, q4, sl
    11c2:	ef2a 415a 	vmov	q2, q5
    11c6:	ef12 a844 	vadd.i16	q5, q1, q2
    11ca:	ee1b bf4a 	vsub.i16	q5, q5, sl
    11ce:	fe1b 1fcf 	vcmp.s16	lt, q5, zr
    11d2:	fe71 0f4d 	vpst
    11d6:	ee1b af4a 	vaddt.i16	q5, q5, sl
    11da:	ff12 4844 	vsub.i16	q2, q1, q2
    11de:	fe15 1fcf 	vcmp.s16	lt, q2, zr
    11e2:	fe71 0f4d 	vpst
    11e6:	ee15 4f4a 	vaddt.i16	q2, q2, sl
    11ea:	ef2a 215a 	vmov	q1, q5
    11ee:	ef16 a848 	vadd.i16	q5, q3, q4
    11f2:	ee1b bf4a 	vsub.i16	q5, q5, sl
    11f6:	fe1b 1fcf 	vcmp.s16	lt, q5, zr
    11fa:	fe71 0f4d 	vpst
    11fe:	ee1b af4a 	vaddt.i16	q5, q5, sl
    1202:	ff16 8848 	vsub.i16	q4, q3, q4
    1206:	fe19 1fcf 	vcmp.s16	lt, q4, zr
    120a:	fe71 0f4d 	vpst
    120e:	ee19 8f4a 	vaddt.i16	q4, q4, sl
    1212:	ef2a 615a 	vmov	q3, q5
    1216:	ed81 3e80 	vstrh.16	q1, [r1, #0]
    121a:	eb01 0c04 	add.w	ip, r1, r4
    121e:	ed8c 5e80 	vstrh.16	q2, [ip, #0]
    1222:	eb0c 0c04 	add.w	ip, ip, r4
    1226:	ed8c 7e80 	vstrh.16	q3, [ip, #0]
    122a:	eb0c 0c04 	add.w	ip, ip, r4
    122e:	ed8c 9e80 	vstrh.16	q4, [ip, #0]
    1232:	f101 0110 	add.w	r1, r1, #16
    1236:	eb01 0144 	add.w	r1, r1, r4, lsl #1
    123a:	eb01 0104 	add.w	r1, r1, r4
    123e:	e0af      	b.n	13a0 <fndsa_mqpoly_int_to_ntt__F2_middle_done>

00001240 <fndsa_mqpoly_int_to_ntt__F2_half>:
    1240:	ed91 2b00 	vldr	d2, [r1]
    1244:	eb01 0c04 	add.w	ip, r1, r4
    1248:	ed9c 4b00 	vldr	d4, [ip]
    124c:	eb0c 0c04 	add.w	ip, ip, r4
    1250:	ed9c 6b00 	vldr	d6, [ip]
    1254:	eb0c 0c04 	add.w	ip, ip, r4
    1258:	ed9c 8b00 	vldr	d8, [ip]
    125c:	eeae 5b30 	vdup.16	q7, r5
    1260:	ea4f 4e25 	mov.w	lr, r5, asr #16
    1264:	eeac eb30 	vdup.16	q6, lr
    1268:	ff16 ab4c 	vqrdmulh.s16	q5, q3, q6
    126c:	ef16 695e 	vmul.i16	q3, q3, q7
    1270:	ff18 cb4c 	vqrdmulh.s16	q6, q4, q6
    1274:	ef18 895e 	vmul.i16	q4, q4, q7
    1278:	ee1b 6e4a 	vmla.i16	q3, q5, sl
    127c:	ee1d 8e4a 	vmla.i16	q4, q6, sl
    1280:	fe17 1fcf 	vcmp.s16	lt, q3, zr
    1284:	fe71 0f4d 	vpst
    1288:	ee17 6f4a 	vaddt.i16	q3, q3, sl
    128c:	fe19 1fcf 	vcmp.s16	lt, q4, zr
    1290:	fe71 0f4d 	vpst
    1294:	ee19 8f4a 	vaddt.i16	q4, q4, sl
    1298:	ef12 a846 	vadd.i16	q5, q1, q3
    129c:	ee1b bf4a 	vsub.i16	q5, q5, sl
    12a0:	fe1b 1fcf 	vcmp.s16	lt, q5, zr
    12a4:	fe71 0f4d 	vpst
    12a8:	ee1b af4a 	vaddt.i16	q5, q5, sl
    12ac:	ff12 6846 	vsub.i16	q3, q1, q3
    12b0:	fe17 1fcf 	vcmp.s16	lt, q3, zr
    12b4:	fe71 0f4d 	vpst
    12b8:	ee17 6f4a 	vaddt.i16	q3, q3, sl
    12bc:	ef2a 215a 	vmov	q1, q5
    12c0:	ef14 a848 	vadd.i16	q5, q2, q4
    12c4:	ee1b bf4a 	vsub.i16	q5, q5, sl
    12c8:	fe1b 1fcf 	vcmp.s16	lt, q5, zr
    12cc:	fe71 0f4d 	vpst
    12d0:	ee1b af4a 	vaddt.i16	q5, q5, sl
    12d4:	ff14 8848 	vsub.i16	q4, q2, q4
    12d8:	fe19 1fcf 	vcmp.s16	lt, q4, zr
    12dc:	fe71 0f4d 	vpst
    12e0:	ee19 8f4a 	vaddt.i16	q4, q4, sl
    12e4:	eeae bb30 	vdup.16	q7, fp
    12e8:	ea4f 4e2b 	mov.w	lr, fp, asr #16
    12ec:	eeac eb30 	vdup.16	q6, lr
    12f0:	ff1a 4b4c 	vqrdmulh.s16	q2, q5, q6
    12f4:	ef1a a95e 	vmul.i16	q5, q5, q7
    12f8:	eeae 6b30 	vdup.16	q7, r6
    12fc:	ea4f 4e26 	mov.w	lr, r6, asr #16
    1300:	eeac eb30 	vdup.16	q6, lr
    1304:	ff18 cb4c 	vqrdmulh.s16	q6, q4, q6
    1308:	ef18 895e 	vmul.i16	q4, q4, q7
    130c:	ee15 ae4a 	vmla.i16	q5, q2, sl
    1310:	ee1d 8e4a 	vmla.i16	q4, q6, sl
    1314:	fe1b 1fcf 	vcmp.s16	lt, q5, zr
    1318:	fe71 0f4d 	vpst
    131c:	ee1b af4a 	vaddt.i16	q5, q5, sl
    1320:	fe19 1fcf 	vcmp.s16	lt, q4, zr
    1324:	fe71 0f4d 	vpst
    1328:	ee19 8f4a 	vaddt.i16	q4, q4, sl
    132c:	ef2a 415a 	vmov	q2, q5
    1330:	ef12 a844 	vadd.i16	q5, q1, q2
    1334:	ee1b bf4a 	vsub.i16	q5, q5, sl
    1338:	fe1b 1fcf 	vcmp.s16	lt, q5, zr
    133c:	fe71 0f4d 	vpst
    1340:	ee1b af4a 	vaddt.i16	q5, q5, sl
    1344:	ff12 4844 	vsub.i16	q2, q1, q2
    1348:	fe15 1fcf 	vcmp.s16	lt, q2, zr
    134c:	fe71 0f4d 	vpst
    1350:	ee15 4f4a 	vaddt.i16	q2, q2, sl
    1354:	ef2a 215a 	vmov	q1, q5
    1358:	ef16 a848 	vadd.i16	q5, q3, q4
    135c:	ee1b bf4a 	vsub.i16	q5, q5, sl
    1360:	fe1b 1fcf 	vcmp.s16	lt, q5, zr
    1364:	fe71 0f4d 	vpst
    1368:	ee1b af4a 	vaddt.i16	q5, q5, sl
    136c:	ff16 8848 	vsub.i16	q4, q3, q4
    1370:	fe19 1fcf 	vcmp.s16	lt, q4, zr
    1374:	fe71 0f4d 	vpst
    1378:	ee19 8f4a 	vaddt.i16	q4, q4, sl
    137c:	ef2a 615a 	vmov	q3, q5
    1380:	ed81 2b00 	vstr	d2, [r1]
    1384:	eb01 0c04 	add.w	ip, r1, r4
    1388:	ed8c 4b00 	vstr	d4, [ip]
    138c:	eb0c 0c04 	add.w	ip, ip, r4
    1390:	ed8c 6b00 	vstr	d6, [ip]
    1394:	eb0c 0c04 	add.w	ip, ip, r4
    1398:	ed8c 8b00 	vstr	d8, [ip]
    139c:	eb01 0184 	add.w	r1, r1, r4, lsl #2

000013a0 <fndsa_mqpoly_int_to_ntt__F2_middle_done>:
    13a0:	3b01      	subs	r3, #1
    13a2:	f47f adc6 	bne.w	f32 <fndsa_mqpoly_int_to_ntt__F2_middle>
    13a6:	46b8      	mov	r8, r7
    13a8:	ee11 6a90 	vmov	r6, s3
    13ac:	ea4f 0686 	mov.w	r6, r6, lsl #2
    13b0:	ee01 6a90 	vmov	s3, r6
    13b4:	ea4f 0292 	mov.w	r2, r2, lsr #2
    13b8:	2a04      	cmp	r2, #4
    13ba:	f47f adb1 	bne.w	f20 <fndsa_mqpoly_int_to_ntt__F2_outer>
    13be:	ee11 1a10 	vmov	r1, s2
    13c2:	e7ff      	b.n	13c4 <fndsa_mqpoly_int_to_ntt__L4>

000013c4 <fndsa_mqpoly_int_to_ntt__L4>:
    13c4:	ee11 3a90 	vmov	r3, s3
    13c8:	eb08 0743 	add.w	r7, r8, r3, lsl #1
    13cc:	2b08      	cmp	r3, #8
    13ce:	f0c0 81b2 	bcc.w	1736 <fndsa_mqpoly_int_to_ntt__L5>
    13d2:	f1b9 0f00 	cmp.w	r9, #0
    13d6:	f000 80b2 	beq.w	153e <fndsa_mqpoly_int_to_ntt__L5_mve>

000013da <fndsa_mqpoly_int_to_ntt__L5_mve_stage3>:
    13da:	fc91 3e81 	vld40.16	{q1, q2, q3, q4}, [r1]
    13de:	fc91 3ea1 	vld41.16	{q1, q2, q3, q4}, [r1]
    13e2:	fc91 3ec1 	vld42.16	{q1, q2, q3, q4}, [r1]
    13e6:	fc91 3ee1 	vld43.16	{q1, q2, q3, q4}, [r1]
    13ea:	ed98 fe80 	vldrh.u16	q7, [r8, #0]
    13ee:	eb08 0c09 	add.w	ip, r8, r9
    13f2:	ed9c de80 	vldrh.u16	q6, [ip, #0]
    13f6:	f108 0810 	add.w	r8, r8, #16
    13fa:	ff16 ab4c 	vqrdmulh.s16	q5, q3, q6
    13fe:	ef16 695e 	vmul.i16	q3, q3, q7
    1402:	ff18 cb4c 	vqrdmulh.s16	q6, q4, q6
    1406:	ef18 895e 	vmul.i16	q4, q4, q7
    140a:	ee1b 6e4a 	vmla.i16	q3, q5, sl
    140e:	ee1d 8e4a 	vmla.i16	q4, q6, sl
    1412:	fe17 1fcf 	vcmp.s16	lt, q3, zr
    1416:	fe71 0f4d 	vpst
    141a:	ee17 6f4a 	vaddt.i16	q3, q3, sl
    141e:	fe19 1fcf 	vcmp.s16	lt, q4, zr
    1422:	fe71 0f4d 	vpst
    1426:	ee19 8f4a 	vaddt.i16	q4, q4, sl
    142a:	eeac ab30 	vdup.16	q6, sl
    142e:	ef12 a846 	vadd.i16	q5, q1, q3
    1432:	ff1a a84c 	vsub.i16	q5, q5, q6
    1436:	fe1b 1fcf 	vcmp.s16	lt, q5, zr
    143a:	fe71 0f4d 	vpst
    143e:	ef1a a84c 	vaddt.i16	q5, q5, q6
    1442:	ff12 6846 	vsub.i16	q3, q1, q3
    1446:	fe17 1fcf 	vcmp.s16	lt, q3, zr
    144a:	fe71 0f4d 	vpst
    144e:	ef16 684c 	vaddt.i16	q3, q3, q6
    1452:	ef2a 215a 	vmov	q1, q5
    1456:	ef14 a848 	vadd.i16	q5, q2, q4
    145a:	ff1a a84c 	vsub.i16	q5, q5, q6
    145e:	fe1b 1fcf 	vcmp.s16	lt, q5, zr
    1462:	fe71 0f4d 	vpst
    1466:	ef1a a84c 	vaddt.i16	q5, q5, q6
    146a:	ff14 8848 	vsub.i16	q4, q2, q4
    146e:	fe19 1fcf 	vcmp.s16	lt, q4, zr
    1472:	fe71 0f4d 	vpst
    1476:	ef18 884c 	vaddt.i16	q4, q4, q6
    147a:	ef2a 415a 	vmov	q2, q5
    147e:	fc97 be80 	vld20.16	{q5, q6}, [r7]
    1482:	fc97 bea0 	vld21.16	{q5, q6}, [r7]
    1486:	eb07 0c09 	add.w	ip, r7, r9
    148a:	fc9c de80 	vld20.16	{q6, q7}, [ip]
    148e:	fc9c dea0 	vld21.16	{q6, q7}, [ip]
    1492:	ff14 cb4c 	vqrdmulh.s16	q6, q2, q6
    1496:	ef14 495a 	vmul.i16	q2, q2, q5
    149a:	ee1d 4e4a 	vmla.i16	q2, q6, sl
    149e:	fe15 1fcf 	vcmp.s16	lt, q2, zr
    14a2:	fe71 0f4d 	vpst
    14a6:	ee15 4f4a 	vaddt.i16	q2, q2, sl
    14aa:	fc97 be80 	vld20.16	{q5, q6}, [r7]
    14ae:	fc97 bea0 	vld21.16	{q5, q6}, [r7]
    14b2:	f107 0720 	add.w	r7, r7, #32
    14b6:	ff18 eb4e 	vqrdmulh.s16	q7, q4, q7
    14ba:	ef18 895c 	vmul.i16	q4, q4, q6
    14be:	ee1f 8e4a 	vmla.i16	q4, q7, sl
    14c2:	fe19 1fcf 	vcmp.s16	lt, q4, zr
    14c6:	fe71 0f4d 	vpst
    14ca:	ee19 8f4a 	vaddt.i16	q4, q4, sl
    14ce:	eeac ab30 	vdup.16	q6, sl
    14d2:	ef12 a844 	vadd.i16	q5, q1, q2
    14d6:	ff1a a84c 	vsub.i16	q5, q5, q6
    14da:	fe1b 1fcf 	vcmp.s16	lt, q5, zr
    14de:	fe71 0f4d 	vpst
    14e2:	ef1a a84c 	vaddt.i16	q5, q5, q6
    14e6:	ff12 4844 	vsub.i16	q2, q1, q2
    14ea:	fe15 1fcf 	vcmp.s16	lt, q2, zr
    14ee:	fe71 0f4d 	vpst
    14f2:	ef14 484c 	vaddt.i16	q2, q2, q6
    14f6:	ef2a 215a 	vmov	q1, q5
    14fa:	ef16 a848 	vadd.i16	q5, q3, q4
    14fe:	ff1a a84c 	vsub.i16	q5, q5, q6
    1502:	fe1b 1fcf 	vcmp.s16	lt, q5, zr
    1506:	fe71 0f4d 	vpst
    150a:	ef1a a84c 	vaddt.i16	q5, q5, q6
    150e:	ff16 8848 	vsub.i16	q4, q3, q4
    1512:	fe19 1fcf 	vcmp.s16	lt, q4, zr
    1516:	fe71 0f4d 	vpst
    151a:	ef18 884c 	vaddt.i16	q4, q4, q6
    151e:	ef2a 615a 	vmov	q3, q5
    1522:	fc81 3e81 	vst40.16	{q1, q2, q3, q4}, [r1]
    1526:	fc81 3ea1 	vst41.16	{q1, q2, q3, q4}, [r1]
    152a:	fc81 3ec1 	vst42.16	{q1, q2, q3, q4}, [r1]
    152e:	fc81 3ee1 	vst43.16	{q1, q2, q3, q4}, [r1]
    1532:	f101 0140 	add.w	r1, r1, #64	@ 0x40
    1536:	3b08      	subs	r3, #8
    1538:	f47f af4f 	bne.w	13da <fndsa_mqpoly_int_to_ntt__L5_mve_stage3>
    153c:	e143      	b.n	17c6 <fndsa_mqpoly_int_to_ntt__Lend>

0000153e <fndsa_mqpoly_int_to_ntt__L5_mve>:
    153e:	fc91 3e81 	vld40.16	{q1, q2, q3, q4}, [r1]
    1542:	fc91 3ea1 	vld41.16	{q1, q2, q3, q4}, [r1]
    1546:	fc91 3ec1 	vld42.16	{q1, q2, q3, q4}, [r1]
    154a:	fc91 3ee1 	vld43.16	{q1, q2, q3, q4}, [r1]
    154e:	ed98 fe80 	vldrh.u16	q7, [r8, #0]
    1552:	f108 0810 	add.w	r8, r8, #16
    1556:	ef80 a050 	vmov.i32	q5, #0	@ 0x00000000
    155a:	fe17 0f0a 	vcmp.i16	eq, q3, q5
    155e:	fe17 ae0f 	vmulh.u16	q5, q3, q7
    1562:	ef16 695e 	vmul.i16	q3, q3, q7
    1566:	eeac eb30 	vdup.16	q6, lr
    156a:	fe17 ce0d 	vmulh.u16	q6, q3, q6
    156e:	f24f 7c00 	movw	ip, #63232	@ 0xf700
    1572:	ee17 7e6c 	vmul.i16	q3, q3, ip
    1576:	ee1b be6e 	vmul.i16	q5, q5, lr
    157a:	ef16 684a 	vadd.i16	q3, q3, q5
    157e:	ef16 684c 	vadd.i16	q3, q3, q6
    1582:	eeac ab30 	vdup.16	q6, sl
    1586:	fe17 6e0d 	vmulh.u16	q3, q3, q6
    158a:	f05f 0c01 	movs.w	ip, #1
    158e:	ee17 6f4c 	vadd.i16	q3, q3, ip
    1592:	fe71 0f4d 	vpst
    1596:	ee17 7f4c 	vsubt.i16	q3, q3, ip
    159a:	ef80 a050 	vmov.i32	q5, #0	@ 0x00000000
    159e:	fe19 0f0a 	vcmp.i16	eq, q4, q5
    15a2:	fe19 ae0f 	vmulh.u16	q5, q4, q7
    15a6:	ef18 895e 	vmul.i16	q4, q4, q7
    15aa:	eeac eb30 	vdup.16	q6, lr
    15ae:	fe19 ce0d 	vmulh.u16	q6, q4, q6
    15b2:	f24f 7c00 	movw	ip, #63232	@ 0xf700
    15b6:	ee19 9e6c 	vmul.i16	q4, q4, ip
    15ba:	ee1b be6e 	vmul.i16	q5, q5, lr
    15be:	ef18 884a 	vadd.i16	q4, q4, q5
    15c2:	ef18 884c 	vadd.i16	q4, q4, q6
    15c6:	eeac ab30 	vdup.16	q6, sl
    15ca:	fe19 8e0d 	vmulh.u16	q4, q4, q6
    15ce:	f05f 0c01 	movs.w	ip, #1
    15d2:	ee19 8f4c 	vadd.i16	q4, q4, ip
    15d6:	fe71 0f4d 	vpst
    15da:	ee19 9f4c 	vsubt.i16	q4, q4, ip
    15de:	eeac ab30 	vdup.16	q6, sl
    15e2:	ef12 a846 	vadd.i16	q5, q1, q3
    15e6:	ff1a a84c 	vsub.i16	q5, q5, q6
    15ea:	fe1b 1fcf 	vcmp.s16	lt, q5, zr
    15ee:	fe71 0f4d 	vpst
    15f2:	ef1a a84c 	vaddt.i16	q5, q5, q6
    15f6:	ff12 6846 	vsub.i16	q3, q1, q3
    15fa:	fe17 1fcf 	vcmp.s16	lt, q3, zr
    15fe:	fe71 0f4d 	vpst
    1602:	ef16 684c 	vaddt.i16	q3, q3, q6
    1606:	ef2a 215a 	vmov	q1, q5
    160a:	ef14 a848 	vadd.i16	q5, q2, q4
    160e:	ff1a a84c 	vsub.i16	q5, q5, q6
    1612:	fe1b 1fcf 	vcmp.s16	lt, q5, zr
    1616:	fe71 0f4d 	vpst
    161a:	ef1a a84c 	vaddt.i16	q5, q5, q6
    161e:	ff14 8848 	vsub.i16	q4, q2, q4
    1622:	fe19 1fcf 	vcmp.s16	lt, q4, zr
    1626:	fe71 0f4d 	vpst
    162a:	ef18 884c 	vaddt.i16	q4, q4, q6
    162e:	ef2a 415a 	vmov	q2, q5
    1632:	fc97 be80 	vld20.16	{q5, q6}, [r7]
    1636:	fc97 bea0 	vld21.16	{q5, q6}, [r7]
    163a:	f107 0720 	add.w	r7, r7, #32
    163e:	ef80 e050 	vmov.i32	q7, #0	@ 0x00000000
    1642:	fe15 0f0e 	vcmp.i16	eq, q2, q7
    1646:	fe15 ee0b 	vmulh.u16	q7, q2, q5
    164a:	ef14 495a 	vmul.i16	q2, q2, q5
    164e:	eeaa eb30 	vdup.16	q5, lr
    1652:	fe15 ae0b 	vmulh.u16	q5, q2, q5
    1656:	f24f 7c00 	movw	ip, #63232	@ 0xf700
    165a:	ee15 5e6c 	vmul.i16	q2, q2, ip
    165e:	ee1f fe6e 	vmul.i16	q7, q7, lr
    1662:	ef14 484e 	vadd.i16	q2, q2, q7
    1666:	ef14 484a 	vadd.i16	q2, q2, q5
    166a:	eeaa ab30 	vdup.16	q5, sl
    166e:	fe15 4e0b 	vmulh.u16	q2, q2, q5
    1672:	f05f 0c01 	movs.w	ip, #1
    1676:	ee15 4f4c 	vadd.i16	q2, q2, ip
    167a:	fe71 0f4d 	vpst
    167e:	ee15 5f4c 	vsubt.i16	q2, q2, ip
    1682:	ef80 e050 	vmov.i32	q7, #0	@ 0x00000000
    1686:	fe19 0f0e 	vcmp.i16	eq, q4, q7
    168a:	fe19 ee0d 	vmulh.u16	q7, q4, q6
    168e:	ef18 895c 	vmul.i16	q4, q4, q6
    1692:	eeac eb30 	vdup.16	q6, lr
    1696:	fe19 ce0d 	vmulh.u16	q6, q4, q6
    169a:	f24f 7c00 	movw	ip, #63232	@ 0xf700
    169e:	ee19 9e6c 	vmul.i16	q4, q4, ip
    16a2:	ee1f fe6e 	vmul.i16	q7, q7, lr
    16a6:	ef18 884e 	vadd.i16	q4, q4, q7
    16aa:	ef18 884c 	vadd.i16	q4, q4, q6
    16ae:	eeac ab30 	vdup.16	q6, sl
    16b2:	fe19 8e0d 	vmulh.u16	q4, q4, q6
    16b6:	f05f 0c01 	movs.w	ip, #1
    16ba:	ee19 8f4c 	vadd.i16	q4, q4, ip
    16be:	fe71 0f4d 	vpst
    16c2:	ee19 9f4c 	vsubt.i16	q4, q4, ip
    16c6:	eeac ab30 	vdup.16	q6, sl
    16ca:	ef12 a844 	vadd.i16	q5, q1, q2
    16ce:	ff1a a84c 	vsub.i16	q5, q5, q6
    16d2:	fe1b 1fcf 	vcmp.s16	lt, q5, zr
    16d6:	fe71 0f4d 	vpst
    16da:	ef1a a84c 	vaddt.i16	q5, q5, q6
    16de:	ff12 4844 	vsub.i16	q2, q1, q2
    16e2:	fe15 1fcf 	vcmp.s16	lt, q2, zr
    16e6:	fe71 0f4d 	vpst
    16ea:	ef14 484c 	vaddt.i16	q2, q2, q6
    16ee:	ef2a 215a 	vmov	q1, q5
    16f2:	ef16 a848 	vadd.i16	q5, q3, q4
    16f6:	ff1a a84c 	vsub.i16	q5, q5, q6
    16fa:	fe1b 1fcf 	vcmp.s16	lt, q5, zr
    16fe:	fe71 0f4d 	vpst
    1702:	ef1a a84c 	vaddt.i16	q5, q5, q6
    1706:	ff16 8848 	vsub.i16	q4, q3, q4
    170a:	fe19 1fcf 	vcmp.s16	lt, q4, zr
    170e:	fe71 0f4d 	vpst
    1712:	ef18 884c 	vaddt.i16	q4, q4, q6
    1716:	ef2a 615a 	vmov	q3, q5
    171a:	fc81 3e81 	vst40.16	{q1, q2, q3, q4}, [r1]
    171e:	fc81 3ea1 	vst41.16	{q1, q2, q3, q4}, [r1]
    1722:	fc81 3ec1 	vst42.16	{q1, q2, q3, q4}, [r1]
    1726:	fc81 3ee1 	vst43.16	{q1, q2, q3, q4}, [r1]
    172a:	f101 0140 	add.w	r1, r1, #64	@ 0x40
    172e:	3b08      	subs	r3, #8
    1730:	f47f af05 	bne.w	153e <fndsa_mqpoly_int_to_ntt__L5_mve>
    1734:	e047      	b.n	17c6 <fndsa_mqpoly_int_to_ntt__Lend>

00001736 <fndsa_mqpoly_int_to_ntt__L5>:
    1736:	f8d1 5004 	ldr.w	r5, [r1, #4]
    173a:	f838 6b02 	ldrh.w	r6, [r8], #2
    173e:	fb15 f406 	smulbb	r4, r5, r6
    1742:	fb04 fc0e 	mul.w	ip, r4, lr
    1746:	fbec e46a 	umaal	lr, r4, ip, sl
    174a:	fb15 f526 	smultb	r5, r5, r6
    174e:	fb05 fc0e 	mul.w	ip, r5, lr
    1752:	fbec e56a 	umaal	lr, r5, ip, sl
    1756:	eac4 4505 	pkhbt	r5, r4, r5, lsl #16
    175a:	f8d1 4000 	ldr.w	r4, [r1]
    175e:	fa94 fc05 	sadd16	ip, r4, r5
    1762:	fad4 f505 	ssub16	r5, r4, r5
    1766:	faa0 f48b 	sel	r4, r0, fp
    176a:	fa95 f504 	sadd16	r5, r5, r4
    176e:	fadc f40b 	ssub16	r4, ip, fp
    1772:	faa4 f48c 	sel	r4, r4, ip
    1776:	f857 6b04 	ldr.w	r6, [r7], #4
    177a:	eac4 4205 	pkhbt	r2, r4, r5, lsl #16
    177e:	fb14 f426 	smultb	r4, r4, r6
    1782:	fb04 fc0e 	mul.w	ip, r4, lr
    1786:	fbec e46a 	umaal	lr, r4, ip, sl
    178a:	fb15 f536 	smultt	r5, r5, r6
    178e:	fb05 fc0e 	mul.w	ip, r5, lr
    1792:	fbec e56a 	umaal	lr, r5, ip, sl
    1796:	eac4 4505 	pkhbt	r5, r4, r5, lsl #16
    179a:	fa92 f405 	sadd16	r4, r2, r5
    179e:	fad4 fc0b 	ssub16	ip, r4, fp
    17a2:	faac f484 	sel	r4, ip, r4
    17a6:	fad2 f505 	ssub16	r5, r2, r5
    17aa:	faa0 fc8b 	sel	ip, r0, fp
    17ae:	fa95 f50c 	sadd16	r5, r5, ip
    17b2:	eac4 4c05 	pkhbt	ip, r4, r5, lsl #16
    17b6:	f841 cb04 	str.w	ip, [r1], #4
    17ba:	eac5 4c24 	pkhtb	ip, r5, r4, asr #16
    17be:	f841 cb04 	str.w	ip, [r1], #4
    17c2:	3b01      	subs	r3, #1
    17c4:	d1b7      	bne.n	1736 <fndsa_mqpoly_int_to_ntt__L5>

000017c6 <fndsa_mqpoly_int_to_ntt__Lend>:
    17c6:	ecbd 8b10 	vpop	{d8-d15}
    17ca:	e8bd 8ff1 	ldmia.w	sp!, {r0, r4, r5, r6, r7, r8, r9, sl, fp, pc}
    17ce:	bf00      	nop

000017d0 <fndsa_mqpoly_ntt_to_int__igmaddr_near>:
    17d0:	00000000 	.word	0x00000000

000017d4 <fndsa_mqpoly_ntt_to_int__stage3_igmaddrs>:
	...

000017dc <fndsa_mqpoly_ntt_to_int>:
    17dc:	e92d 4ff1 	stmdb	sp!, {r0, r4, r5, r6, r7, r8, r9, sl, fp, lr}
    17e0:	ed2d 8b10 	vpush	{d8-d15}
    17e4:	ee00 0a10 	vmov	s0, r0
    17e8:	ee01 1a10 	vmov	s2, r1
    17ec:	2809      	cmp	r0, #9
    17ee:	d306      	bcc.n	17fe <fndsa_mqpoly_ntt_to_int__legacy_igm>
    17f0:	f2af 0c20 	subw	ip, pc, #32
    17f4:	e89c 0300 	ldmia.w	ip, {r8, r9}
    17f8:	eba9 0908 	sub.w	r9, r9, r8
    17fc:	e005      	b.n	180a <fndsa_mqpoly_ntt_to_int__igm_ready>

000017fe <fndsa_mqpoly_ntt_to_int__legacy_igm>:
    17fe:	f2af 0830 	subw	r8, pc, #48	@ 0x30
    1802:	f8d8 8000 	ldr.w	r8, [r8]
    1806:	f05f 0900 	movs.w	r9, #0

0000180a <fndsa_mqpoly_ntt_to_int__igm_ready>:
    180a:	2301      	movs	r3, #1
    180c:	3801      	subs	r0, #1
    180e:	fa03 f000 	lsl.w	r0, r3, r0
    1812:	eb08 0800 	add.w	r8, r8, r0
    1816:	ea4f 0350 	mov.w	r3, r0, lsr #1
    181a:	ee01 3a90 	vmov	s3, r3
    181e:	f240 0000 	movw	r0, #0
    1822:	f243 0a01 	movw	sl, #12289	@ 0x3001
    1826:	ea4a 4b0a 	orr.w	fp, sl, sl, lsl #16
    182a:	f642 7eff 	movw	lr, #12287	@ 0x2fff
    182e:	f2cf 7e00 	movt	lr, #63232	@ 0xf700
    1832:	eb08 0743 	add.w	r7, r8, r3, lsl #1
    1836:	2b08      	cmp	r3, #8
    1838:	f0c0 8204 	bcc.w	1c44 <fndsa_mqpoly_ntt_to_int__L0>
    183c:	f1b9 0f00 	cmp.w	r9, #0
    1840:	f000 80e0 	beq.w	1a04 <fndsa_mqpoly_ntt_to_int__L0_mve>

00001844 <fndsa_mqpoly_ntt_to_int__L0_mve_stage3>:
    1844:	fc91 3e81 	vld40.16	{q1, q2, q3, q4}, [r1]
    1848:	fc91 3ea1 	vld41.16	{q1, q2, q3, q4}, [r1]
    184c:	fc91 3ec1 	vld42.16	{q1, q2, q3, q4}, [r1]
    1850:	fc91 3ee1 	vld43.16	{q1, q2, q3, q4}, [r1]
    1854:	fc97 be80 	vld20.16	{q5, q6}, [r7]
    1858:	fc97 bea0 	vld21.16	{q5, q6}, [r7]
    185c:	eb07 0c09 	add.w	ip, r7, r9
    1860:	fc9c de80 	vld20.16	{q6, q7}, [ip]
    1864:	fc9c dea0 	vld21.16	{q6, q7}, [ip]
    1868:	ef12 e844 	vadd.i16	q7, q1, q2
    186c:	ee1f ff4a 	vsub.i16	q7, q7, sl
    1870:	fe1f 1fcf 	vcmp.s16	lt, q7, zr
    1874:	fe71 0f4d 	vpst
    1878:	ee1f ef4a 	vaddt.i16	q7, q7, sl
    187c:	ff12 4844 	vsub.i16	q2, q1, q2
    1880:	fe15 1fcf 	vcmp.s16	lt, q2, zr
    1884:	fe71 0f4d 	vpst
    1888:	ee15 4f4a 	vaddt.i16	q2, q2, sl
    188c:	ef80 2851 	vmov.i16	q1, #1	@ 0x0001
    1890:	ef0e 2152 	vand	q1, q7, q1
    1894:	fe13 0fcf 	vcmp.i16	ne, q1, zr
    1898:	fe71 0f4d 	vpst
    189c:	ee1f ef4a 	vaddt.i16	q7, q7, sl
    18a0:	ff9f 205e 	vshr.u16	q1, q7, #1
    18a4:	ff14 cb4c 	vqrdmulh.s16	q6, q2, q6
    18a8:	ef14 495a 	vmul.i16	q2, q2, q5
    18ac:	ee1d 4e4a 	vmla.i16	q2, q6, sl
    18b0:	fe15 1fcf 	vcmp.s16	lt, q2, zr
    18b4:	fe71 0f4d 	vpst
    18b8:	ee15 4f4a 	vaddt.i16	q2, q2, sl
    18bc:	ef16 a848 	vadd.i16	q5, q3, q4
    18c0:	ee1b bf4a 	vsub.i16	q5, q5, sl
    18c4:	fe1b 1fcf 	vcmp.s16	lt, q5, zr
    18c8:	fe71 0f4d 	vpst
    18cc:	ee1b af4a 	vaddt.i16	q5, q5, sl
    18d0:	ff16 8848 	vsub.i16	q4, q3, q4
    18d4:	fe19 1fcf 	vcmp.s16	lt, q4, zr
    18d8:	fe71 0f4d 	vpst
    18dc:	ee19 8f4a 	vaddt.i16	q4, q4, sl
    18e0:	ef80 6851 	vmov.i16	q3, #1	@ 0x0001
    18e4:	ef0a 6156 	vand	q3, q5, q3
    18e8:	fe17 0fcf 	vcmp.i16	ne, q3, zr
    18ec:	fe71 0f4d 	vpst
    18f0:	ee1b af4a 	vaddt.i16	q5, q5, sl
    18f4:	ff9f 605a 	vshr.u16	q3, q5, #1
    18f8:	eb07 0c09 	add.w	ip, r7, r9
    18fc:	fc9c de80 	vld20.16	{q6, q7}, [ip]
    1900:	fc9c dea0 	vld21.16	{q6, q7}, [ip]
    1904:	fc97 be80 	vld20.16	{q5, q6}, [r7]
    1908:	fc97 bea0 	vld21.16	{q5, q6}, [r7]
    190c:	f107 0720 	add.w	r7, r7, #32
    1910:	ff18 eb4e 	vqrdmulh.s16	q7, q4, q7
    1914:	ef18 895c 	vmul.i16	q4, q4, q6
    1918:	ee1f 8e4a 	vmla.i16	q4, q7, sl
    191c:	fe19 1fcf 	vcmp.s16	lt, q4, zr
    1920:	fe71 0f4d 	vpst
    1924:	ee19 8f4a 	vaddt.i16	q4, q4, sl
    1928:	ed98 fe80 	vldrh.u16	q7, [r8, #0]
    192c:	eb08 0c09 	add.w	ip, r8, r9
    1930:	ed9c de80 	vldrh.u16	q6, [ip, #0]
    1934:	f108 0810 	add.w	r8, r8, #16
    1938:	ef12 a846 	vadd.i16	q5, q1, q3
    193c:	ee1b bf4a 	vsub.i16	q5, q5, sl
    1940:	fe1b 1fcf 	vcmp.s16	lt, q5, zr
    1944:	fe71 0f4d 	vpst
    1948:	ee1b af4a 	vaddt.i16	q5, q5, sl
    194c:	ff12 6846 	vsub.i16	q3, q1, q3
    1950:	fe17 1fcf 	vcmp.s16	lt, q3, zr
    1954:	fe71 0f4d 	vpst
    1958:	ee17 6f4a 	vaddt.i16	q3, q3, sl
    195c:	ef80 2851 	vmov.i16	q1, #1	@ 0x0001
    1960:	ef0a 2152 	vand	q1, q5, q1
    1964:	fe13 0fcf 	vcmp.i16	ne, q1, zr
    1968:	fe71 0f4d 	vpst
    196c:	ee1b af4a 	vaddt.i16	q5, q5, sl
    1970:	ff9f 205a 	vshr.u16	q1, q5, #1
    1974:	ef14 a848 	vadd.i16	q5, q2, q4
    1978:	ee1b bf4a 	vsub.i16	q5, q5, sl
    197c:	fe1b 1fcf 	vcmp.s16	lt, q5, zr
    1980:	fe71 0f4d 	vpst
    1984:	ee1b af4a 	vaddt.i16	q5, q5, sl
    1988:	ff14 8848 	vsub.i16	q4, q2, q4
    198c:	fe19 1fcf 	vcmp.s16	lt, q4, zr
    1990:	fe71 0f4d 	vpst
    1994:	ee19 8f4a 	vaddt.i16	q4, q4, sl
    1998:	ef80 4851 	vmov.i16	q2, #1	@ 0x0001
    199c:	ef0a 4154 	vand	q2, q5, q2
    19a0:	fe15 0fcf 	vcmp.i16	ne, q2, zr
    19a4:	fe71 0f4d 	vpst
    19a8:	ee1b af4a 	vaddt.i16	q5, q5, sl
    19ac:	ff9f 405a 	vshr.u16	q2, q5, #1
    19b0:	ff16 ab4c 	vqrdmulh.s16	q5, q3, q6
    19b4:	ef16 695e 	vmul.i16	q3, q3, q7
    19b8:	ff18 cb4c 	vqrdmulh.s16	q6, q4, q6
    19bc:	ef18 895e 	vmul.i16	q4, q4, q7
    19c0:	ee1b 6e4a 	vmla.i16	q3, q5, sl
    19c4:	ee1d 8e4a 	vmla.i16	q4, q6, sl
    19c8:	fe17 1fcf 	vcmp.s16	lt, q3, zr
    19cc:	fe71 0f4d 	vpst
    19d0:	ee17 6f4a 	vaddt.i16	q3, q3, sl
    19d4:	fe19 1fcf 	vcmp.s16	lt, q4, zr
    19d8:	fe71 0f4d 	vpst
    19dc:	ee19 8f4a 	vaddt.i16	q4, q4, sl
    19e0:	fc81 3e81 	vst40.16	{q1, q2, q3, q4}, [r1]
    19e4:	fc81 3ea1 	vst41.16	{q1, q2, q3, q4}, [r1]
    19e8:	fc81 3ec1 	vst42.16	{q1, q2, q3, q4}, [r1]
    19ec:	fc81 3ee1 	vst43.16	{q1, q2, q3, q4}, [r1]
    19f0:	f101 0140 	add.w	r1, r1, #64	@ 0x40
    19f4:	3b08      	subs	r3, #8
    19f6:	f47f af25 	bne.w	1844 <fndsa_mqpoly_ntt_to_int__L0_mve_stage3>
    19fa:	f8dd c040 	ldr.w	ip, [sp, #64]	@ 0x40
    19fe:	ee00 ca10 	vmov	s0, ip
    1a02:	e173      	b.n	1cec <fndsa_mqpoly_ntt_to_int__L0_done>

00001a04 <fndsa_mqpoly_ntt_to_int__L0_mve>:
    1a04:	fc91 3e81 	vld40.16	{q1, q2, q3, q4}, [r1]
    1a08:	fc91 3ea1 	vld41.16	{q1, q2, q3, q4}, [r1]
    1a0c:	fc91 3ec1 	vld42.16	{q1, q2, q3, q4}, [r1]
    1a10:	fc91 3ee1 	vld43.16	{q1, q2, q3, q4}, [r1]
    1a14:	fc97 be80 	vld20.16	{q5, q6}, [r7]
    1a18:	fc97 bea0 	vld21.16	{q5, q6}, [r7]
    1a1c:	f107 0720 	add.w	r7, r7, #32
    1a20:	ef12 e844 	vadd.i16	q7, q1, q2
    1a24:	ee1f ff4a 	vsub.i16	q7, q7, sl
    1a28:	fe1f 1fcf 	vcmp.s16	lt, q7, zr
    1a2c:	fe71 0f4d 	vpst
    1a30:	ee1f ef4a 	vaddt.i16	q7, q7, sl
    1a34:	ff12 4844 	vsub.i16	q2, q1, q2
    1a38:	fe15 1fcf 	vcmp.s16	lt, q2, zr
    1a3c:	fe71 0f4d 	vpst
    1a40:	ee15 4f4a 	vaddt.i16	q2, q2, sl
    1a44:	ef80 2851 	vmov.i16	q1, #1	@ 0x0001
    1a48:	ef0e 2152 	vand	q1, q7, q1
    1a4c:	fe13 0fcf 	vcmp.i16	ne, q1, zr
    1a50:	fe71 0f4d 	vpst
    1a54:	ee1f ef4a 	vaddt.i16	q7, q7, sl
    1a58:	ff9f 205e 	vshr.u16	q1, q7, #1
    1a5c:	ef80 e050 	vmov.i32	q7, #0	@ 0x00000000
    1a60:	fe15 0f0e 	vcmp.i16	eq, q2, q7
    1a64:	fe15 ee0b 	vmulh.u16	q7, q2, q5
    1a68:	ef14 495a 	vmul.i16	q2, q2, q5
    1a6c:	eeaa eb30 	vdup.16	q5, lr
    1a70:	fe15 ae0b 	vmulh.u16	q5, q2, q5
    1a74:	f24f 7c00 	movw	ip, #63232	@ 0xf700
    1a78:	ee15 5e6c 	vmul.i16	q2, q2, ip
    1a7c:	ee1f fe6e 	vmul.i16	q7, q7, lr
    1a80:	ef14 484e 	vadd.i16	q2, q2, q7
    1a84:	ef14 484a 	vadd.i16	q2, q2, q5
    1a88:	eeaa ab30 	vdup.16	q5, sl
    1a8c:	fe15 4e0b 	vmulh.u16	q2, q2, q5
    1a90:	f05f 0c01 	movs.w	ip, #1
    1a94:	ee15 4f4c 	vadd.i16	q2, q2, ip
    1a98:	fe71 0f4d 	vpst
    1a9c:	ee15 5f4c 	vsubt.i16	q2, q2, ip
    1aa0:	ef16 a848 	vadd.i16	q5, q3, q4
    1aa4:	ee1b bf4a 	vsub.i16	q5, q5, sl
    1aa8:	fe1b 1fcf 	vcmp.s16	lt, q5, zr
    1aac:	fe71 0f4d 	vpst
    1ab0:	ee1b af4a 	vaddt.i16	q5, q5, sl
    1ab4:	ff16 8848 	vsub.i16	q4, q3, q4
    1ab8:	fe19 1fcf 	vcmp.s16	lt, q4, zr
    1abc:	fe71 0f4d 	vpst
    1ac0:	ee19 8f4a 	vaddt.i16	q4, q4, sl
    1ac4:	ef80 6851 	vmov.i16	q3, #1	@ 0x0001
    1ac8:	ef0a 6156 	vand	q3, q5, q3
    1acc:	fe17 0fcf 	vcmp.i16	ne, q3, zr
    1ad0:	fe71 0f4d 	vpst
    1ad4:	ee1b af4a 	vaddt.i16	q5, q5, sl
    1ad8:	ff9f 605a 	vshr.u16	q3, q5, #1
    1adc:	ef80 e050 	vmov.i32	q7, #0	@ 0x00000000
    1ae0:	fe19 0f0e 	vcmp.i16	eq, q4, q7
    1ae4:	fe19 ee0d 	vmulh.u16	q7, q4, q6
    1ae8:	ef18 895c 	vmul.i16	q4, q4, q6
    1aec:	eeac eb30 	vdup.16	q6, lr
    1af0:	fe19 ce0d 	vmulh.u16	q6, q4, q6
    1af4:	f24f 7c00 	movw	ip, #63232	@ 0xf700
    1af8:	ee19 9e6c 	vmul.i16	q4, q4, ip
    1afc:	ee1f fe6e 	vmul.i16	q7, q7, lr
    1b00:	ef18 884e 	vadd.i16	q4, q4, q7
    1b04:	ef18 884c 	vadd.i16	q4, q4, q6
    1b08:	eeac ab30 	vdup.16	q6, sl
    1b0c:	fe19 8e0d 	vmulh.u16	q4, q4, q6
    1b10:	f05f 0c01 	movs.w	ip, #1
    1b14:	ee19 8f4c 	vadd.i16	q4, q4, ip
    1b18:	fe71 0f4d 	vpst
    1b1c:	ee19 9f4c 	vsubt.i16	q4, q4, ip
    1b20:	ed98 fe80 	vldrh.u16	q7, [r8, #0]
    1b24:	f108 0810 	add.w	r8, r8, #16
    1b28:	ef12 a846 	vadd.i16	q5, q1, q3
    1b2c:	ee1b bf4a 	vsub.i16	q5, q5, sl
    1b30:	fe1b 1fcf 	vcmp.s16	lt, q5, zr
    1b34:	fe71 0f4d 	vpst
    1b38:	ee1b af4a 	vaddt.i16	q5, q5, sl
    1b3c:	ff12 6846 	vsub.i16	q3, q1, q3
    1b40:	fe17 1fcf 	vcmp.s16	lt, q3, zr
    1b44:	fe71 0f4d 	vpst
    1b48:	ee17 6f4a 	vaddt.i16	q3, q3, sl
    1b4c:	ef80 c851 	vmov.i16	q6, #1	@ 0x0001
    1b50:	ef0a c15c 	vand	q6, q5, q6
    1b54:	fe1d 0fcf 	vcmp.i16	ne, q6, zr
    1b58:	fe71 0f4d 	vpst
    1b5c:	ee1b af4a 	vaddt.i16	q5, q5, sl
    1b60:	ff9f 205a 	vshr.u16	q1, q5, #1
    1b64:	ef14 a848 	vadd.i16	q5, q2, q4
    1b68:	ee1b bf4a 	vsub.i16	q5, q5, sl
    1b6c:	fe1b 1fcf 	vcmp.s16	lt, q5, zr
    1b70:	fe71 0f4d 	vpst
    1b74:	ee1b af4a 	vaddt.i16	q5, q5, sl
    1b78:	ff14 8848 	vsub.i16	q4, q2, q4
    1b7c:	fe19 1fcf 	vcmp.s16	lt, q4, zr
    1b80:	fe71 0f4d 	vpst
    1b84:	ee19 8f4a 	vaddt.i16	q4, q4, sl
    1b88:	ef80 c851 	vmov.i16	q6, #1	@ 0x0001
    1b8c:	ef0a c15c 	vand	q6, q5, q6
    1b90:	fe1d 0fcf 	vcmp.i16	ne, q6, zr
    1b94:	fe71 0f4d 	vpst
    1b98:	ee1b af4a 	vaddt.i16	q5, q5, sl
    1b9c:	ff9f 405a 	vshr.u16	q2, q5, #1
    1ba0:	ef80 a050 	vmov.i32	q5, #0	@ 0x00000000
    1ba4:	fe17 0f0a 	vcmp.i16	eq, q3, q5
    1ba8:	fe17 ae0f 	vmulh.u16	q5, q3, q7
    1bac:	ef16 695e 	vmul.i16	q3, q3, q7
    1bb0:	eeac eb30 	vdup.16	q6, lr
    1bb4:	fe17 ce0d 	vmulh.u16	q6, q3, q6
    1bb8:	f24f 7c00 	movw	ip, #63232	@ 0xf700
    1bbc:	ee17 7e6c 	vmul.i16	q3, q3, ip
    1bc0:	ee1b be6e 	vmul.i16	q5, q5, lr
    1bc4:	ef16 684a 	vadd.i16	q3, q3, q5
    1bc8:	ef16 684c 	vadd.i16	q3, q3, q6
    1bcc:	eeac ab30 	vdup.16	q6, sl
    1bd0:	fe17 6e0d 	vmulh.u16	q3, q3, q6
    1bd4:	f05f 0c01 	movs.w	ip, #1
    1bd8:	ee17 6f4c 	vadd.i16	q3, q3, ip
    1bdc:	fe71 0f4d 	vpst
    1be0:	ee17 7f4c 	vsubt.i16	q3, q3, ip
    1be4:	ef80 a050 	vmov.i32	q5, #0	@ 0x00000000
    1be8:	fe19 0f0a 	vcmp.i16	eq, q4, q5
    1bec:	fe19 ae0f 	vmulh.u16	q5, q4, q7
    1bf0:	ef18 895e 	vmul.i16	q4, q4, q7
    1bf4:	eeac eb30 	vdup.16	q6, lr
    1bf8:	fe19 ce0d 	vmulh.u16	q6, q4, q6
    1bfc:	f24f 7c00 	movw	ip, #63232	@ 0xf700
    1c00:	ee19 9e6c 	vmul.i16	q4, q4, ip
    1c04:	ee1b be6e 	vmul.i16	q5, q5, lr
    1c08:	ef18 884a 	vadd.i16	q4, q4, q5
    1c0c:	ef18 884c 	vadd.i16	q4, q4, q6
    1c10:	eeac ab30 	vdup.16	q6, sl
    1c14:	fe19 8e0d 	vmulh.u16	q4, q4, q6
    1c18:	f05f 0c01 	movs.w	ip, #1
    1c1c:	ee19 8f4c 	vadd.i16	q4, q4, ip
    1c20:	fe71 0f4d 	vpst
    1c24:	ee19 9f4c 	vsubt.i16	q4, q4, ip
    1c28:	fc81 3e81 	vst40.16	{q1, q2, q3, q4}, [r1]
    1c2c:	fc81 3ea1 	vst41.16	{q1, q2, q3, q4}, [r1]
    1c30:	fc81 3ec1 	vst42.16	{q1, q2, q3, q4}, [r1]
    1c34:	fc81 3ee1 	vst43.16	{q1, q2, q3, q4}, [r1]
    1c38:	f101 0140 	add.w	r1, r1, #64	@ 0x40
    1c3c:	3b08      	subs	r3, #8
    1c3e:	f47f aee1 	bne.w	1a04 <fndsa_mqpoly_ntt_to_int__L0_mve>
    1c42:	e053      	b.n	1cec <fndsa_mqpoly_ntt_to_int__L0_done>

00001c44 <fndsa_mqpoly_ntt_to_int__L0>:
    1c44:	680a      	ldr	r2, [r1, #0]
    1c46:	684d      	ldr	r5, [r1, #4]
    1c48:	f857 6b04 	ldr.w	r6, [r7], #4
    1c4c:	eac2 4405 	pkhbt	r4, r2, r5, lsl #16
    1c50:	eac5 4522 	pkhtb	r5, r5, r2, asr #16
    1c54:	fa94 f205 	sadd16	r2, r4, r5
    1c58:	fad2 fc0b 	ssub16	ip, r2, fp
    1c5c:	faac f282 	sel	r2, ip, r2
    1c60:	f002 1c01 	and.w	ip, r2, #65537	@ 0x10001
    1c64:	fbec 2c0a 	umlal	r2, ip, ip, sl
    1c68:	ea4f 0252 	mov.w	r2, r2, lsr #1
    1c6c:	fad4 f505 	ssub16	r5, r4, r5
    1c70:	faa0 fc8b 	sel	ip, r0, fp
    1c74:	fa95 f50c 	sadd16	r5, r5, ip
    1c78:	fb15 f406 	smulbb	r4, r5, r6
    1c7c:	fb04 fc0e 	mul.w	ip, r4, lr
    1c80:	fbec e46a 	umaal	lr, r4, ip, sl
    1c84:	fb15 f536 	smultt	r5, r5, r6
    1c88:	fb05 fc0e 	mul.w	ip, r5, lr
    1c8c:	fbec e56a 	umaal	lr, r5, ip, sl
    1c90:	eac2 4404 	pkhbt	r4, r2, r4, lsl #16
    1c94:	ea4f 4505 	mov.w	r5, r5, lsl #16
    1c98:	ea45 4512 	orr.w	r5, r5, r2, lsr #16
    1c9c:	f838 6b02 	ldrh.w	r6, [r8], #2
    1ca0:	fa94 f205 	sadd16	r2, r4, r5
    1ca4:	fad2 fc0b 	ssub16	ip, r2, fp
    1ca8:	faac f282 	sel	r2, ip, r2
    1cac:	f002 1c01 	and.w	ip, r2, #65537	@ 0x10001
    1cb0:	fbec 2c0a 	umlal	r2, ip, ip, sl
    1cb4:	ea4f 0252 	mov.w	r2, r2, lsr #1
    1cb8:	fad4 f505 	ssub16	r5, r4, r5
    1cbc:	faa0 fc8b 	sel	ip, r0, fp
    1cc0:	fa95 f50c 	sadd16	r5, r5, ip
    1cc4:	fb15 f406 	smulbb	r4, r5, r6
    1cc8:	fb04 fc0e 	mul.w	ip, r4, lr
    1ccc:	fbec e46a 	umaal	lr, r4, ip, sl
    1cd0:	fb15 f526 	smultb	r5, r5, r6
    1cd4:	fb05 fc0e 	mul.w	ip, r5, lr
    1cd8:	fbec e56a 	umaal	lr, r5, ip, sl
    1cdc:	f841 2b04 	str.w	r2, [r1], #4
    1ce0:	eac4 4405 	pkhbt	r4, r4, r5, lsl #16
    1ce4:	f841 4b04 	str.w	r4, [r1], #4
    1ce8:	3b01      	subs	r3, #1
    1cea:	d1ab      	bne.n	1c44 <fndsa_mqpoly_ntt_to_int__L0>

00001cec <fndsa_mqpoly_ntt_to_int__L0_done>:
    1cec:	ee10 4a10 	vmov	r4, s0
    1cf0:	2c09      	cmp	r4, #9
    1cf2:	f000 838d 	beq.w	2410 <fndsa_mqpoly_ntt_to_int__L512_GS2_packed>
    1cf6:	2208      	movs	r2, #8
    1cf8:	4252      	negs	r2, r2
    1cfa:	ee11 3a90 	vmov	r3, s3
    1cfe:	2b01      	cmp	r3, #1
    1d00:	f001 821a 	beq.w	3138 <fndsa_mqpoly_ntt_to_int__Lend>
    1d04:	f5b3 7f80 	cmp.w	r3, #256	@ 0x100
    1d08:	d000      	beq.n	1d0c <fndsa_mqpoly_ntt_to_int__I2_setup>
    1d0a:	e2e0      	b.n	22ce <fndsa_mqpoly_ntt_to_int__L1>

00001d0c <fndsa_mqpoly_ntt_to_int__I2_setup>:
    1d0c:	2204      	movs	r2, #4

00001d0e <fndsa_mqpoly_ntt_to_int__I2_outer>:
    1d0e:	ee11 1a10 	vmov	r1, s2
    1d12:	ee11 3a90 	vmov	r3, s3
    1d16:	f2af 5844 	subw	r8, pc, #1348	@ 0x544
    1d1a:	f8d8 8000 	ldr.w	r8, [r8]
    1d1e:	eb08 0703 	add.w	r7, r8, r3
    1d22:	eb08 0853 	add.w	r8, r8, r3, lsr #1
    1d26:	ea4f 0393 	mov.w	r3, r3, lsr #2
    1d2a:	ea4f 0442 	mov.w	r4, r2, lsl #1

00001d2e <fndsa_mqpoly_ntt_to_int__I2_middle>:
    1d2e:	883d      	ldrh	r5, [r7, #0]
    1d30:	eb07 0e09 	add.w	lr, r7, r9
    1d34:	f8be e000 	ldrh.w	lr, [lr]
    1d38:	ea45 450e 	orr.w	r5, r5, lr, lsl #16
    1d3c:	f107 0702 	add.w	r7, r7, #2
    1d40:	883e      	ldrh	r6, [r7, #0]
    1d42:	eb07 0e09 	add.w	lr, r7, r9
    1d46:	f8be e000 	ldrh.w	lr, [lr]
    1d4a:	ea46 460e 	orr.w	r6, r6, lr, lsl #16
    1d4e:	f107 0702 	add.w	r7, r7, #2
    1d52:	f8b8 b000 	ldrh.w	fp, [r8]
    1d56:	eb08 0e09 	add.w	lr, r8, r9
    1d5a:	f8be e000 	ldrh.w	lr, [lr]
    1d5e:	ea4b 4b0e 	orr.w	fp, fp, lr, lsl #16
    1d62:	f108 0802 	add.w	r8, r8, #2
    1d66:	2a04      	cmp	r2, #4
    1d68:	f000 81c3 	beq.w	20f2 <fndsa_mqpoly_ntt_to_int__I2_half>
    1d6c:	ea4f 00d2 	mov.w	r0, r2, lsr #3
    1d70:	ed91 3e80 	vldrh.u16	q1, [r1, #0]
    1d74:	eb01 0c04 	add.w	ip, r1, r4
    1d78:	ed9c 5e80 	vldrh.u16	q2, [ip, #0]
    1d7c:	eb0c 0c04 	add.w	ip, ip, r4
    1d80:	ed9c 7e80 	vldrh.u16	q3, [ip, #0]
    1d84:	eb0c 0c04 	add.w	ip, ip, r4
    1d88:	ed9c 9e80 	vldrh.u16	q4, [ip, #0]
    1d8c:	3801      	subs	r0, #1
    1d8e:	f000 80db 	beq.w	1f48 <fndsa_mqpoly_ntt_to_int__I2_vector_epilogue>

00001d92 <fndsa_mqpoly_ntt_to_int__I2_vector_steady>:
    1d92:	ef12 a844 	vadd.i16	q5, q1, q2
    1d96:	ee1b bf4a 	vsub.i16	q5, q5, sl
    1d9a:	fe1b 1fcf 	vcmp.s16	lt, q5, zr
    1d9e:	fe71 0f4d 	vpst
    1da2:	ee1b af4a 	vaddt.i16	q5, q5, sl
    1da6:	ff12 4844 	vsub.i16	q2, q1, q2
    1daa:	fe15 1fcf 	vcmp.s16	lt, q2, zr
    1dae:	fe71 0f4d 	vpst
    1db2:	ee15 4f4a 	vaddt.i16	q2, q2, sl
    1db6:	ef80 c851 	vmov.i16	q6, #1	@ 0x0001
    1dba:	ef0a c15c 	vand	q6, q5, q6
    1dbe:	fe1d 0fcf 	vcmp.i16	ne, q6, zr
    1dc2:	fe71 0f4d 	vpst
    1dc6:	ee1b af4a 	vaddt.i16	q5, q5, sl
    1dca:	ff9f 205a 	vshr.u16	q1, q5, #1
    1dce:	eeae 5b30 	vdup.16	q7, r5
    1dd2:	ea4f 4e25 	mov.w	lr, r5, asr #16
    1dd6:	eeac eb30 	vdup.16	q6, lr
    1dda:	ff14 ab4c 	vqrdmulh.s16	q5, q2, q6
    1dde:	ef14 495e 	vmul.i16	q2, q2, q7
    1de2:	ee1b 4e4a 	vmla.i16	q2, q5, sl
    1de6:	fe15 1fcf 	vcmp.s16	lt, q2, zr
    1dea:	fe71 0f4d 	vpst
    1dee:	ee15 4f4a 	vaddt.i16	q2, q2, sl
    1df2:	ef16 a848 	vadd.i16	q5, q3, q4
    1df6:	ee1b bf4a 	vsub.i16	q5, q5, sl
    1dfa:	fe1b 1fcf 	vcmp.s16	lt, q5, zr
    1dfe:	fe71 0f4d 	vpst
    1e02:	ee1b af4a 	vaddt.i16	q5, q5, sl
    1e06:	ff16 8848 	vsub.i16	q4, q3, q4
    1e0a:	fe19 1fcf 	vcmp.s16	lt, q4, zr
    1e0e:	fe71 0f4d 	vpst
    1e12:	ee19 8f4a 	vaddt.i16	q4, q4, sl
    1e16:	ef80 c851 	vmov.i16	q6, #1	@ 0x0001
    1e1a:	ef0a c15c 	vand	q6, q5, q6
    1e1e:	fe1d 0fcf 	vcmp.i16	ne, q6, zr
    1e22:	fe71 0f4d 	vpst
    1e26:	ee1b af4a 	vaddt.i16	q5, q5, sl
    1e2a:	ff9f 605a 	vshr.u16	q3, q5, #1
    1e2e:	eeae 6b30 	vdup.16	q7, r6
    1e32:	ea4f 4e26 	mov.w	lr, r6, asr #16
    1e36:	eeac eb30 	vdup.16	q6, lr
    1e3a:	ff18 ab4c 	vqrdmulh.s16	q5, q4, q6
    1e3e:	ef18 895e 	vmul.i16	q4, q4, q7
    1e42:	ee1b 8e4a 	vmla.i16	q4, q5, sl
    1e46:	ef12 a846 	vadd.i16	q5, q1, q3
    1e4a:	fe19 1fcf 	vcmp.s16	lt, q4, zr
    1e4e:	fe71 0f4d 	vpst
    1e52:	ee19 8f4a 	vaddt.i16	q4, q4, sl
    1e56:	ee1b bf4a 	vsub.i16	q5, q5, sl
    1e5a:	fe1b 1fcf 	vcmp.s16	lt, q5, zr
    1e5e:	fe71 0f4d 	vpst
    1e62:	ee1b af4a 	vaddt.i16	q5, q5, sl
    1e66:	ff12 6846 	vsub.i16	q3, q1, q3
    1e6a:	fe17 1fcf 	vcmp.s16	lt, q3, zr
    1e6e:	fe71 0f4d 	vpst
    1e72:	ee17 6f4a 	vaddt.i16	q3, q3, sl
    1e76:	ef80 c851 	vmov.i16	q6, #1	@ 0x0001
    1e7a:	ef0a c15c 	vand	q6, q5, q6
    1e7e:	fe1d 0fcf 	vcmp.i16	ne, q6, zr
    1e82:	fe71 0f4d 	vpst
    1e86:	ee1b af4a 	vaddt.i16	q5, q5, sl
    1e8a:	ff9f 205a 	vshr.u16	q1, q5, #1
    1e8e:	eeae bb30 	vdup.16	q7, fp
    1e92:	ea4f 4e2b 	mov.w	lr, fp, asr #16
    1e96:	eeac eb30 	vdup.16	q6, lr
    1e9a:	ff16 ab4c 	vqrdmulh.s16	q5, q3, q6
    1e9e:	ef16 695e 	vmul.i16	q3, q3, q7
    1ea2:	ee1b 6e4a 	vmla.i16	q3, q5, sl
    1ea6:	fe17 1fcf 	vcmp.s16	lt, q3, zr
    1eaa:	fe71 0f4d 	vpst
    1eae:	ee17 6f4a 	vaddt.i16	q3, q3, sl
    1eb2:	ed81 3e80 	vstrh.16	q1, [r1, #0]
    1eb6:	ef14 a848 	vadd.i16	q5, q2, q4
    1eba:	ee1b bf4a 	vsub.i16	q5, q5, sl
    1ebe:	ed91 3e88 	vldrh.u16	q1, [r1, #16]
    1ec2:	fe1b 1fcf 	vcmp.s16	lt, q5, zr
    1ec6:	fe71 0f4d 	vpst
    1eca:	ee1b af4a 	vaddt.i16	q5, q5, sl
    1ece:	ff14 8848 	vsub.i16	q4, q2, q4
    1ed2:	fe19 1fcf 	vcmp.s16	lt, q4, zr
    1ed6:	fe71 0f4d 	vpst
    1eda:	ee19 8f4a 	vaddt.i16	q4, q4, sl
    1ede:	ef80 c851 	vmov.i16	q6, #1	@ 0x0001
    1ee2:	ef0a c15c 	vand	q6, q5, q6
    1ee6:	fe1d 0fcf 	vcmp.i16	ne, q6, zr
    1eea:	fe71 0f4d 	vpst
    1eee:	ee1b af4a 	vaddt.i16	q5, q5, sl
    1ef2:	ff9f 405a 	vshr.u16	q2, q5, #1
    1ef6:	eeae bb30 	vdup.16	q7, fp
    1efa:	ea4f 4e2b 	mov.w	lr, fp, asr #16
    1efe:	eeac eb30 	vdup.16	q6, lr
    1f02:	ff18 ab4c 	vqrdmulh.s16	q5, q4, q6
    1f06:	ef18 895e 	vmul.i16	q4, q4, q7
    1f0a:	ee1b 8e4a 	vmla.i16	q4, q5, sl
    1f0e:	fe19 1fcf 	vcmp.s16	lt, q4, zr
    1f12:	fe71 0f4d 	vpst
    1f16:	ee19 8f4a 	vaddt.i16	q4, q4, sl
    1f1a:	eb01 0c04 	add.w	ip, r1, r4
    1f1e:	ed8c 5e80 	vstrh.16	q2, [ip, #0]
    1f22:	ed9c 5e88 	vldrh.u16	q2, [ip, #16]
    1f26:	eb0c 0c04 	add.w	ip, ip, r4
    1f2a:	ed8c 7e80 	vstrh.16	q3, [ip, #0]
    1f2e:	ed9c 7e88 	vldrh.u16	q3, [ip, #16]
    1f32:	eb0c 0c04 	add.w	ip, ip, r4
    1f36:	ed8c 9e80 	vstrh.16	q4, [ip, #0]
    1f3a:	ed9c 9e88 	vldrh.u16	q4, [ip, #16]
    1f3e:	f101 0110 	add.w	r1, r1, #16
    1f42:	3801      	subs	r0, #1
    1f44:	f47f af25 	bne.w	1d92 <fndsa_mqpoly_ntt_to_int__I2_vector_steady>

00001f48 <fndsa_mqpoly_ntt_to_int__I2_vector_epilogue>:
    1f48:	ef12 a844 	vadd.i16	q5, q1, q2
    1f4c:	ee1b bf4a 	vsub.i16	q5, q5, sl
    1f50:	fe1b 1fcf 	vcmp.s16	lt, q5, zr
    1f54:	fe71 0f4d 	vpst
    1f58:	ee1b af4a 	vaddt.i16	q5, q5, sl
    1f5c:	ff12 4844 	vsub.i16	q2, q1, q2
    1f60:	fe15 1fcf 	vcmp.s16	lt, q2, zr
    1f64:	fe71 0f4d 	vpst
    1f68:	ee15 4f4a 	vaddt.i16	q2, q2, sl
    1f6c:	ef80 c851 	vmov.i16	q6, #1	@ 0x0001
    1f70:	ef0a c15c 	vand	q6, q5, q6
    1f74:	fe1d 0fcf 	vcmp.i16	ne, q6, zr
    1f78:	fe71 0f4d 	vpst
    1f7c:	ee1b af4a 	vaddt.i16	q5, q5, sl
    1f80:	ff9f 205a 	vshr.u16	q1, q5, #1
    1f84:	eeae 5b30 	vdup.16	q7, r5
    1f88:	ea4f 4e25 	mov.w	lr, r5, asr #16
    1f8c:	eeac eb30 	vdup.16	q6, lr
    1f90:	ff14 ab4c 	vqrdmulh.s16	q5, q2, q6
    1f94:	ef14 495e 	vmul.i16	q2, q2, q7
    1f98:	ee1b 4e4a 	vmla.i16	q2, q5, sl
    1f9c:	fe15 1fcf 	vcmp.s16	lt, q2, zr
    1fa0:	fe71 0f4d 	vpst
    1fa4:	ee15 4f4a 	vaddt.i16	q2, q2, sl
    1fa8:	ef16 a848 	vadd.i16	q5, q3, q4
    1fac:	ee1b bf4a 	vsub.i16	q5, q5, sl
    1fb0:	fe1b 1fcf 	vcmp.s16	lt, q5, zr
    1fb4:	fe71 0f4d 	vpst
    1fb8:	ee1b af4a 	vaddt.i16	q5, q5, sl
    1fbc:	ff16 8848 	vsub.i16	q4, q3, q4
    1fc0:	fe19 1fcf 	vcmp.s16	lt, q4, zr
    1fc4:	fe71 0f4d 	vpst
    1fc8:	ee19 8f4a 	vaddt.i16	q4, q4, sl
    1fcc:	ef80 c851 	vmov.i16	q6, #1	@ 0x0001
    1fd0:	ef0a c15c 	vand	q6, q5, q6
    1fd4:	fe1d 0fcf 	vcmp.i16	ne, q6, zr
    1fd8:	fe71 0f4d 	vpst
    1fdc:	ee1b af4a 	vaddt.i16	q5, q5, sl
    1fe0:	ff9f 605a 	vshr.u16	q3, q5, #1
    1fe4:	eeae 6b30 	vdup.16	q7, r6
    1fe8:	ea4f 4e26 	mov.w	lr, r6, asr #16
    1fec:	eeac eb30 	vdup.16	q6, lr
    1ff0:	ff18 ab4c 	vqrdmulh.s16	q5, q4, q6
    1ff4:	ef18 895e 	vmul.i16	q4, q4, q7
    1ff8:	ee1b 8e4a 	vmla.i16	q4, q5, sl
    1ffc:	ef12 a846 	vadd.i16	q5, q1, q3
    2000:	fe19 1fcf 	vcmp.s16	lt, q4, zr
    2004:	fe71 0f4d 	vpst
    2008:	ee19 8f4a 	vaddt.i16	q4, q4, sl
    200c:	ee1b bf4a 	vsub.i16	q5, q5, sl
    2010:	fe1b 1fcf 	vcmp.s16	lt, q5, zr
    2014:	fe71 0f4d 	vpst
    2018:	ee1b af4a 	vaddt.i16	q5, q5, sl
    201c:	ff12 6846 	vsub.i16	q3, q1, q3
    2020:	fe17 1fcf 	vcmp.s16	lt, q3, zr
    2024:	fe71 0f4d 	vpst
    2028:	ee17 6f4a 	vaddt.i16	q3, q3, sl
    202c:	ef80 c851 	vmov.i16	q6, #1	@ 0x0001
    2030:	ef0a c15c 	vand	q6, q5, q6
    2034:	fe1d 0fcf 	vcmp.i16	ne, q6, zr
    2038:	fe71 0f4d 	vpst
    203c:	ee1b af4a 	vaddt.i16	q5, q5, sl
    2040:	ff9f 205a 	vshr.u16	q1, q5, #1
    2044:	eeae bb30 	vdup.16	q7, fp
    2048:	ea4f 4e2b 	mov.w	lr, fp, asr #16
    204c:	eeac eb30 	vdup.16	q6, lr
    2050:	ff16 ab4c 	vqrdmulh.s16	q5, q3, q6
    2054:	ef16 695e 	vmul.i16	q3, q3, q7
    2058:	ee1b 6e4a 	vmla.i16	q3, q5, sl
    205c:	fe17 1fcf 	vcmp.s16	lt, q3, zr
    2060:	fe71 0f4d 	vpst
    2064:	ee17 6f4a 	vaddt.i16	q3, q3, sl
    2068:	ef14 a848 	vadd.i16	q5, q2, q4
    206c:	ee1b bf4a 	vsub.i16	q5, q5, sl
    2070:	fe1b 1fcf 	vcmp.s16	lt, q5, zr
    2074:	fe71 0f4d 	vpst
    2078:	ee1b af4a 	vaddt.i16	q5, q5, sl
    207c:	ff14 8848 	vsub.i16	q4, q2, q4
    2080:	fe19 1fcf 	vcmp.s16	lt, q4, zr
    2084:	fe71 0f4d 	vpst
    2088:	ee19 8f4a 	vaddt.i16	q4, q4, sl
    208c:	ef80 c851 	vmov.i16	q6, #1	@ 0x0001
    2090:	ef0a c15c 	vand	q6, q5, q6
    2094:	fe1d 0fcf 	vcmp.i16	ne, q6, zr
    2098:	fe71 0f4d 	vpst
    209c:	ee1b af4a 	vaddt.i16	q5, q5, sl
    20a0:	ff9f 405a 	vshr.u16	q2, q5, #1
    20a4:	eeae bb30 	vdup.16	q7, fp
    20a8:	ea4f 4e2b 	mov.w	lr, fp, asr #16
    20ac:	eeac eb30 	vdup.16	q6, lr
    20b0:	ff18 ab4c 	vqrdmulh.s16	q5, q4, q6
    20b4:	ef18 895e 	vmul.i16	q4, q4, q7
    20b8:	ee1b 8e4a 	vmla.i16	q4, q5, sl
    20bc:	fe19 1fcf 	vcmp.s16	lt, q4, zr
    20c0:	fe71 0f4d 	vpst
    20c4:	ee19 8f4a 	vaddt.i16	q4, q4, sl
    20c8:	ed81 3e80 	vstrh.16	q1, [r1, #0]
    20cc:	eb01 0c04 	add.w	ip, r1, r4
    20d0:	ed8c 5e80 	vstrh.16	q2, [ip, #0]
    20d4:	eb0c 0c04 	add.w	ip, ip, r4
    20d8:	ed8c 7e80 	vstrh.16	q3, [ip, #0]
    20dc:	eb0c 0c04 	add.w	ip, ip, r4
    20e0:	ed8c 9e80 	vstrh.16	q4, [ip, #0]
    20e4:	f101 0110 	add.w	r1, r1, #16
    20e8:	eb01 0144 	add.w	r1, r1, r4, lsl #1
    20ec:	eb01 0104 	add.w	r1, r1, r4
    20f0:	e0dd      	b.n	22ae <fndsa_mqpoly_ntt_to_int__I2_middle_done>

000020f2 <fndsa_mqpoly_ntt_to_int__I2_half>:
    20f2:	ed91 2b00 	vldr	d2, [r1]
    20f6:	eb01 0c04 	add.w	ip, r1, r4
    20fa:	ed9c 4b00 	vldr	d4, [ip]
    20fe:	eb0c 0c04 	add.w	ip, ip, r4
    2102:	ed9c 6b00 	vldr	d6, [ip]
    2106:	eb0c 0c04 	add.w	ip, ip, r4
    210a:	ed9c 8b00 	vldr	d8, [ip]
    210e:	ef12 a844 	vadd.i16	q5, q1, q2
    2112:	ee1b bf4a 	vsub.i16	q5, q5, sl
    2116:	fe1b 1fcf 	vcmp.s16	lt, q5, zr
    211a:	fe71 0f4d 	vpst
    211e:	ee1b af4a 	vaddt.i16	q5, q5, sl
    2122:	ff12 4844 	vsub.i16	q2, q1, q2
    2126:	fe15 1fcf 	vcmp.s16	lt, q2, zr
    212a:	fe71 0f4d 	vpst
    212e:	ee15 4f4a 	vaddt.i16	q2, q2, sl
    2132:	ef80 c851 	vmov.i16	q6, #1	@ 0x0001
    2136:	ef0a c15c 	vand	q6, q5, q6
    213a:	fe1d 0fcf 	vcmp.i16	ne, q6, zr
    213e:	fe71 0f4d 	vpst
    2142:	ee1b af4a 	vaddt.i16	q5, q5, sl
    2146:	ff9f 205a 	vshr.u16	q1, q5, #1
    214a:	eeae 5b30 	vdup.16	q7, r5
    214e:	ea4f 4e25 	mov.w	lr, r5, asr #16
    2152:	eeac eb30 	vdup.16	q6, lr
    2156:	ff14 ab4c 	vqrdmulh.s16	q5, q2, q6
    215a:	ef14 495e 	vmul.i16	q2, q2, q7
    215e:	ee1b 4e4a 	vmla.i16	q2, q5, sl
    2162:	fe15 1fcf 	vcmp.s16	lt, q2, zr
    2166:	fe71 0f4d 	vpst
    216a:	ee15 4f4a 	vaddt.i16	q2, q2, sl
    216e:	ef16 a848 	vadd.i16	q5, q3, q4
    2172:	ee1b bf4a 	vsub.i16	q5, q5, sl
    2176:	fe1b 1fcf 	vcmp.s16	lt, q5, zr
    217a:	fe71 0f4d 	vpst
    217e:	ee1b af4a 	vaddt.i16	q5, q5, sl
    2182:	ff16 8848 	vsub.i16	q4, q3, q4
    2186:	fe19 1fcf 	vcmp.s16	lt, q4, zr
    218a:	fe71 0f4d 	vpst
    218e:	ee19 8f4a 	vaddt.i16	q4, q4, sl
    2192:	ef80 c851 	vmov.i16	q6, #1	@ 0x0001
    2196:	ef0a c15c 	vand	q6, q5, q6
    219a:	fe1d 0fcf 	vcmp.i16	ne, q6, zr
    219e:	fe71 0f4d 	vpst
    21a2:	ee1b af4a 	vaddt.i16	q5, q5, sl
    21a6:	ff9f 605a 	vshr.u16	q3, q5, #1
    21aa:	eeae 6b30 	vdup.16	q7, r6
    21ae:	ea4f 4e26 	mov.w	lr, r6, asr #16
    21b2:	eeac eb30 	vdup.16	q6, lr
    21b6:	ff18 ab4c 	vqrdmulh.s16	q5, q4, q6
    21ba:	ef18 895e 	vmul.i16	q4, q4, q7
    21be:	ee1b 8e4a 	vmla.i16	q4, q5, sl
    21c2:	ef12 a846 	vadd.i16	q5, q1, q3
    21c6:	fe19 1fcf 	vcmp.s16	lt, q4, zr
    21ca:	fe71 0f4d 	vpst
    21ce:	ee19 8f4a 	vaddt.i16	q4, q4, sl
    21d2:	ee1b bf4a 	vsub.i16	q5, q5, sl
    21d6:	fe1b 1fcf 	vcmp.s16	lt, q5, zr
    21da:	fe71 0f4d 	vpst
    21de:	ee1b af4a 	vaddt.i16	q5, q5, sl
    21e2:	ff12 6846 	vsub.i16	q3, q1, q3
    21e6:	fe17 1fcf 	vcmp.s16	lt, q3, zr
    21ea:	fe71 0f4d 	vpst
    21ee:	ee17 6f4a 	vaddt.i16	q3, q3, sl
    21f2:	ef80 c851 	vmov.i16	q6, #1	@ 0x0001
    21f6:	ef0a c15c 	vand	q6, q5, q6
    21fa:	fe1d 0fcf 	vcmp.i16	ne, q6, zr
    21fe:	fe71 0f4d 	vpst
    2202:	ee1b af4a 	vaddt.i16	q5, q5, sl
    2206:	ff9f 205a 	vshr.u16	q1, q5, #1
    220a:	eeae bb30 	vdup.16	q7, fp
    220e:	ea4f 4e2b 	mov.w	lr, fp, asr #16
    2212:	eeac eb30 	vdup.16	q6, lr
    2216:	ff16 ab4c 	vqrdmulh.s16	q5, q3, q6
    221a:	ef16 695e 	vmul.i16	q3, q3, q7
    221e:	ee1b 6e4a 	vmla.i16	q3, q5, sl
    2222:	fe17 1fcf 	vcmp.s16	lt, q3, zr
    2226:	fe71 0f4d 	vpst
    222a:	ee17 6f4a 	vaddt.i16	q3, q3, sl
    222e:	ef14 a848 	vadd.i16	q5, q2, q4
    2232:	ee1b bf4a 	vsub.i16	q5, q5, sl
    2236:	fe1b 1fcf 	vcmp.s16	lt, q5, zr
    223a:	fe71 0f4d 	vpst
    223e:	ee1b af4a 	vaddt.i16	q5, q5, sl
    2242:	ff14 8848 	vsub.i16	q4, q2, q4
    2246:	fe19 1fcf 	vcmp.s16	lt, q4, zr
    224a:	fe71 0f4d 	vpst
    224e:	ee19 8f4a 	vaddt.i16	q4, q4, sl
    2252:	ef80 c851 	vmov.i16	q6, #1	@ 0x0001
    2256:	ef0a c15c 	vand	q6, q5, q6
    225a:	fe1d 0fcf 	vcmp.i16	ne, q6, zr
    225e:	fe71 0f4d 	vpst
    2262:	ee1b af4a 	vaddt.i16	q5, q5, sl
    2266:	ff9f 405a 	vshr.u16	q2, q5, #1
    226a:	eeae bb30 	vdup.16	q7, fp
    226e:	ea4f 4e2b 	mov.w	lr, fp, asr #16
    2272:	eeac eb30 	vdup.16	q6, lr
    2276:	ff18 ab4c 	vqrdmulh.s16	q5, q4, q6
    227a:	ef18 895e 	vmul.i16	q4, q4, q7
    227e:	ee1b 8e4a 	vmla.i16	q4, q5, sl
    2282:	fe19 1fcf 	vcmp.s16	lt, q4, zr
    2286:	fe71 0f4d 	vpst
    228a:	ee19 8f4a 	vaddt.i16	q4, q4, sl
    228e:	ed81 2b00 	vstr	d2, [r1]
    2292:	eb01 0c04 	add.w	ip, r1, r4
    2296:	ed8c 4b00 	vstr	d4, [ip]
    229a:	eb0c 0c04 	add.w	ip, ip, r4
    229e:	ed8c 6b00 	vstr	d6, [ip]
    22a2:	eb0c 0c04 	add.w	ip, ip, r4
    22a6:	ed8c 8b00 	vstr	d8, [ip]
    22aa:	eb01 0184 	add.w	r1, r1, r4, lsl #2

000022ae <fndsa_mqpoly_ntt_to_int__I2_middle_done>:
    22ae:	3b01      	subs	r3, #1
    22b0:	f47f ad3d 	bne.w	1d2e <fndsa_mqpoly_ntt_to_int__I2_middle>
    22b4:	ee11 3a90 	vmov	r3, s3
    22b8:	ea4f 0393 	mov.w	r3, r3, lsr #2
    22bc:	ee01 3a90 	vmov	s3, r3
    22c0:	ea4f 0282 	mov.w	r2, r2, lsl #2
    22c4:	2b01      	cmp	r3, #1
    22c6:	f47f ad22 	bne.w	1d0e <fndsa_mqpoly_ntt_to_int__I2_outer>
    22ca:	f000 bf35 	b.w	3138 <fndsa_mqpoly_ntt_to_int__Lend>

000022ce <fndsa_mqpoly_ntt_to_int__L1>:
    22ce:	2b20      	cmp	r3, #32
    22d0:	d104      	bne.n	22dc <fndsa_mqpoly_ntt_to_int__L1_regular>
    22d2:	ee10 4a10 	vmov	r4, s0
    22d6:	2c09      	cmp	r4, #9
    22d8:	f000 8205 	beq.w	26e6 <fndsa_mqpoly_ntt_to_int__L3x512>

000022dc <fndsa_mqpoly_ntt_to_int__L1_regular>:
    22dc:	ee11 1a10 	vmov	r1, s2
    22e0:	eba8 0843 	sub.w	r8, r8, r3, lsl #1
    22e4:	eba8 0803 	sub.w	r8, r8, r3

000022e8 <fndsa_mqpoly_ntt_to_int__L2>:
    22e8:	f838 6b02 	ldrh.w	r6, [r8], #2
    22ec:	1057      	asrs	r7, r2, #1
    22ee:	1a89      	subs	r1, r1, r2
    22f0:	f117 0f08 	cmn.w	r7, #8
    22f4:	dc54      	bgt.n	23a0 <fndsa_mqpoly_ntt_to_int__L3>

000022f6 <fndsa_mqpoly_ntt_to_int__L3_mve>:
    22f6:	eb01 0402 	add.w	r4, r1, r2
    22fa:	ed94 3e80 	vldrh.u16	q1, [r4, #0]
    22fe:	ed91 5e80 	vldrh.u16	q2, [r1, #0]
    2302:	eea6 ab30 	vdup.16	q3, sl
    2306:	ef12 8844 	vadd.i16	q4, q1, q2
    230a:	ff18 8846 	vsub.i16	q4, q4, q3
    230e:	fe19 1fcf 	vcmp.s16	lt, q4, zr
    2312:	fe71 0f4d 	vpst
    2316:	ef18 8846 	vaddt.i16	q4, q4, q3
    231a:	ef80 6851 	vmov.i16	q3, #1	@ 0x0001
    231e:	ef08 6156 	vand	q3, q4, q3
    2322:	fe17 0fcf 	vcmp.i16	ne, q3, zr
    2326:	eea6 ab30 	vdup.16	q3, sl
    232a:	fe71 0f4d 	vpst
    232e:	ef18 8846 	vaddt.i16	q4, q4, q3
    2332:	ff9f 8058 	vshr.u16	q4, q4, #1
    2336:	ed84 9e80 	vstrh.16	q4, [r4, #0]
    233a:	ff12 8844 	vsub.i16	q4, q1, q2
    233e:	fe19 1fcf 	vcmp.s16	lt, q4, zr
    2342:	fe71 0f4d 	vpst
    2346:	ef18 8846 	vaddt.i16	q4, q4, q3
    234a:	ef80 2050 	vmov.i32	q1, #0	@ 0x00000000
    234e:	fe19 0f02 	vcmp.i16	eq, q4, q1
    2352:	eea6 6b30 	vdup.16	q3, r6
    2356:	fe19 2e07 	vmulh.u16	q1, q4, q3
    235a:	ef18 8956 	vmul.i16	q4, q4, q3
    235e:	eea4 eb30 	vdup.16	q2, lr
    2362:	fe19 4e05 	vmulh.u16	q2, q4, q2
    2366:	f24f 7c00 	movw	ip, #63232	@ 0xf700
    236a:	ee19 9e6c 	vmul.i16	q4, q4, ip
    236e:	ee13 3e6e 	vmul.i16	q1, q1, lr
    2372:	ef18 8842 	vadd.i16	q4, q4, q1
    2376:	ef18 8844 	vadd.i16	q4, q4, q2
    237a:	eea4 ab30 	vdup.16	q2, sl
    237e:	fe19 8e05 	vmulh.u16	q4, q4, q2
    2382:	f05f 0c01 	movs.w	ip, #1
    2386:	ee19 8f4c 	vadd.i16	q4, q4, ip
    238a:	fe71 0f4d 	vpst
    238e:	ee19 9f4c 	vsubt.i16	q4, q4, ip
    2392:	ed81 9e80 	vstrh.16	q4, [r1, #0]
    2396:	f101 0110 	add.w	r1, r1, #16
    239a:	3708      	adds	r7, #8
    239c:	d1ab      	bne.n	22f6 <fndsa_mqpoly_ntt_to_int__L3_mve>
    239e:	e027      	b.n	23f0 <fndsa_mqpoly_ntt_to_int__L3_done>

000023a0 <fndsa_mqpoly_ntt_to_int__L3>:
    23a0:	588c      	ldr	r4, [r1, r2]
    23a2:	680d      	ldr	r5, [r1, #0]
    23a4:	fa94 fc05 	sadd16	ip, r4, r5
    23a8:	fad4 f505 	ssub16	r5, r4, r5
    23ac:	faa0 f48b 	sel	r4, r0, fp
    23b0:	fa95 f504 	sadd16	r5, r5, r4
    23b4:	fadc f40b 	ssub16	r4, ip, fp
    23b8:	faa4 f48c 	sel	r4, r4, ip
    23bc:	f004 1c01 	and.w	ip, r4, #65537	@ 0x10001
    23c0:	fbec 4c0a 	umlal	r4, ip, ip, sl
    23c4:	ea4f 0454 	mov.w	r4, r4, lsr #1
    23c8:	f841 4002 	str.w	r4, [r1, r2]
    23cc:	fb15 f406 	smulbb	r4, r5, r6
    23d0:	fb04 fc0e 	mul.w	ip, r4, lr
    23d4:	fbec e46a 	umaal	lr, r4, ip, sl
    23d8:	fb15 f526 	smultb	r5, r5, r6
    23dc:	fb05 fc0e 	mul.w	ip, r5, lr
    23e0:	fbec e56a 	umaal	lr, r5, ip, sl
    23e4:	eac4 4505 	pkhbt	r5, r4, r5, lsl #16
    23e8:	f841 5b04 	str.w	r5, [r1], #4
    23ec:	3702      	adds	r7, #2
    23ee:	d1d7      	bne.n	23a0 <fndsa_mqpoly_ntt_to_int__L3>

000023f0 <fndsa_mqpoly_ntt_to_int__L3_done>:
    23f0:	3b02      	subs	r3, #2
    23f2:	f47f af79 	bne.w	22e8 <fndsa_mqpoly_ntt_to_int__L2>
    23f6:	ea4f 0242 	mov.w	r2, r2, lsl #1
    23fa:	ee11 3a90 	vmov	r3, s3
    23fe:	ea4f 0353 	mov.w	r3, r3, lsr #1
    2402:	ee01 3a90 	vmov	s3, r3
    2406:	2b01      	cmp	r3, #1
    2408:	f47f af61 	bne.w	22ce <fndsa_mqpoly_ntt_to_int__L1>
    240c:	f000 be94 	b.w	3138 <fndsa_mqpoly_ntt_to_int__Lend>

00002410 <fndsa_mqpoly_ntt_to_int__L512_GS2_packed>:
    2410:	f60f 582c 	addw	r8, pc, #3372	@ 0xd2c
    2414:	f8d8 8000 	ldr.w	r8, [r8]
    2418:	f108 0440 	add.w	r4, r8, #64	@ 0x40
    241c:	f108 0080 	add.w	r0, r8, #128	@ 0x80
    2420:	2210      	movs	r2, #16
    2422:	ee11 1a10 	vmov	r1, s2

00002426 <fndsa_mqpoly_ntt_to_int__L512_GS2_packed_loop>:
    2426:	8825      	ldrh	r5, [r4, #0]
    2428:	eb04 0e09 	add.w	lr, r4, r9
    242c:	f8be e000 	ldrh.w	lr, [lr]
    2430:	ea45 450e 	orr.w	r5, r5, lr, lsl #16
    2434:	f104 0402 	add.w	r4, r4, #2
    2438:	8826      	ldrh	r6, [r4, #0]
    243a:	eb04 0e09 	add.w	lr, r4, r9
    243e:	f8be e000 	ldrh.w	lr, [lr]
    2442:	ea46 460e 	orr.w	r6, r6, lr, lsl #16
    2446:	f104 0402 	add.w	r4, r4, #2
    244a:	8807      	ldrh	r7, [r0, #0]
    244c:	eb00 0e09 	add.w	lr, r0, r9
    2450:	f8be e000 	ldrh.w	lr, [lr]
    2454:	ea47 470e 	orr.w	r7, r7, lr, lsl #16
    2458:	f100 0002 	add.w	r0, r0, #2
    245c:	f8b0 8000 	ldrh.w	r8, [r0]
    2460:	eb00 0e09 	add.w	lr, r0, r9
    2464:	f8be e000 	ldrh.w	lr, [lr]
    2468:	ea48 480e 	orr.w	r8, r8, lr, lsl #16
    246c:	f100 0002 	add.w	r0, r0, #2
    2470:	f8b0 b000 	ldrh.w	fp, [r0]
    2474:	eb00 0e09 	add.w	lr, r0, r9
    2478:	f8be e000 	ldrh.w	lr, [lr]
    247c:	ea4b 4b0e 	orr.w	fp, fp, lr, lsl #16
    2480:	f100 0002 	add.w	r0, r0, #2
    2484:	8803      	ldrh	r3, [r0, #0]
    2486:	eb00 0e09 	add.w	lr, r0, r9
    248a:	f8be e000 	ldrh.w	lr, [lr]
    248e:	ea43 430e 	orr.w	r3, r3, lr, lsl #16
    2492:	f100 0002 	add.w	r0, r0, #2
    2496:	ed91 2b00 	vldr	d2, [r1]
    249a:	ed91 3b08 	vldr	d3, [r1, #32]
    249e:	ed91 4b02 	vldr	d4, [r1, #8]
    24a2:	ed91 5b0a 	vldr	d5, [r1, #40]	@ 0x28
    24a6:	ed91 6b04 	vldr	d6, [r1, #16]
    24aa:	ed91 7b0c 	vldr	d7, [r1, #48]	@ 0x30
    24ae:	ed91 8b06 	vldr	d8, [r1, #24]
    24b2:	ed91 9b0e 	vldr	d9, [r1, #56]	@ 0x38
    24b6:	eeae ab30 	vdup.16	q7, sl
    24ba:	ef12 a844 	vadd.i16	q5, q1, q2
    24be:	ff1a a84e 	vsub.i16	q5, q5, q7
    24c2:	fe1b 1fcf 	vcmp.s16	lt, q5, zr
    24c6:	fe71 0f4d 	vpst
    24ca:	ef1a a84e 	vaddt.i16	q5, q5, q7
    24ce:	ff12 4844 	vsub.i16	q2, q1, q2
    24d2:	fe15 1fcf 	vcmp.s16	lt, q2, zr
    24d6:	fe71 0f4d 	vpst
    24da:	ef14 484e 	vaddt.i16	q2, q2, q7
    24de:	ef80 c851 	vmov.i16	q6, #1	@ 0x0001
    24e2:	ef0a c15c 	vand	q6, q5, q6
    24e6:	fe1d 0fcf 	vcmp.i16	ne, q6, zr
    24ea:	fe71 0f4d 	vpst
    24ee:	ef1a a84e 	vaddt.i16	q5, q5, q7
    24f2:	ff9f 205a 	vshr.u16	q1, q5, #1
    24f6:	eeae 7b30 	vdup.16	q7, r7
    24fa:	ea4f 4e27 	mov.w	lr, r7, asr #16
    24fe:	eeac eb30 	vdup.16	q6, lr
    2502:	fa1f fc8b 	uxth.w	ip, fp
    2506:	ea4c 4c0c 	orr.w	ip, ip, ip, lsl #16
    250a:	ec4c cb1f 	vmov	d15, ip, ip
    250e:	ea4f 4c2b 	mov.w	ip, fp, asr #16
    2512:	fa1f fc8c 	uxth.w	ip, ip
    2516:	ea4c 4c0c 	orr.w	ip, ip, ip, lsl #16
    251a:	ec4c cb1d 	vmov	d13, ip, ip
    251e:	ff14 ab4c 	vqrdmulh.s16	q5, q2, q6
    2522:	ef14 495e 	vmul.i16	q2, q2, q7
    2526:	ee1b 4e4a 	vmla.i16	q2, q5, sl
    252a:	fe15 1fcf 	vcmp.s16	lt, q2, zr
    252e:	fe71 0f4d 	vpst
    2532:	ee15 4f4a 	vaddt.i16	q2, q2, sl
    2536:	eeae ab30 	vdup.16	q7, sl
    253a:	ef16 a848 	vadd.i16	q5, q3, q4
    253e:	ff1a a84e 	vsub.i16	q5, q5, q7
    2542:	fe1b 1fcf 	vcmp.s16	lt, q5, zr
    2546:	fe71 0f4d 	vpst
    254a:	ef1a a84e 	vaddt.i16	q5, q5, q7
    254e:	ff16 8848 	vsub.i16	q4, q3, q4
    2552:	fe19 1fcf 	vcmp.s16	lt, q4, zr
    2556:	fe71 0f4d 	vpst
    255a:	ef18 884e 	vaddt.i16	q4, q4, q7
    255e:	ef80 c851 	vmov.i16	q6, #1	@ 0x0001
    2562:	ef0a c15c 	vand	q6, q5, q6
    2566:	fe1d 0fcf 	vcmp.i16	ne, q6, zr
    256a:	fe71 0f4d 	vpst
    256e:	ef1a a84e 	vaddt.i16	q5, q5, q7
    2572:	ff9f 605a 	vshr.u16	q3, q5, #1
    2576:	eeae 8b30 	vdup.16	q7, r8
    257a:	ea4f 4e28 	mov.w	lr, r8, asr #16
    257e:	eeac eb30 	vdup.16	q6, lr
    2582:	fa1f fc83 	uxth.w	ip, r3
    2586:	ea4c 4c0c 	orr.w	ip, ip, ip, lsl #16
    258a:	ec4c cb1f 	vmov	d15, ip, ip
    258e:	ea4f 4c23 	mov.w	ip, r3, asr #16
    2592:	fa1f fc8c 	uxth.w	ip, ip
    2596:	ea4c 4c0c 	orr.w	ip, ip, ip, lsl #16
    259a:	ec4c cb1d 	vmov	d13, ip, ip
    259e:	ff18 ab4c 	vqrdmulh.s16	q5, q4, q6
    25a2:	ef18 895e 	vmul.i16	q4, q4, q7
    25a6:	ee1b 8e4a 	vmla.i16	q4, q5, sl
    25aa:	ef12 a846 	vadd.i16	q5, q1, q3
    25ae:	fe19 1fcf 	vcmp.s16	lt, q4, zr
    25b2:	fe71 0f4d 	vpst
    25b6:	ee19 8f4a 	vaddt.i16	q4, q4, sl
    25ba:	eeae ab30 	vdup.16	q7, sl
    25be:	ff1a a84e 	vsub.i16	q5, q5, q7
    25c2:	fe1b 1fcf 	vcmp.s16	lt, q5, zr
    25c6:	fe71 0f4d 	vpst
    25ca:	ef1a a84e 	vaddt.i16	q5, q5, q7
    25ce:	ff12 6846 	vsub.i16	q3, q1, q3
    25d2:	fe17 1fcf 	vcmp.s16	lt, q3, zr
    25d6:	fe71 0f4d 	vpst
    25da:	ef16 684e 	vaddt.i16	q3, q3, q7
    25de:	ef80 c851 	vmov.i16	q6, #1	@ 0x0001
    25e2:	ef0a c15c 	vand	q6, q5, q6
    25e6:	fe1d 0fcf 	vcmp.i16	ne, q6, zr
    25ea:	fe71 0f4d 	vpst
    25ee:	ef1a a84e 	vaddt.i16	q5, q5, q7
    25f2:	ff9f 205a 	vshr.u16	q1, q5, #1
    25f6:	eeae 5b30 	vdup.16	q7, r5
    25fa:	ea4f 4e25 	mov.w	lr, r5, asr #16
    25fe:	eeac eb30 	vdup.16	q6, lr
    2602:	fa1f fc86 	uxth.w	ip, r6
    2606:	ea4c 4c0c 	orr.w	ip, ip, ip, lsl #16
    260a:	ec4c cb1f 	vmov	d15, ip, ip
    260e:	ea4f 4c26 	mov.w	ip, r6, asr #16
    2612:	fa1f fc8c 	uxth.w	ip, ip
    2616:	ea4c 4c0c 	orr.w	ip, ip, ip, lsl #16
    261a:	ec4c cb1d 	vmov	d13, ip, ip
    261e:	ff16 ab4c 	vqrdmulh.s16	q5, q3, q6
    2622:	ef16 695e 	vmul.i16	q3, q3, q7
    2626:	ee1b 6e4a 	vmla.i16	q3, q5, sl
    262a:	fe17 1fcf 	vcmp.s16	lt, q3, zr
    262e:	fe71 0f4d 	vpst
    2632:	ee17 6f4a 	vaddt.i16	q3, q3, sl
    2636:	eeae ab30 	vdup.16	q7, sl
    263a:	ef14 a848 	vadd.i16	q5, q2, q4
    263e:	ff1a a84e 	vsub.i16	q5, q5, q7
    2642:	fe1b 1fcf 	vcmp.s16	lt, q5, zr
    2646:	fe71 0f4d 	vpst
    264a:	ef1a a84e 	vaddt.i16	q5, q5, q7
    264e:	ff14 8848 	vsub.i16	q4, q2, q4
    2652:	fe19 1fcf 	vcmp.s16	lt, q4, zr
    2656:	fe71 0f4d 	vpst
    265a:	ef18 884e 	vaddt.i16	q4, q4, q7
    265e:	ef80 c851 	vmov.i16	q6, #1	@ 0x0001
    2662:	ef0a c15c 	vand	q6, q5, q6
    2666:	fe1d 0fcf 	vcmp.i16	ne, q6, zr
    266a:	fe71 0f4d 	vpst
    266e:	ef1a a84e 	vaddt.i16	q5, q5, q7
    2672:	ff9f 405a 	vshr.u16	q2, q5, #1
    2676:	eeae 5b30 	vdup.16	q7, r5
    267a:	ea4f 4e25 	mov.w	lr, r5, asr #16
    267e:	eeac eb30 	vdup.16	q6, lr
    2682:	fa1f fc86 	uxth.w	ip, r6
    2686:	ea4c 4c0c 	orr.w	ip, ip, ip, lsl #16
    268a:	ec4c cb1f 	vmov	d15, ip, ip
    268e:	ea4f 4c26 	mov.w	ip, r6, asr #16
    2692:	fa1f fc8c 	uxth.w	ip, ip
    2696:	ea4c 4c0c 	orr.w	ip, ip, ip, lsl #16
    269a:	ec4c cb1d 	vmov	d13, ip, ip
    269e:	ff18 ab4c 	vqrdmulh.s16	q5, q4, q6
    26a2:	ef18 895e 	vmul.i16	q4, q4, q7
    26a6:	ee1b 8e4a 	vmla.i16	q4, q5, sl
    26aa:	fe19 1fcf 	vcmp.s16	lt, q4, zr
    26ae:	fe71 0f4d 	vpst
    26b2:	ee19 8f4a 	vaddt.i16	q4, q4, sl
    26b6:	ed81 2b00 	vstr	d2, [r1]
    26ba:	ed81 3b08 	vstr	d3, [r1, #32]
    26be:	ed81 4b02 	vstr	d4, [r1, #8]
    26c2:	ed81 5b0a 	vstr	d5, [r1, #40]	@ 0x28
    26c6:	ed81 6b04 	vstr	d6, [r1, #16]
    26ca:	ed81 7b0c 	vstr	d7, [r1, #48]	@ 0x30
    26ce:	ed81 8b06 	vstr	d8, [r1, #24]
    26d2:	ed81 9b0e 	vstr	d9, [r1, #56]	@ 0x38
    26d6:	f101 0140 	add.w	r1, r1, #64	@ 0x40
    26da:	3a01      	subs	r2, #1
    26dc:	f47f aea3 	bne.w	2426 <fndsa_mqpoly_ntt_to_int__L512_GS2_packed_loop>
    26e0:	46a0      	mov	r8, r4
    26e2:	2320      	movs	r3, #32
    26e4:	e7ff      	b.n	26e6 <fndsa_mqpoly_ntt_to_int__L3x512>

000026e6 <fndsa_mqpoly_ntt_to_int__L3x512>:
    26e6:	b084      	sub	sp, #16
    26e8:	ee11 ca10 	vmov	ip, s2
    26ec:	f1a8 0460 	sub.w	r4, r8, #96	@ 0x60
    26f0:	9402      	str	r4, [sp, #8]
    26f2:	f1a4 0510 	sub.w	r5, r4, #16
    26f6:	9501      	str	r5, [sp, #4]
    26f8:	f1a4 0518 	sub.w	r5, r4, #24
    26fc:	9500      	str	r5, [sp, #0]
    26fe:	f8cd c00c 	str.w	ip, [sp, #12]
    2702:	4661      	mov	r1, ip
    2704:	2304      	movs	r3, #4

00002706 <fndsa_mqpoly_ntt_to_int__L3x512_block>:
    2706:	f8dd c000 	ldr.w	ip, [sp]
    270a:	f8bc 4000 	ldrh.w	r4, [ip]
    270e:	eb0c 0e09 	add.w	lr, ip, r9
    2712:	f8be e000 	ldrh.w	lr, [lr]
    2716:	ea44 440e 	orr.w	r4, r4, lr, lsl #16
    271a:	f10c 0c02 	add.w	ip, ip, #2
    271e:	f8cd c000 	str.w	ip, [sp]
    2722:	f8dd c004 	ldr.w	ip, [sp, #4]
    2726:	f8bc 5000 	ldrh.w	r5, [ip]
    272a:	eb0c 0e09 	add.w	lr, ip, r9
    272e:	f8be e000 	ldrh.w	lr, [lr]
    2732:	ea45 450e 	orr.w	r5, r5, lr, lsl #16
    2736:	f10c 0c02 	add.w	ip, ip, #2
    273a:	f8bc 6000 	ldrh.w	r6, [ip]
    273e:	eb0c 0e09 	add.w	lr, ip, r9
    2742:	f8be e000 	ldrh.w	lr, [lr]
    2746:	ea46 460e 	orr.w	r6, r6, lr, lsl #16
    274a:	f10c 0c02 	add.w	ip, ip, #2
    274e:	f8cd c004 	str.w	ip, [sp, #4]
    2752:	f8dd c008 	ldr.w	ip, [sp, #8]
    2756:	f8bc 7000 	ldrh.w	r7, [ip]
    275a:	eb0c 0e09 	add.w	lr, ip, r9
    275e:	f8be e000 	ldrh.w	lr, [lr]
    2762:	ea47 470e 	orr.w	r7, r7, lr, lsl #16
    2766:	f10c 0c02 	add.w	ip, ip, #2
    276a:	f8bc 8000 	ldrh.w	r8, [ip]
    276e:	eb0c 0e09 	add.w	lr, ip, r9
    2772:	f8be e000 	ldrh.w	lr, [lr]
    2776:	ea48 480e 	orr.w	r8, r8, lr, lsl #16
    277a:	f10c 0c02 	add.w	ip, ip, #2
    277e:	f8bc b000 	ldrh.w	fp, [ip]
    2782:	eb0c 0e09 	add.w	lr, ip, r9
    2786:	f8be e000 	ldrh.w	lr, [lr]
    278a:	ea4b 4b0e 	orr.w	fp, fp, lr, lsl #16
    278e:	f10c 0c02 	add.w	ip, ip, #2
    2792:	f8bc 0000 	ldrh.w	r0, [ip]
    2796:	eb0c 0e09 	add.w	lr, ip, r9
    279a:	f8be e000 	ldrh.w	lr, [lr]
    279e:	ea40 400e 	orr.w	r0, r0, lr, lsl #16
    27a2:	f10c 0c02 	add.w	ip, ip, #2
    27a6:	f8cd c008 	str.w	ip, [sp, #8]
    27aa:	2202      	movs	r2, #2

000027ac <fndsa_mqpoly_ntt_to_int__L3x512_lanes>:
    27ac:	ed91 1e80 	vldrh.u16	q0, [r1, #0]
    27b0:	f101 0c20 	add.w	ip, r1, #32
    27b4:	ed9c 3e80 	vldrh.u16	q1, [ip, #0]
    27b8:	f101 0c40 	add.w	ip, r1, #64	@ 0x40
    27bc:	ed9c 5e80 	vldrh.u16	q2, [ip, #0]
    27c0:	f101 0c60 	add.w	ip, r1, #96	@ 0x60
    27c4:	ed9c 7e80 	vldrh.u16	q3, [ip, #0]
    27c8:	ff10 8842 	vsub.i16	q4, q0, q1
    27cc:	eeaa ab30 	vdup.16	q5, sl
    27d0:	fe19 1fcf 	vcmp.s16	lt, q4, zr
    27d4:	fe71 0f4d 	vpst
    27d8:	ef18 884a 	vaddt.i16	q4, q4, q5
    27dc:	ef10 0842 	vadd.i16	q0, q0, q1
    27e0:	ff10 084a 	vsub.i16	q0, q0, q5
    27e4:	fe11 1fcf 	vcmp.s16	lt, q0, zr
    27e8:	fe71 0f4d 	vpst
    27ec:	ef10 084a 	vaddt.i16	q0, q0, q5
    27f0:	ef80 c851 	vmov.i16	q6, #1	@ 0x0001
    27f4:	ef00 c15c 	vand	q6, q0, q6
    27f8:	fe1d 0fcf 	vcmp.i16	ne, q6, zr
    27fc:	fe71 0f4d 	vpst
    2800:	ef10 084a 	vaddt.i16	q0, q0, q5
    2804:	ff9f 0050 	vshr.u16	q0, q0, #1
    2808:	ef28 2158 	vmov	q1, q4
    280c:	eeac 7b30 	vdup.16	q6, r7
    2810:	ea4f 4e27 	mov.w	lr, r7, asr #16
    2814:	eeaa eb30 	vdup.16	q5, lr
    2818:	ff12 ab4a 	vqrdmulh.s16	q5, q1, q5
    281c:	ef12 295c 	vmul.i16	q1, q1, q6
    2820:	ee1b 2e4a 	vmla.i16	q1, q5, sl
    2824:	fe13 1fcf 	vcmp.s16	lt, q1, zr
    2828:	fe71 0f4d 	vpst
    282c:	ee13 2f4a 	vaddt.i16	q1, q1, sl
    2830:	ff14 8846 	vsub.i16	q4, q2, q3
    2834:	eeaa ab30 	vdup.16	q5, sl
    2838:	fe19 1fcf 	vcmp.s16	lt, q4, zr
    283c:	fe71 0f4d 	vpst
    2840:	ef18 884a 	vaddt.i16	q4, q4, q5
    2844:	ef14 4846 	vadd.i16	q2, q2, q3
    2848:	ff14 484a 	vsub.i16	q2, q2, q5
    284c:	fe15 1fcf 	vcmp.s16	lt, q2, zr
    2850:	fe71 0f4d 	vpst
    2854:	ef14 484a 	vaddt.i16	q2, q2, q5
    2858:	ef80 c851 	vmov.i16	q6, #1	@ 0x0001
    285c:	ef04 c15c 	vand	q6, q2, q6
    2860:	fe1d 0fcf 	vcmp.i16	ne, q6, zr
    2864:	fe71 0f4d 	vpst
    2868:	ef14 484a 	vaddt.i16	q2, q2, q5
    286c:	ff9f 4054 	vshr.u16	q2, q2, #1
    2870:	ef28 6158 	vmov	q3, q4
    2874:	eeac 8b30 	vdup.16	q6, r8
    2878:	ea4f 4e28 	mov.w	lr, r8, asr #16
    287c:	eeaa eb30 	vdup.16	q5, lr
    2880:	ff16 ab4a 	vqrdmulh.s16	q5, q3, q5
    2884:	ef16 695c 	vmul.i16	q3, q3, q6
    2888:	ee1b 6e4a 	vmla.i16	q3, q5, sl
    288c:	ff10 8844 	vsub.i16	q4, q0, q2
    2890:	fe17 1fcf 	vcmp.s16	lt, q3, zr
    2894:	fe71 0f4d 	vpst
    2898:	ee17 6f4a 	vaddt.i16	q3, q3, sl
    289c:	eeaa ab30 	vdup.16	q5, sl
    28a0:	fe19 1fcf 	vcmp.s16	lt, q4, zr
    28a4:	fe71 0f4d 	vpst
    28a8:	ef18 884a 	vaddt.i16	q4, q4, q5
    28ac:	ef10 0844 	vadd.i16	q0, q0, q2
    28b0:	ff10 084a 	vsub.i16	q0, q0, q5
    28b4:	fe11 1fcf 	vcmp.s16	lt, q0, zr
    28b8:	fe71 0f4d 	vpst
    28bc:	ef10 084a 	vaddt.i16	q0, q0, q5
    28c0:	ef80 c851 	vmov.i16	q6, #1	@ 0x0001
    28c4:	ef00 c15c 	vand	q6, q0, q6
    28c8:	fe1d 0fcf 	vcmp.i16	ne, q6, zr
    28cc:	fe71 0f4d 	vpst
    28d0:	ef10 084a 	vaddt.i16	q0, q0, q5
    28d4:	ff9f 0050 	vshr.u16	q0, q0, #1
    28d8:	ef28 4158 	vmov	q2, q4
    28dc:	eeac 5b30 	vdup.16	q6, r5
    28e0:	ea4f 4e25 	mov.w	lr, r5, asr #16
    28e4:	eeaa eb30 	vdup.16	q5, lr
    28e8:	ff14 ab4a 	vqrdmulh.s16	q5, q2, q5
    28ec:	ef14 495c 	vmul.i16	q2, q2, q6
    28f0:	ee1b 4e4a 	vmla.i16	q2, q5, sl
    28f4:	fe15 1fcf 	vcmp.s16	lt, q2, zr
    28f8:	fe71 0f4d 	vpst
    28fc:	ee15 4f4a 	vaddt.i16	q2, q2, sl
    2900:	ff12 8846 	vsub.i16	q4, q1, q3
    2904:	eeaa ab30 	vdup.16	q5, sl
    2908:	fe19 1fcf 	vcmp.s16	lt, q4, zr
    290c:	fe71 0f4d 	vpst
    2910:	ef18 884a 	vaddt.i16	q4, q4, q5
    2914:	ef12 2846 	vadd.i16	q1, q1, q3
    2918:	ff12 284a 	vsub.i16	q1, q1, q5
    291c:	fe13 1fcf 	vcmp.s16	lt, q1, zr
    2920:	fe71 0f4d 	vpst
    2924:	ef12 284a 	vaddt.i16	q1, q1, q5
    2928:	ef80 c851 	vmov.i16	q6, #1	@ 0x0001
    292c:	ef02 c15c 	vand	q6, q1, q6
    2930:	fe1d 0fcf 	vcmp.i16	ne, q6, zr
    2934:	fe71 0f4d 	vpst
    2938:	ef12 284a 	vaddt.i16	q1, q1, q5
    293c:	ff9f 2052 	vshr.u16	q1, q1, #1
    2940:	ef28 6158 	vmov	q3, q4
    2944:	eeac 5b30 	vdup.16	q6, r5
    2948:	ea4f 4e25 	mov.w	lr, r5, asr #16
    294c:	eeaa eb30 	vdup.16	q5, lr
    2950:	ff16 ab4a 	vqrdmulh.s16	q5, q3, q5
    2954:	ef16 695c 	vmul.i16	q3, q3, q6
    2958:	ee1b 6e4a 	vmla.i16	q3, q5, sl
    295c:	fe17 1fcf 	vcmp.s16	lt, q3, zr
    2960:	fe71 0f4d 	vpst
    2964:	ee17 6f4a 	vaddt.i16	q3, q3, sl
    2968:	ed81 1e80 	vstrh.16	q0, [r1, #0]
    296c:	f101 0c20 	add.w	ip, r1, #32
    2970:	ed8c 3e80 	vstrh.16	q1, [ip, #0]
    2974:	f101 0c40 	add.w	ip, r1, #64	@ 0x40
    2978:	ed8c 5e80 	vstrh.16	q2, [ip, #0]
    297c:	f101 0c60 	add.w	ip, r1, #96	@ 0x60
    2980:	ed8c 7e80 	vstrh.16	q3, [ip, #0]
    2984:	f101 0c80 	add.w	ip, r1, #128	@ 0x80
    2988:	ed9c 1e80 	vldrh.u16	q0, [ip, #0]
    298c:	f101 0ca0 	add.w	ip, r1, #160	@ 0xa0
    2990:	ed9c 3e80 	vldrh.u16	q1, [ip, #0]
    2994:	f101 0cc0 	add.w	ip, r1, #192	@ 0xc0
    2998:	ed9c 5e80 	vldrh.u16	q2, [ip, #0]
    299c:	f101 0ce0 	add.w	ip, r1, #224	@ 0xe0
    29a0:	ed9c 7e80 	vldrh.u16	q3, [ip, #0]
    29a4:	ff10 8842 	vsub.i16	q4, q0, q1
    29a8:	eeaa ab30 	vdup.16	q5, sl
    29ac:	fe19 1fcf 	vcmp.s16	lt, q4, zr
    29b0:	fe71 0f4d 	vpst
    29b4:	ef18 884a 	vaddt.i16	q4, q4, q5
    29b8:	ef10 0842 	vadd.i16	q0, q0, q1
    29bc:	ff10 084a 	vsub.i16	q0, q0, q5
    29c0:	fe11 1fcf 	vcmp.s16	lt, q0, zr
    29c4:	fe71 0f4d 	vpst
    29c8:	ef10 084a 	vaddt.i16	q0, q0, q5
    29cc:	ef80 c851 	vmov.i16	q6, #1	@ 0x0001
    29d0:	ef00 c15c 	vand	q6, q0, q6
    29d4:	fe1d 0fcf 	vcmp.i16	ne, q6, zr
    29d8:	fe71 0f4d 	vpst
    29dc:	ef10 084a 	vaddt.i16	q0, q0, q5
    29e0:	ff9f 0050 	vshr.u16	q0, q0, #1
    29e4:	ef28 2158 	vmov	q1, q4
    29e8:	eeac bb30 	vdup.16	q6, fp
    29ec:	ea4f 4e2b 	mov.w	lr, fp, asr #16
    29f0:	eeaa eb30 	vdup.16	q5, lr
    29f4:	ff12 ab4a 	vqrdmulh.s16	q5, q1, q5
    29f8:	ef12 295c 	vmul.i16	q1, q1, q6
    29fc:	ee1b 2e4a 	vmla.i16	q1, q5, sl
    2a00:	fe13 1fcf 	vcmp.s16	lt, q1, zr
    2a04:	fe71 0f4d 	vpst
    2a08:	ee13 2f4a 	vaddt.i16	q1, q1, sl
    2a0c:	ff14 8846 	vsub.i16	q4, q2, q3
    2a10:	eeaa ab30 	vdup.16	q5, sl
    2a14:	fe19 1fcf 	vcmp.s16	lt, q4, zr
    2a18:	fe71 0f4d 	vpst
    2a1c:	ef18 884a 	vaddt.i16	q4, q4, q5
    2a20:	ef14 4846 	vadd.i16	q2, q2, q3
    2a24:	ff14 484a 	vsub.i16	q2, q2, q5
    2a28:	fe15 1fcf 	vcmp.s16	lt, q2, zr
    2a2c:	fe71 0f4d 	vpst
    2a30:	ef14 484a 	vaddt.i16	q2, q2, q5
    2a34:	ef80 c851 	vmov.i16	q6, #1	@ 0x0001
    2a38:	ef04 c15c 	vand	q6, q2, q6
    2a3c:	fe1d 0fcf 	vcmp.i16	ne, q6, zr
    2a40:	fe71 0f4d 	vpst
    2a44:	ef14 484a 	vaddt.i16	q2, q2, q5
    2a48:	ff9f 4054 	vshr.u16	q2, q2, #1
    2a4c:	ef28 6158 	vmov	q3, q4
    2a50:	eeac 0b30 	vdup.16	q6, r0
    2a54:	ea4f 4e20 	mov.w	lr, r0, asr #16
    2a58:	eeaa eb30 	vdup.16	q5, lr
    2a5c:	ff16 ab4a 	vqrdmulh.s16	q5, q3, q5
    2a60:	ef16 695c 	vmul.i16	q3, q3, q6
    2a64:	ee1b 6e4a 	vmla.i16	q3, q5, sl
    2a68:	ff10 8844 	vsub.i16	q4, q0, q2
    2a6c:	fe17 1fcf 	vcmp.s16	lt, q3, zr
    2a70:	fe71 0f4d 	vpst
    2a74:	ee17 6f4a 	vaddt.i16	q3, q3, sl
    2a78:	eeaa ab30 	vdup.16	q5, sl
    2a7c:	fe19 1fcf 	vcmp.s16	lt, q4, zr
    2a80:	fe71 0f4d 	vpst
    2a84:	ef18 884a 	vaddt.i16	q4, q4, q5
    2a88:	ef10 0844 	vadd.i16	q0, q0, q2
    2a8c:	ff10 084a 	vsub.i16	q0, q0, q5
    2a90:	fe11 1fcf 	vcmp.s16	lt, q0, zr
    2a94:	fe71 0f4d 	vpst
    2a98:	ef10 084a 	vaddt.i16	q0, q0, q5
    2a9c:	ef80 c851 	vmov.i16	q6, #1	@ 0x0001
    2aa0:	ef00 c15c 	vand	q6, q0, q6
    2aa4:	fe1d 0fcf 	vcmp.i16	ne, q6, zr
    2aa8:	fe71 0f4d 	vpst
    2aac:	ef10 084a 	vaddt.i16	q0, q0, q5
    2ab0:	ff9f 0050 	vshr.u16	q0, q0, #1
    2ab4:	ef28 4158 	vmov	q2, q4
    2ab8:	eeac 6b30 	vdup.16	q6, r6
    2abc:	ea4f 4e26 	mov.w	lr, r6, asr #16
    2ac0:	eeaa eb30 	vdup.16	q5, lr
    2ac4:	ff14 ab4a 	vqrdmulh.s16	q5, q2, q5
    2ac8:	ef14 495c 	vmul.i16	q2, q2, q6
    2acc:	ee1b 4e4a 	vmla.i16	q2, q5, sl
    2ad0:	fe15 1fcf 	vcmp.s16	lt, q2, zr
    2ad4:	fe71 0f4d 	vpst
    2ad8:	ee15 4f4a 	vaddt.i16	q2, q2, sl
    2adc:	ff12 8846 	vsub.i16	q4, q1, q3
    2ae0:	eeaa ab30 	vdup.16	q5, sl
    2ae4:	fe19 1fcf 	vcmp.s16	lt, q4, zr
    2ae8:	fe71 0f4d 	vpst
    2aec:	ef18 884a 	vaddt.i16	q4, q4, q5
    2af0:	ef12 2846 	vadd.i16	q1, q1, q3
    2af4:	ff12 284a 	vsub.i16	q1, q1, q5
    2af8:	fe13 1fcf 	vcmp.s16	lt, q1, zr
    2afc:	fe71 0f4d 	vpst
    2b00:	ef12 284a 	vaddt.i16	q1, q1, q5
    2b04:	ef80 c851 	vmov.i16	q6, #1	@ 0x0001
    2b08:	ef02 c15c 	vand	q6, q1, q6
    2b0c:	fe1d 0fcf 	vcmp.i16	ne, q6, zr
    2b10:	fe71 0f4d 	vpst
    2b14:	ef12 284a 	vaddt.i16	q1, q1, q5
    2b18:	ff9f 2052 	vshr.u16	q1, q1, #1
    2b1c:	ef28 6158 	vmov	q3, q4
    2b20:	eeac 6b30 	vdup.16	q6, r6
    2b24:	ea4f 4e26 	mov.w	lr, r6, asr #16
    2b28:	eeaa eb30 	vdup.16	q5, lr
    2b2c:	ff16 ab4a 	vqrdmulh.s16	q5, q3, q5
    2b30:	ef16 695c 	vmul.i16	q3, q3, q6
    2b34:	ee1b 6e4a 	vmla.i16	q3, q5, sl
    2b38:	fe17 1fcf 	vcmp.s16	lt, q3, zr
    2b3c:	fe71 0f4d 	vpst
    2b40:	ee17 6f4a 	vaddt.i16	q3, q3, sl
    2b44:	ed91 9e80 	vldrh.u16	q4, [r1, #0]
    2b48:	ff18 a840 	vsub.i16	q5, q4, q0
    2b4c:	eeac ab30 	vdup.16	q6, sl
    2b50:	fe1b 1fcf 	vcmp.s16	lt, q5, zr
    2b54:	fe71 0f4d 	vpst
    2b58:	ef1a a84c 	vaddt.i16	q5, q5, q6
    2b5c:	ef18 8840 	vadd.i16	q4, q4, q0
    2b60:	ff18 884c 	vsub.i16	q4, q4, q6
    2b64:	fe19 1fcf 	vcmp.s16	lt, q4, zr
    2b68:	fe71 0f4d 	vpst
    2b6c:	ef18 884c 	vaddt.i16	q4, q4, q6
    2b70:	ef80 e851 	vmov.i16	q7, #1	@ 0x0001
    2b74:	ef08 e15e 	vand	q7, q4, q7
    2b78:	fe1f 0fcf 	vcmp.i16	ne, q7, zr
    2b7c:	fe71 0f4d 	vpst
    2b80:	ef18 884c 	vaddt.i16	q4, q4, q6
    2b84:	ff9f 8058 	vshr.u16	q4, q4, #1
    2b88:	ef2a 015a 	vmov	q0, q5
    2b8c:	eeae 4b30 	vdup.16	q7, r4
    2b90:	ea4f 4e24 	mov.w	lr, r4, asr #16
    2b94:	eeac eb30 	vdup.16	q6, lr
    2b98:	ff10 cb4c 	vqrdmulh.s16	q6, q0, q6
    2b9c:	ef10 095e 	vmul.i16	q0, q0, q7
    2ba0:	ee1d 0e4a 	vmla.i16	q0, q6, sl
    2ba4:	fe11 1fcf 	vcmp.s16	lt, q0, zr
    2ba8:	fe71 0f4d 	vpst
    2bac:	ee11 0f4a 	vaddt.i16	q0, q0, sl
    2bb0:	ed81 9e80 	vstrh.16	q4, [r1, #0]
    2bb4:	f101 0c80 	add.w	ip, r1, #128	@ 0x80
    2bb8:	ed8c 1e80 	vstrh.16	q0, [ip, #0]
    2bbc:	f101 0c20 	add.w	ip, r1, #32
    2bc0:	ed9c 9e80 	vldrh.u16	q4, [ip, #0]
    2bc4:	ff18 a842 	vsub.i16	q5, q4, q1
    2bc8:	eeac ab30 	vdup.16	q6, sl
    2bcc:	fe1b 1fcf 	vcmp.s16	lt, q5, zr
    2bd0:	fe71 0f4d 	vpst
    2bd4:	ef1a a84c 	vaddt.i16	q5, q5, q6
    2bd8:	ef18 8842 	vadd.i16	q4, q4, q1
    2bdc:	ff18 884c 	vsub.i16	q4, q4, q6
    2be0:	fe19 1fcf 	vcmp.s16	lt, q4, zr
    2be4:	fe71 0f4d 	vpst
    2be8:	ef18 884c 	vaddt.i16	q4, q4, q6
    2bec:	ef80 e851 	vmov.i16	q7, #1	@ 0x0001
    2bf0:	ef08 e15e 	vand	q7, q4, q7
    2bf4:	fe1f 0fcf 	vcmp.i16	ne, q7, zr
    2bf8:	fe71 0f4d 	vpst
    2bfc:	ef18 884c 	vaddt.i16	q4, q4, q6
    2c00:	ff9f 8058 	vshr.u16	q4, q4, #1
    2c04:	ef2a 215a 	vmov	q1, q5
    2c08:	eeae 4b30 	vdup.16	q7, r4
    2c0c:	ea4f 4e24 	mov.w	lr, r4, asr #16
    2c10:	eeac eb30 	vdup.16	q6, lr
    2c14:	ff12 cb4c 	vqrdmulh.s16	q6, q1, q6
    2c18:	ef12 295e 	vmul.i16	q1, q1, q7
    2c1c:	ee1d 2e4a 	vmla.i16	q1, q6, sl
    2c20:	fe13 1fcf 	vcmp.s16	lt, q1, zr
    2c24:	fe71 0f4d 	vpst
    2c28:	ee13 2f4a 	vaddt.i16	q1, q1, sl
    2c2c:	f101 0c20 	add.w	ip, r1, #32
    2c30:	ed8c 9e80 	vstrh.16	q4, [ip, #0]
    2c34:	f101 0ca0 	add.w	ip, r1, #160	@ 0xa0
    2c38:	ed8c 3e80 	vstrh.16	q1, [ip, #0]
    2c3c:	f101 0c40 	add.w	ip, r1, #64	@ 0x40
    2c40:	ed9c 9e80 	vldrh.u16	q4, [ip, #0]
    2c44:	ff18 a844 	vsub.i16	q5, q4, q2
    2c48:	eeac ab30 	vdup.16	q6, sl
    2c4c:	fe1b 1fcf 	vcmp.s16	lt, q5, zr
    2c50:	fe71 0f4d 	vpst
    2c54:	ef1a a84c 	vaddt.i16	q5, q5, q6
    2c58:	ef18 8844 	vadd.i16	q4, q4, q2
    2c5c:	ff18 884c 	vsub.i16	q4, q4, q6
    2c60:	fe19 1fcf 	vcmp.s16	lt, q4, zr
    2c64:	fe71 0f4d 	vpst
    2c68:	ef18 884c 	vaddt.i16	q4, q4, q6
    2c6c:	ef80 e851 	vmov.i16	q7, #1	@ 0x0001
    2c70:	ef08 e15e 	vand	q7, q4, q7
    2c74:	fe1f 0fcf 	vcmp.i16	ne, q7, zr
    2c78:	fe71 0f4d 	vpst
    2c7c:	ef18 884c 	vaddt.i16	q4, q4, q6
    2c80:	ff9f 8058 	vshr.u16	q4, q4, #1
    2c84:	ef2a 415a 	vmov	q2, q5
    2c88:	eeae 4b30 	vdup.16	q7, r4
    2c8c:	ea4f 4e24 	mov.w	lr, r4, asr #16
    2c90:	eeac eb30 	vdup.16	q6, lr
    2c94:	ff14 cb4c 	vqrdmulh.s16	q6, q2, q6
    2c98:	ef14 495e 	vmul.i16	q2, q2, q7
    2c9c:	ee1d 4e4a 	vmla.i16	q2, q6, sl
    2ca0:	fe15 1fcf 	vcmp.s16	lt, q2, zr
    2ca4:	fe71 0f4d 	vpst
    2ca8:	ee15 4f4a 	vaddt.i16	q2, q2, sl
    2cac:	f101 0c40 	add.w	ip, r1, #64	@ 0x40
    2cb0:	ed8c 9e80 	vstrh.16	q4, [ip, #0]
    2cb4:	f101 0cc0 	add.w	ip, r1, #192	@ 0xc0
    2cb8:	ed8c 5e80 	vstrh.16	q2, [ip, #0]
    2cbc:	f101 0c60 	add.w	ip, r1, #96	@ 0x60
    2cc0:	ed9c 9e80 	vldrh.u16	q4, [ip, #0]
    2cc4:	ff18 a846 	vsub.i16	q5, q4, q3
    2cc8:	eeac ab30 	vdup.16	q6, sl
    2ccc:	fe1b 1fcf 	vcmp.s16	lt, q5, zr
    2cd0:	fe71 0f4d 	vpst
    2cd4:	ef1a a84c 	vaddt.i16	q5, q5, q6
    2cd8:	ef18 8846 	vadd.i16	q4, q4, q3
    2cdc:	ff18 884c 	vsub.i16	q4, q4, q6
    2ce0:	fe19 1fcf 	vcmp.s16	lt, q4, zr
    2ce4:	fe71 0f4d 	vpst
    2ce8:	ef18 884c 	vaddt.i16	q4, q4, q6
    2cec:	ef80 e851 	vmov.i16	q7, #1	@ 0x0001
    2cf0:	ef08 e15e 	vand	q7, q4, q7
    2cf4:	fe1f 0fcf 	vcmp.i16	ne, q7, zr
    2cf8:	fe71 0f4d 	vpst
    2cfc:	ef18 884c 	vaddt.i16	q4, q4, q6
    2d00:	ff9f 8058 	vshr.u16	q4, q4, #1
    2d04:	ef2a 615a 	vmov	q3, q5
    2d08:	eeae 4b30 	vdup.16	q7, r4
    2d0c:	ea4f 4e24 	mov.w	lr, r4, asr #16
    2d10:	eeac eb30 	vdup.16	q6, lr
    2d14:	ff16 cb4c 	vqrdmulh.s16	q6, q3, q6
    2d18:	ef16 695e 	vmul.i16	q3, q3, q7
    2d1c:	ee1d 6e4a 	vmla.i16	q3, q6, sl
    2d20:	fe17 1fcf 	vcmp.s16	lt, q3, zr
    2d24:	fe71 0f4d 	vpst
    2d28:	ee17 6f4a 	vaddt.i16	q3, q3, sl
    2d2c:	f101 0c60 	add.w	ip, r1, #96	@ 0x60
    2d30:	ed8c 9e80 	vstrh.16	q4, [ip, #0]
    2d34:	f101 0ce0 	add.w	ip, r1, #224	@ 0xe0
    2d38:	ed8c 7e80 	vstrh.16	q3, [ip, #0]
    2d3c:	f101 0110 	add.w	r1, r1, #16
    2d40:	3a01      	subs	r2, #1
    2d42:	f47f ad33 	bne.w	27ac <fndsa_mqpoly_ntt_to_int__L3x512_lanes>
    2d46:	f101 01e0 	add.w	r1, r1, #224	@ 0xe0
    2d4a:	3b01      	subs	r3, #1
    2d4c:	f47f acdb 	bne.w	2706 <fndsa_mqpoly_ntt_to_int__L3x512_block>
    2d50:	f8dd 8000 	ldr.w	r8, [sp]
    2d54:	9903      	ldr	r1, [sp, #12]
    2d56:	b004      	add	sp, #16
    2d58:	ee01 1a10 	vmov	s2, r1
    2d5c:	f243 0a01 	movw	sl, #12289	@ 0x3001

00002d60 <fndsa_mqpoly_ntt_to_int__L512_GS2_wide>:
    2d60:	f20f 38dc 	addw	r8, pc, #988	@ 0x3dc
    2d64:	f8d8 8000 	ldr.w	r8, [r8]
    2d68:	f8b8 5002 	ldrh.w	r5, [r8, #2]
    2d6c:	eb08 0e09 	add.w	lr, r8, r9
    2d70:	f8be e002 	ldrh.w	lr, [lr, #2]
    2d74:	ea45 450e 	orr.w	r5, r5, lr, lsl #16
    2d78:	f8b8 6004 	ldrh.w	r6, [r8, #4]
    2d7c:	eb08 0e09 	add.w	lr, r8, r9
    2d80:	f8be e004 	ldrh.w	lr, [lr, #4]
    2d84:	ea46 460e 	orr.w	r6, r6, lr, lsl #16
    2d88:	f8b8 7006 	ldrh.w	r7, [r8, #6]
    2d8c:	eb08 0e09 	add.w	lr, r8, r9
    2d90:	f8be e006 	ldrh.w	lr, [lr, #6]
    2d94:	ea47 470e 	orr.w	r7, r7, lr, lsl #16
    2d98:	f240 1200 	movw	r2, #256	@ 0x100
    2d9c:	2310      	movs	r3, #16
    2d9e:	ee11 1a10 	vmov	r1, s2
    2da2:	ed91 3e80 	vldrh.u16	q1, [r1, #0]
    2da6:	eb01 0402 	add.w	r4, r1, r2
    2daa:	ed94 5e80 	vldrh.u16	q2, [r4, #0]
    2dae:	eb04 0402 	add.w	r4, r4, r2
    2db2:	ed94 7e80 	vldrh.u16	q3, [r4, #0]
    2db6:	eb04 0402 	add.w	r4, r4, r2
    2dba:	ed94 9e80 	vldrh.u16	q4, [r4, #0]
    2dbe:	3b01      	subs	r3, #1
    2dc0:	f000 80e3 	beq.w	2f8a <fndsa_mqpoly_ntt_to_int__L512_GS2_wide_epilogue>

00002dc4 <fndsa_mqpoly_ntt_to_int__L512_GS2_wide_steady>:
    2dc4:	eeae ab30 	vdup.16	q7, sl
    2dc8:	ef12 a844 	vadd.i16	q5, q1, q2
    2dcc:	ff1a a84e 	vsub.i16	q5, q5, q7
    2dd0:	fe1b 1fcf 	vcmp.s16	lt, q5, zr
    2dd4:	fe71 0f4d 	vpst
    2dd8:	ef1a a84e 	vaddt.i16	q5, q5, q7
    2ddc:	ff12 4844 	vsub.i16	q2, q1, q2
    2de0:	fe15 1fcf 	vcmp.s16	lt, q2, zr
    2de4:	fe71 0f4d 	vpst
    2de8:	ef14 484e 	vaddt.i16	q2, q2, q7
    2dec:	ef80 c851 	vmov.i16	q6, #1	@ 0x0001
    2df0:	ef0a c15c 	vand	q6, q5, q6
    2df4:	fe1d 0fcf 	vcmp.i16	ne, q6, zr
    2df8:	fe71 0f4d 	vpst
    2dfc:	ef1a a84e 	vaddt.i16	q5, q5, q7
    2e00:	ff9f 205a 	vshr.u16	q1, q5, #1
    2e04:	eeae 6b30 	vdup.16	q7, r6
    2e08:	ea4f 4e26 	mov.w	lr, r6, asr #16
    2e0c:	eeac eb30 	vdup.16	q6, lr
    2e10:	ff14 ab4c 	vqrdmulh.s16	q5, q2, q6
    2e14:	ef14 495e 	vmul.i16	q2, q2, q7
    2e18:	ee1b 4e4a 	vmla.i16	q2, q5, sl
    2e1c:	fe15 1fcf 	vcmp.s16	lt, q2, zr
    2e20:	fe71 0f4d 	vpst
    2e24:	ee15 4f4a 	vaddt.i16	q2, q2, sl
    2e28:	eeae ab30 	vdup.16	q7, sl
    2e2c:	ef16 a848 	vadd.i16	q5, q3, q4
    2e30:	ff1a a84e 	vsub.i16	q5, q5, q7
    2e34:	fe1b 1fcf 	vcmp.s16	lt, q5, zr
    2e38:	fe71 0f4d 	vpst
    2e3c:	ef1a a84e 	vaddt.i16	q5, q5, q7
    2e40:	ff16 8848 	vsub.i16	q4, q3, q4
    2e44:	fe19 1fcf 	vcmp.s16	lt, q4, zr
    2e48:	fe71 0f4d 	vpst
    2e4c:	ef18 884e 	vaddt.i16	q4, q4, q7
    2e50:	ef80 c851 	vmov.i16	q6, #1	@ 0x0001
    2e54:	ef0a c15c 	vand	q6, q5, q6
    2e58:	fe1d 0fcf 	vcmp.i16	ne, q6, zr
    2e5c:	fe71 0f4d 	vpst
    2e60:	ef1a a84e 	vaddt.i16	q5, q5, q7
    2e64:	ff9f 605a 	vshr.u16	q3, q5, #1
    2e68:	eeae 7b30 	vdup.16	q7, r7
    2e6c:	ea4f 4e27 	mov.w	lr, r7, asr #16
    2e70:	eeac eb30 	vdup.16	q6, lr
    2e74:	ff18 ab4c 	vqrdmulh.s16	q5, q4, q6
    2e78:	ef18 895e 	vmul.i16	q4, q4, q7
    2e7c:	ee1b 8e4a 	vmla.i16	q4, q5, sl
    2e80:	ef12 a846 	vadd.i16	q5, q1, q3
    2e84:	fe19 1fcf 	vcmp.s16	lt, q4, zr
    2e88:	fe71 0f4d 	vpst
    2e8c:	ee19 8f4a 	vaddt.i16	q4, q4, sl
    2e90:	eeae ab30 	vdup.16	q7, sl
    2e94:	ff1a a84e 	vsub.i16	q5, q5, q7
    2e98:	fe1b 1fcf 	vcmp.s16	lt, q5, zr
    2e9c:	fe71 0f4d 	vpst
    2ea0:	ef1a a84e 	vaddt.i16	q5, q5, q7
    2ea4:	ff12 6846 	vsub.i16	q3, q1, q3
    2ea8:	fe17 1fcf 	vcmp.s16	lt, q3, zr
    2eac:	fe71 0f4d 	vpst
    2eb0:	ef16 684e 	vaddt.i16	q3, q3, q7
    2eb4:	ef80 c851 	vmov.i16	q6, #1	@ 0x0001
    2eb8:	ef0a c15c 	vand	q6, q5, q6
    2ebc:	fe1d 0fcf 	vcmp.i16	ne, q6, zr
    2ec0:	fe71 0f4d 	vpst
    2ec4:	ef1a a84e 	vaddt.i16	q5, q5, q7
    2ec8:	ff9f 205a 	vshr.u16	q1, q5, #1
    2ecc:	eeae 5b30 	vdup.16	q7, r5
    2ed0:	ea4f 4e25 	mov.w	lr, r5, asr #16
    2ed4:	eeac eb30 	vdup.16	q6, lr
    2ed8:	ff16 ab4c 	vqrdmulh.s16	q5, q3, q6
    2edc:	ef16 695e 	vmul.i16	q3, q3, q7
    2ee0:	ee1b 6e4a 	vmla.i16	q3, q5, sl
    2ee4:	fe17 1fcf 	vcmp.s16	lt, q3, zr
    2ee8:	fe71 0f4d 	vpst
    2eec:	ee17 6f4a 	vaddt.i16	q3, q3, sl
    2ef0:	eeae ab30 	vdup.16	q7, sl
    2ef4:	ed81 3e80 	vstrh.16	q1, [r1, #0]
    2ef8:	ef14 a848 	vadd.i16	q5, q2, q4
    2efc:	ff1a a84e 	vsub.i16	q5, q5, q7
    2f00:	ed91 3e88 	vldrh.u16	q1, [r1, #16]
    2f04:	fe1b 1fcf 	vcmp.s16	lt, q5, zr
    2f08:	fe71 0f4d 	vpst
    2f0c:	ef1a a84e 	vaddt.i16	q5, q5, q7
    2f10:	ff14 8848 	vsub.i16	q4, q2, q4
    2f14:	fe19 1fcf 	vcmp.s16	lt, q4, zr
    2f18:	fe71 0f4d 	vpst
    2f1c:	ef18 884e 	vaddt.i16	q4, q4, q7
    2f20:	ef80 c851 	vmov.i16	q6, #1	@ 0x0001
    2f24:	ef0a c15c 	vand	q6, q5, q6
    2f28:	fe1d 0fcf 	vcmp.i16	ne, q6, zr
    2f2c:	fe71 0f4d 	vpst
    2f30:	ef1a a84e 	vaddt.i16	q5, q5, q7
    2f34:	ff9f 405a 	vshr.u16	q2, q5, #1
    2f38:	eeae 5b30 	vdup.16	q7, r5
    2f3c:	ea4f 4e25 	mov.w	lr, r5, asr #16
    2f40:	eeac eb30 	vdup.16	q6, lr
    2f44:	ff18 ab4c 	vqrdmulh.s16	q5, q4, q6
    2f48:	ef18 895e 	vmul.i16	q4, q4, q7
    2f4c:	ee1b 8e4a 	vmla.i16	q4, q5, sl
    2f50:	fe19 1fcf 	vcmp.s16	lt, q4, zr
    2f54:	fe71 0f4d 	vpst
    2f58:	ee19 8f4a 	vaddt.i16	q4, q4, sl
    2f5c:	eb01 0c02 	add.w	ip, r1, r2
    2f60:	ed8c 5e80 	vstrh.16	q2, [ip, #0]
    2f64:	ed9c 5e88 	vldrh.u16	q2, [ip, #16]
    2f68:	eb0c 0c02 	add.w	ip, ip, r2
    2f6c:	ed8c 7e80 	vstrh.16	q3, [ip, #0]
    2f70:	ed9c 7e88 	vldrh.u16	q3, [ip, #16]
    2f74:	eb0c 0c02 	add.w	ip, ip, r2
    2f78:	ed8c 9e80 	vstrh.16	q4, [ip, #0]
    2f7c:	ed9c 9e88 	vldrh.u16	q4, [ip, #16]
    2f80:	f101 0110 	add.w	r1, r1, #16
    2f84:	3b01      	subs	r3, #1
    2f86:	f47f af1d 	bne.w	2dc4 <fndsa_mqpoly_ntt_to_int__L512_GS2_wide_steady>

00002f8a <fndsa_mqpoly_ntt_to_int__L512_GS2_wide_epilogue>:
    2f8a:	eeae ab30 	vdup.16	q7, sl
    2f8e:	ef12 a844 	vadd.i16	q5, q1, q2
    2f92:	ff1a a84e 	vsub.i16	q5, q5, q7
    2f96:	fe1b 1fcf 	vcmp.s16	lt, q5, zr
    2f9a:	fe71 0f4d 	vpst
    2f9e:	ef1a a84e 	vaddt.i16	q5, q5, q7
    2fa2:	ff12 4844 	vsub.i16	q2, q1, q2
    2fa6:	fe15 1fcf 	vcmp.s16	lt, q2, zr
    2faa:	fe71 0f4d 	vpst
    2fae:	ef14 484e 	vaddt.i16	q2, q2, q7
    2fb2:	ef80 c851 	vmov.i16	q6, #1	@ 0x0001
    2fb6:	ef0a c15c 	vand	q6, q5, q6
    2fba:	fe1d 0fcf 	vcmp.i16	ne, q6, zr
    2fbe:	fe71 0f4d 	vpst
    2fc2:	ef1a a84e 	vaddt.i16	q5, q5, q7
    2fc6:	ff9f 205a 	vshr.u16	q1, q5, #1
    2fca:	eeae 6b30 	vdup.16	q7, r6
    2fce:	ea4f 4e26 	mov.w	lr, r6, asr #16
    2fd2:	eeac eb30 	vdup.16	q6, lr
    2fd6:	ff14 ab4c 	vqrdmulh.s16	q5, q2, q6
    2fda:	ef14 495e 	vmul.i16	q2, q2, q7
    2fde:	ee1b 4e4a 	vmla.i16	q2, q5, sl
    2fe2:	fe15 1fcf 	vcmp.s16	lt, q2, zr
    2fe6:	fe71 0f4d 	vpst
    2fea:	ee15 4f4a 	vaddt.i16	q2, q2, sl
    2fee:	eeae ab30 	vdup.16	q7, sl
    2ff2:	ef16 a848 	vadd.i16	q5, q3, q4
    2ff6:	ff1a a84e 	vsub.i16	q5, q5, q7
    2ffa:	fe1b 1fcf 	vcmp.s16	lt, q5, zr
    2ffe:	fe71 0f4d 	vpst
    3002:	ef1a a84e 	vaddt.i16	q5, q5, q7
    3006:	ff16 8848 	vsub.i16	q4, q3, q4
    300a:	fe19 1fcf 	vcmp.s16	lt, q4, zr
    300e:	fe71 0f4d 	vpst
    3012:	ef18 884e 	vaddt.i16	q4, q4, q7
    3016:	ef80 c851 	vmov.i16	q6, #1	@ 0x0001
    301a:	ef0a c15c 	vand	q6, q5, q6
    301e:	fe1d 0fcf 	vcmp.i16	ne, q6, zr
    3022:	fe71 0f4d 	vpst
    3026:	ef1a a84e 	vaddt.i16	q5, q5, q7
    302a:	ff9f 605a 	vshr.u16	q3, q5, #1
    302e:	eeae 7b30 	vdup.16	q7, r7
    3032:	ea4f 4e27 	mov.w	lr, r7, asr #16
    3036:	eeac eb30 	vdup.16	q6, lr
    303a:	ff18 ab4c 	vqrdmulh.s16	q5, q4, q6
    303e:	ef18 895e 	vmul.i16	q4, q4, q7
    3042:	ee1b 8e4a 	vmla.i16	q4, q5, sl
    3046:	ef12 a846 	vadd.i16	q5, q1, q3
    304a:	fe19 1fcf 	vcmp.s16	lt, q4, zr
    304e:	fe71 0f4d 	vpst
    3052:	ee19 8f4a 	vaddt.i16	q4, q4, sl
    3056:	eeae ab30 	vdup.16	q7, sl
    305a:	ff1a a84e 	vsub.i16	q5, q5, q7
    305e:	fe1b 1fcf 	vcmp.s16	lt, q5, zr
    3062:	fe71 0f4d 	vpst
    3066:	ef1a a84e 	vaddt.i16	q5, q5, q7
    306a:	ff12 6846 	vsub.i16	q3, q1, q3
    306e:	fe17 1fcf 	vcmp.s16	lt, q3, zr
    3072:	fe71 0f4d 	vpst
    3076:	ef16 684e 	vaddt.i16	q3, q3, q7
    307a:	ef80 c851 	vmov.i16	q6, #1	@ 0x0001
    307e:	ef0a c15c 	vand	q6, q5, q6
    3082:	fe1d 0fcf 	vcmp.i16	ne, q6, zr
    3086:	fe71 0f4d 	vpst
    308a:	ef1a a84e 	vaddt.i16	q5, q5, q7
    308e:	ff9f 205a 	vshr.u16	q1, q5, #1
    3092:	eeae 5b30 	vdup.16	q7, r5
    3096:	ea4f 4e25 	mov.w	lr, r5, asr #16
    309a:	eeac eb30 	vdup.16	q6, lr
    309e:	ff16 ab4c 	vqrdmulh.s16	q5, q3, q6
    30a2:	ef16 695e 	vmul.i16	q3, q3, q7
    30a6:	ee1b 6e4a 	vmla.i16	q3, q5, sl
    30aa:	fe17 1fcf 	vcmp.s16	lt, q3, zr
    30ae:	fe71 0f4d 	vpst
    30b2:	ee17 6f4a 	vaddt.i16	q3, q3, sl
    30b6:	eeae ab30 	vdup.16	q7, sl
    30ba:	ef14 a848 	vadd.i16	q5, q2, q4
    30be:	ff1a a84e 	vsub.i16	q5, q5, q7
    30c2:	fe1b 1fcf 	vcmp.s16	lt, q5, zr
    30c6:	fe71 0f4d 	vpst
    30ca:	ef1a a84e 	vaddt.i16	q5, q5, q7
    30ce:	ff14 8848 	vsub.i16	q4, q2, q4
    30d2:	fe19 1fcf 	vcmp.s16	lt, q4, zr
    30d6:	fe71 0f4d 	vpst
    30da:	ef18 884e 	vaddt.i16	q4, q4, q7
    30de:	ef80 c851 	vmov.i16	q6, #1	@ 0x0001
    30e2:	ef0a c15c 	vand	q6, q5, q6
    30e6:	fe1d 0fcf 	vcmp.i16	ne, q6, zr
    30ea:	fe71 0f4d 	vpst
    30ee:	ef1a a84e 	vaddt.i16	q5, q5, q7
    30f2:	ff9f 405a 	vshr.u16	q2, q5, #1
    30f6:	eeae 5b30 	vdup.16	q7, r5
    30fa:	ea4f 4e25 	mov.w	lr, r5, asr #16
    30fe:	eeac eb30 	vdup.16	q6, lr
    3102:	ff18 ab4c 	vqrdmulh.s16	q5, q4, q6
    3106:	ef18 895e 	vmul.i16	q4, q4, q7
    310a:	ee1b 8e4a 	vmla.i16	q4, q5, sl
    310e:	fe19 1fcf 	vcmp.s16	lt, q4, zr
    3112:	fe71 0f4d 	vpst
    3116:	ee19 8f4a 	vaddt.i16	q4, q4, sl
    311a:	ed81 3e80 	vstrh.16	q1, [r1, #0]
    311e:	eb01 0402 	add.w	r4, r1, r2
    3122:	ed84 5e80 	vstrh.16	q2, [r4, #0]
    3126:	eb04 0402 	add.w	r4, r4, r2
    312a:	ed84 7e80 	vstrh.16	q3, [r4, #0]
    312e:	eb04 0402 	add.w	r4, r4, r2
    3132:	ed84 9e80 	vstrh.16	q4, [r4, #0]
    3136:	e7ff      	b.n	3138 <fndsa_mqpoly_ntt_to_int__Lend>

00003138 <fndsa_mqpoly_ntt_to_int__Lend>:
    3138:	ecbd 8b10 	vpop	{d8-d15}
    313c:	e8bd 8ff1 	ldmia.w	sp!, {r0, r4, r5, r6, r7, r8, r9, sl, fp, pc}

00003140 <fndsa_mqpoly_ntt_to_int__igmaddr>:
    3140:	00000000 	.word	0x00000000

00003144 <fndsa_stage3_mul_probe>:
    3144:	e92d 4400 	stmdb	sp!, {sl, lr}
    3148:	f243 0a01 	movw	sl, #12289	@ 0x3001
    314c:	eea0 0b30 	vdup.16	q0, r0
    3150:	b289      	uxth	r1, r1
    3152:	ea41 4102 	orr.w	r1, r1, r2, lsl #16
    3156:	eea2 1b30 	vdup.16	q1, r1
    315a:	ea4f 4e21 	mov.w	lr, r1, asr #16
    315e:	eea6 eb30 	vdup.16	q3, lr
    3162:	ff10 4b46 	vqrdmulh.s16	q2, q0, q3
    3166:	ef10 0952 	vmul.i16	q0, q0, q1
    316a:	ee15 0e4a 	vmla.i16	q0, q2, sl
    316e:	fe11 1fcf 	vcmp.s16	lt, q0, zr
    3172:	fe71 0f4d 	vpst
    3176:	ee11 0f4a 	vaddt.i16	q0, q0, sl
    317a:	ee10 0a10 	vmov	r0, s0
    317e:	b280      	uxth	r0, r0
    3180:	e8bd 8400 	ldmia.w	sp!, {sl, pc}
