layout,family,logn,n,prime_index,direction,original_min,original_median,original_max,optimized_min,optimized_median,optimized_max,reduction_pct,speedup
ab,mq,9,512,0,forward,33870.1,33870.1,33870.1,10318.1,10318.1,10318.11,69.536257643172,3.2825907870635094
ab,mq,9,512,0,inverse,38630.1,38630.1,38630.1,12856.1,12856.1,12856.1,66.71999295885851,3.0048070565723664
ab,mq,10,1024,0,forward,75093.1,75093.1,75093.11,25408.1,25408.1,25408.1,66.16453442460093,2.95547876464592
ab,mq,10,1024,0,inverse,85616.1,85616.1,85616.11,31024.1,31024.1,31024.1,63.76370799417399,2.7596642610099895
ab,mp,4,16,0,forward,897.11,897.11,897.11,324.11,324.11,324.11,63.87176600416894,2.7679182993428157
ab,mp,4,16,0,inverse,1026.11,1026.11,1026.11,350.11,350.11,350.11,65.87987642650397,2.9308217417383102
ab,mp,5,32,0,forward,2121.11,2121.11,2121.12,726.11,726.11,726.11,65.76745194732948,2.921196512925039
ab,mp,5,32,0,inverse,2418.11,2418.11,2418.11,743.11,743.11,743.11,69.26897452969469,3.254040451615508
ab,mp,6,64,0,forward,4852.11,4852.11,4852.11,1502.11,1502.11,1502.11,69.04212806387324,3.2301961906917604
ab,mp,6,64,0,inverse,5558.11,5558.11,5558.11,1523.11,1523.11,1523.11,72.59662007408994,3.6491848914392264
ab,mp,7,128,0,forward,11244.11,11244.11,11244.11,3485.11,3485.11,3485.11,69.0050168488213,3.226328580733463
ab,mp,7,128,0,inverse,12838.11,12838.11,12838.11,3418.11,3418.11,3418.11,73.37528654918832,3.7559089672362798
ab,mp,8,256,0,forward,25031.11,25031.11,25031.12,7594.11,7594.11,7594.11,69.66131346152848,3.2961215995027726
ab,mp,8,256,0,inverse,28666.11,28666.11,28666.11,7352.11,7352.11,7352.11,74.3526066145703,3.899031706544108
ab,mp,9,512,0,forward,56559.11,56559.11,56559.12,17099.11,17099.11,17099.11,69.76771734915914,3.307722448712243
ab,mp,9,512,0,inverse,64586.11,64586.11,64586.12,16467.11,16467.11,16467.11,74.50363553401806,3.922127805061119
ab,mp,10,1024,0,forward,123498.11,123498.11,123498.12,36960.11,36960.11,36960.11,70.07232742266258,3.341389135476058
ab,mp,10,1024,0,inverse,141342.11,141342.11,141342.12,35441.11,35441.11,35441.12,74.92530003974045,3.9880836125053643
ab,mp,4,16,1,forward,897.11,897.11,897.11,324.11,324.11,324.11,63.87176600416894,2.7679182993428157
ab,mp,4,16,1,inverse,1026.11,1026.11,1026.11,350.11,350.11,350.11,65.87987642650397,2.9308217417383102
ab,mp,5,32,1,forward,2121.11,2121.11,2121.11,726.11,726.11,726.11,65.76745194732948,2.921196512925039
ab,mp,5,32,1,inverse,2418.11,2418.11,2418.11,743.11,743.11,743.11,69.26897452969469,3.254040451615508
ab,mp,6,64,1,forward,4852.11,4852.11,4852.11,1502.11,1502.11,1502.11,69.04212806387324,3.2301961906917604
ab,mp,6,64,1,inverse,5558.11,5558.11,5558.11,1523.11,1523.11,1523.11,72.59662007408994,3.6491848914392264
ab,mp,7,128,1,forward,11244.11,11244.11,11244.11,3485.11,3485.11,3485.11,69.0050168488213,3.226328580733463
ab,mp,7,128,1,inverse,12838.11,12838.11,12838.11,3418.11,3418.11,3418.12,73.37528654918832,3.7559089672362798
ab,mp,8,256,1,forward,25031.11,25031.11,25031.11,7594.11,7594.11,7594.11,69.66131346152848,3.2961215995027726
ab,mp,8,256,1,inverse,28666.11,28666.11,28666.12,7352.11,7352.11,7352.11,74.3526066145703,3.899031706544108
ab,mp,9,512,1,forward,56559.11,56559.11,56559.11,17099.11,17099.11,17099.12,69.76771734915914,3.307722448712243
ab,mp,9,512,1,inverse,64586.11,64586.11,64586.12,16467.11,16467.11,16467.11,74.50363553401806,3.922127805061119
ab,mp,10,1024,1,forward,123498.11,123498.11,123498.12,36960.11,36960.11,36960.12,70.07232742266258,3.341389135476058
ab,mp,10,1024,1,inverse,141342.11,141342.11,141342.12,35441.11,35441.11,35441.11,74.92530003974045,3.9880836125053643
ab,mp,4,16,2,forward,897.11,897.11,897.11,324.11,324.11,324.11,63.87176600416894,2.7679182993428157
ab,mp,4,16,2,inverse,1026.11,1026.11,1026.11,350.11,350.11,350.11,65.87987642650397,2.9308217417383102
ab,mp,5,32,2,forward,2121.11,2121.11,2121.11,726.11,726.11,726.11,65.76745194732948,2.921196512925039
ab,mp,5,32,2,inverse,2418.11,2418.11,2418.11,743.11,743.11,743.11,69.26897452969469,3.254040451615508
ab,mp,6,64,2,forward,4852.11,4852.11,4852.11,1502.11,1502.11,1502.11,69.04212806387324,3.2301961906917604
ab,mp,6,64,2,inverse,5558.11,5558.11,5558.11,1523.11,1523.11,1523.11,72.59662007408994,3.6491848914392264
ab,mp,7,128,2,forward,11244.11,11244.11,11244.11,3485.11,3485.11,3485.11,69.0050168488213,3.226328580733463
ab,mp,7,128,2,inverse,12838.11,12838.11,12838.11,3418.11,3418.11,3418.11,73.37528654918832,3.7559089672362798
ab,mp,8,256,2,forward,25031.11,25031.11,25031.11,7594.11,7594.11,7594.11,69.66131346152848,3.2961215995027726
ab,mp,8,256,2,inverse,28666.11,28666.11,28666.11,7352.11,7352.11,7352.12,74.3526066145703,3.899031706544108
ab,mp,9,512,2,forward,56559.11,56559.11,56559.12,17099.11,17099.11,17099.11,69.76771734915914,3.307722448712243
ab,mp,9,512,2,inverse,64586.11,64586.11,64586.12,16467.11,16467.11,16467.11,74.50363553401806,3.922127805061119
ab,mp,10,1024,2,forward,123498.11,123498.11,123498.12,36960.11,36960.11,36960.11,70.07232742266258,3.341389135476058
ab,mp,10,1024,2,inverse,141342.11,141342.11,141342.12,35441.11,35441.11,35441.11,74.92530003974045,3.9880836125053643
ab,mp,4,16,3,forward,897.11,897.11,897.11,324.11,324.11,324.11,63.87176600416894,2.7679182993428157
ab,mp,4,16,3,inverse,1026.11,1026.11,1026.11,350.11,350.11,350.11,65.87987642650397,2.9308217417383102
ab,mp,5,32,3,forward,2121.11,2121.11,2121.11,726.11,726.11,726.11,65.76745194732948,2.921196512925039
ab,mp,5,32,3,inverse,2418.11,2418.11,2418.12,743.11,743.11,743.11,69.26897452969469,3.254040451615508
ab,mp,6,64,3,forward,4852.11,4852.11,4852.11,1502.11,1502.11,1502.11,69.04212806387324,3.2301961906917604
ab,mp,6,64,3,inverse,5558.11,5558.11,5558.11,1523.11,1523.11,1523.11,72.59662007408994,3.6491848914392264
ab,mp,7,128,3,forward,11244.11,11244.11,11244.11,3485.11,3485.11,3485.11,69.0050168488213,3.226328580733463
ab,mp,7,128,3,inverse,12838.11,12838.11,12838.11,3418.11,3418.11,3418.11,73.37528654918832,3.7559089672362798
ab,mp,8,256,3,forward,25031.11,25031.11,25031.11,7594.11,7594.11,7594.12,69.66131346152848,3.2961215995027726
ab,mp,8,256,3,inverse,28666.11,28666.11,28666.11,7352.11,7352.11,7352.11,74.3526066145703,3.899031706544108
ab,mp,9,512,3,forward,56559.11,56559.11,56559.12,17099.11,17099.11,17099.11,69.76771734915914,3.307722448712243
ab,mp,9,512,3,inverse,64586.11,64586.11,64586.11,16467.11,16467.11,16467.12,74.50363553401806,3.922127805061119
ab,mp,10,1024,3,forward,123498.11,123498.11,123498.12,36960.11,36960.11,36960.12,70.07232742266258,3.341389135476058
ab,mp,10,1024,3,inverse,141342.11,141342.11,141342.12,35441.11,35441.11,35441.12,74.92530003974045,3.9880836125053643
ab,mp,4,16,4,forward,897.11,897.11,897.11,324.11,324.11,324.11,63.87176600416894,2.7679182993428157
ab,mp,4,16,4,inverse,1026.11,1026.11,1026.11,350.11,350.11,350.11,65.87987642650397,2.9308217417383102
ab,mp,5,32,4,forward,2121.11,2121.11,2121.11,726.11,726.11,726.11,65.76745194732948,2.921196512925039
ab,mp,5,32,4,inverse,2418.11,2418.11,2418.11,743.11,743.11,743.11,69.26897452969469,3.254040451615508
ab,mp,6,64,4,forward,4852.11,4852.11,4852.11,1502.11,1502.11,1502.11,69.04212806387324,3.2301961906917604
ab,mp,6,64,4,inverse,5558.11,5558.11,5558.11,1523.11,1523.11,1523.11,72.59662007408994,3.6491848914392264
ab,mp,7,128,4,forward,11244.11,11244.11,11244.11,3485.11,3485.11,3485.11,69.0050168488213,3.226328580733463
ab,mp,7,128,4,inverse,12838.11,12838.11,12838.12,3418.11,3418.11,3418.11,73.37528654918832,3.7559089672362798
ab,mp,8,256,4,forward,25031.11,25031.11,25031.11,7594.11,7594.11,7594.11,69.66131346152848,3.2961215995027726
ab,mp,8,256,4,inverse,28666.11,28666.11,28666.12,7352.11,7352.11,7352.11,74.3526066145703,3.899031706544108
ab,mp,9,512,4,forward,56559.11,56559.11,56559.11,17099.11,17099.11,17099.11,69.76771734915914,3.307722448712243
ab,mp,9,512,4,inverse,64586.11,64586.11,64586.12,16467.11,16467.11,16467.11,74.50363553401806,3.922127805061119
ab,mp,10,1024,4,forward,123498.11,123498.11,123498.12,36960.11,36960.11,36960.11,70.07232742266258,3.341389135476058
ab,mp,10,1024,4,inverse,141342.11,141342.11,141342.12,35441.11,35441.11,35441.11,74.92530003974045,3.9880836125053643
ab,mp,4,16,5,forward,897.11,897.11,897.11,324.11,324.11,324.11,63.87176600416894,2.7679182993428157
ab,mp,4,16,5,inverse,1026.11,1026.11,1026.11,350.11,350.11,350.11,65.87987642650397,2.9308217417383102
ab,mp,5,32,5,forward,2121.11,2121.11,2121.11,726.11,726.11,726.11,65.76745194732948,2.921196512925039
ab,mp,5,32,5,inverse,2418.11,2418.11,2418.11,743.11,743.11,743.11,69.26897452969469,3.254040451615508
ab,mp,6,64,5,forward,4852.11,4852.11,4852.11,1502.11,1502.11,1502.11,69.04212806387324,3.2301961906917604
ab,mp,6,64,5,inverse,5558.11,5558.11,5558.11,1523.11,1523.11,1523.11,72.59662007408994,3.6491848914392264
ab,mp,7,128,5,forward,11244.11,11244.11,11244.11,3485.11,3485.11,3485.12,69.0050168488213,3.226328580733463
ab,mp,7,128,5,inverse,12838.11,12838.11,12838.11,3418.11,3418.11,3418.11,73.37528654918832,3.7559089672362798
ab,mp,8,256,5,forward,25031.11,25031.11,25031.11,7594.11,7594.11,7594.11,69.66131346152848,3.2961215995027726
ab,mp,8,256,5,inverse,28666.11,28666.11,28666.12,7352.11,7352.11,7352.11,74.3526066145703,3.899031706544108
ab,mp,9,512,5,forward,56559.11,56559.11,56559.12,17099.11,17099.11,17099.11,69.76771734915914,3.307722448712243
ab,mp,9,512,5,inverse,64586.11,64586.11,64586.12,16467.11,16467.11,16467.11,74.50363553401806,3.922127805061119
ab,mp,10,1024,5,forward,123498.11,123498.11,123498.12,36960.11,36960.11,36960.12,70.07232742266258,3.341389135476058
ab,mp,10,1024,5,inverse,141342.11,141342.11,141342.12,35441.11,35441.11,35441.12,74.92530003974045,3.9880836125053643
ab,mp,4,16,6,forward,897.11,897.11,897.11,324.11,324.11,324.11,63.87176600416894,2.7679182993428157
ab,mp,4,16,6,inverse,1026.11,1026.11,1026.11,350.11,350.11,350.11,65.87987642650397,2.9308217417383102
ab,mp,5,32,6,forward,2121.11,2121.11,2121.11,726.11,726.11,726.11,65.76745194732948,2.921196512925039
ab,mp,5,32,6,inverse,2418.11,2418.11,2418.11,743.11,743.11,743.11,69.26897452969469,3.254040451615508
ab,mp,6,64,6,forward,4852.11,4852.11,4852.11,1502.11,1502.11,1502.11,69.04212806387324,3.2301961906917604
ab,mp,6,64,6,inverse,5558.11,5558.11,5558.11,1523.11,1523.11,1523.11,72.59662007408994,3.6491848914392264
ab,mp,7,128,6,forward,11244.11,11244.11,11244.11,3485.11,3485.11,3485.11,69.0050168488213,3.226328580733463
ab,mp,7,128,6,inverse,12838.11,12838.11,12838.11,3418.11,3418.11,3418.11,73.37528654918832,3.7559089672362798
ab,mp,8,256,6,forward,25031.11,25031.11,25031.12,7594.11,7594.11,7594.11,69.66131346152848,3.2961215995027726
ab,mp,8,256,6,inverse,28666.11,28666.11,28666.11,7352.11,7352.11,7352.11,74.3526066145703,3.899031706544108
ab,mp,9,512,6,forward,56559.11,56559.11,56559.12,17099.11,17099.11,17099.11,69.76771734915914,3.307722448712243
ab,mp,9,512,6,inverse,64586.11,64586.11,64586.12,16467.11,16467.11,16467.11,74.50363553401806,3.922127805061119
ab,mp,10,1024,6,forward,123498.11,123498.11,123498.12,36960.11,36960.11,36960.11,70.07232742266258,3.341389135476058
ab,mp,10,1024,6,inverse,141342.11,141342.11,141342.12,35441.11,35441.11,35441.12,74.92530003974045,3.9880836125053643
ab,mp,4,16,7,forward,897.11,897.11,897.11,324.11,324.11,324.11,63.87176600416894,2.7679182993428157
ab,mp,4,16,7,inverse,1026.11,1026.11,1026.11,350.11,350.11,350.11,65.87987642650397,2.9308217417383102
ab,mp,5,32,7,forward,2121.11,2121.11,2121.11,726.11,726.11,726.11,65.76745194732948,2.921196512925039
ab,mp,5,32,7,inverse,2418.11,2418.11,2418.11,743.11,743.11,743.11,69.26897452969469,3.254040451615508
ab,mp,6,64,7,forward,4852.11,4852.11,4852.11,1502.11,1502.11,1502.11,69.04212806387324,3.2301961906917604
ab,mp,6,64,7,inverse,5558.11,5558.11,5558.11,1523.11,1523.11,1523.11,72.59662007408994,3.6491848914392264
ab,mp,7,128,7,forward,11244.11,11244.11,11244.11,3485.11,3485.11,3485.11,69.0050168488213,3.226328580733463
ab,mp,7,128,7,inverse,12838.11,12838.11,12838.12,3418.11,3418.11,3418.11,73.37528654918832,3.7559089672362798
ab,mp,8,256,7,forward,25031.11,25031.11,25031.11,7594.11,7594.11,7594.11,69.66131346152848,3.2961215995027726
ab,mp,8,256,7,inverse,28666.11,28666.11,28666.11,7352.11,7352.11,7352.11,74.3526066145703,3.899031706544108
ab,mp,9,512,7,forward,56559.11,56559.11,56559.11,17099.11,17099.11,17099.11,69.76771734915914,3.307722448712243
ab,mp,9,512,7,inverse,64586.11,64586.11,64586.12,16467.11,16467.11,16467.11,74.50363553401806,3.922127805061119
ab,mp,10,1024,7,forward,123498.11,123498.11,123498.12,36960.11,36960.11,36960.11,70.07232742266258,3.341389135476058
ab,mp,10,1024,7,inverse,141342.11,141342.11,141342.12,35441.11,35441.11,35441.11,74.92530003974045,3.9880836125053643
ab,mp,4,16,8,forward,897.11,897.11,897.11,324.11,324.11,324.11,63.87176600416894,2.7679182993428157
ab,mp,4,16,8,inverse,1026.11,1026.11,1026.11,350.11,350.11,350.11,65.87987642650397,2.9308217417383102
ab,mp,5,32,8,forward,2121.11,2121.11,2121.11,726.11,726.11,726.11,65.76745194732948,2.921196512925039
ab,mp,5,32,8,inverse,2418.11,2418.11,2418.11,743.11,743.11,743.11,69.26897452969469,3.254040451615508
ab,mp,6,64,8,forward,4852.11,4852.11,4852.11,1502.11,1502.11,1502.11,69.04212806387324,3.2301961906917604
ab,mp,6,64,8,inverse,5558.11,5558.11,5558.11,1523.11,1523.11,1523.11,72.59662007408994,3.6491848914392264
ab,mp,7,128,8,forward,11244.11,11244.11,11244.12,3485.11,3485.11,3485.11,69.0050168488213,3.226328580733463
ab,mp,7,128,8,inverse,12838.11,12838.11,12838.11,3418.11,3418.11,3418.11,73.37528654918832,3.7559089672362798
ab,mp,8,256,8,forward,25031.11,25031.11,25031.11,7594.11,7594.11,7594.11,69.66131346152848,3.2961215995027726
ab,mp,8,256,8,inverse,28666.11,28666.11,28666.12,7352.11,7352.11,7352.11,74.3526066145703,3.899031706544108
ab,mp,9,512,8,forward,56559.11,56559.11,56559.11,17099.11,17099.11,17099.12,69.76771734915914,3.307722448712243
ab,mp,9,512,8,inverse,64586.11,64586.11,64586.12,16467.11,16467.11,16467.11,74.50363553401806,3.922127805061119
ab,mp,10,1024,8,forward,123498.11,123498.11,123498.12,36960.11,36960.11,36960.12,70.07232742266258,3.341389135476058
ab,mp,10,1024,8,inverse,141342.11,141342.11,141342.12,35441.11,35441.11,35441.12,74.92530003974045,3.9880836125053643
ab,mp,4,16,9,forward,897.11,897.11,897.11,324.11,324.11,324.11,63.87176600416894,2.7679182993428157
ab,mp,4,16,9,inverse,1026.11,1026.11,1026.11,350.11,350.11,350.11,65.87987642650397,2.9308217417383102
ab,mp,5,32,9,forward,2121.11,2121.11,2121.11,726.11,726.11,726.11,65.76745194732948,2.921196512925039
ab,mp,5,32,9,inverse,2418.11,2418.11,2418.11,743.11,743.11,743.11,69.26897452969469,3.254040451615508
ab,mp,6,64,9,forward,4852.11,4852.11,4852.12,1502.11,1502.11,1502.11,69.04212806387324,3.2301961906917604
ab,mp,6,64,9,inverse,5558.11,5558.11,5558.11,1523.11,1523.11,1523.11,72.59662007408994,3.6491848914392264
ab,mp,7,128,9,forward,11244.11,11244.11,11244.11,3485.11,3485.11,3485.11,69.0050168488213,3.226328580733463
ab,mp,7,128,9,inverse,12838.11,12838.11,12838.11,3418.11,3418.11,3418.11,73.37528654918832,3.7559089672362798
ab,mp,8,256,9,forward,25031.11,25031.11,25031.12,7594.11,7594.11,7594.11,69.66131346152848,3.2961215995027726
ab,mp,8,256,9,inverse,28666.11,28666.11,28666.11,7352.11,7352.11,7352.11,74.3526066145703,3.899031706544108
ab,mp,9,512,9,forward,56559.11,56559.11,56559.12,17099.11,17099.11,17099.11,69.76771734915914,3.307722448712243
ab,mp,9,512,9,inverse,64586.11,64586.11,64586.12,16467.11,16467.11,16467.11,74.50363553401806,3.922127805061119
ab,mp,10,1024,9,forward,123498.11,123498.11,123498.12,36960.11,36960.11,36960.11,70.07232742266258,3.341389135476058
ab,mp,10,1024,9,inverse,141342.11,141342.11,141342.12,35441.11,35441.11,35441.12,74.92530003974045,3.9880836125053643
ab,mp,4,16,10,forward,897.11,897.11,897.11,324.11,324.11,324.11,63.87176600416894,2.7679182993428157
ab,mp,4,16,10,inverse,1026.11,1026.11,1026.11,350.11,350.11,350.11,65.87987642650397,2.9308217417383102
ab,mp,5,32,10,forward,2121.11,2121.11,2121.11,726.11,726.11,726.11,65.76745194732948,2.921196512925039
ab,mp,5,32,10,inverse,2418.11,2418.11,2418.11,743.11,743.11,743.11,69.26897452969469,3.254040451615508
ab,mp,6,64,10,forward,4852.11,4852.11,4852.11,1502.11,1502.11,1502.11,69.04212806387324,3.2301961906917604
ab,mp,6,64,10,inverse,5558.11,5558.11,5558.11,1523.11,1523.11,1523.11,72.59662007408994,3.6491848914392264
ab,mp,7,128,10,forward,11244.11,11244.11,11244.11,3485.11,3485.11,3485.11,69.0050168488213,3.226328580733463
ab,mp,7,128,10,inverse,12838.11,12838.11,12838.11,3418.11,3418.11,3418.11,73.37528654918832,3.7559089672362798
ab,mp,8,256,10,forward,25031.11,25031.11,25031.11,7594.11,7594.11,7594.11,69.66131346152848,3.2961215995027726
ab,mp,8,256,10,inverse,28666.11,28666.11,28666.11,7352.11,7352.11,7352.11,74.3526066145703,3.899031706544108
ab,mp,9,512,10,forward,56559.11,56559.11,56559.12,17099.11,17099.11,17099.11,69.76771734915914,3.307722448712243
ab,mp,9,512,10,inverse,64586.11,64586.11,64586.12,16467.11,16467.11,16467.11,74.50363553401806,3.922127805061119
ab,mp,10,1024,10,forward,123498.11,123498.11,123498.12,36960.11,36960.11,36960.12,70.07232742266258,3.341389135476058
ab,mp,10,1024,10,inverse,141342.11,141342.11,141342.12,35441.11,35441.11,35441.11,74.92530003974045,3.9880836125053643
ab,mp,4,16,11,forward,897.11,897.11,897.11,324.11,324.11,324.11,63.87176600416894,2.7679182993428157
ab,mp,4,16,11,inverse,1026.11,1026.11,1026.11,350.11,350.11,350.11,65.87987642650397,2.9308217417383102
ab,mp,5,32,11,forward,2121.11,2121.11,2121.11,726.11,726.11,726.11,65.76745194732948,2.921196512925039
ab,mp,5,32,11,inverse,2418.11,2418.11,2418.11,743.11,743.11,743.11,69.26897452969469,3.254040451615508
ab,mp,6,64,11,forward,4852.11,4852.11,4852.11,1502.11,1502.11,1502.11,69.04212806387324,3.2301961906917604
ab,mp,6,64,11,inverse,5558.11,5558.11,5558.11,1523.11,1523.11,1523.11,72.59662007408994,3.6491848914392264
ab,mp,7,128,11,forward,11244.11,11244.11,11244.11,3485.11,3485.11,3485.12,69.0050168488213,3.226328580733463
ab,mp,7,128,11,inverse,12838.11,12838.11,12838.11,3418.11,3418.11,3418.11,73.37528654918832,3.7559089672362798
ab,mp,8,256,11,forward,25031.11,25031.11,25031.11,7594.11,7594.11,7594.11,69.66131346152848,3.2961215995027726
ab,mp,8,256,11,inverse,28666.11,28666.11,28666.12,7352.11,7352.11,7352.11,74.3526066145703,3.899031706544108
ab,mp,9,512,11,forward,56559.11,56559.11,56559.12,17099.11,17099.11,17099.11,69.76771734915914,3.307722448712243
ab,mp,9,512,11,inverse,64586.11,64586.11,64586.11,16467.11,16467.11,16467.12,74.50363553401806,3.922127805061119
ab,mp,10,1024,11,forward,123498.11,123498.11,123498.12,36960.11,36960.11,36960.11,70.07232742266258,3.341389135476058
ab,mp,10,1024,11,inverse,141342.11,141342.11,141342.12,35441.11,35441.11,35441.12,74.92530003974045,3.9880836125053643
ab,mp,4,16,12,forward,897.11,897.11,897.11,324.11,324.11,324.11,63.87176600416894,2.7679182993428157
ab,mp,4,16,12,inverse,1026.11,1026.11,1026.11,350.11,350.11,350.11,65.87987642650397,2.9308217417383102
ab,mp,5,32,12,forward,2121.11,2121.11,2121.11,726.11,726.11,726.11,65.76745194732948,2.921196512925039
ab,mp,5,32,12,inverse,2418.11,2418.11,2418.11,743.11,743.11,743.11,69.26897452969469,3.254040451615508
ab,mp,6,64,12,forward,4852.11,4852.11,4852.11,1502.11,1502.11,1502.11,69.04212806387324,3.2301961906917604
ab,mp,6,64,12,inverse,5558.11,5558.11,5558.11,1523.11,1523.11,1523.11,72.59662007408994,3.6491848914392264
ab,mp,7,128,12,forward,11244.11,11244.11,11244.11,3485.11,3485.11,3485.11,69.0050168488213,3.226328580733463
ab,mp,7,128,12,inverse,12838.11,12838.11,12838.11,3418.11,3418.11,3418.11,73.37528654918832,3.7559089672362798
ab,mp,8,256,12,forward,25031.11,25031.11,25031.12,7594.11,7594.11,7594.11,69.66131346152848,3.2961215995027726
ab,mp,8,256,12,inverse,28666.11,28666.11,28666.11,7352.11,7352.11,7352.11,74.3526066145703,3.899031706544108
ab,mp,9,512,12,forward,56559.11,56559.11,56559.12,17099.11,17099.11,17099.11,69.76771734915914,3.307722448712243
ab,mp,9,512,12,inverse,64586.11,64586.11,64586.12,16467.11,16467.11,16467.11,74.50363553401806,3.922127805061119
ab,mp,10,1024,12,forward,123498.11,123498.11,123498.12,36960.11,36960.11,36960.12,70.07232742266258,3.341389135476058
ab,mp,10,1024,12,inverse,141342.11,141342.11,141342.12,35441.11,35441.11,35441.11,74.92530003974045,3.9880836125053643
ab,mp,4,16,13,forward,897.11,897.11,897.11,324.11,324.11,324.11,63.87176600416894,2.7679182993428157
ab,mp,4,16,13,inverse,1026.11,1026.11,1026.11,350.11,350.11,350.11,65.87987642650397,2.9308217417383102
ab,mp,5,32,13,forward,2121.11,2121.11,2121.11,726.11,726.11,726.11,65.76745194732948,2.921196512925039
ab,mp,5,32,13,inverse,2418.11,2418.11,2418.11,743.11,743.11,743.11,69.26897452969469,3.254040451615508
ab,mp,6,64,13,forward,4852.11,4852.11,4852.11,1502.11,1502.11,1502.11,69.04212806387324,3.2301961906917604
ab,mp,6,64,13,inverse,5558.11,5558.11,5558.11,1523.11,1523.11,1523.11,72.59662007408994,3.6491848914392264
ab,mp,7,128,13,forward,11244.11,11244.11,11244.11,3485.11,3485.11,3485.11,69.0050168488213,3.226328580733463
ab,mp,7,128,13,inverse,12838.11,12838.11,12838.11,3418.11,3418.11,3418.11,73.37528654918832,3.7559089672362798
ab,mp,8,256,13,forward,25031.11,25031.11,25031.12,7594.11,7594.11,7594.11,69.66131346152848,3.2961215995027726
ab,mp,8,256,13,inverse,28666.11,28666.11,28666.11,7352.11,7352.11,7352.11,74.3526066145703,3.899031706544108
ab,mp,9,512,13,forward,56559.11,56559.11,56559.11,17099.11,17099.11,17099.12,69.76771734915914,3.307722448712243
ab,mp,9,512,13,inverse,64586.11,64586.11,64586.12,16467.11,16467.11,16467.11,74.50363553401806,3.922127805061119
ab,mp,10,1024,13,forward,123498.11,123498.11,123498.12,36960.11,36960.11,36960.12,70.07232742266258,3.341389135476058
ab,mp,10,1024,13,inverse,141342.11,141342.11,141342.12,35441.11,35441.11,35441.12,74.92530003974045,3.9880836125053643
ab,mp,4,16,14,forward,897.11,897.11,897.11,324.11,324.11,324.11,63.87176600416894,2.7679182993428157
ab,mp,4,16,14,inverse,1026.11,1026.11,1026.11,350.11,350.11,350.11,65.87987642650397,2.9308217417383102
ab,mp,5,32,14,forward,2121.11,2121.11,2121.11,726.11,726.11,726.11,65.76745194732948,2.921196512925039
ab,mp,5,32,14,inverse,2418.11,2418.11,2418.11,743.11,743.11,743.11,69.26897452969469,3.254040451615508
ab,mp,6,64,14,forward,4852.11,4852.11,4852.11,1502.11,1502.11,1502.11,69.04212806387324,3.2301961906917604
ab,mp,6,64,14,inverse,5558.11,5558.11,5558.11,1523.11,1523.11,1523.11,72.59662007408994,3.6491848914392264
ab,mp,7,128,14,forward,11244.11,11244.11,11244.11,3485.11,3485.11,3485.11,69.0050168488213,3.226328580733463
ab,mp,7,128,14,inverse,12838.11,12838.11,12838.11,3418.11,3418.11,3418.11,73.37528654918832,3.7559089672362798
ab,mp,8,256,14,forward,25031.11,25031.11,25031.11,7594.11,7594.11,7594.11,69.66131346152848,3.2961215995027726
ab,mp,8,256,14,inverse,28666.11,28666.11,28666.12,7352.11,7352.11,7352.11,74.3526066145703,3.899031706544108
ab,mp,9,512,14,forward,56559.11,56559.11,56559.12,17099.11,17099.11,17099.11,69.76771734915914,3.307722448712243
ab,mp,9,512,14,inverse,64586.11,64586.11,64586.12,16467.11,16467.11,16467.11,74.50363553401806,3.922127805061119
ab,mp,10,1024,14,forward,123498.11,123498.11,123498.12,36960.11,36960.11,36960.11,70.07232742266258,3.341389135476058
ab,mp,10,1024,14,inverse,141342.11,141342.11,141342.12,35441.11,35441.11,35441.12,74.92530003974045,3.9880836125053643
ab,mp,4,16,15,forward,897.11,897.11,897.11,324.11,324.11,324.11,63.87176600416894,2.7679182993428157
ab,mp,4,16,15,inverse,1026.11,1026.11,1026.11,350.11,350.11,350.11,65.87987642650397,2.9308217417383102
ab,mp,5,32,15,forward,2121.11,2121.11,2121.11,726.11,726.11,726.11,65.76745194732948,2.921196512925039
ab,mp,5,32,15,inverse,2418.11,2418.11,2418.11,743.11,743.11,743.11,69.26897452969469,3.254040451615508
ab,mp,6,64,15,forward,4852.11,4852.11,4852.11,1502.11,1502.11,1502.11,69.04212806387324,3.2301961906917604
ab,mp,6,64,15,inverse,5558.11,5558.11,5558.12,1523.11,1523.11,1523.11,72.59662007408994,3.6491848914392264
ab,mp,7,128,15,forward,11244.11,11244.11,11244.11,3485.11,3485.11,3485.11,69.0050168488213,3.226328580733463
ab,mp,7,128,15,inverse,12838.11,12838.11,12838.11,3418.11,3418.11,3418.11,73.37528654918832,3.7559089672362798
ab,mp,8,256,15,forward,25031.11,25031.11,25031.11,7594.11,7594.11,7594.11,69.66131346152848,3.2961215995027726
ab,mp,8,256,15,inverse,28666.11,28666.11,28666.11,7352.11,7352.11,7352.11,74.3526066145703,3.899031706544108
ab,mp,9,512,15,forward,56559.11,56559.11,56559.11,17099.11,17099.11,17099.12,69.76771734915914,3.307722448712243
ab,mp,9,512,15,inverse,64586.11,64586.11,64586.11,16467.11,16467.11,16467.12,74.50363553401806,3.922127805061119
ab,mp,10,1024,15,forward,123498.11,123498.11,123498.12,36960.11,36960.11,36960.12,70.07232742266258,3.341389135476058
ab,mp,10,1024,15,inverse,141342.11,141342.11,141342.12,35441.11,35441.11,35441.11,74.92530003974045,3.9880836125053643
ab,mp,4,16,16,forward,897.11,897.11,897.11,324.11,324.11,324.11,63.87176600416894,2.7679182993428157
ab,mp,4,16,16,inverse,1026.11,1026.11,1026.11,350.11,350.11,350.11,65.87987642650397,2.9308217417383102
ab,mp,5,32,16,forward,2121.11,2121.11,2121.12,726.11,726.11,726.11,65.76745194732948,2.921196512925039
ab,mp,5,32,16,inverse,2418.11,2418.11,2418.11,743.11,743.11,743.11,69.26897452969469,3.254040451615508
ab,mp,6,64,16,forward,4852.11,4852.11,4852.11,1502.11,1502.11,1502.11,69.04212806387324,3.2301961906917604
ab,mp,6,64,16,inverse,5558.11,5558.11,5558.11,1523.11,1523.11,1523.11,72.59662007408994,3.6491848914392264
ab,mp,7,128,16,forward,11244.11,11244.11,11244.11,3485.11,3485.11,3485.11,69.0050168488213,3.226328580733463
ab,mp,7,128,16,inverse,12838.11,12838.11,12838.11,3418.11,3418.11,3418.11,73.37528654918832,3.7559089672362798
ab,mp,8,256,16,forward,25031.11,25031.11,25031.11,7594.11,7594.11,7594.12,69.66131346152848,3.2961215995027726
ab,mp,8,256,16,inverse,28666.11,28666.11,28666.11,7352.11,7352.11,7352.11,74.3526066145703,3.899031706544108
ab,mp,9,512,16,forward,56559.11,56559.11,56559.12,17099.11,17099.11,17099.11,69.76771734915914,3.307722448712243
ab,mp,9,512,16,inverse,64586.11,64586.11,64586.12,16467.11,16467.11,16467.11,74.50363553401806,3.922127805061119
ab,mp,10,1024,16,forward,123498.11,123498.11,123498.12,36960.11,36960.11,36960.11,70.07232742266258,3.341389135476058
ab,mp,10,1024,16,inverse,141342.11,141342.11,141342.12,35441.11,35441.11,35441.11,74.92530003974045,3.9880836125053643
ab,mp,4,16,17,forward,897.11,897.11,897.11,324.11,324.11,324.11,63.87176600416894,2.7679182993428157
ab,mp,4,16,17,inverse,1026.11,1026.11,1026.11,350.11,350.11,350.11,65.87987642650397,2.9308217417383102
ab,mp,5,32,17,forward,2121.11,2121.11,2121.11,726.11,726.11,726.11,65.76745194732948,2.921196512925039
ab,mp,5,32,17,inverse,2418.11,2418.11,2418.11,743.11,743.11,743.11,69.26897452969469,3.254040451615508
ab,mp,6,64,17,forward,4852.11,4852.11,4852.11,1502.11,1502.11,1502.11,69.04212806387324,3.2301961906917604
ab,mp,6,64,17,inverse,5558.11,5558.11,5558.11,1523.11,1523.11,1523.11,72.59662007408994,3.6491848914392264
ab,mp,7,128,17,forward,11244.11,11244.11,11244.11,3485.11,3485.11,3485.11,69.0050168488213,3.226328580733463
ab,mp,7,128,17,inverse,12838.11,12838.11,12838.12,3418.11,3418.11,3418.11,73.37528654918832,3.7559089672362798
ab,mp,8,256,17,forward,25031.11,25031.11,25031.11,7594.11,7594.11,7594.11,69.66131346152848,3.2961215995027726
ab,mp,8,256,17,inverse,28666.11,28666.11,28666.12,7352.11,7352.11,7352.11,74.3526066145703,3.899031706544108
ab,mp,9,512,17,forward,56559.11,56559.11,56559.11,17099.11,17099.11,17099.12,69.76771734915914,3.307722448712243
ab,mp,9,512,17,inverse,64586.11,64586.11,64586.12,16467.11,16467.11,16467.11,74.50363553401806,3.922127805061119
ab,mp,10,1024,17,forward,123498.11,123498.11,123498.12,36960.11,36960.11,36960.12,70.07232742266258,3.341389135476058
ab,mp,10,1024,17,inverse,141342.11,141342.11,141342.12,35441.11,35441.11,35441.11,74.92530003974045,3.9880836125053643
ab,mp,4,16,18,forward,897.11,897.11,897.11,324.11,324.11,324.11,63.87176600416894,2.7679182993428157
ab,mp,4,16,18,inverse,1026.11,1026.11,1026.11,350.11,350.11,350.11,65.87987642650397,2.9308217417383102
ab,mp,5,32,18,forward,2121.11,2121.11,2121.11,726.11,726.11,726.11,65.76745194732948,2.921196512925039
ab,mp,5,32,18,inverse,2418.11,2418.11,2418.11,743.11,743.11,743.11,69.26897452969469,3.254040451615508
ab,mp,6,64,18,forward,4852.11,4852.11,4852.11,1502.11,1502.11,1502.11,69.04212806387324,3.2301961906917604
ab,mp,6,64,18,inverse,5558.11,5558.11,5558.12,1523.11,1523.11,1523.11,72.59662007408994,3.6491848914392264
ab,mp,7,128,18,forward,11244.11,11244.11,11244.11,3485.11,3485.11,3485.11,69.0050168488213,3.226328580733463
ab,mp,7,128,18,inverse,12838.11,12838.11,12838.11,3418.11,3418.11,3418.11,73.37528654918832,3.7559089672362798
ab,mp,8,256,18,forward,25031.11,25031.11,25031.11,7594.11,7594.11,7594.11,69.66131346152848,3.2961215995027726
ab,mp,8,256,18,inverse,28666.11,28666.11,28666.12,7352.11,7352.11,7352.11,74.3526066145703,3.899031706544108
ab,mp,9,512,18,forward,56559.11,56559.11,56559.12,17099.11,17099.11,17099.11,69.76771734915914,3.307722448712243
ab,mp,9,512,18,inverse,64586.11,64586.11,64586.12,16467.11,16467.11,16467.11,74.50363553401806,3.922127805061119
ab,mp,10,1024,18,forward,123498.11,123498.11,123498.12,36960.11,36960.11,36960.11,70.07232742266258,3.341389135476058
ab,mp,10,1024,18,inverse,141342.11,141342.11,141342.12,35441.11,35441.11,35441.11,74.92530003974045,3.9880836125053643
ab,mp,4,16,19,forward,897.11,897.11,897.11,324.11,324.11,324.11,63.87176600416894,2.7679182993428157
ab,mp,4,16,19,inverse,1026.11,1026.11,1026.11,350.11,350.11,350.11,65.87987642650397,2.9308217417383102
ab,mp,5,32,19,forward,2121.11,2121.11,2121.11,726.11,726.11,726.11,65.76745194732948,2.921196512925039
ab,mp,5,32,19,inverse,2418.11,2418.11,2418.11,743.11,743.11,743.11,69.26897452969469,3.254040451615508
ab,mp,6,64,19,forward,4852.11,4852.11,4852.11,1502.11,1502.11,1502.11,69.04212806387324,3.2301961906917604
ab,mp,6,64,19,inverse,5558.11,5558.11,5558.11,1523.11,1523.11,1523.11,72.59662007408994,3.6491848914392264
ab,mp,7,128,19,forward,11244.11,11244.11,11244.11,3485.11,3485.11,3485.11,69.0050168488213,3.226328580733463
ab,mp,7,128,19,inverse,12838.11,12838.11,12838.11,3418.11,3418.11,3418.11,73.37528654918832,3.7559089672362798
ab,mp,8,256,19,forward,25031.11,25031.11,25031.12,7594.11,7594.11,7594.11,69.66131346152848,3.2961215995027726
ab,mp,8,256,19,inverse,28666.11,28666.11,28666.11,7352.11,7352.11,7352.11,74.3526066145703,3.899031706544108
ab,mp,9,512,19,forward,56559.11,56559.11,56559.12,17099.11,17099.11,17099.11,69.76771734915914,3.307722448712243
ab,mp,9,512,19,inverse,64586.11,64586.11,64586.12,16467.11,16467.11,16467.11,74.50363553401806,3.922127805061119
ab,mp,10,1024,19,forward,123498.11,123498.11,123498.12,36960.11,36960.11,36960.11,70.07232742266258,3.341389135476058
ab,mp,10,1024,19,inverse,141342.11,141342.11,141342.12,35441.11,35441.11,35441.12,74.92530003974045,3.9880836125053643
ab,mp,4,16,20,forward,897.11,897.11,897.11,324.11,324.11,324.11,63.87176600416894,2.7679182993428157
ab,mp,4,16,20,inverse,1026.11,1026.11,1026.11,350.11,350.11,350.11,65.87987642650397,2.9308217417383102
ab,mp,5,32,20,forward,2121.11,2121.11,2121.11,726.11,726.11,726.11,65.76745194732948,2.921196512925039
ab,mp,5,32,20,inverse,2418.11,2418.11,2418.11,743.11,743.11,743.11,69.26897452969469,3.254040451615508
ab,mp,6,64,20,forward,4852.11,4852.11,4852.11,1502.11,1502.11,1502.11,69.04212806387324,3.2301961906917604
ab,mp,6,64,20,inverse,5558.11,5558.11,5558.11,1523.11,1523.11,1523.11,72.59662007408994,3.6491848914392264
ab,mp,7,128,20,forward,11244.11,11244.11,11244.11,3485.11,3485.11,3485.11,69.0050168488213,3.226328580733463
ab,mp,7,128,20,inverse,12838.11,12838.11,12838.12,3418.11,3418.11,3418.11,73.37528654918832,3.7559089672362798
ab,mp,8,256,20,forward,25031.11,25031.11,25031.11,7594.11,7594.11,7594.11,69.66131346152848,3.2961215995027726
ab,mp,8,256,20,inverse,28666.11,28666.11,28666.12,7352.11,7352.11,7352.11,74.3526066145703,3.899031706544108
ab,mp,9,512,20,forward,56559.11,56559.11,56559.12,17099.11,17099.11,17099.11,69.76771734915914,3.307722448712243
ab,mp,9,512,20,inverse,64586.11,64586.11,64586.11,16467.11,16467.11,16467.12,74.50363553401806,3.922127805061119
ab,mp,10,1024,20,forward,123498.11,123498.11,123498.12,36960.11,36960.11,36960.12,70.07232742266258,3.341389135476058
ab,mp,10,1024,20,inverse,141342.11,141342.11,141342.12,35441.11,35441.11,35441.11,74.92530003974045,3.9880836125053643
ab,mp,4,16,21,forward,897.11,897.11,897.11,324.11,324.11,324.11,63.87176600416894,2.7679182993428157
ab,mp,4,16,21,inverse,1026.11,1026.11,1026.11,350.11,350.11,350.11,65.87987642650397,2.9308217417383102
ab,mp,5,32,21,forward,2121.11,2121.11,2121.11,726.11,726.11,726.11,65.76745194732948,2.921196512925039
ab,mp,5,32,21,inverse,2418.11,2418.11,2418.11,743.11,743.11,743.11,69.26897452969469,3.254040451615508
ab,mp,6,64,21,forward,4852.11,4852.11,4852.11,1502.11,1502.11,1502.11,69.04212806387324,3.2301961906917604
ab,mp,6,64,21,inverse,5558.11,5558.11,5558.11,1523.11,1523.11,1523.11,72.59662007408994,3.6491848914392264
ab,mp,7,128,21,forward,11244.11,11244.11,11244.11,3485.11,3485.11,3485.11,69.0050168488213,3.226328580733463
ab,mp,7,128,21,inverse,12838.11,12838.11,12838.11,3418.11,3418.11,3418.11,73.37528654918832,3.7559089672362798
ab,mp,8,256,21,forward,25031.11,25031.11,25031.11,7594.11,7594.11,7594.11,69.66131346152848,3.2961215995027726
ab,mp,8,256,21,inverse,28666.11,28666.11,28666.11,7352.11,7352.11,7352.12,74.3526066145703,3.899031706544108
ab,mp,9,512,21,forward,56559.11,56559.11,56559.12,17099.11,17099.11,17099.11,69.76771734915914,3.307722448712243
ab,mp,9,512,21,inverse,64586.11,64586.11,64586.12,16467.11,16467.11,16467.11,74.50363553401806,3.922127805061119
ab,mp,10,1024,21,forward,123498.11,123498.11,123498.12,36960.11,36960.11,36960.11,70.07232742266258,3.341389135476058
ab,mp,10,1024,21,inverse,141342.11,141342.11,141342.12,35441.11,35441.11,35441.11,74.92530003974045,3.9880836125053643
ab,mp,4,16,22,forward,897.11,897.11,897.11,324.11,324.11,324.11,63.87176600416894,2.7679182993428157
ab,mp,4,16,22,inverse,1026.11,1026.11,1026.11,350.11,350.11,350.11,65.87987642650397,2.9308217417383102
ab,mp,5,32,22,forward,2121.11,2121.11,2121.11,726.11,726.11,726.11,65.76745194732948,2.921196512925039
ab,mp,5,32,22,inverse,2418.11,2418.11,2418.11,743.11,743.11,743.11,69.26897452969469,3.254040451615508
ab,mp,6,64,22,forward,4852.11,4852.11,4852.11,1502.11,1502.11,1502.11,69.04212806387324,3.2301961906917604
ab,mp,6,64,22,inverse,5558.11,5558.11,5558.11,1523.11,1523.11,1523.11,72.59662007408994,3.6491848914392264
ab,mp,7,128,22,forward,11244.11,11244.11,11244.11,3485.11,3485.11,3485.11,69.0050168488213,3.226328580733463
ab,mp,7,128,22,inverse,12838.11,12838.11,12838.11,3418.11,3418.11,3418.11,73.37528654918832,3.7559089672362798
ab,mp,8,256,22,forward,25031.11,25031.11,25031.12,7594.11,7594.11,7594.11,69.66131346152848,3.2961215995027726
ab,mp,8,256,22,inverse,28666.11,28666.11,28666.11,7352.11,7352.11,7352.11,74.3526066145703,3.899031706544108
ab,mp,9,512,22,forward,56559.11,56559.11,56559.12,17099.11,17099.11,17099.11,69.76771734915914,3.307722448712243
ab,mp,9,512,22,inverse,64586.11,64586.11,64586.12,16467.11,16467.11,16467.11,74.50363553401806,3.922127805061119
ab,mp,10,1024,22,forward,123498.11,123498.11,123498.12,36960.11,36960.11,36960.12,70.07232742266258,3.341389135476058
ab,mp,10,1024,22,inverse,141342.11,141342.11,141342.12,35441.11,35441.11,35441.12,74.92530003974045,3.9880836125053643
ab,mp,4,16,23,forward,897.11,897.11,897.11,324.11,324.11,324.11,63.87176600416894,2.7679182993428157
ab,mp,4,16,23,inverse,1026.11,1026.11,1026.11,350.11,350.11,350.11,65.87987642650397,2.9308217417383102
ab,mp,5,32,23,forward,2121.11,2121.11,2121.11,726.11,726.11,726.11,65.76745194732948,2.921196512925039
ab,mp,5,32,23,inverse,2418.11,2418.11,2418.11,743.11,743.11,743.11,69.26897452969469,3.254040451615508
ab,mp,6,64,23,forward,4852.11,4852.11,4852.11,1502.11,1502.11,1502.11,69.04212806387324,3.2301961906917604
ab,mp,6,64,23,inverse,5558.11,5558.11,5558.11,1523.11,1523.11,1523.11,72.59662007408994,3.6491848914392264
ab,mp,7,128,23,forward,11244.11,11244.11,11244.11,3485.11,3485.11,3485.11,69.0050168488213,3.226328580733463
ab,mp,7,128,23,inverse,12838.11,12838.11,12838.11,3418.11,3418.11,3418.12,73.37528654918832,3.7559089672362798
ab,mp,8,256,23,forward,25031.11,25031.11,25031.11,7594.11,7594.11,7594.11,69.66131346152848,3.2961215995027726
ab,mp,8,256,23,inverse,28666.11,28666.11,28666.12,7352.11,7352.11,7352.11,74.3526066145703,3.899031706544108
ab,mp,9,512,23,forward,56559.11,56559.11,56559.12,17099.11,17099.11,17099.11,69.76771734915914,3.307722448712243
ab,mp,9,512,23,inverse,64586.11,64586.11,64586.11,16467.11,16467.11,16467.12,74.50363553401806,3.922127805061119
ab,mp,10,1024,23,forward,123498.11,123498.11,123498.12,36960.11,36960.11,36960.12,70.07232742266258,3.341389135476058
ab,mp,10,1024,23,inverse,141342.11,141342.11,141342.12,35441.11,35441.11,35441.11,74.92530003974045,3.9880836125053643
ab,mp,4,16,24,forward,897.11,897.11,897.11,324.11,324.11,324.11,63.87176600416894,2.7679182993428157
ab,mp,4,16,24,inverse,1026.11,1026.11,1026.11,350.11,350.11,350.11,65.87987642650397,2.9308217417383102
ab,mp,5,32,24,forward,2121.11,2121.11,2121.11,726.11,726.11,726.11,65.76745194732948,2.921196512925039
ab,mp,5,32,24,inverse,2418.11,2418.11,2418.11,743.11,743.11,743.11,69.26897452969469,3.254040451615508
ab,mp,6,64,24,forward,4852.11,4852.11,4852.11,1502.11,1502.11,1502.11,69.04212806387324,3.2301961906917604
ab,mp,6,64,24,inverse,5558.11,5558.11,5558.11,1523.11,1523.11,1523.11,72.59662007408994,3.6491848914392264
ab,mp,7,128,24,forward,11244.11,11244.11,11244.12,3485.11,3485.11,3485.11,69.0050168488213,3.226328580733463
ab,mp,7,128,24,inverse,12838.11,12838.11,12838.11,3418.11,3418.11,3418.11,73.37528654918832,3.7559089672362798
ab,mp,8,256,24,forward,25031.11,25031.11,25031.11,7594.11,7594.11,7594.11,69.66131346152848,3.2961215995027726
ab,mp,8,256,24,inverse,28666.11,28666.11,28666.12,7352.11,7352.11,7352.11,74.3526066145703,3.899031706544108
ab,mp,9,512,24,forward,56559.11,56559.11,56559.12,17099.11,17099.11,17099.11,69.76771734915914,3.307722448712243
ab,mp,9,512,24,inverse,64586.11,64586.11,64586.12,16467.11,16467.11,16467.11,74.50363553401806,3.922127805061119
ab,mp,10,1024,24,forward,123498.11,123498.11,123498.12,36960.11,36960.11,36960.11,70.07232742266258,3.341389135476058
ab,mp,10,1024,24,inverse,141342.11,141342.11,141342.12,35441.11,35441.11,35441.11,74.92530003974045,3.9880836125053643
ab,mp,4,16,25,forward,897.11,897.11,897.11,324.11,324.11,324.11,63.87176600416894,2.7679182993428157
ab,mp,4,16,25,inverse,1026.11,1026.11,1026.11,350.11,350.11,350.11,65.87987642650397,2.9308217417383102
ab,mp,5,32,25,forward,2121.11,2121.11,2121.11,726.11,726.11,726.11,65.76745194732948,2.921196512925039
ab,mp,5,32,25,inverse,2418.11,2418.11,2418.12,743.11,743.11,743.11,69.26897452969469,3.254040451615508
ab,mp,6,64,25,forward,4852.11,4852.11,4852.11,1502.11,1502.11,1502.11,69.04212806387324,3.2301961906917604
ab,mp,6,64,25,inverse,5558.11,5558.11,5558.11,1523.11,1523.11,1523.11,72.59662007408994,3.6491848914392264
ab,mp,7,128,25,forward,11244.11,11244.11,11244.11,3485.11,3485.11,3485.11,69.0050168488213,3.226328580733463
ab,mp,7,128,25,inverse,12838.11,12838.11,12838.11,3418.11,3418.11,3418.11,73.37528654918832,3.7559089672362798
ab,mp,8,256,25,forward,25031.11,25031.11,25031.11,7594.11,7594.11,7594.12,69.66131346152848,3.2961215995027726
ab,mp,8,256,25,inverse,28666.11,28666.11,28666.11,7352.11,7352.11,7352.11,74.3526066145703,3.899031706544108
ab,mp,9,512,25,forward,56559.11,56559.11,56559.11,17099.11,17099.11,17099.12,69.76771734915914,3.307722448712243
ab,mp,9,512,25,inverse,64586.11,64586.11,64586.11,16467.11,16467.11,16467.12,74.50363553401806,3.922127805061119
ab,mp,10,1024,25,forward,123498.11,123498.11,123498.12,36960.11,36960.11,36960.12,70.07232742266258,3.341389135476058
ab,mp,10,1024,25,inverse,141342.11,141342.11,141342.12,35441.11,35441.11,35441.12,74.92530003974045,3.9880836125053643
ab,mp,4,16,26,forward,897.11,897.11,897.11,324.11,324.11,324.11,63.87176600416894,2.7679182993428157
ab,mp,4,16,26,inverse,1026.11,1026.11,1026.11,350.11,350.11,350.11,65.87987642650397,2.9308217417383102
ab,mp,5,32,26,forward,2121.11,2121.11,2121.11,726.11,726.11,726.11,65.76745194732948,2.921196512925039
ab,mp,5,32,26,inverse,2418.11,2418.11,2418.11,743.11,743.11,743.11,69.26897452969469,3.254040451615508
ab,mp,6,64,26,forward,4852.11,4852.11,4852.11,1502.11,1502.11,1502.11,69.04212806387324,3.2301961906917604
ab,mp,6,64,26,inverse,5558.11,5558.11,5558.11,1523.11,1523.11,1523.11,72.59662007408994,3.6491848914392264
ab,mp,7,128,26,forward,11244.11,11244.11,11244.11,3485.11,3485.11,3485.11,69.0050168488213,3.226328580733463
ab,mp,7,128,26,inverse,12838.11,12838.11,12838.11,3418.11,3418.11,3418.12,73.37528654918832,3.7559089672362798
ab,mp,8,256,26,forward,25031.11,25031.11,25031.11,7594.11,7594.11,7594.11,69.66131346152848,3.2961215995027726
ab,mp,8,256,26,inverse,28666.11,28666.11,28666.12,7352.11,7352.11,7352.11,74.3526066145703,3.899031706544108
ab,mp,9,512,26,forward,56559.11,56559.11,56559.11,17099.11,17099.11,17099.11,69.76771734915914,3.307722448712243
ab,mp,9,512,26,inverse,64586.11,64586.11,64586.12,16467.11,16467.11,16467.11,74.50363553401806,3.922127805061119
ab,mp,10,1024,26,forward,123498.11,123498.11,123498.12,36960.11,36960.11,36960.11,70.07232742266258,3.341389135476058
ab,mp,10,1024,26,inverse,141342.11,141342.11,141342.12,35441.11,35441.11,35441.11,74.92530003974045,3.9880836125053643
ab,mp,4,16,27,forward,897.11,897.11,897.11,324.11,324.11,324.11,63.87176600416894,2.7679182993428157
ab,mp,4,16,27,inverse,1026.11,1026.11,1026.11,350.11,350.11,350.11,65.87987642650397,2.9308217417383102
ab,mp,5,32,27,forward,2121.11,2121.11,2121.11,726.11,726.11,726.11,65.76745194732948,2.921196512925039
ab,mp,5,32,27,inverse,2418.11,2418.11,2418.11,743.11,743.11,743.11,69.26897452969469,3.254040451615508
ab,mp,6,64,27,forward,4852.11,4852.11,4852.11,1502.11,1502.11,1502.11,69.04212806387324,3.2301961906917604
ab,mp,6,64,27,inverse,5558.11,5558.11,5558.11,1523.11,1523.11,1523.11,72.59662007408994,3.6491848914392264
ab,mp,7,128,27,forward,11244.11,11244.11,11244.12,3485.11,3485.11,3485.11,69.0050168488213,3.226328580733463
ab,mp,7,128,27,inverse,12838.11,12838.11,12838.11,3418.11,3418.11,3418.11,73.37528654918832,3.7559089672362798
ab,mp,8,256,27,forward,25031.11,25031.11,25031.11,7594.11,7594.11,7594.11,69.66131346152848,3.2961215995027726
ab,mp,8,256,27,inverse,28666.11,28666.11,28666.12,7352.11,7352.11,7352.11,74.3526066145703,3.899031706544108
ab,mp,9,512,27,forward,56559.11,56559.11,56559.12,17099.11,17099.11,17099.11,69.76771734915914,3.307722448712243
ab,mp,9,512,27,inverse,64586.11,64586.11,64586.12,16467.11,16467.11,16467.11,74.50363553401806,3.922127805061119
ab,mp,10,1024,27,forward,123498.11,123498.11,123498.12,36960.11,36960.11,36960.12,70.07232742266258,3.341389135476058
ab,mp,10,1024,27,inverse,141342.11,141342.11,141342.12,35441.11,35441.11,35441.11,74.92530003974045,3.9880836125053643
ab,mp,4,16,28,forward,897.11,897.11,897.11,324.11,324.11,324.11,63.87176600416894,2.7679182993428157
ab,mp,4,16,28,inverse,1026.11,1026.11,1026.11,350.11,350.11,350.11,65.87987642650397,2.9308217417383102
ab,mp,5,32,28,forward,2121.11,2121.11,2121.11,726.11,726.11,726.11,65.76745194732948,2.921196512925039
ab,mp,5,32,28,inverse,2418.11,2418.11,2418.11,743.11,743.11,743.11,69.26897452969469,3.254040451615508
ab,mp,6,64,28,forward,4852.11,4852.11,4852.11,1502.11,1502.11,1502.11,69.04212806387324,3.2301961906917604
ab,mp,6,64,28,inverse,5558.11,5558.11,5558.11,1523.11,1523.11,1523.11,72.59662007408994,3.6491848914392264
ab,mp,7,128,28,forward,11244.11,11244.11,11244.11,3485.11,3485.11,3485.11,69.0050168488213,3.226328580733463
ab,mp,7,128,28,inverse,12838.11,12838.11,12838.11,3418.11,3418.11,3418.11,73.37528654918832,3.7559089672362798
ab,mp,8,256,28,forward,25031.11,25031.11,25031.12,7594.11,7594.11,7594.11,69.66131346152848,3.2961215995027726
ab,mp,8,256,28,inverse,28666.11,28666.11,28666.11,7352.11,7352.11,7352.11,74.3526066145703,3.899031706544108
ab,mp,9,512,28,forward,56559.11,56559.11,56559.12,17099.11,17099.11,17099.11,69.76771734915914,3.307722448712243
ab,mp,9,512,28,inverse,64586.11,64586.11,64586.12,16467.11,16467.11,16467.11,74.50363553401806,3.922127805061119
ab,mp,10,1024,28,forward,123498.11,123498.11,123498.12,36960.11,36960.11,36960.11,70.07232742266258,3.341389135476058
ab,mp,10,1024,28,inverse,141342.11,141342.11,141342.12,35441.11,35441.11,35441.11,74.92530003974045,3.9880836125053643
ab,mp,4,16,29,forward,897.11,897.11,897.11,324.11,324.11,324.11,63.87176600416894,2.7679182993428157
ab,mp,4,16,29,inverse,1026.11,1026.11,1026.11,350.11,350.11,350.11,65.87987642650397,2.9308217417383102
ab,mp,5,32,29,forward,2121.11,2121.11,2121.11,726.11,726.11,726.11,65.76745194732948,2.921196512925039
ab,mp,5,32,29,inverse,2418.11,2418.11,2418.11,743.11,743.11,743.11,69.26897452969469,3.254040451615508
ab,mp,6,64,29,forward,4852.11,4852.11,4852.11,1502.11,1502.11,1502.11,69.04212806387324,3.2301961906917604
ab,mp,6,64,29,inverse,5558.11,5558.11,5558.11,1523.11,1523.11,1523.11,72.59662007408994,3.6491848914392264
ab,mp,7,128,29,forward,11244.11,11244.11,11244.11,3485.11,3485.11,3485.11,69.0050168488213,3.226328580733463
ab,mp,7,128,29,inverse,12838.11,12838.11,12838.12,3418.11,3418.11,3418.11,73.37528654918832,3.7559089672362798
ab,mp,8,256,29,forward,25031.11,25031.11,25031.11,7594.11,7594.11,7594.11,69.66131346152848,3.2961215995027726
ab,mp,8,256,29,inverse,28666.11,28666.11,28666.11,7352.11,7352.11,7352.11,74.3526066145703,3.899031706544108
ab,mp,9,512,29,forward,56559.11,56559.11,56559.11,17099.11,17099.11,17099.11,69.76771734915914,3.307722448712243
ab,mp,9,512,29,inverse,64586.11,64586.11,64586.12,16467.11,16467.11,16467.11,74.50363553401806,3.922127805061119
ab,mp,10,1024,29,forward,123498.11,123498.11,123498.12,36960.11,36960.11,36960.11,70.07232742266258,3.341389135476058
ab,mp,10,1024,29,inverse,141342.11,141342.11,141342.12,35441.11,35441.11,35441.11,74.92530003974045,3.9880836125053643
ab,mp,4,16,30,forward,897.11,897.11,897.11,324.11,324.11,324.11,63.87176600416894,2.7679182993428157
ab,mp,4,16,30,inverse,1026.11,1026.11,1026.11,350.11,350.11,350.11,65.87987642650397,2.9308217417383102
ab,mp,5,32,30,forward,2121.11,2121.11,2121.11,726.11,726.11,726.11,65.76745194732948,2.921196512925039
ab,mp,5,32,30,inverse,2418.11,2418.11,2418.11,743.11,743.11,743.11,69.26897452969469,3.254040451615508
ab,mp,6,64,30,forward,4852.11,4852.11,4852.11,1502.11,1502.11,1502.11,69.04212806387324,3.2301961906917604
ab,mp,6,64,30,inverse,5558.11,5558.11,5558.11,1523.11,1523.11,1523.11,72.59662007408994,3.6491848914392264
ab,mp,7,128,30,forward,11244.11,11244.11,11244.12,3485.11,3485.11,3485.11,69.0050168488213,3.226328580733463
ab,mp,7,128,30,inverse,12838.11,12838.11,12838.11,3418.11,3418.11,3418.11,73.37528654918832,3.7559089672362798
ab,mp,8,256,30,forward,25031.11,25031.11,25031.11,7594.11,7594.11,7594.11,69.66131346152848,3.2961215995027726
ab,mp,8,256,30,inverse,28666.11,28666.11,28666.12,7352.11,7352.11,7352.11,74.3526066145703,3.899031706544108
ab,mp,9,512,30,forward,56559.11,56559.11,56559.12,17099.11,17099.11,17099.11,69.76771734915914,3.307722448712243
ab,mp,9,512,30,inverse,64586.11,64586.11,64586.12,16467.11,16467.11,16467.11,74.50363553401806,3.922127805061119
ab,mp,10,1024,30,forward,123498.11,123498.11,123498.12,36960.11,36960.11,36960.11,70.07232742266258,3.341389135476058
ab,mp,10,1024,30,inverse,141342.11,141342.11,141342.12,35441.11,35441.11,35441.12,74.92530003974045,3.9880836125053643
ab,mp,4,16,31,forward,897.11,897.11,897.11,324.11,324.11,324.11,63.87176600416894,2.7679182993428157
ab,mp,4,16,31,inverse,1026.11,1026.11,1026.11,350.11,350.11,350.11,65.87987642650397,2.9308217417383102
ab,mp,5,32,31,forward,2121.11,2121.11,2121.11,726.11,726.11,726.11,65.76745194732948,2.921196512925039
ab,mp,5,32,31,inverse,2418.11,2418.11,2418.11,743.11,743.11,743.11,69.26897452969469,3.254040451615508
ab,mp,6,64,31,forward,4852.11,4852.11,4852.12,1502.11,1502.11,1502.11,69.04212806387324,3.2301961906917604
ab,mp,6,64,31,inverse,5558.11,5558.11,5558.11,1523.11,1523.11,1523.11,72.59662007408994,3.6491848914392264
ab,mp,7,128,31,forward,11244.11,11244.11,11244.11,3485.11,3485.11,3485.11,69.0050168488213,3.226328580733463
ab,mp,7,128,31,inverse,12838.11,12838.11,12838.11,3418.11,3418.11,3418.11,73.37528654918832,3.7559089672362798
ab,mp,8,256,31,forward,25031.11,25031.11,25031.12,7594.11,7594.11,7594.11,69.66131346152848,3.2961215995027726
ab,mp,8,256,31,inverse,28666.11,28666.11,28666.11,7352.11,7352.11,7352.11,74.3526066145703,3.899031706544108
ab,mp,9,512,31,forward,56559.11,56559.11,56559.12,17099.11,17099.11,17099.11,69.76771734915914,3.307722448712243
ab,mp,9,512,31,inverse,64586.11,64586.11,64586.12,16467.11,16467.11,16467.11,74.50363553401806,3.922127805061119
ab,mp,10,1024,31,forward,123498.11,123498.11,123498.12,36960.11,36960.11,36960.11,70.07232742266258,3.341389135476058
ab,mp,10,1024,31,inverse,141342.11,141342.11,141342.12,35441.11,35441.11,35441.11,74.92530003974045,3.9880836125053643
ab,mp,4,16,32,forward,897.11,897.11,897.11,324.11,324.11,324.11,63.87176600416894,2.7679182993428157
ab,mp,4,16,32,inverse,1026.11,1026.11,1026.11,350.11,350.11,350.11,65.87987642650397,2.9308217417383102
ab,mp,5,32,32,forward,2121.11,2121.11,2121.11,726.11,726.11,726.11,65.76745194732948,2.921196512925039
ab,mp,5,32,32,inverse,2418.11,2418.11,2418.11,743.11,743.11,743.11,69.26897452969469,3.254040451615508
ab,mp,6,64,32,forward,4852.11,4852.11,4852.11,1502.11,1502.11,1502.11,69.04212806387324,3.2301961906917604
ab,mp,6,64,32,inverse,5558.11,5558.11,5558.11,1523.11,1523.11,1523.11,72.59662007408994,3.6491848914392264
ab,mp,7,128,32,forward,11244.11,11244.11,11244.11,3485.11,3485.11,3485.11,69.0050168488213,3.226328580733463
ab,mp,7,128,32,inverse,12838.11,12838.11,12838.11,3418.11,3418.11,3418.11,73.37528654918832,3.7559089672362798
ab,mp,8,256,32,forward,25031.11,25031.11,25031.11,7594.11,7594.11,7594.12,69.66131346152848,3.2961215995027726
ab,mp,8,256,32,inverse,28666.11,28666.11,28666.11,7352.11,7352.11,7352.11,74.3526066145703,3.899031706544108
ab,mp,9,512,32,forward,56559.11,56559.11,56559.11,17099.11,17099.11,17099.12,69.76771734915914,3.307722448712243
ab,mp,9,512,32,inverse,64586.11,64586.11,64586.11,16467.11,16467.11,16467.12,74.50363553401806,3.922127805061119
ab,mp,10,1024,32,forward,123498.11,123498.11,123498.12,36960.11,36960.11,36960.12,70.07232742266258,3.341389135476058
ab,mp,10,1024,32,inverse,141342.11,141342.11,141342.12,35441.11,35441.11,35441.12,74.92530003974045,3.9880836125053643
ab,mp,4,16,33,forward,897.11,897.11,897.11,324.11,324.11,324.11,63.87176600416894,2.7679182993428157
ab,mp,4,16,33,inverse,1026.11,1026.11,1026.11,350.11,350.11,350.11,65.87987642650397,2.9308217417383102
ab,mp,5,32,33,forward,2121.11,2121.11,2121.11,726.11,726.11,726.11,65.76745194732948,2.921196512925039
ab,mp,5,32,33,inverse,2418.11,2418.11,2418.11,743.11,743.11,743.11,69.26897452969469,3.254040451615508
ab,mp,6,64,33,forward,4852.11,4852.11,4852.11,1502.11,1502.11,1502.11,69.04212806387324,3.2301961906917604
ab,mp,6,64,33,inverse,5558.11,5558.11,5558.11,1523.11,1523.11,1523.11,72.59662007408994,3.6491848914392264
ab,mp,7,128,33,forward,11244.11,11244.11,11244.11,3485.11,3485.11,3485.11,69.0050168488213,3.226328580733463
ab,mp,7,128,33,inverse,12838.11,12838.11,12838.11,3418.11,3418.11,3418.11,73.37528654918832,3.7559089672362798
ab,mp,8,256,33,forward,25031.11,25031.11,25031.11,7594.11,7594.11,7594.11,69.66131346152848,3.2961215995027726
ab,mp,8,256,33,inverse,28666.11,28666.11,28666.12,7352.11,7352.11,7352.11,74.3526066145703,3.899031706544108
ab,mp,9,512,33,forward,56559.11,56559.11,56559.12,17099.11,17099.11,17099.11,69.76771734915914,3.307722448712243
ab,mp,9,512,33,inverse,64586.11,64586.11,64586.12,16467.11,16467.11,16467.11,74.50363553401806,3.922127805061119
ab,mp,10,1024,33,forward,123498.11,123498.11,123498.12,36960.11,36960.11,36960.11,70.07232742266258,3.341389135476058
ab,mp,10,1024,33,inverse,141342.11,141342.11,141342.12,35441.11,35441.11,35441.12,74.92530003974045,3.9880836125053643
ab,mp,4,16,34,forward,897.11,897.11,897.11,324.11,324.11,324.11,63.87176600416894,2.7679182993428157
ab,mp,4,16,34,inverse,1026.11,1026.11,1026.11,350.11,350.11,350.11,65.87987642650397,2.9308217417383102
ab,mp,5,32,34,forward,2121.11,2121.11,2121.11,726.11,726.11,726.11,65.76745194732948,2.921196512925039
ab,mp,5,32,34,inverse,2418.11,2418.11,2418.11,743.11,743.11,743.11,69.26897452969469,3.254040451615508
ab,mp,6,64,34,forward,4852.11,4852.11,4852.11,1502.11,1502.11,1502.11,69.04212806387324,3.2301961906917604
ab,mp,6,64,34,inverse,5558.11,5558.11,5558.11,1523.11,1523.11,1523.11,72.59662007408994,3.6491848914392264
ab,mp,7,128,34,forward,11244.11,11244.11,11244.11,3485.11,3485.11,3485.11,69.0050168488213,3.226328580733463
ab,mp,7,128,34,inverse,12838.11,12838.11,12838.11,3418.11,3418.11,3418.11,73.37528654918832,3.7559089672362798
ab,mp,8,256,34,forward,25031.11,25031.11,25031.12,7594.11,7594.11,7594.11,69.66131346152848,3.2961215995027726
ab,mp,8,256,34,inverse,28666.11,28666.11,28666.11,7352.11,7352.11,7352.11,74.3526066145703,3.899031706544108
ab,mp,9,512,34,forward,56559.11,56559.11,56559.11,17099.11,17099.11,17099.12,69.76771734915914,3.307722448712243
ab,mp,9,512,34,inverse,64586.11,64586.11,64586.11,16467.11,16467.11,16467.12,74.50363553401806,3.922127805061119
ab,mp,10,1024,34,forward,123498.11,123498.11,123498.12,36960.11,36960.11,36960.12,70.07232742266258,3.341389135476058
ab,mp,10,1024,34,inverse,141342.11,141342.11,141342.12,35441.11,35441.11,35441.11,74.92530003974045,3.9880836125053643
ab,mp,4,16,35,forward,897.11,897.11,897.11,324.11,324.11,324.11,63.87176600416894,2.7679182993428157
ab,mp,4,16,35,inverse,1026.11,1026.11,1026.11,350.11,350.11,350.11,65.87987642650397,2.9308217417383102
ab,mp,5,32,35,forward,2121.11,2121.11,2121.11,726.11,726.11,726.11,65.76745194732948,2.921196512925039
ab,mp,5,32,35,inverse,2418.11,2418.11,2418.11,743.11,743.11,743.11,69.26897452969469,3.254040451615508
ab,mp,6,64,35,forward,4852.11,4852.11,4852.11,1502.11,1502.11,1502.11,69.04212806387324,3.2301961906917604
ab,mp,6,64,35,inverse,5558.11,5558.11,5558.11,1523.11,1523.11,1523.11,72.59662007408994,3.6491848914392264
ab,mp,7,128,35,forward,11244.11,11244.11,11244.11,3485.11,3485.11,3485.11,69.0050168488213,3.226328580733463
ab,mp,7,128,35,inverse,12838.11,12838.11,12838.11,3418.11,3418.11,3418.11,73.37528654918832,3.7559089672362798
ab,mp,8,256,35,forward,25031.11,25031.11,25031.12,7594.11,7594.11,7594.11,69.66131346152848,3.2961215995027726
ab,mp,8,256,35,inverse,28666.11,28666.11,28666.11,7352.11,7352.11,7352.11,74.3526066145703,3.899031706544108
ab,mp,9,512,35,forward,56559.11,56559.11,56559.12,17099.11,17099.11,17099.11,69.76771734915914,3.307722448712243
ab,mp,9,512,35,inverse,64586.11,64586.11,64586.12,16467.11,16467.11,16467.11,74.50363553401806,3.922127805061119
ab,mp,10,1024,35,forward,123498.11,123498.11,123498.12,36960.11,36960.11,36960.11,70.07232742266258,3.341389135476058
ab,mp,10,1024,35,inverse,141342.11,141342.11,141342.12,35441.11,35441.11,35441.12,74.92530003974045,3.9880836125053643
ab,mp,4,16,36,forward,897.11,897.11,897.11,324.11,324.11,324.11,63.87176600416894,2.7679182993428157
ab,mp,4,16,36,inverse,1026.11,1026.11,1026.11,350.11,350.11,350.11,65.87987642650397,2.9308217417383102
ab,mp,5,32,36,forward,2121.11,2121.11,2121.11,726.11,726.11,726.11,65.76745194732948,2.921196512925039
ab,mp,5,32,36,inverse,2418.11,2418.11,2418.11,743.11,743.11,743.11,69.26897452969469,3.254040451615508
ab,mp,6,64,36,forward,4852.11,4852.11,4852.11,1502.11,1502.11,1502.11,69.04212806387324,3.2301961906917604
ab,mp,6,64,36,inverse,5558.11,5558.11,5558.11,1523.11,1523.11,1523.11,72.59662007408994,3.6491848914392264
ab,mp,7,128,36,forward,11244.11,11244.11,11244.11,3485.11,3485.11,3485.11,69.0050168488213,3.226328580733463
ab,mp,7,128,36,inverse,12838.11,12838.11,12838.11,3418.11,3418.11,3418.12,73.37528654918832,3.7559089672362798
ab,mp,8,256,36,forward,25031.11,25031.11,25031.11,7594.11,7594.11,7594.11,69.66131346152848,3.2961215995027726
ab,mp,8,256,36,inverse,28666.11,28666.11,28666.11,7352.11,7352.11,7352.12,74.3526066145703,3.899031706544108
ab,mp,9,512,36,forward,56559.11,56559.11,56559.11,17099.11,17099.11,17099.12,69.76771734915914,3.307722448712243
ab,mp,9,512,36,inverse,64586.11,64586.11,64586.12,16467.11,16467.11,16467.11,74.50363553401806,3.922127805061119
ab,mp,10,1024,36,forward,123498.11,123498.11,123498.12,36960.11,36960.11,36960.11,70.07232742266258,3.341389135476058
ab,mp,10,1024,36,inverse,141342.11,141342.11,141342.12,35441.11,35441.11,35441.12,74.92530003974045,3.9880836125053643
ab,mp,4,16,37,forward,897.11,897.11,897.11,324.11,324.11,324.11,63.87176600416894,2.7679182993428157
ab,mp,4,16,37,inverse,1026.11,1026.11,1026.11,350.11,350.11,350.11,65.87987642650397,2.9308217417383102
ab,mp,5,32,37,forward,2121.11,2121.11,2121.11,726.11,726.11,726.11,65.76745194732948,2.921196512925039
ab,mp,5,32,37,inverse,2418.11,2418.11,2418.11,743.11,743.11,743.11,69.26897452969469,3.254040451615508
ab,mp,6,64,37,forward,4852.11,4852.11,4852.11,1502.11,1502.11,1502.11,69.04212806387324,3.2301961906917604
ab,mp,6,64,37,inverse,5558.11,5558.11,5558.11,1523.11,1523.11,1523.12,72.59662007408994,3.6491848914392264
ab,mp,7,128,37,forward,11244.11,11244.11,11244.11,3485.11,3485.11,3485.11,69.0050168488213,3.226328580733463
ab,mp,7,128,37,inverse,12838.11,12838.11,12838.11,3418.11,3418.11,3418.11,73.37528654918832,3.7559089672362798
ab,mp,8,256,37,forward,25031.11,25031.11,25031.11,7594.11,7594.11,7594.11,69.66131346152848,3.2961215995027726
ab,mp,8,256,37,inverse,28666.11,28666.11,28666.11,7352.11,7352.11,7352.11,74.3526066145703,3.899031706544108
ab,mp,9,512,37,forward,56559.11,56559.11,56559.12,17099.11,17099.11,17099.11,69.76771734915914,3.307722448712243
ab,mp,9,512,37,inverse,64586.11,64586.11,64586.11,16467.11,16467.11,16467.12,74.50363553401806,3.922127805061119
ab,mp,10,1024,37,forward,123498.11,123498.11,123498.12,36960.11,36960.11,36960.11,70.07232742266258,3.341389135476058
ab,mp,10,1024,37,inverse,141342.11,141342.11,141342.12,35441.11,35441.11,35441.11,74.92530003974045,3.9880836125053643
ab,mp,4,16,38,forward,897.11,897.11,897.11,324.11,324.11,324.11,63.87176600416894,2.7679182993428157
ab,mp,4,16,38,inverse,1026.11,1026.11,1026.11,350.11,350.11,350.11,65.87987642650397,2.9308217417383102
ab,mp,5,32,38,forward,2121.11,2121.11,2121.12,726.11,726.11,726.11,65.76745194732948,2.921196512925039
ab,mp,5,32,38,inverse,2418.11,2418.11,2418.11,743.11,743.11,743.11,69.26897452969469,3.254040451615508
ab,mp,6,64,38,forward,4852.11,4852.11,4852.11,1502.11,1502.11,1502.11,69.04212806387324,3.2301961906917604
ab,mp,6,64,38,inverse,5558.11,5558.11,5558.11,1523.11,1523.11,1523.11,72.59662007408994,3.6491848914392264
ab,mp,7,128,38,forward,11244.11,11244.11,11244.11,3485.11,3485.11,3485.11,69.0050168488213,3.226328580733463
ab,mp,7,128,38,inverse,12838.11,12838.11,12838.11,3418.11,3418.11,3418.11,73.37528654918832,3.7559089672362798
ab,mp,8,256,38,forward,25031.11,25031.11,25031.11,7594.11,7594.11,7594.12,69.66131346152848,3.2961215995027726
ab,mp,8,256,38,inverse,28666.11,28666.11,28666.11,7352.11,7352.11,7352.11,74.3526066145703,3.899031706544108
ab,mp,9,512,38,forward,56559.11,56559.11,56559.12,17099.11,17099.11,17099.11,69.76771734915914,3.307722448712243
ab,mp,9,512,38,inverse,64586.11,64586.11,64586.12,16467.11,16467.11,16467.11,74.50363553401806,3.922127805061119
ab,mp,10,1024,38,forward,123498.11,123498.11,123498.12,36960.11,36960.11,36960.11,70.07232742266258,3.341389135476058
ab,mp,10,1024,38,inverse,141342.11,141342.11,141342.12,35441.11,35441.11,35441.12,74.92530003974045,3.9880836125053643
ab,mp,4,16,39,forward,897.11,897.11,897.11,324.11,324.11,324.11,63.87176600416894,2.7679182993428157
ab,mp,4,16,39,inverse,1026.11,1026.11,1026.11,350.11,350.11,350.11,65.87987642650397,2.9308217417383102
ab,mp,5,32,39,forward,2121.11,2121.11,2121.11,726.11,726.11,726.11,65.76745194732948,2.921196512925039
ab,mp,5,32,39,inverse,2418.11,2418.11,2418.11,743.11,743.11,743.11,69.26897452969469,3.254040451615508
ab,mp,6,64,39,forward,4852.11,4852.11,4852.11,1502.11,1502.11,1502.11,69.04212806387324,3.2301961906917604
ab,mp,6,64,39,inverse,5558.11,5558.11,5558.11,1523.11,1523.11,1523.11,72.59662007408994,3.6491848914392264
ab,mp,7,128,39,forward,11244.11,11244.11,11244.11,3485.11,3485.11,3485.11,69.0050168488213,3.226328580733463
ab,mp,7,128,39,inverse,12838.11,12838.11,12838.12,3418.11,3418.11,3418.11,73.37528654918832,3.7559089672362798
ab,mp,8,256,39,forward,25031.11,25031.11,25031.11,7594.11,7594.11,7594.11,69.66131346152848,3.2961215995027726
ab,mp,8,256,39,inverse,28666.11,28666.11,28666.12,7352.11,7352.11,7352.11,74.3526066145703,3.899031706544108
ab,mp,9,512,39,forward,56559.11,56559.11,56559.12,17099.11,17099.11,17099.11,69.76771734915914,3.307722448712243
ab,mp,9,512,39,inverse,64586.11,64586.11,64586.11,16467.11,16467.11,16467.12,74.50363553401806,3.922127805061119
ab,mp,10,1024,39,forward,123498.11,123498.11,123498.12,36960.11,36960.11,36960.12,70.07232742266258,3.341389135476058
ab,mp,10,1024,39,inverse,141342.11,141342.11,141342.12,35441.11,35441.11,35441.11,74.92530003974045,3.9880836125053643
ab,mp,4,16,40,forward,897.11,897.11,897.11,324.11,324.11,324.11,63.87176600416894,2.7679182993428157
ab,mp,4,16,40,inverse,1026.11,1026.11,1026.11,350.11,350.11,350.11,65.87987642650397,2.9308217417383102
ab,mp,5,32,40,forward,2121.11,2121.11,2121.11,726.11,726.11,726.11,65.76745194732948,2.921196512925039
ab,mp,5,32,40,inverse,2418.11,2418.11,2418.11,743.11,743.11,743.11,69.26897452969469,3.254040451615508
ab,mp,6,64,40,forward,4852.11,4852.11,4852.11,1502.11,1502.11,1502.11,69.04212806387324,3.2301961906917604
ab,mp,6,64,40,inverse,5558.11,5558.11,5558.11,1523.11,1523.11,1523.11,72.59662007408994,3.6491848914392264
ab,mp,7,128,40,forward,11244.11,11244.11,11244.12,3485.11,3485.11,3485.11,69.0050168488213,3.226328580733463
ab,mp,7,128,40,inverse,12838.11,12838.11,12838.11,3418.11,3418.11,3418.11,73.37528654918832,3.7559089672362798
ab,mp,8,256,40,forward,25031.11,25031.11,25031.11,7594.11,7594.11,7594.11,69.66131346152848,3.2961215995027726
ab,mp,8,256,40,inverse,28666.11,28666.11,28666.12,7352.11,7352.11,7352.11,74.3526066145703,3.899031706544108
ab,mp,9,512,40,forward,56559.11,56559.11,56559.12,17099.11,17099.11,17099.11,69.76771734915914,3.307722448712243
ab,mp,9,512,40,inverse,64586.11,64586.11,64586.12,16467.11,16467.11,16467.11,74.50363553401806,3.922127805061119
ab,mp,10,1024,40,forward,123498.11,123498.11,123498.12,36960.11,36960.11,36960.11,70.07232742266258,3.341389135476058
ab,mp,10,1024,40,inverse,141342.11,141342.11,141342.12,35441.11,35441.11,35441.11,74.92530003974045,3.9880836125053643
ab,mp,4,16,41,forward,897.11,897.11,897.11,324.11,324.11,324.11,63.87176600416894,2.7679182993428157
ab,mp,4,16,41,inverse,1026.11,1026.11,1026.11,350.11,350.11,350.11,65.87987642650397,2.9308217417383102
ab,mp,5,32,41,forward,2121.11,2121.11,2121.11,726.11,726.11,726.11,65.76745194732948,2.921196512925039
ab,mp,5,32,41,inverse,2418.11,2418.11,2418.11,743.11,743.11,743.11,69.26897452969469,3.254040451615508
ab,mp,6,64,41,forward,4852.11,4852.11,4852.11,1502.11,1502.11,1502.11,69.04212806387324,3.2301961906917604
ab,mp,6,64,41,inverse,5558.11,5558.11,5558.11,1523.11,1523.11,1523.11,72.59662007408994,3.6491848914392264
ab,mp,7,128,41,forward,11244.11,11244.11,11244.11,3485.11,3485.11,3485.11,69.0050168488213,3.226328580733463
ab,mp,7,128,41,inverse,12838.11,12838.11,12838.11,3418.11,3418.11,3418.11,73.37528654918832,3.7559089672362798
ab,mp,8,256,41,forward,25031.11,25031.11,25031.12,7594.11,7594.11,7594.11,69.66131346152848,3.2961215995027726
ab,mp,8,256,41,inverse,28666.11,28666.11,28666.11,7352.11,7352.11,7352.11,74.3526066145703,3.899031706544108
ab,mp,9,512,41,forward,56559.11,56559.11,56559.12,17099.11,17099.11,17099.11,69.76771734915914,3.307722448712243
ab,mp,9,512,41,inverse,64586.11,64586.11,64586.12,16467.11,16467.11,16467.11,74.50363553401806,3.922127805061119
ab,mp,10,1024,41,forward,123498.11,123498.11,123498.12,36960.11,36960.11,36960.12,70.07232742266258,3.341389135476058
ab,mp,10,1024,41,inverse,141342.11,141342.11,141342.12,35441.11,35441.11,35441.12,74.92530003974045,3.9880836125053643
ab,mp,4,16,42,forward,897.11,897.11,897.11,324.11,324.11,324.11,63.87176600416894,2.7679182993428157
ab,mp,4,16,42,inverse,1026.11,1026.11,1026.11,350.11,350.11,350.11,65.87987642650397,2.9308217417383102
ab,mp,5,32,42,forward,2121.11,2121.11,2121.11,726.11,726.11,726.11,65.76745194732948,2.921196512925039
ab,mp,5,32,42,inverse,2418.11,2418.11,2418.11,743.11,743.11,743.11,69.26897452969469,3.254040451615508
ab,mp,6,64,42,forward,4852.11,4852.11,4852.11,1502.11,1502.11,1502.11,69.04212806387324,3.2301961906917604
ab,mp,6,64,42,inverse,5558.11,5558.11,5558.11,1523.11,1523.11,1523.11,72.59662007408994,3.6491848914392264
ab,mp,7,128,42,forward,11244.11,11244.11,11244.11,3485.11,3485.11,3485.11,69.0050168488213,3.226328580733463
ab,mp,7,128,42,inverse,12838.11,12838.11,12838.12,3418.11,3418.11,3418.11,73.37528654918832,3.7559089672362798
ab,mp,8,256,42,forward,25031.11,25031.11,25031.11,7594.11,7594.11,7594.11,69.66131346152848,3.2961215995027726
ab,mp,8,256,42,inverse,28666.11,28666.11,28666.12,7352.11,7352.11,7352.11,74.3526066145703,3.899031706544108
ab,mp,9,512,42,forward,56559.11,56559.11,56559.12,17099.11,17099.11,17099.11,69.76771734915914,3.307722448712243
ab,mp,9,512,42,inverse,64586.11,64586.11,64586.11,16467.11,16467.11,16467.12,74.50363553401806,3.922127805061119
ab,mp,10,1024,42,forward,123498.11,123498.11,123498.12,36960.11,36960.11,36960.12,70.07232742266258,3.341389135476058
ab,mp,10,1024,42,inverse,141342.11,141342.11,141342.12,35441.11,35441.11,35441.11,74.92530003974045,3.9880836125053643
ab,mp,4,16,43,forward,897.11,897.11,897.11,324.11,324.11,324.11,63.87176600416894,2.7679182993428157
ab,mp,4,16,43,inverse,1026.11,1026.11,1026.11,350.11,350.11,350.11,65.87987642650397,2.9308217417383102
ab,mp,5,32,43,forward,2121.11,2121.11,2121.11,726.11,726.11,726.11,65.76745194732948,2.921196512925039
ab,mp,5,32,43,inverse,2418.11,2418.11,2418.11,743.11,743.11,743.11,69.26897452969469,3.254040451615508
ab,mp,6,64,43,forward,4852.11,4852.11,4852.11,1502.11,1502.11,1502.11,69.04212806387324,3.2301961906917604
ab,mp,6,64,43,inverse,5558.11,5558.11,5558.11,1523.11,1523.11,1523.11,72.59662007408994,3.6491848914392264
ab,mp,7,128,43,forward,11244.11,11244.11,11244.12,3485.11,3485.11,3485.11,69.0050168488213,3.226328580733463
ab,mp,7,128,43,inverse,12838.11,12838.11,12838.11,3418.11,3418.11,3418.11,73.37528654918832,3.7559089672362798
ab,mp,8,256,43,forward,25031.11,25031.11,25031.11,7594.11,7594.11,7594.11,69.66131346152848,3.2961215995027726
ab,mp,8,256,43,inverse,28666.11,28666.11,28666.12,7352.11,7352.11,7352.11,74.3526066145703,3.899031706544108
ab,mp,9,512,43,forward,56559.11,56559.11,56559.12,17099.11,17099.11,17099.11,69.76771734915914,3.307722448712243
ab,mp,9,512,43,inverse,64586.11,64586.11,64586.12,16467.11,16467.11,16467.11,74.50363553401806,3.922127805061119
ab,mp,10,1024,43,forward,123498.11,123498.11,123498.12,36960.11,36960.11,36960.11,70.07232742266258,3.341389135476058
ab,mp,10,1024,43,inverse,141342.11,141342.11,141342.12,35441.11,35441.11,35441.11,74.92530003974045,3.9880836125053643
ab,mp,4,16,44,forward,897.11,897.11,897.11,324.11,324.11,324.11,63.87176600416894,2.7679182993428157
ab,mp,4,16,44,inverse,1026.11,1026.11,1026.11,350.11,350.11,350.11,65.87987642650397,2.9308217417383102
ab,mp,5,32,44,forward,2121.11,2121.11,2121.11,726.11,726.11,726.11,65.76745194732948,2.921196512925039
ab,mp,5,32,44,inverse,2418.11,2418.11,2418.11,743.11,743.11,743.12,69.26897452969469,3.254040451615508
ab,mp,6,64,44,forward,4852.11,4852.11,4852.11,1502.11,1502.11,1502.11,69.04212806387324,3.2301961906917604
ab,mp,6,64,44,inverse,5558.11,5558.11,5558.11,1523.11,1523.11,1523.11,72.59662007408994,3.6491848914392264
ab,mp,7,128,44,forward,11244.11,11244.11,11244.11,3485.11,3485.11,3485.11,69.0050168488213,3.226328580733463
ab,mp,7,128,44,inverse,12838.11,12838.11,12838.11,3418.11,3418.11,3418.11,73.37528654918832,3.7559089672362798
ab,mp,8,256,44,forward,25031.11,25031.11,25031.11,7594.11,7594.11,7594.12,69.66131346152848,3.2961215995027726
ab,mp,8,256,44,inverse,28666.11,28666.11,28666.11,7352.11,7352.11,7352.11,74.3526066145703,3.899031706544108
ab,mp,9,512,44,forward,56559.11,56559.11,56559.11,17099.11,17099.11,17099.12,69.76771734915914,3.307722448712243
ab,mp,9,512,44,inverse,64586.11,64586.11,64586.12,16467.11,16467.11,16467.11,74.50363553401806,3.922127805061119
ab,mp,10,1024,44,forward,123498.11,123498.11,123498.12,36960.11,36960.11,36960.12,70.07232742266258,3.341389135476058
ab,mp,10,1024,44,inverse,141342.11,141342.11,141342.12,35441.11,35441.11,35441.12,74.92530003974045,3.9880836125053643
ab,mp,4,16,45,forward,897.11,897.11,897.11,324.11,324.11,324.11,63.87176600416894,2.7679182993428157
ab,mp,4,16,45,inverse,1026.11,1026.11,1026.11,350.11,350.11,350.11,65.87987642650397,2.9308217417383102
ab,mp,5,32,45,forward,2121.11,2121.11,2121.11,726.11,726.11,726.11,65.76745194732948,2.921196512925039
ab,mp,5,32,45,inverse,2418.11,2418.11,2418.11,743.11,743.11,743.11,69.26897452969469,3.254040451615508
ab,mp,6,64,45,forward,4852.11,4852.11,4852.11,1502.11,1502.11,1502.11,69.04212806387324,3.2301961906917604
ab,mp,6,64,45,inverse,5558.11,5558.11,5558.11,1523.11,1523.11,1523.11,72.59662007408994,3.6491848914392264
ab,mp,7,128,45,forward,11244.11,11244.11,11244.11,3485.11,3485.11,3485.11,69.0050168488213,3.226328580733463
ab,mp,7,128,45,inverse,12838.11,12838.11,12838.12,3418.11,3418.11,3418.11,73.37528654918832,3.7559089672362798
ab,mp,8,256,45,forward,25031.11,25031.11,25031.11,7594.11,7594.11,7594.11,69.66131346152848,3.2961215995027726
ab,mp,8,256,45,inverse,28666.11,28666.11,28666.11,7352.11,7352.11,7352.12,74.3526066145703,3.899031706544108
ab,mp,9,512,45,forward,56559.11,56559.11,56559.12,17099.11,17099.11,17099.11,69.76771734915914,3.307722448712243
ab,mp,9,512,45,inverse,64586.11,64586.11,64586.12,16467.11,16467.11,16467.11,74.50363553401806,3.922127805061119
ab,mp,10,1024,45,forward,123498.11,123498.11,123498.12,36960.11,36960.11,36960.11,70.07232742266258,3.341389135476058
ab,mp,10,1024,45,inverse,141342.11,141342.11,141342.12,35441.11,35441.11,35441.11,74.92530003974045,3.9880836125053643
ab,mp,4,16,46,forward,897.11,897.11,897.11,324.11,324.11,324.11,63.87176600416894,2.7679182993428157
ab,mp,4,16,46,inverse,1026.11,1026.11,1026.11,350.11,350.11,350.11,65.87987642650397,2.9308217417383102
ab,mp,5,32,46,forward,2121.11,2121.11,2121.11,726.11,726.11,726.11,65.76745194732948,2.921196512925039
ab,mp,5,32,46,inverse,2418.11,2418.11,2418.11,743.11,743.11,743.11,69.26897452969469,3.254040451615508
ab,mp,6,64,46,forward,4852.11,4852.11,4852.11,1502.11,1502.11,1502.11,69.04212806387324,3.2301961906917604
ab,mp,6,64,46,inverse,5558.11,5558.11,5558.11,1523.11,1523.11,1523.11,72.59662007408994,3.6491848914392264
ab,mp,7,128,46,forward,11244.11,11244.11,11244.12,3485.11,3485.11,3485.11,69.0050168488213,3.226328580733463
ab,mp,7,128,46,inverse,12838.11,12838.11,12838.11,3418.11,3418.11,3418.11,73.37528654918832,3.7559089672362798
ab,mp,8,256,46,forward,25031.11,25031.11,25031.11,7594.11,7594.11,7594.11,69.66131346152848,3.2961215995027726
ab,mp,8,256,46,inverse,28666.11,28666.11,28666.12,7352.11,7352.11,7352.11,74.3526066145703,3.899031706544108
ab,mp,9,512,46,forward,56559.11,56559.11,56559.12,17099.11,17099.11,17099.11,69.76771734915914,3.307722448712243
ab,mp,9,512,46,inverse,64586.11,64586.11,64586.12,16467.11,16467.11,16467.11,74.50363553401806,3.922127805061119
ab,mp,10,1024,46,forward,123498.11,123498.11,123498.12,36960.11,36960.11,36960.12,70.07232742266258,3.341389135476058
ab,mp,10,1024,46,inverse,141342.11,141342.11,141342.12,35441.11,35441.11,35441.11,74.92530003974045,3.9880836125053643
ab,mp,4,16,47,forward,897.11,897.11,897.11,324.11,324.11,324.11,63.87176600416894,2.7679182993428157
ab,mp,4,16,47,inverse,1026.11,1026.11,1026.11,350.11,350.11,350.11,65.87987642650397,2.9308217417383102
ab,mp,5,32,47,forward,2121.11,2121.11,2121.11,726.11,726.11,726.11,65.76745194732948,2.921196512925039
ab,mp,5,32,47,inverse,2418.11,2418.11,2418.11,743.11,743.11,743.11,69.26897452969469,3.254040451615508
ab,mp,6,64,47,forward,4852.11,4852.11,4852.11,1502.11,1502.11,1502.11,69.04212806387324,3.2301961906917604
ab,mp,6,64,47,inverse,5558.11,5558.11,5558.11,1523.11,1523.11,1523.11,72.59662007408994,3.6491848914392264
ab,mp,7,128,47,forward,11244.11,11244.11,11244.11,3485.11,3485.11,3485.11,69.0050168488213,3.226328580733463
ab,mp,7,128,47,inverse,12838.11,12838.11,12838.11,3418.11,3418.11,3418.11,73.37528654918832,3.7559089672362798
ab,mp,8,256,47,forward,25031.11,25031.11,25031.12,7594.11,7594.11,7594.11,69.66131346152848,3.2961215995027726
ab,mp,8,256,47,inverse,28666.11,28666.11,28666.11,7352.11,7352.11,7352.11,74.3526066145703,3.899031706544108
ab,mp,9,512,47,forward,56559.11,56559.11,56559.11,17099.11,17099.11,17099.12,69.76771734915914,3.307722448712243
ab,mp,9,512,47,inverse,64586.11,64586.11,64586.11,16467.11,16467.11,16467.12,74.50363553401806,3.922127805061119
ab,mp,10,1024,47,forward,123498.11,123498.11,123498.12,36960.11,36960.11,36960.12,70.07232742266258,3.341389135476058
ab,mp,10,1024,47,inverse,141342.11,141342.11,141342.12,35441.11,35441.11,35441.11,74.92530003974045,3.9880836125053643
ab,mp,4,16,48,forward,897.11,897.11,897.11,324.11,324.11,324.11,63.87176600416894,2.7679182993428157
ab,mp,4,16,48,inverse,1026.11,1026.11,1026.11,350.11,350.11,350.11,65.87987642650397,2.9308217417383102
ab,mp,5,32,48,forward,2121.11,2121.11,2121.11,726.11,726.11,726.11,65.76745194732948,2.921196512925039
ab,mp,5,32,48,inverse,2418.11,2418.11,2418.11,743.11,743.11,743.11,69.26897452969469,3.254040451615508
ab,mp,6,64,48,forward,4852.11,4852.11,4852.11,1502.11,1502.11,1502.11,69.04212806387324,3.2301961906917604
ab,mp,6,64,48,inverse,5558.11,5558.11,5558.11,1523.11,1523.11,1523.11,72.59662007408994,3.6491848914392264
ab,mp,7,128,48,forward,11244.11,11244.11,11244.11,3485.11,3485.11,3485.11,69.0050168488213,3.226328580733463
ab,mp,7,128,48,inverse,12838.11,12838.11,12838.12,3418.11,3418.11,3418.11,73.37528654918832,3.7559089672362798
ab,mp,8,256,48,forward,25031.11,25031.11,25031.11,7594.11,7594.11,7594.11,69.66131346152848,3.2961215995027726
ab,mp,8,256,48,inverse,28666.11,28666.11,28666.11,7352.11,7352.11,7352.11,74.3526066145703,3.899031706544108
ab,mp,9,512,48,forward,56559.11,56559.11,56559.11,17099.11,17099.11,17099.11,69.76771734915914,3.307722448712243
ab,mp,9,512,48,inverse,64586.11,64586.11,64586.12,16467.11,16467.11,16467.11,74.50363553401806,3.922127805061119
ab,mp,10,1024,48,forward,123498.11,123498.11,123498.12,36960.11,36960.11,36960.11,70.07232742266258,3.341389135476058
ab,mp,10,1024,48,inverse,141342.11,141342.11,141342.12,35441.11,35441.11,35441.11,74.92530003974045,3.9880836125053643
ab,mp,4,16,49,forward,897.11,897.11,897.11,324.11,324.11,324.11,63.87176600416894,2.7679182993428157
ab,mp,4,16,49,inverse,1026.11,1026.11,1026.11,350.11,350.11,350.11,65.87987642650397,2.9308217417383102
ab,mp,5,32,49,forward,2121.11,2121.11,2121.11,726.11,726.11,726.11,65.76745194732948,2.921196512925039
ab,mp,5,32,49,inverse,2418.11,2418.11,2418.11,743.11,743.11,743.11,69.26897452969469,3.254040451615508
ab,mp,6,64,49,forward,4852.11,4852.11,4852.11,1502.11,1502.11,1502.11,69.04212806387324,3.2301961906917604
ab,mp,6,64,49,inverse,5558.11,5558.11,5558.11,1523.11,1523.11,1523.11,72.59662007408994,3.6491848914392264
ab,mp,7,128,49,forward,11244.11,11244.11,11244.12,3485.11,3485.11,3485.11,69.0050168488213,3.226328580733463
ab,mp,7,128,49,inverse,12838.11,12838.11,12838.11,3418.11,3418.11,3418.11,73.37528654918832,3.7559089672362798
ab,mp,8,256,49,forward,25031.11,25031.11,25031.11,7594.11,7594.11,7594.11,69.66131346152848,3.2961215995027726
ab,mp,8,256,49,inverse,28666.11,28666.11,28666.12,7352.11,7352.11,7352.11,74.3526066145703,3.899031706544108
ab,mp,9,512,49,forward,56559.11,56559.11,56559.11,17099.11,17099.11,17099.12,69.76771734915914,3.307722448712243
ab,mp,9,512,49,inverse,64586.11,64586.11,64586.12,16467.11,16467.11,16467.11,74.50363553401806,3.922127805061119
ab,mp,10,1024,49,forward,123498.11,123498.11,123498.12,36960.11,36960.11,36960.12,70.07232742266258,3.341389135476058
ab,mp,10,1024,49,inverse,141342.11,141342.11,141342.12,35441.11,35441.11,35441.12,74.92530003974045,3.9880836125053643
ab,mp,4,16,50,forward,897.11,897.11,897.11,324.11,324.11,324.11,63.87176600416894,2.7679182993428157
ab,mp,4,16,50,inverse,1026.11,1026.11,1026.11,350.11,350.11,350.11,65.87987642650397,2.9308217417383102
ab,mp,5,32,50,forward,2121.11,2121.11,2121.11,726.11,726.11,726.11,65.76745194732948,2.921196512925039
ab,mp,5,32,50,inverse,2418.11,2418.11,2418.11,743.11,743.11,743.11,69.26897452969469,3.254040451615508
ab,mp,6,64,50,forward,4852.11,4852.11,4852.11,1502.11,1502.11,1502.12,69.04212806387324,3.2301961906917604
ab,mp,6,64,50,inverse,5558.11,5558.11,5558.11,1523.11,1523.11,1523.11,72.59662007408994,3.6491848914392264
ab,mp,7,128,50,forward,11244.11,11244.11,11244.11,3485.11,3485.11,3485.11,69.0050168488213,3.226328580733463
ab,mp,7,128,50,inverse,12838.11,12838.11,12838.11,3418.11,3418.11,3418.11,73.37528654918832,3.7559089672362798
ab,mp,8,256,50,forward,25031.11,25031.11,25031.12,7594.11,7594.11,7594.11,69.66131346152848,3.2961215995027726
ab,mp,8,256,50,inverse,28666.11,28666.11,28666.11,7352.11,7352.11,7352.11,74.3526066145703,3.899031706544108
ab,mp,9,512,50,forward,56559.11,56559.11,56559.12,17099.11,17099.11,17099.11,69.76771734915914,3.307722448712243
ab,mp,9,512,50,inverse,64586.11,64586.11,64586.12,16467.11,16467.11,16467.11,74.50363553401806,3.922127805061119
ab,mp,10,1024,50,forward,123498.11,123498.11,123498.12,36960.11,36960.11,36960.11,70.07232742266258,3.341389135476058
ab,mp,10,1024,50,inverse,141342.11,141342.11,141342.12,35441.11,35441.11,35441.12,74.92530003974045,3.9880836125053643
ab,mp,4,16,51,forward,897.11,897.11,897.11,324.11,324.11,324.11,63.87176600416894,2.7679182993428157
ab,mp,4,16,51,inverse,1026.11,1026.11,1026.11,350.11,350.11,350.11,65.87987642650397,2.9308217417383102
ab,mp,5,32,51,forward,2121.11,2121.11,2121.11,726.11,726.11,726.11,65.76745194732948,2.921196512925039
ab,mp,5,32,51,inverse,2418.11,2418.11,2418.11,743.11,743.11,743.11,69.26897452969469,3.254040451615508
ab,mp,6,64,51,forward,4852.11,4852.11,4852.11,1502.11,1502.11,1502.11,69.04212806387324,3.2301961906917604
ab,mp,6,64,51,inverse,5558.11,5558.11,5558.11,1523.11,1523.11,1523.11,72.59662007408994,3.6491848914392264
ab,mp,7,128,51,forward,11244.11,11244.11,11244.11,3485.11,3485.11,3485.11,69.0050168488213,3.226328580733463
ab,mp,7,128,51,inverse,12838.11,12838.11,12838.11,3418.11,3418.11,3418.12,73.37528654918832,3.7559089672362798
ab,mp,8,256,51,forward,25031.11,25031.11,25031.11,7594.11,7594.11,7594.11,69.66131346152848,3.2961215995027726
ab,mp,8,256,51,inverse,28666.11,28666.11,28666.11,7352.11,7352.11,7352.11,74.3526066145703,3.899031706544108
ab,mp,9,512,51,forward,56559.11,56559.11,56559.11,17099.11,17099.11,17099.11,69.76771734915914,3.307722448712243
ab,mp,9,512,51,inverse,64586.11,64586.11,64586.12,16467.11,16467.11,16467.11,74.50363553401806,3.922127805061119
ab,mp,10,1024,51,forward,123498.11,123498.11,123498.12,36960.11,36960.11,36960.11,70.07232742266258,3.341389135476058
ab,mp,10,1024,51,inverse,141342.11,141342.11,141342.12,35441.11,35441.11,35441.11,74.92530003974045,3.9880836125053643
ab,mp,4,16,52,forward,897.11,897.11,897.11,324.11,324.11,324.11,63.87176600416894,2.7679182993428157
ab,mp,4,16,52,inverse,1026.11,1026.11,1026.11,350.11,350.11,350.11,65.87987642650397,2.9308217417383102
ab,mp,5,32,52,forward,2121.11,2121.11,2121.11,726.11,726.11,726.11,65.76745194732948,2.921196512925039
ab,mp,5,32,52,inverse,2418.11,2418.11,2418.11,743.11,743.11,743.11,69.26897452969469,3.254040451615508
ab,mp,6,64,52,forward,4852.11,4852.11,4852.11,1502.11,1502.11,1502.11,69.04212806387324,3.2301961906917604
ab,mp,6,64,52,inverse,5558.11,5558.11,5558.11,1523.11,1523.11,1523.11,72.59662007408994,3.6491848914392264
ab,mp,7,128,52,forward,11244.11,11244.11,11244.12,3485.11,3485.11,3485.11,69.0050168488213,3.226328580733463
ab,mp,7,128,52,inverse,12838.11,12838.11,12838.11,3418.11,3418.11,3418.11,73.37528654918832,3.7559089672362798
ab,mp,8,256,52,forward,25031.11,25031.11,25031.11,7594.11,7594.11,7594.11,69.66131346152848,3.2961215995027726
ab,mp,8,256,52,inverse,28666.11,28666.11,28666.11,7352.11,7352.11,7352.12,74.3526066145703,3.899031706544108
ab,mp,9,512,52,forward,56559.11,56559.11,56559.11,17099.11,17099.11,17099.12,69.76771734915914,3.307722448712243
ab,mp,9,512,52,inverse,64586.11,64586.11,64586.12,16467.11,16467.11,16467.11,74.50363553401806,3.922127805061119
ab,mp,10,1024,52,forward,123498.11,123498.11,123498.12,36960.11,36960.11,36960.12,70.07232742266258,3.341389135476058
ab,mp,10,1024,52,inverse,141342.11,141342.11,141342.12,35441.11,35441.11,35441.12,74.92530003974045,3.9880836125053643
ab,mp,4,16,53,forward,897.11,897.11,897.11,324.11,324.11,324.11,63.87176600416894,2.7679182993428157
ab,mp,4,16,53,inverse,1026.11,1026.11,1026.11,350.11,350.11,350.11,65.87987642650397,2.9308217417383102
ab,mp,5,32,53,forward,2121.11,2121.11,2121.11,726.11,726.11,726.11,65.76745194732948,2.921196512925039
ab,mp,5,32,53,inverse,2418.11,2418.11,2418.11,743.11,743.11,743.11,69.26897452969469,3.254040451615508
ab,mp,6,64,53,forward,4852.11,4852.11,4852.12,1502.11,1502.11,1502.11,69.04212806387324,3.2301961906917604
ab,mp,6,64,53,inverse,5558.11,5558.11,5558.11,1523.11,1523.11,1523.11,72.59662007408994,3.6491848914392264
ab,mp,7,128,53,forward,11244.11,11244.11,11244.11,3485.11,3485.11,3485.11,69.0050168488213,3.226328580733463
ab,mp,7,128,53,inverse,12838.11,12838.11,12838.11,3418.11,3418.11,3418.11,73.37528654918832,3.7559089672362798
ab,mp,8,256,53,forward,25031.11,25031.11,25031.11,7594.11,7594.11,7594.12,69.66131346152848,3.2961215995027726
ab,mp,8,256,53,inverse,28666.11,28666.11,28666.11,7352.11,7352.11,7352.11,74.3526066145703,3.899031706544108
ab,mp,9,512,53,forward,56559.11,56559.11,56559.12,17099.11,17099.11,17099.11,69.76771734915914,3.307722448712243
ab,mp,9,512,53,inverse,64586.11,64586.11,64586.12,16467.11,16467.11,16467.11,74.50363553401806,3.922127805061119
ab,mp,10,1024,53,forward,123498.11,123498.11,123498.12,36960.11,36960.11,36960.11,70.07232742266258,3.341389135476058
ab,mp,10,1024,53,inverse,141342.11,141342.11,141342.12,35441.11,35441.11,35441.12,74.92530003974045,3.9880836125053643
ab,mp,4,16,54,forward,897.11,897.11,897.11,324.11,324.11,324.11,63.87176600416894,2.7679182993428157
ab,mp,4,16,54,inverse,1026.11,1026.11,1026.11,350.11,350.11,350.11,65.87987642650397,2.9308217417383102
ab,mp,5,32,54,forward,2121.11,2121.11,2121.11,726.11,726.11,726.11,65.76745194732948,2.921196512925039
ab,mp,5,32,54,inverse,2418.11,2418.11,2418.11,743.11,743.11,743.11,69.26897452969469,3.254040451615508
ab,mp,6,64,54,forward,4852.11,4852.11,4852.11,1502.11,1502.11,1502.11,69.04212806387324,3.2301961906917604
ab,mp,6,64,54,inverse,5558.11,5558.11,5558.11,1523.11,1523.11,1523.11,72.59662007408994,3.6491848914392264
ab,mp,7,128,54,forward,11244.11,11244.11,11244.11,3485.11,3485.11,3485.11,69.0050168488213,3.226328580733463
ab,mp,7,128,54,inverse,12838.11,12838.11,12838.11,3418.11,3418.11,3418.11,73.37528654918832,3.7559089672362798
ab,mp,8,256,54,forward,25031.11,25031.11,25031.11,7594.11,7594.11,7594.11,69.66131346152848,3.2961215995027726
ab,mp,8,256,54,inverse,28666.11,28666.11,28666.11,7352.11,7352.11,7352.11,74.3526066145703,3.899031706544108
ab,mp,9,512,54,forward,56559.11,56559.11,56559.12,17099.11,17099.11,17099.11,69.76771734915914,3.307722448712243
ab,mp,9,512,54,inverse,64586.11,64586.11,64586.12,16467.11,16467.11,16467.11,74.50363553401806,3.922127805061119
ab,mp,10,1024,54,forward,123498.11,123498.11,123498.12,36960.11,36960.11,36960.12,70.07232742266258,3.341389135476058
ab,mp,10,1024,54,inverse,141342.11,141342.11,141342.12,35441.11,35441.11,35441.11,74.92530003974045,3.9880836125053643
ab,mp,4,16,55,forward,897.11,897.11,897.11,324.11,324.11,324.11,63.87176600416894,2.7679182993428157
ab,mp,4,16,55,inverse,1026.11,1026.11,1026.11,350.11,350.11,350.11,65.87987642650397,2.9308217417383102
ab,mp,5,32,55,forward,2121.11,2121.11,2121.11,726.11,726.11,726.11,65.76745194732948,2.921196512925039
ab,mp,5,32,55,inverse,2418.11,2418.11,2418.11,743.11,743.11,743.11,69.26897452969469,3.254040451615508
ab,mp,6,64,55,forward,4852.11,4852.11,4852.11,1502.11,1502.11,1502.11,69.04212806387324,3.2301961906917604
ab,mp,6,64,55,inverse,5558.11,5558.11,5558.11,1523.11,1523.11,1523.11,72.59662007408994,3.6491848914392264
ab,mp,7,128,55,forward,11244.11,11244.11,11244.12,3485.11,3485.11,3485.11,69.0050168488213,3.226328580733463
ab,mp,7,128,55,inverse,12838.11,12838.11,12838.11,3418.11,3418.11,3418.11,73.37528654918832,3.7559089672362798
ab,mp,8,256,55,forward,25031.11,25031.11,25031.11,7594.11,7594.11,7594.11,69.66131346152848,3.2961215995027726
ab,mp,8,256,55,inverse,28666.11,28666.11,28666.11,7352.11,7352.11,7352.12,74.3526066145703,3.899031706544108
ab,mp,9,512,55,forward,56559.11,56559.11,56559.12,17099.11,17099.11,17099.11,69.76771734915914,3.307722448712243
ab,mp,9,512,55,inverse,64586.11,64586.11,64586.12,16467.11,16467.11,16467.11,74.50363553401806,3.922127805061119
ab,mp,10,1024,55,forward,123498.11,123498.11,123498.12,36960.11,36960.11,36960.11,70.07232742266258,3.341389135476058
ab,mp,10,1024,55,inverse,141342.11,141342.11,141342.12,35441.11,35441.11,35441.11,74.92530003974045,3.9880836125053643
ab,mp,4,16,56,forward,897.11,897.11,897.11,324.11,324.11,324.11,63.87176600416894,2.7679182993428157
ab,mp,4,16,56,inverse,1026.11,1026.11,1026.11,350.11,350.11,350.11,65.87987642650397,2.9308217417383102
ab,mp,5,32,56,forward,2121.11,2121.11,2121.11,726.11,726.11,726.11,65.76745194732948,2.921196512925039
ab,mp,5,32,56,inverse,2418.11,2418.11,2418.11,743.11,743.11,743.11,69.26897452969469,3.254040451615508
ab,mp,6,64,56,forward,4852.11,4852.11,4852.11,1502.11,1502.11,1502.11,69.04212806387324,3.2301961906917604
ab,mp,6,64,56,inverse,5558.11,5558.11,5558.11,1523.11,1523.11,1523.11,72.59662007408994,3.6491848914392264
ab,mp,7,128,56,forward,11244.11,11244.11,11244.11,3485.11,3485.11,3485.11,69.0050168488213,3.226328580733463
ab,mp,7,128,56,inverse,12838.11,12838.11,12838.11,3418.11,3418.11,3418.11,73.37528654918832,3.7559089672362798
ab,mp,8,256,56,forward,25031.11,25031.11,25031.12,7594.11,7594.11,7594.11,69.66131346152848,3.2961215995027726
ab,mp,8,256,56,inverse,28666.11,28666.11,28666.11,7352.11,7352.11,7352.11,74.3526066145703,3.899031706544108
ab,mp,9,512,56,forward,56559.11,56559.11,56559.12,17099.11,17099.11,17099.11,69.76771734915914,3.307722448712243
ab,mp,9,512,56,inverse,64586.11,64586.11,64586.12,16467.11,16467.11,16467.11,74.50363553401806,3.922127805061119
ab,mp,10,1024,56,forward,123498.11,123498.11,123498.12,36960.11,36960.11,36960.11,70.07232742266258,3.341389135476058
ab,mp,10,1024,56,inverse,141342.11,141342.11,141342.12,35441.11,35441.11,35441.11,74.92530003974045,3.9880836125053643
ab,mp,4,16,57,forward,897.11,897.11,897.11,324.11,324.11,324.11,63.87176600416894,2.7679182993428157
ab,mp,4,16,57,inverse,1026.11,1026.11,1026.11,350.11,350.11,350.11,65.87987642650397,2.9308217417383102
ab,mp,5,32,57,forward,2121.11,2121.11,2121.11,726.11,726.11,726.11,65.76745194732948,2.921196512925039
ab,mp,5,32,57,inverse,2418.11,2418.11,2418.11,743.11,743.11,743.11,69.26897452969469,3.254040451615508
ab,mp,6,64,57,forward,4852.11,4852.11,4852.11,1502.11,1502.11,1502.11,69.04212806387324,3.2301961906917604
ab,mp,6,64,57,inverse,5558.11,5558.11,5558.11,1523.11,1523.11,1523.11,72.59662007408994,3.6491848914392264
ab,mp,7,128,57,forward,11244.11,11244.11,11244.11,3485.11,3485.11,3485.11,69.0050168488213,3.226328580733463
ab,mp,7,128,57,inverse,12838.11,12838.11,12838.11,3418.11,3418.11,3418.11,73.37528654918832,3.7559089672362798
ab,mp,8,256,57,forward,25031.11,25031.11,25031.11,7594.11,7594.11,7594.12,69.66131346152848,3.2961215995027726
ab,mp,8,256,57,inverse,28666.11,28666.11,28666.11,7352.11,7352.11,7352.11,74.3526066145703,3.899031706544108
ab,mp,9,512,57,forward,56559.11,56559.11,56559.11,17099.11,17099.11,17099.12,69.76771734915914,3.307722448712243
ab,mp,9,512,57,inverse,64586.11,64586.11,64586.11,16467.11,16467.11,16467.12,74.50363553401806,3.922127805061119
ab,mp,10,1024,57,forward,123498.11,123498.11,123498.12,36960.11,36960.11,36960.12,70.07232742266258,3.341389135476058
ab,mp,10,1024,57,inverse,141342.11,141342.11,141342.12,35441.11,35441.11,35441.12,74.92530003974045,3.9880836125053643
ab,mp,4,16,58,forward,897.11,897.11,897.11,324.11,324.11,324.11,63.87176600416894,2.7679182993428157
ab,mp,4,16,58,inverse,1026.11,1026.11,1026.11,350.11,350.11,350.11,65.87987642650397,2.9308217417383102
ab,mp,5,32,58,forward,2121.11,2121.11,2121.11,726.11,726.11,726.11,65.76745194732948,2.921196512925039
ab,mp,5,32,58,inverse,2418.11,2418.11,2418.11,743.11,743.11,743.11,69.26897452969469,3.254040451615508
ab,mp,6,64,58,forward,4852.11,4852.11,4852.11,1502.11,1502.11,1502.11,69.04212806387324,3.2301961906917604
ab,mp,6,64,58,inverse,5558.11,5558.11,5558.11,1523.11,1523.11,1523.11,72.59662007408994,3.6491848914392264
ab,mp,7,128,58,forward,11244.11,11244.11,11244.11,3485.11,3485.11,3485.11,69.0050168488213,3.226328580733463
ab,mp,7,128,58,inverse,12838.11,12838.11,12838.11,3418.11,3418.11,3418.11,73.37528654918832,3.7559089672362798
ab,mp,8,256,58,forward,25031.11,25031.11,25031.11,7594.11,7594.11,7594.11,69.66131346152848,3.2961215995027726
ab,mp,8,256,58,inverse,28666.11,28666.11,28666.12,7352.11,7352.11,7352.11,74.3526066145703,3.899031706544108
ab,mp,9,512,58,forward,56559.11,56559.11,56559.12,17099.11,17099.11,17099.11,69.76771734915914,3.307722448712243
ab,mp,9,512,58,inverse,64586.11,64586.11,64586.12,16467.11,16467.11,16467.11,74.50363553401806,3.922127805061119
ab,mp,10,1024,58,forward,123498.11,123498.11,123498.12,36960.11,36960.11,36960.11,70.07232742266258,3.341389135476058
ab,mp,10,1024,58,inverse,141342.11,141342.11,141342.12,35441.11,35441.11,35441.12,74.92530003974045,3.9880836125053643
ab,mp,4,16,59,forward,897.11,897.11,897.11,324.11,324.11,324.11,63.87176600416894,2.7679182993428157
ab,mp,4,16,59,inverse,1026.11,1026.11,1026.11,350.11,350.11,350.11,65.87987642650397,2.9308217417383102
ab,mp,5,32,59,forward,2121.11,2121.11,2121.11,726.11,726.11,726.11,65.76745194732948,2.921196512925039
ab,mp,5,32,59,inverse,2418.11,2418.11,2418.11,743.11,743.11,743.11,69.26897452969469,3.254040451615508
ab,mp,6,64,59,forward,4852.11,4852.11,4852.11,1502.11,1502.11,1502.11,69.04212806387324,3.2301961906917604
ab,mp,6,64,59,inverse,5558.11,5558.11,5558.12,1523.11,1523.11,1523.11,72.59662007408994,3.6491848914392264
ab,mp,7,128,59,forward,11244.11,11244.11,11244.11,3485.11,3485.11,3485.11,69.0050168488213,3.226328580733463
ab,mp,7,128,59,inverse,12838.11,12838.11,12838.11,3418.11,3418.11,3418.11,73.37528654918832,3.7559089672362798
ab,mp,8,256,59,forward,25031.11,25031.11,25031.11,7594.11,7594.11,7594.11,69.66131346152848,3.2961215995027726
ab,mp,8,256,59,inverse,28666.11,28666.11,28666.11,7352.11,7352.11,7352.11,74.3526066145703,3.899031706544108
ab,mp,9,512,59,forward,56559.11,56559.11,56559.11,17099.11,17099.11,17099.12,69.76771734915914,3.307722448712243
ab,mp,9,512,59,inverse,64586.11,64586.11,64586.12,16467.11,16467.11,16467.11,74.50363553401806,3.922127805061119
ab,mp,10,1024,59,forward,123498.11,123498.11,123498.12,36960.11,36960.11,36960.12,70.07232742266258,3.341389135476058
ab,mp,10,1024,59,inverse,141342.11,141342.11,141342.12,35441.11,35441.11,35441.11,74.92530003974045,3.9880836125053643
ab,mp,4,16,60,forward,897.11,897.11,897.11,324.11,324.11,324.11,63.87176600416894,2.7679182993428157
ab,mp,4,16,60,inverse,1026.11,1026.11,1026.11,350.11,350.11,350.11,65.87987642650397,2.9308217417383102
ab,mp,5,32,60,forward,2121.11,2121.11,2121.11,726.11,726.11,726.11,65.76745194732948,2.921196512925039
ab,mp,5,32,60,inverse,2418.11,2418.11,2418.11,743.11,743.11,743.11,69.26897452969469,3.254040451615508
ab,mp,6,64,60,forward,4852.11,4852.11,4852.11,1502.11,1502.11,1502.11,69.04212806387324,3.2301961906917604
ab,mp,6,64,60,inverse,5558.11,5558.11,5558.11,1523.11,1523.11,1523.11,72.59662007408994,3.6491848914392264
ab,mp,7,128,60,forward,11244.11,11244.11,11244.11,3485.11,3485.11,3485.11,69.0050168488213,3.226328580733463
ab,mp,7,128,60,inverse,12838.11,12838.11,12838.11,3418.11,3418.11,3418.11,73.37528654918832,3.7559089672362798
ab,mp,8,256,60,forward,25031.11,25031.11,25031.12,7594.11,7594.11,7594.11,69.66131346152848,3.2961215995027726
ab,mp,8,256,60,inverse,28666.11,28666.11,28666.11,7352.11,7352.11,7352.11,74.3526066145703,3.899031706544108
ab,mp,9,512,60,forward,56559.11,56559.11,56559.12,17099.11,17099.11,17099.11,69.76771734915914,3.307722448712243
ab,mp,9,512,60,inverse,64586.11,64586.11,64586.12,16467.11,16467.11,16467.11,74.50363553401806,3.922127805061119
ab,mp,10,1024,60,forward,123498.11,123498.11,123498.12,36960.11,36960.11,36960.11,70.07232742266258,3.341389135476058
ab,mp,10,1024,60,inverse,141342.11,141342.11,141342.12,35441.11,35441.11,35441.12,74.92530003974045,3.9880836125053643
ab,mp,4,16,61,forward,897.11,897.11,897.11,324.11,324.11,324.11,63.87176600416894,2.7679182993428157
ab,mp,4,16,61,inverse,1026.11,1026.11,1026.11,350.11,350.11,350.11,65.87987642650397,2.9308217417383102
ab,mp,5,32,61,forward,2121.11,2121.11,2121.11,726.11,726.11,726.11,65.76745194732948,2.921196512925039
ab,mp,5,32,61,inverse,2418.11,2418.11,2418.11,743.11,743.11,743.11,69.26897452969469,3.254040451615508
ab,mp,6,64,61,forward,4852.11,4852.11,4852.11,1502.11,1502.11,1502.11,69.04212806387324,3.2301961906917604
ab,mp,6,64,61,inverse,5558.11,5558.11,5558.11,1523.11,1523.11,1523.11,72.59662007408994,3.6491848914392264
ab,mp,7,128,61,forward,11244.11,11244.11,11244.11,3485.11,3485.11,3485.11,69.0050168488213,3.226328580733463
ab,mp,7,128,61,inverse,12838.11,12838.11,12838.12,3418.11,3418.11,3418.11,73.37528654918832,3.7559089672362798
ab,mp,8,256,61,forward,25031.11,25031.11,25031.11,7594.11,7594.11,7594.11,69.66131346152848,3.2961215995027726
ab,mp,8,256,61,inverse,28666.11,28666.11,28666.12,7352.11,7352.11,7352.11,74.3526066145703,3.899031706544108
ab,mp,9,512,61,forward,56559.11,56559.11,56559.11,17099.11,17099.11,17099.12,69.76771734915914,3.307722448712243
ab,mp,9,512,61,inverse,64586.11,64586.11,64586.12,16467.11,16467.11,16467.11,74.50363553401806,3.922127805061119
ab,mp,10,1024,61,forward,123498.11,123498.11,123498.12,36960.11,36960.11,36960.12,70.07232742266258,3.341389135476058
ab,mp,10,1024,61,inverse,141342.11,141342.11,141342.12,35441.11,35441.11,35441.11,74.92530003974045,3.9880836125053643
ab,mp,4,16,62,forward,897.11,897.11,897.11,324.11,324.11,324.11,63.87176600416894,2.7679182993428157
ab,mp,4,16,62,inverse,1026.11,1026.11,1026.11,350.11,350.11,350.11,65.87987642650397,2.9308217417383102
ab,mp,5,32,62,forward,2121.11,2121.11,2121.11,726.11,726.11,726.11,65.76745194732948,2.921196512925039
ab,mp,5,32,62,inverse,2418.11,2418.11,2418.11,743.11,743.11,743.11,69.26897452969469,3.254040451615508
ab,mp,6,64,62,forward,4852.11,4852.11,4852.11,1502.11,1502.11,1502.11,69.04212806387324,3.2301961906917604
ab,mp,6,64,62,inverse,5558.11,5558.11,5558.11,1523.11,1523.11,1523.12,72.59662007408994,3.6491848914392264
ab,mp,7,128,62,forward,11244.11,11244.11,11244.11,3485.11,3485.11,3485.11,69.0050168488213,3.226328580733463
ab,mp,7,128,62,inverse,12838.11,12838.11,12838.11,3418.11,3418.11,3418.11,73.37528654918832,3.7559089672362798
ab,mp,8,256,62,forward,25031.11,25031.11,25031.11,7594.11,7594.11,7594.11,69.66131346152848,3.2961215995027726
ab,mp,8,256,62,inverse,28666.11,28666.11,28666.12,7352.11,7352.11,7352.11,74.3526066145703,3.899031706544108
ab,mp,9,512,62,forward,56559.11,56559.11,56559.12,17099.11,17099.11,17099.11,69.76771734915914,3.307722448712243
ab,mp,9,512,62,inverse,64586.11,64586.11,64586.12,16467.11,16467.11,16467.11,74.50363553401806,3.922127805061119
ab,mp,10,1024,62,forward,123498.11,123498.11,123498.12,36960.11,36960.11,36960.11,70.07232742266258,3.341389135476058
ab,mp,10,1024,62,inverse,141342.11,141342.11,141342.12,35441.11,35441.11,35441.11,74.92530003974045,3.9880836125053643
ab,mp,4,16,63,forward,897.11,897.11,897.11,324.11,324.11,324.11,63.87176600416894,2.7679182993428157
ab,mp,4,16,63,inverse,1026.11,1026.11,1026.11,350.11,350.11,350.11,65.87987642650397,2.9308217417383102
ab,mp,5,32,63,forward,2121.11,2121.11,2121.11,726.11,726.11,726.11,65.76745194732948,2.921196512925039
ab,mp,5,32,63,inverse,2418.11,2418.11,2418.11,743.11,743.11,743.11,69.26897452969469,3.254040451615508
ab,mp,6,64,63,forward,4852.11,4852.11,4852.11,1502.11,1502.11,1502.11,69.04212806387324,3.2301961906917604
ab,mp,6,64,63,inverse,5558.11,5558.11,5558.11,1523.11,1523.11,1523.11,72.59662007408994,3.6491848914392264
ab,mp,7,128,63,forward,11244.11,11244.11,11244.11,3485.11,3485.11,3485.11,69.0050168488213,3.226328580733463
ab,mp,7,128,63,inverse,12838.11,12838.11,12838.11,3418.11,3418.11,3418.11,73.37528654918832,3.7559089672362798
ab,mp,8,256,63,forward,25031.11,25031.11,25031.12,7594.11,7594.11,7594.11,69.66131346152848,3.2961215995027726
ab,mp,8,256,63,inverse,28666.11,28666.11,28666.11,7352.11,7352.11,7352.11,74.3526066145703,3.899031706544108
ab,mp,9,512,63,forward,56559.11,56559.11,56559.12,17099.11,17099.11,17099.11,69.76771734915914,3.307722448712243
ab,mp,9,512,63,inverse,64586.11,64586.11,64586.12,16467.11,16467.11,16467.11,74.50363553401806,3.922127805061119
ab,mp,10,1024,63,forward,123498.11,123498.11,123498.12,36960.11,36960.11,36960.11,70.07232742266258,3.341389135476058
ab,mp,10,1024,63,inverse,141342.11,141342.11,141342.12,35441.11,35441.11,35441.12,74.92530003974045,3.9880836125053643
ab,mp,4,16,64,forward,897.11,897.11,897.11,324.11,324.11,324.11,63.87176600416894,2.7679182993428157
ab,mp,4,16,64,inverse,1026.11,1026.11,1026.11,350.11,350.11,350.11,65.87987642650397,2.9308217417383102
ab,mp,5,32,64,forward,2121.11,2121.11,2121.11,726.11,726.11,726.11,65.76745194732948,2.921196512925039
ab,mp,5,32,64,inverse,2418.11,2418.11,2418.11,743.11,743.11,743.11,69.26897452969469,3.254040451615508
ab,mp,6,64,64,forward,4852.11,4852.11,4852.11,1502.11,1502.11,1502.11,69.04212806387324,3.2301961906917604
ab,mp,6,64,64,inverse,5558.11,5558.11,5558.11,1523.11,1523.11,1523.11,72.59662007408994,3.6491848914392264
ab,mp,7,128,64,forward,11244.11,11244.11,11244.11,3485.11,3485.11,3485.11,69.0050168488213,3.226328580733463
ab,mp,7,128,64,inverse,12838.11,12838.11,12838.12,3418.11,3418.11,3418.11,73.37528654918832,3.7559089672362798
ab,mp,8,256,64,forward,25031.11,25031.11,25031.11,7594.11,7594.11,7594.11,69.66131346152848,3.2961215995027726
ab,mp,8,256,64,inverse,28666.11,28666.11,28666.12,7352.11,7352.11,7352.11,74.3526066145703,3.899031706544108
ab,mp,9,512,64,forward,56559.11,56559.11,56559.12,17099.11,17099.11,17099.11,69.76771734915914,3.307722448712243
ab,mp,9,512,64,inverse,64586.11,64586.11,64586.11,16467.11,16467.11,16467.11,74.50363553401806,3.922127805061119
ab,mp,10,1024,64,forward,123498.11,123498.11,123498.12,36960.11,36960.11,36960.12,70.07232742266258,3.341389135476058
ab,mp,10,1024,64,inverse,141342.11,141342.11,141342.12,35441.11,35441.11,35441.11,74.92530003974045,3.9880836125053643
ab,mp,4,16,65,forward,897.11,897.11,897.11,324.11,324.11,324.11,63.87176600416894,2.7679182993428157
ab,mp,4,16,65,inverse,1026.11,1026.11,1026.11,350.11,350.11,350.11,65.87987642650397,2.9308217417383102
ab,mp,5,32,65,forward,2121.11,2121.11,2121.11,726.11,726.11,726.11,65.76745194732948,2.921196512925039
ab,mp,5,32,65,inverse,2418.11,2418.11,2418.11,743.11,743.11,743.11,69.26897452969469,3.254040451615508
ab,mp,6,64,65,forward,4852.11,4852.11,4852.11,1502.11,1502.11,1502.11,69.04212806387324,3.2301961906917604
ab,mp,6,64,65,inverse,5558.11,5558.11,5558.11,1523.11,1523.11,1523.11,72.59662007408994,3.6491848914392264
ab,mp,7,128,65,forward,11244.11,11244.11,11244.11,3485.11,3485.11,3485.11,69.0050168488213,3.226328580733463
ab,mp,7,128,65,inverse,12838.11,12838.11,12838.11,3418.11,3418.11,3418.11,73.37528654918832,3.7559089672362798
ab,mp,8,256,65,forward,25031.11,25031.11,25031.11,7594.11,7594.11,7594.11,69.66131346152848,3.2961215995027726
ab,mp,8,256,65,inverse,28666.11,28666.11,28666.11,7352.11,7352.11,7352.12,74.3526066145703,3.899031706544108
ab,mp,9,512,65,forward,56559.11,56559.11,56559.12,17099.11,17099.11,17099.11,69.76771734915914,3.307722448712243
ab,mp,9,512,65,inverse,64586.11,64586.11,64586.12,16467.11,16467.11,16467.11,74.50363553401806,3.922127805061119
ab,mp,10,1024,65,forward,123498.11,123498.11,123498.12,36960.11,36960.11,36960.11,70.07232742266258,3.341389135476058
ab,mp,10,1024,65,inverse,141342.11,141342.11,141342.12,35441.11,35441.11,35441.11,74.92530003974045,3.9880836125053643
ab,mp,4,16,66,forward,897.11,897.11,897.11,324.11,324.11,324.11,63.87176600416894,2.7679182993428157
ab,mp,4,16,66,inverse,1026.11,1026.11,1026.11,350.11,350.11,350.11,65.87987642650397,2.9308217417383102
ab,mp,5,32,66,forward,2121.11,2121.11,2121.11,726.11,726.11,726.11,65.76745194732948,2.921196512925039
ab,mp,5,32,66,inverse,2418.11,2418.11,2418.12,743.11,743.11,743.11,69.26897452969469,3.254040451615508
ab,mp,6,64,66,forward,4852.11,4852.11,4852.11,1502.11,1502.11,1502.11,69.04212806387324,3.2301961906917604
ab,mp,6,64,66,inverse,5558.11,5558.11,5558.11,1523.11,1523.11,1523.11,72.59662007408994,3.6491848914392264
ab,mp,7,128,66,forward,11244.11,11244.11,11244.11,3485.11,3485.11,3485.11,69.0050168488213,3.226328580733463
ab,mp,7,128,66,inverse,12838.11,12838.11,12838.11,3418.11,3418.11,3418.11,73.37528654918832,3.7559089672362798
ab,mp,8,256,66,forward,25031.11,25031.11,25031.11,7594.11,7594.11,7594.12,69.66131346152848,3.2961215995027726
ab,mp,8,256,66,inverse,28666.11,28666.11,28666.11,7352.11,7352.11,7352.11,74.3526066145703,3.899031706544108
ab,mp,9,512,66,forward,56559.11,56559.11,56559.12,17099.11,17099.11,17099.11,69.76771734915914,3.307722448712243
ab,mp,9,512,66,inverse,64586.11,64586.11,64586.12,16467.11,16467.11,16467.11,74.50363553401806,3.922127805061119
ab,mp,10,1024,66,forward,123498.11,123498.11,123498.12,36960.11,36960.11,36960.12,70.07232742266258,3.341389135476058
ab,mp,10,1024,66,inverse,141342.11,141342.11,141342.12,35441.11,35441.11,35441.12,74.92530003974045,3.9880836125053643
ab,mp,4,16,67,forward,897.11,897.11,897.11,324.11,324.11,324.11,63.87176600416894,2.7679182993428157
ab,mp,4,16,67,inverse,1026.11,1026.11,1026.11,350.11,350.11,350.11,65.87987642650397,2.9308217417383102
ab,mp,5,32,67,forward,2121.11,2121.11,2121.11,726.11,726.11,726.11,65.76745194732948,2.921196512925039
ab,mp,5,32,67,inverse,2418.11,2418.11,2418.11,743.11,743.11,743.11,69.26897452969469,3.254040451615508
ab,mp,6,64,67,forward,4852.11,4852.11,4852.11,1502.11,1502.11,1502.11,69.04212806387324,3.2301961906917604
ab,mp,6,64,67,inverse,5558.11,5558.11,5558.11,1523.11,1523.11,1523.11,72.59662007408994,3.6491848914392264
ab,mp,7,128,67,forward,11244.11,11244.11,11244.11,3485.11,3485.11,3485.11,69.0050168488213,3.226328580733463
ab,mp,7,128,67,inverse,12838.11,12838.11,12838.12,3418.11,3418.11,3418.11,73.37528654918832,3.7559089672362798
ab,mp,8,256,67,forward,25031.11,25031.11,25031.11,7594.11,7594.11,7594.11,69.66131346152848,3.2961215995027726
ab,mp,8,256,67,inverse,28666.11,28666.11,28666.12,7352.11,7352.11,7352.11,74.3526066145703,3.899031706544108
ab,mp,9,512,67,forward,56559.11,56559.11,56559.12,17099.11,17099.11,17099.11,69.76771734915914,3.307722448712243
ab,mp,9,512,67,inverse,64586.11,64586.11,64586.12,16467.11,16467.11,16467.11,74.50363553401806,3.922127805061119
ab,mp,10,1024,67,forward,123498.11,123498.11,123498.12,36960.11,36960.11,36960.11,70.07232742266258,3.341389135476058
ab,mp,10,1024,67,inverse,141342.11,141342.11,141342.12,35441.11,35441.11,35441.11,74.92530003974045,3.9880836125053643
ab,mp,4,16,68,forward,897.11,897.11,897.11,324.11,324.11,324.11,63.87176600416894,2.7679182993428157
ab,mp,4,16,68,inverse,1026.11,1026.11,1026.11,350.11,350.11,350.11,65.87987642650397,2.9308217417383102
ab,mp,5,32,68,forward,2121.11,2121.11,2121.11,726.11,726.11,726.11,65.76745194732948,2.921196512925039
ab,mp,5,32,68,inverse,2418.11,2418.11,2418.11,743.11,743.11,743.11,69.26897452969469,3.254040451615508
ab,mp,6,64,68,forward,4852.11,4852.11,4852.11,1502.11,1502.11,1502.11,69.04212806387324,3.2301961906917604
ab,mp,6,64,68,inverse,5558.11,5558.11,5558.11,1523.11,1523.11,1523.11,72.59662007408994,3.6491848914392264
ab,mp,7,128,68,forward,11244.11,11244.11,11244.12,3485.11,3485.11,3485.11,69.0050168488213,3.226328580733463
ab,mp,7,128,68,inverse,12838.11,12838.11,12838.11,3418.11,3418.11,3418.11,73.37528654918832,3.7559089672362798
ab,mp,8,256,68,forward,25031.11,25031.11,25031.11,7594.11,7594.11,7594.11,69.66131346152848,3.2961215995027726
ab,mp,8,256,68,inverse,28666.11,28666.11,28666.12,7352.11,7352.11,7352.11,74.3526066145703,3.899031706544108
ab,mp,9,512,68,forward,56559.11,56559.11,56559.12,17099.11,17099.11,17099.11,69.76771734915914,3.307722448712243
ab,mp,9,512,68,inverse,64586.11,64586.11,64586.12,16467.11,16467.11,16467.11,74.50363553401806,3.922127805061119
ab,mp,10,1024,68,forward,123498.11,123498.11,123498.12,36960.11,36960.11,36960.12,70.07232742266258,3.341389135476058
ab,mp,10,1024,68,inverse,141342.11,141342.11,141342.12,35441.11,35441.11,35441.11,74.92530003974045,3.9880836125053643
ab,mp,4,16,69,forward,897.11,897.11,897.11,324.11,324.11,324.11,63.87176600416894,2.7679182993428157
ab,mp,4,16,69,inverse,1026.11,1026.11,1026.11,350.11,350.11,350.11,65.87987642650397,2.9308217417383102
ab,mp,5,32,69,forward,2121.11,2121.11,2121.11,726.11,726.11,726.11,65.76745194732948,2.921196512925039
ab,mp,5,32,69,inverse,2418.11,2418.11,2418.12,743.11,743.11,743.11,69.26897452969469,3.254040451615508
ab,mp,6,64,69,forward,4852.11,4852.11,4852.11,1502.11,1502.11,1502.11,69.04212806387324,3.2301961906917604
ab,mp,6,64,69,inverse,5558.11,5558.11,5558.11,1523.11,1523.11,1523.11,72.59662007408994,3.6491848914392264
ab,mp,7,128,69,forward,11244.11,11244.11,11244.11,3485.11,3485.11,3485.11,69.0050168488213,3.226328580733463
ab,mp,7,128,69,inverse,12838.11,12838.11,12838.11,3418.11,3418.11,3418.11,73.37528654918832,3.7559089672362798
ab,mp,8,256,69,forward,25031.11,25031.11,25031.12,7594.11,7594.11,7594.11,69.66131346152848,3.2961215995027726
ab,mp,8,256,69,inverse,28666.11,28666.11,28666.11,7352.11,7352.11,7352.11,74.3526066145703,3.899031706544108
ab,mp,9,512,69,forward,56559.11,56559.11,56559.11,17099.11,17099.11,17099.12,69.76771734915914,3.307722448712243
ab,mp,9,512,69,inverse,64586.11,64586.11,64586.11,16467.11,16467.11,16467.12,74.50363553401806,3.922127805061119
ab,mp,10,1024,69,forward,123498.11,123498.11,123498.12,36960.11,36960.11,36960.12,70.07232742266258,3.341389135476058
ab,mp,10,1024,69,inverse,141342.11,141342.11,141342.12,35441.11,35441.11,35441.11,74.92530003974045,3.9880836125053643
ab,mp,4,16,70,forward,897.11,897.11,897.11,324.11,324.11,324.11,63.87176600416894,2.7679182993428157
ab,mp,4,16,70,inverse,1026.11,1026.11,1026.11,350.11,350.11,350.11,65.87987642650397,2.9308217417383102
ab,mp,5,32,70,forward,2121.11,2121.11,2121.11,726.11,726.11,726.11,65.76745194732948,2.921196512925039
ab,mp,5,32,70,inverse,2418.11,2418.11,2418.11,743.11,743.11,743.11,69.26897452969469,3.254040451615508
ab,mp,6,64,70,forward,4852.11,4852.11,4852.11,1502.11,1502.11,1502.11,69.04212806387324,3.2301961906917604
ab,mp,6,64,70,inverse,5558.11,5558.11,5558.11,1523.11,1523.11,1523.11,72.59662007408994,3.6491848914392264
ab,mp,7,128,70,forward,11244.11,11244.11,11244.11,3485.11,3485.11,3485.11,69.0050168488213,3.226328580733463
ab,mp,7,128,70,inverse,12838.11,12838.11,12838.12,3418.11,3418.11,3418.11,73.37528654918832,3.7559089672362798
ab,mp,8,256,70,forward,25031.11,25031.11,25031.11,7594.11,7594.11,7594.11,69.66131346152848,3.2961215995027726
ab,mp,8,256,70,inverse,28666.11,28666.11,28666.11,7352.11,7352.11,7352.11,74.3526066145703,3.899031706544108
ab,mp,9,512,70,forward,56559.11,56559.11,56559.11,17099.11,17099.11,17099.11,69.76771734915914,3.307722448712243
ab,mp,9,512,70,inverse,64586.11,64586.11,64586.12,16467.11,16467.11,16467.11,74.50363553401806,3.922127805061119
ab,mp,10,1024,70,forward,123498.11,123498.11,123498.12,36960.11,36960.11,36960.11,70.07232742266258,3.341389135476058
ab,mp,10,1024,70,inverse,141342.11,141342.11,141342.12,35441.11,35441.11,35441.11,74.92530003974045,3.9880836125053643
ab,mp,4,16,71,forward,897.11,897.11,897.11,324.11,324.11,324.11,63.87176600416894,2.7679182993428157
ab,mp,4,16,71,inverse,1026.11,1026.11,1026.11,350.11,350.11,350.11,65.87987642650397,2.9308217417383102
ab,mp,5,32,71,forward,2121.11,2121.11,2121.11,726.11,726.11,726.11,65.76745194732948,2.921196512925039
ab,mp,5,32,71,inverse,2418.11,2418.11,2418.11,743.11,743.11,743.11,69.26897452969469,3.254040451615508
ab,mp,6,64,71,forward,4852.11,4852.11,4852.11,1502.11,1502.11,1502.11,69.04212806387324,3.2301961906917604
ab,mp,6,64,71,inverse,5558.11,5558.11,5558.11,1523.11,1523.11,1523.11,72.59662007408994,3.6491848914392264
ab,mp,7,128,71,forward,11244.11,11244.11,11244.11,3485.11,3485.11,3485.12,69.0050168488213,3.226328580733463
ab,mp,7,128,71,inverse,12838.11,12838.11,12838.11,3418.11,3418.11,3418.11,73.37528654918832,3.7559089672362798
ab,mp,8,256,71,forward,25031.11,25031.11,25031.11,7594.11,7594.11,7594.11,69.66131346152848,3.2961215995027726
ab,mp,8,256,71,inverse,28666.11,28666.11,28666.12,7352.11,7352.11,7352.11,74.3526066145703,3.899031706544108
ab,mp,9,512,71,forward,56559.11,56559.11,56559.11,17099.11,17099.11,17099.12,69.76771734915914,3.307722448712243
ab,mp,9,512,71,inverse,64586.11,64586.11,64586.12,16467.11,16467.11,16467.11,74.50363553401806,3.922127805061119
ab,mp,10,1024,71,forward,123498.11,123498.11,123498.12,36960.11,36960.11,36960.12,70.07232742266258,3.341389135476058
ab,mp,10,1024,71,inverse,141342.11,141342.11,141342.12,35441.11,35441.11,35441.12,74.92530003974045,3.9880836125053643
ab,mp,4,16,72,forward,897.11,897.11,897.11,324.11,324.11,324.11,63.87176600416894,2.7679182993428157
ab,mp,4,16,72,inverse,1026.11,1026.11,1026.11,350.11,350.11,350.11,65.87987642650397,2.9308217417383102
ab,mp,5,32,72,forward,2121.11,2121.11,2121.11,726.11,726.11,726.11,65.76745194732948,2.921196512925039
ab,mp,5,32,72,inverse,2418.11,2418.11,2418.11,743.11,743.11,743.11,69.26897452969469,3.254040451615508
ab,mp,6,64,72,forward,4852.11,4852.11,4852.12,1502.11,1502.11,1502.11,69.04212806387324,3.2301961906917604
ab,mp,6,64,72,inverse,5558.11,5558.11,5558.11,1523.11,1523.11,1523.11,72.59662007408994,3.6491848914392264
ab,mp,7,128,72,forward,11244.11,11244.11,11244.11,3485.11,3485.11,3485.11,69.0050168488213,3.226328580733463
ab,mp,7,128,72,inverse,12838.11,12838.11,12838.11,3418.11,3418.11,3418.11,73.37528654918832,3.7559089672362798
ab,mp,8,256,72,forward,25031.11,25031.11,25031.12,7594.11,7594.11,7594.11,69.66131346152848,3.2961215995027726
ab,mp,8,256,72,inverse,28666.11,28666.11,28666.11,7352.11,7352.11,7352.11,74.3526066145703,3.899031706544108
ab,mp,9,512,72,forward,56559.11,56559.11,56559.12,17099.11,17099.11,17099.11,69.76771734915914,3.307722448712243
ab,mp,9,512,72,inverse,64586.11,64586.11,64586.12,16467.11,16467.11,16467.11,74.50363553401806,3.922127805061119
ab,mp,10,1024,72,forward,123498.11,123498.11,123498.12,36960.11,36960.11,36960.11,70.07232742266258,3.341389135476058
ab,mp,10,1024,72,inverse,141342.11,141342.11,141342.12,35441.11,35441.11,35441.12,74.92530003974045,3.9880836125053643
ab,mp,4,16,73,forward,897.11,897.11,897.11,324.11,324.11,324.11,63.87176600416894,2.7679182993428157
ab,mp,4,16,73,inverse,1026.11,1026.11,1026.11,350.11,350.11,350.11,65.87987642650397,2.9308217417383102
ab,mp,5,32,73,forward,2121.11,2121.11,2121.11,726.11,726.11,726.11,65.76745194732948,2.921196512925039
ab,mp,5,32,73,inverse,2418.11,2418.11,2418.11,743.11,743.11,743.11,69.26897452969469,3.254040451615508
ab,mp,6,64,73,forward,4852.11,4852.11,4852.11,1502.11,1502.11,1502.11,69.04212806387324,3.2301961906917604
ab,mp,6,64,73,inverse,5558.11,5558.11,5558.11,1523.11,1523.11,1523.11,72.59662007408994,3.6491848914392264
ab,mp,7,128,73,forward,11244.11,11244.11,11244.11,3485.11,3485.11,3485.11,69.0050168488213,3.226328580733463
ab,mp,7,128,73,inverse,12838.11,12838.11,12838.11,3418.11,3418.11,3418.11,73.37528654918832,3.7559089672362798
ab,mp,8,256,73,forward,25031.11,25031.11,25031.11,7594.11,7594.11,7594.11,69.66131346152848,3.2961215995027726
ab,mp,8,256,73,inverse,28666.11,28666.11,28666.11,7352.11,7352.11,7352.11,74.3526066145703,3.899031706544108
ab,mp,9,512,73,forward,56559.11,56559.11,56559.12,17099.11,17099.11,17099.11,69.76771734915914,3.307722448712243
ab,mp,9,512,73,inverse,64586.11,64586.11,64586.12,16467.11,16467.11,16467.11,74.50363553401806,3.922127805061119
ab,mp,10,1024,73,forward,123498.11,123498.11,123498.12,36960.11,36960.11,36960.12,70.07232742266258,3.341389135476058
ab,mp,10,1024,73,inverse,141342.11,141342.11,141342.12,35441.11,35441.11,35441.11,74.92530003974045,3.9880836125053643
ab,mp,4,16,74,forward,897.11,897.11,897.11,324.11,324.11,324.11,63.87176600416894,2.7679182993428157
ab,mp,4,16,74,inverse,1026.11,1026.11,1026.11,350.11,350.11,350.11,65.87987642650397,2.9308217417383102
ab,mp,5,32,74,forward,2121.11,2121.11,2121.11,726.11,726.11,726.11,65.76745194732948,2.921196512925039
ab,mp,5,32,74,inverse,2418.11,2418.11,2418.11,743.11,743.11,743.11,69.26897452969469,3.254040451615508
ab,mp,6,64,74,forward,4852.11,4852.11,4852.11,1502.11,1502.11,1502.11,69.04212806387324,3.2301961906917604
ab,mp,6,64,74,inverse,5558.11,5558.11,5558.11,1523.11,1523.11,1523.11,72.59662007408994,3.6491848914392264
ab,mp,7,128,74,forward,11244.11,11244.11,11244.12,3485.11,3485.11,3485.11,69.0050168488213,3.226328580733463
ab,mp,7,128,74,inverse,12838.11,12838.11,12838.11,3418.11,3418.11,3418.11,73.37528654918832,3.7559089672362798
ab,mp,8,256,74,forward,25031.11,25031.11,25031.11,7594.11,7594.11,7594.11,69.66131346152848,3.2961215995027726
ab,mp,8,256,74,inverse,28666.11,28666.11,28666.12,7352.11,7352.11,7352.11,74.3526066145703,3.899031706544108
ab,mp,9,512,74,forward,56559.11,56559.11,56559.12,17099.11,17099.11,17099.11,69.76771734915914,3.307722448712243
ab,mp,9,512,74,inverse,64586.11,64586.11,64586.11,16467.11,16467.11,16467.12,74.50363553401806,3.922127805061119
ab,mp,10,1024,74,forward,123498.11,123498.11,123498.12,36960.11,36960.11,36960.11,70.07232742266258,3.341389135476058
ab,mp,10,1024,74,inverse,141342.11,141342.11,141342.12,35441.11,35441.11,35441.12,74.92530003974045,3.9880836125053643
ab,mp,4,16,75,forward,897.11,897.11,897.11,324.11,324.11,324.11,63.87176600416894,2.7679182993428157
ab,mp,4,16,75,inverse,1026.11,1026.11,1026.11,350.11,350.11,350.11,65.87987642650397,2.9308217417383102
ab,mp,5,32,75,forward,2121.11,2121.11,2121.11,726.11,726.11,726.11,65.76745194732948,2.921196512925039
ab,mp,5,32,75,inverse,2418.11,2418.11,2418.11,743.11,743.11,743.11,69.26897452969469,3.254040451615508
ab,mp,6,64,75,forward,4852.11,4852.11,4852.11,1502.11,1502.11,1502.12,69.04212806387324,3.2301961906917604
ab,mp,6,64,75,inverse,5558.11,5558.11,5558.11,1523.11,1523.11,1523.11,72.59662007408994,3.6491848914392264
ab,mp,7,128,75,forward,11244.11,11244.11,11244.11,3485.11,3485.11,3485.11,69.0050168488213,3.226328580733463
ab,mp,7,128,75,inverse,12838.11,12838.11,12838.11,3418.11,3418.11,3418.11,73.37528654918832,3.7559089672362798
ab,mp,8,256,75,forward,25031.11,25031.11,25031.12,7594.11,7594.11,7594.11,69.66131346152848,3.2961215995027726
ab,mp,8,256,75,inverse,28666.11,28666.11,28666.11,7352.11,7352.11,7352.11,74.3526066145703,3.899031706544108
ab,mp,9,512,75,forward,56559.11,56559.11,56559.12,17099.11,17099.11,17099.11,69.76771734915914,3.307722448712243
ab,mp,9,512,75,inverse,64586.11,64586.11,64586.12,16467.11,16467.11,16467.11,74.50363553401806,3.922127805061119
ab,mp,10,1024,75,forward,123498.11,123498.11,123498.12,36960.11,36960.11,36960.11,70.07232742266258,3.341389135476058
ab,mp,10,1024,75,inverse,141342.11,141342.11,141342.12,35441.11,35441.11,35441.11,74.92530003974045,3.9880836125053643
ab,mp,4,16,76,forward,897.11,897.11,897.11,324.11,324.11,324.11,63.87176600416894,2.7679182993428157
ab,mp,4,16,76,inverse,1026.11,1026.11,1026.11,350.11,350.11,350.11,65.87987642650397,2.9308217417383102
ab,mp,5,32,76,forward,2121.11,2121.11,2121.11,726.11,726.11,726.11,65.76745194732948,2.921196512925039
ab,mp,5,32,76,inverse,2418.11,2418.11,2418.11,743.11,743.11,743.11,69.26897452969469,3.254040451615508
ab,mp,6,64,76,forward,4852.11,4852.11,4852.11,1502.11,1502.11,1502.11,69.04212806387324,3.2301961906917604
ab,mp,6,64,76,inverse,5558.11,5558.11,5558.11,1523.11,1523.11,1523.11,72.59662007408994,3.6491848914392264
ab,mp,7,128,76,forward,11244.11,11244.11,11244.11,3485.11,3485.11,3485.11,69.0050168488213,3.226328580733463
ab,mp,7,128,76,inverse,12838.11,12838.11,12838.11,3418.11,3418.11,3418.11,73.37528654918832,3.7559089672362798
ab,mp,8,256,76,forward,25031.11,25031.11,25031.11,7594.11,7594.11,7594.12,69.66131346152848,3.2961215995027726
ab,mp,8,256,76,inverse,28666.11,28666.11,28666.11,7352.11,7352.11,7352.11,74.3526066145703,3.899031706544108
ab,mp,9,512,76,forward,56559.11,56559.11,56559.11,17099.11,17099.11,17099.12,69.76771734915914,3.307722448712243
ab,mp,9,512,76,inverse,64586.11,64586.11,64586.11,16467.11,16467.11,16467.12,74.50363553401806,3.922127805061119
ab,mp,10,1024,76,forward,123498.11,123498.11,123498.12,36960.11,36960.11,36960.12,70.07232742266258,3.341389135476058
ab,mp,10,1024,76,inverse,141342.11,141342.11,141342.12,35441.11,35441.11,35441.12,74.92530003974045,3.9880836125053643
ab,mp,4,16,77,forward,897.11,897.11,897.11,324.11,324.11,324.11,63.87176600416894,2.7679182993428157
ab,mp,4,16,77,inverse,1026.11,1026.11,1026.11,350.11,350.11,350.11,65.87987642650397,2.9308217417383102
ab,mp,5,32,77,forward,2121.11,2121.11,2121.11,726.11,726.11,726.11,65.76745194732948,2.921196512925039
ab,mp,5,32,77,inverse,2418.11,2418.11,2418.11,743.11,743.11,743.11,69.26897452969469,3.254040451615508
ab,mp,6,64,77,forward,4852.11,4852.11,4852.11,1502.11,1502.11,1502.11,69.04212806387324,3.2301961906917604
ab,mp,6,64,77,inverse,5558.11,5558.11,5558.11,1523.11,1523.11,1523.11,72.59662007408994,3.6491848914392264
ab,mp,7,128,77,forward,11244.11,11244.11,11244.11,3485.11,3485.11,3485.11,69.0050168488213,3.226328580733463
ab,mp,7,128,77,inverse,12838.11,12838.11,12838.11,3418.11,3418.11,3418.11,73.37528654918832,3.7559089672362798
ab,mp,8,256,77,forward,25031.11,25031.11,25031.11,7594.11,7594.11,7594.11,69.66131346152848,3.2961215995027726
ab,mp,8,256,77,inverse,28666.11,28666.11,28666.12,7352.11,7352.11,7352.11,74.3526066145703,3.899031706544108
ab,mp,9,512,77,forward,56559.11,56559.11,56559.12,17099.11,17099.11,17099.11,69.76771734915914,3.307722448712243
ab,mp,9,512,77,inverse,64586.11,64586.11,64586.12,16467.11,16467.11,16467.11,74.50363553401806,3.922127805061119
ab,mp,10,1024,77,forward,123498.11,123498.11,123498.12,36960.11,36960.11,36960.11,70.07232742266258,3.341389135476058
ab,mp,10,1024,77,inverse,141342.11,141342.11,141342.12,35441.11,35441.11,35441.12,74.92530003974045,3.9880836125053643
ab,mp,4,16,78,forward,897.11,897.11,897.11,324.11,324.11,324.11,63.87176600416894,2.7679182993428157
ab,mp,4,16,78,inverse,1026.11,1026.11,1026.11,350.11,350.11,350.11,65.87987642650397,2.9308217417383102
ab,mp,5,32,78,forward,2121.11,2121.11,2121.11,726.11,726.11,726.11,65.76745194732948,2.921196512925039
ab,mp,5,32,78,inverse,2418.11,2418.11,2418.11,743.11,743.11,743.11,69.26897452969469,3.254040451615508
ab,mp,6,64,78,forward,4852.11,4852.11,4852.11,1502.11,1502.11,1502.11,69.04212806387324,3.2301961906917604
ab,mp,6,64,78,inverse,5558.11,5558.11,5558.11,1523.11,1523.11,1523.12,72.59662007408994,3.6491848914392264
ab,mp,7,128,78,forward,11244.11,11244.11,11244.11,3485.11,3485.11,3485.11,69.0050168488213,3.226328580733463
ab,mp,7,128,78,inverse,12838.11,12838.11,12838.11,3418.11,3418.11,3418.11,73.37528654918832,3.7559089672362798
ab,mp,8,256,78,forward,25031.11,25031.11,25031.11,7594.11,7594.11,7594.11,69.66131346152848,3.2961215995027726
ab,mp,8,256,78,inverse,28666.11,28666.11,28666.11,7352.11,7352.11,7352.11,74.3526066145703,3.899031706544108
ab,mp,9,512,78,forward,56559.11,56559.11,56559.11,17099.11,17099.11,17099.12,69.76771734915914,3.307722448712243
ab,mp,9,512,78,inverse,64586.11,64586.11,64586.12,16467.11,16467.11,16467.11,74.50363553401806,3.922127805061119
ab,mp,10,1024,78,forward,123498.11,123498.11,123498.12,36960.11,36960.11,36960.12,70.07232742266258,3.341389135476058
ab,mp,10,1024,78,inverse,141342.11,141342.11,141342.12,35441.11,35441.11,35441.11,74.92530003974045,3.9880836125053643
ab,mp,4,16,79,forward,897.11,897.11,897.11,324.11,324.11,324.11,63.87176600416894,2.7679182993428157
ab,mp,4,16,79,inverse,1026.11,1026.11,1026.12,350.11,350.11,350.11,65.87987642650397,2.9308217417383102
ab,mp,5,32,79,forward,2121.11,2121.11,2121.11,726.11,726.11,726.11,65.76745194732948,2.921196512925039
ab,mp,5,32,79,inverse,2418.11,2418.11,2418.11,743.11,743.11,743.11,69.26897452969469,3.254040451615508
ab,mp,6,64,79,forward,4852.11,4852.11,4852.11,1502.11,1502.11,1502.11,69.04212806387324,3.2301961906917604
ab,mp,6,64,79,inverse,5558.11,5558.11,5558.11,1523.11,1523.11,1523.11,72.59662007408994,3.6491848914392264
ab,mp,7,128,79,forward,11244.11,11244.11,11244.11,3485.11,3485.11,3485.11,69.0050168488213,3.226328580733463
ab,mp,7,128,79,inverse,12838.11,12838.11,12838.11,3418.11,3418.11,3418.11,73.37528654918832,3.7559089672362798
ab,mp,8,256,79,forward,25031.11,25031.11,25031.12,7594.11,7594.11,7594.11,69.66131346152848,3.2961215995027726
ab,mp,8,256,79,inverse,28666.11,28666.11,28666.11,7352.11,7352.11,7352.11,74.3526066145703,3.899031706544108
ab,mp,9,512,79,forward,56559.11,56559.11,56559.12,17099.11,17099.11,17099.11,69.76771734915914,3.307722448712243
ab,mp,9,512,79,inverse,64586.11,64586.11,64586.12,16467.11,16467.11,16467.11,74.50363553401806,3.922127805061119
ab,mp,10,1024,79,forward,123498.11,123498.11,123498.12,36960.11,36960.11,36960.11,70.07232742266258,3.341389135476058
ab,mp,10,1024,79,inverse,141342.11,141342.11,141342.12,35441.11,35441.11,35441.12,74.92530003974045,3.9880836125053643
ab,mp,4,16,80,forward,897.11,897.11,897.11,324.11,324.11,324.11,63.87176600416894,2.7679182993428157
ab,mp,4,16,80,inverse,1026.11,1026.11,1026.11,350.11,350.11,350.11,65.87987642650397,2.9308217417383102
ab,mp,5,32,80,forward,2121.11,2121.11,2121.11,726.11,726.11,726.11,65.76745194732948,2.921196512925039
ab,mp,5,32,80,inverse,2418.11,2418.11,2418.11,743.11,743.11,743.11,69.26897452969469,3.254040451615508
ab,mp,6,64,80,forward,4852.11,4852.11,4852.11,1502.11,1502.11,1502.11,69.04212806387324,3.2301961906917604
ab,mp,6,64,80,inverse,5558.11,5558.11,5558.11,1523.11,1523.11,1523.11,72.59662007408994,3.6491848914392264
ab,mp,7,128,80,forward,11244.11,11244.11,11244.11,3485.11,3485.11,3485.11,69.0050168488213,3.226328580733463
ab,mp,7,128,80,inverse,12838.11,12838.11,12838.12,3418.11,3418.11,3418.11,73.37528654918832,3.7559089672362798
ab,mp,8,256,80,forward,25031.11,25031.11,25031.11,7594.11,7594.11,7594.11,69.66131346152848,3.2961215995027726
ab,mp,8,256,80,inverse,28666.11,28666.11,28666.12,7352.11,7352.11,7352.11,74.3526066145703,3.899031706544108
ab,mp,9,512,80,forward,56559.11,56559.11,56559.12,17099.11,17099.11,17099.11,69.76771734915914,3.307722448712243
ab,mp,9,512,80,inverse,64586.11,64586.11,64586.12,16467.11,16467.11,16467.11,74.50363553401806,3.922127805061119
ab,mp,10,1024,80,forward,123498.11,123498.11,123498.12,36960.11,36960.11,36960.11,70.07232742266258,3.341389135476058
ab,mp,10,1024,80,inverse,141342.11,141342.11,141342.12,35441.11,35441.11,35441.12,74.92530003974045,3.9880836125053643
ab,mp,4,16,81,forward,897.11,897.11,897.11,324.11,324.11,324.11,63.87176600416894,2.7679182993428157
ab,mp,4,16,81,inverse,1026.11,1026.11,1026.11,350.11,350.11,350.11,65.87987642650397,2.9308217417383102
ab,mp,5,32,81,forward,2121.11,2121.11,2121.11,726.11,726.11,726.11,65.76745194732948,2.921196512925039
ab,mp,5,32,81,inverse,2418.11,2418.11,2418.11,743.11,743.11,743.11,69.26897452969469,3.254040451615508
ab,mp,6,64,81,forward,4852.11,4852.11,4852.11,1502.11,1502.11,1502.11,69.04212806387324,3.2301961906917604
ab,mp,6,64,81,inverse,5558.11,5558.11,5558.12,1523.11,1523.11,1523.11,72.59662007408994,3.6491848914392264
ab,mp,7,128,81,forward,11244.11,11244.11,11244.11,3485.11,3485.11,3485.11,69.0050168488213,3.226328580733463
ab,mp,7,128,81,inverse,12838.11,12838.11,12838.11,3418.11,3418.11,3418.11,73.37528654918832,3.7559089672362798
ab,mp,8,256,81,forward,25031.11,25031.11,25031.11,7594.11,7594.11,7594.11,69.66131346152848,3.2961215995027726
ab,mp,8,256,81,inverse,28666.11,28666.11,28666.11,7352.11,7352.11,7352.11,74.3526066145703,3.899031706544108
ab,mp,9,512,81,forward,56559.11,56559.11,56559.11,17099.11,17099.11,17099.12,69.76771734915914,3.307722448712243
ab,mp,9,512,81,inverse,64586.11,64586.11,64586.11,16467.11,16467.11,16467.12,74.50363553401806,3.922127805061119
ab,mp,10,1024,81,forward,123498.11,123498.11,123498.12,36960.11,36960.11,36960.12,70.07232742266258,3.341389135476058
ab,mp,10,1024,81,inverse,141342.11,141342.11,141342.12,35441.11,35441.11,35441.11,74.92530003974045,3.9880836125053643
ab,mp,4,16,82,forward,897.11,897.11,897.11,324.11,324.11,324.11,63.87176600416894,2.7679182993428157
ab,mp,4,16,82,inverse,1026.11,1026.11,1026.11,350.11,350.11,350.11,65.87987642650397,2.9308217417383102
ab,mp,5,32,82,forward,2121.11,2121.11,2121.11,726.11,726.11,726.11,65.76745194732948,2.921196512925039
ab,mp,5,32,82,inverse,2418.11,2418.11,2418.11,743.11,743.11,743.11,69.26897452969469,3.254040451615508
ab,mp,6,64,82,forward,4852.11,4852.11,4852.11,1502.11,1502.11,1502.11,69.04212806387324,3.2301961906917604
ab,mp,6,64,82,inverse,5558.11,5558.11,5558.11,1523.11,1523.11,1523.11,72.59662007408994,3.6491848914392264
ab,mp,7,128,82,forward,11244.11,11244.11,11244.11,3485.11,3485.11,3485.11,69.0050168488213,3.226328580733463
ab,mp,7,128,82,inverse,12838.11,12838.11,12838.11,3418.11,3418.11,3418.11,73.37528654918832,3.7559089672362798
ab,mp,8,256,82,forward,25031.11,25031.11,25031.11,7594.11,7594.11,7594.12,69.66131346152848,3.2961215995027726
ab,mp,8,256,82,inverse,28666.11,28666.11,28666.11,7352.11,7352.11,7352.11,74.3526066145703,3.899031706544108
ab,mp,9,512,82,forward,56559.11,56559.11,56559.12,17099.11,17099.11,17099.11,69.76771734915914,3.307722448712243
ab,mp,9,512,82,inverse,64586.11,64586.11,64586.12,16467.11,16467.11,16467.11,74.50363553401806,3.922127805061119
ab,mp,10,1024,82,forward,123498.11,123498.11,123498.12,36960.11,36960.11,36960.11,70.07232742266258,3.341389135476058
ab,mp,10,1024,82,inverse,141342.11,141342.11,141342.12,35441.11,35441.11,35441.11,74.92530003974045,3.9880836125053643
ab,mp,4,16,83,forward,897.11,897.11,897.11,324.11,324.11,324.11,63.87176600416894,2.7679182993428157
ab,mp,4,16,83,inverse,1026.11,1026.11,1026.11,350.11,350.11,350.11,65.87987642650397,2.9308217417383102
ab,mp,5,32,83,forward,2121.11,2121.11,2121.11,726.11,726.11,726.11,65.76745194732948,2.921196512925039
ab,mp,5,32,83,inverse,2418.11,2418.11,2418.11,743.11,743.11,743.11,69.26897452969469,3.254040451615508
ab,mp,6,64,83,forward,4852.11,4852.11,4852.11,1502.11,1502.11,1502.11,69.04212806387324,3.2301961906917604
ab,mp,6,64,83,inverse,5558.11,5558.11,5558.11,1523.11,1523.11,1523.11,72.59662007408994,3.6491848914392264
ab,mp,7,128,83,forward,11244.11,11244.11,11244.11,3485.11,3485.11,3485.11,69.0050168488213,3.226328580733463
ab,mp,7,128,83,inverse,12838.11,12838.11,12838.12,3418.11,3418.11,3418.11,73.37528654918832,3.7559089672362798
ab,mp,8,256,83,forward,25031.11,25031.11,25031.11,7594.11,7594.11,7594.11,69.66131346152848,3.2961215995027726
ab,mp,8,256,83,inverse,28666.11,28666.11,28666.12,7352.11,7352.11,7352.11,74.3526066145703,3.899031706544108
ab,mp,9,512,83,forward,56559.11,56559.11,56559.11,17099.11,17099.11,17099.12,69.76771734915914,3.307722448712243
ab,mp,9,512,83,inverse,64586.11,64586.11,64586.12,16467.11,16467.11,16467.11,74.50363553401806,3.922127805061119
ab,mp,10,1024,83,forward,123498.11,123498.11,123498.12,36960.11,36960.11,36960.12,70.07232742266258,3.341389135476058
ab,mp,10,1024,83,inverse,141342.11,141342.11,141342.12,35441.11,35441.11,35441.11,74.92530003974045,3.9880836125053643
ab,mp,4,16,84,forward,897.11,897.11,897.11,324.11,324.11,324.11,63.87176600416894,2.7679182993428157
ab,mp,4,16,84,inverse,1026.11,1026.11,1026.11,350.11,350.11,350.11,65.87987642650397,2.9308217417383102
ab,mp,5,32,84,forward,2121.11,2121.11,2121.11,726.11,726.11,726.11,65.76745194732948,2.921196512925039
ab,mp,5,32,84,inverse,2418.11,2418.11,2418.11,743.11,743.11,743.11,69.26897452969469,3.254040451615508
ab,mp,6,64,84,forward,4852.11,4852.11,4852.11,1502.11,1502.11,1502.11,69.04212806387324,3.2301961906917604
ab,mp,6,64,84,inverse,5558.11,5558.11,5558.12,1523.11,1523.11,1523.11,72.59662007408994,3.6491848914392264
ab,mp,7,128,84,forward,11244.11,11244.11,11244.11,3485.11,3485.11,3485.11,69.0050168488213,3.226328580733463
ab,mp,7,128,84,inverse,12838.11,12838.11,12838.11,3418.11,3418.11,3418.11,73.37528654918832,3.7559089672362798
ab,mp,8,256,84,forward,25031.11,25031.11,25031.11,7594.11,7594.11,7594.11,69.66131346152848,3.2961215995027726
ab,mp,8,256,84,inverse,28666.11,28666.11,28666.12,7352.11,7352.11,7352.11,74.3526066145703,3.899031706544108
ab,mp,9,512,84,forward,56559.11,56559.11,56559.12,17099.11,17099.11,17099.11,69.76771734915914,3.307722448712243
ab,mp,9,512,84,inverse,64586.11,64586.11,64586.12,16467.11,16467.11,16467.11,74.50363553401806,3.922127805061119
ab,mp,10,1024,84,forward,123498.11,123498.11,123498.12,36960.11,36960.11,36960.11,70.07232742266258,3.341389135476058
ab,mp,10,1024,84,inverse,141342.11,141342.11,141342.12,35441.11,35441.11,35441.11,74.92530003974045,3.9880836125053643
ab,mp,4,16,85,forward,897.11,897.11,897.11,324.11,324.11,324.11,63.87176600416894,2.7679182993428157
ab,mp,4,16,85,inverse,1026.11,1026.11,1026.11,350.11,350.11,350.11,65.87987642650397,2.9308217417383102
ab,mp,5,32,85,forward,2121.11,2121.11,2121.11,726.11,726.11,726.11,65.76745194732948,2.921196512925039
ab,mp,5,32,85,inverse,2418.11,2418.11,2418.11,743.11,743.11,743.11,69.26897452969469,3.254040451615508
ab,mp,6,64,85,forward,4852.11,4852.11,4852.11,1502.11,1502.11,1502.11,69.04212806387324,3.2301961906917604
ab,mp,6,64,85,inverse,5558.11,5558.11,5558.11,1523.11,1523.11,1523.11,72.59662007408994,3.6491848914392264
ab,mp,7,128,85,forward,11244.11,11244.11,11244.11,3485.11,3485.11,3485.11,69.0050168488213,3.226328580733463
ab,mp,7,128,85,inverse,12838.11,12838.11,12838.11,3418.11,3418.11,3418.11,73.37528654918832,3.7559089672362798
ab,mp,8,256,85,forward,25031.11,25031.11,25031.12,7594.11,7594.11,7594.11,69.66131346152848,3.2961215995027726
ab,mp,8,256,85,inverse,28666.11,28666.11,28666.11,7352.11,7352.11,7352.11,74.3526066145703,3.899031706544108
ab,mp,9,512,85,forward,56559.11,56559.11,56559.12,17099.11,17099.11,17099.11,69.76771734915914,3.307722448712243
ab,mp,9,512,85,inverse,64586.11,64586.11,64586.12,16467.11,16467.11,16467.11,74.50363553401806,3.922127805061119
ab,mp,10,1024,85,forward,123498.11,123498.11,123498.12,36960.11,36960.11,36960.11,70.07232742266258,3.341389135476058
ab,mp,10,1024,85,inverse,141342.11,141342.11,141342.12,35441.11,35441.11,35441.12,74.92530003974045,3.9880836125053643
ab,mp,4,16,86,forward,897.11,897.11,897.11,324.11,324.11,324.11,63.87176600416894,2.7679182993428157
ab,mp,4,16,86,inverse,1026.11,1026.11,1026.11,350.11,350.11,350.11,65.87987642650397,2.9308217417383102
ab,mp,5,32,86,forward,2121.11,2121.11,2121.11,726.11,726.11,726.11,65.76745194732948,2.921196512925039
ab,mp,5,32,86,inverse,2418.11,2418.11,2418.11,743.11,743.11,743.11,69.26897452969469,3.254040451615508
ab,mp,6,64,86,forward,4852.11,4852.11,4852.11,1502.11,1502.11,1502.11,69.04212806387324,3.2301961906917604
ab,mp,6,64,86,inverse,5558.11,5558.11,5558.11,1523.11,1523.11,1523.11,72.59662007408994,3.6491848914392264
ab,mp,7,128,86,forward,11244.11,11244.11,11244.11,3485.11,3485.11,3485.11,69.0050168488213,3.226328580733463
ab,mp,7,128,86,inverse,12838.11,12838.11,12838.12,3418.11,3418.11,3418.11,73.37528654918832,3.7559089672362798
ab,mp,8,256,86,forward,25031.11,25031.11,25031.11,7594.11,7594.11,7594.11,69.66131346152848,3.2961215995027726
ab,mp,8,256,86,inverse,28666.11,28666.11,28666.12,7352.11,7352.11,7352.11,74.3526066145703,3.899031706544108
ab,mp,9,512,86,forward,56559.11,56559.11,56559.12,17099.11,17099.11,17099.11,69.76771734915914,3.307722448712243
ab,mp,9,512,86,inverse,64586.11,64586.11,64586.11,16467.11,16467.11,16467.12,74.50363553401806,3.922127805061119
ab,mp,10,1024,86,forward,123498.11,123498.11,123498.12,36960.11,36960.11,36960.12,70.07232742266258,3.341389135476058
ab,mp,10,1024,86,inverse,141342.11,141342.11,141342.12,35441.11,35441.11,35441.11,74.92530003974045,3.9880836125053643
ab,mp,4,16,87,forward,897.11,897.11,897.11,324.11,324.11,324.11,63.87176600416894,2.7679182993428157
ab,mp,4,16,87,inverse,1026.11,1026.11,1026.11,350.11,350.11,350.11,65.87987642650397,2.9308217417383102
ab,mp,5,32,87,forward,2121.11,2121.11,2121.11,726.11,726.11,726.11,65.76745194732948,2.921196512925039
ab,mp,5,32,87,inverse,2418.11,2418.11,2418.11,743.11,743.11,743.11,69.26897452969469,3.254040451615508
ab,mp,6,64,87,forward,4852.11,4852.11,4852.11,1502.11,1502.11,1502.11,69.04212806387324,3.2301961906917604
ab,mp,6,64,87,inverse,5558.11,5558.11,5558.11,1523.11,1523.11,1523.11,72.59662007408994,3.6491848914392264
ab,mp,7,128,87,forward,11244.11,11244.11,11244.11,3485.11,3485.11,3485.11,69.0050168488213,3.226328580733463
ab,mp,7,128,87,inverse,12838.11,12838.11,12838.11,3418.11,3418.11,3418.11,73.37528654918832,3.7559089672362798
ab,mp,8,256,87,forward,25031.11,25031.11,25031.11,7594.11,7594.11,7594.11,69.66131346152848,3.2961215995027726
ab,mp,8,256,87,inverse,28666.11,28666.11,28666.12,7352.11,7352.11,7352.11,74.3526066145703,3.899031706544108
ab,mp,9,512,87,forward,56559.11,56559.11,56559.12,17099.11,17099.11,17099.11,69.76771734915914,3.307722448712243
ab,mp,9,512,87,inverse,64586.11,64586.11,64586.12,16467.11,16467.11,16467.11,74.50363553401806,3.922127805061119
ab,mp,10,1024,87,forward,123498.11,123498.11,123498.12,36960.11,36960.11,36960.11,70.07232742266258,3.341389135476058
ab,mp,10,1024,87,inverse,141342.11,141342.11,141342.12,35441.11,35441.11,35441.11,74.92530003974045,3.9880836125053643
ab,mp,4,16,88,forward,897.11,897.11,897.11,324.11,324.11,324.11,63.87176600416894,2.7679182993428157
ab,mp,4,16,88,inverse,1026.11,1026.11,1026.11,350.11,350.11,350.11,65.87987642650397,2.9308217417383102
ab,mp,5,32,88,forward,2121.11,2121.11,2121.11,726.11,726.11,726.11,65.76745194732948,2.921196512925039
ab,mp,5,32,88,inverse,2418.11,2418.11,2418.12,743.11,743.11,743.11,69.26897452969469,3.254040451615508
ab,mp,6,64,88,forward,4852.11,4852.11,4852.11,1502.11,1502.11,1502.11,69.04212806387324,3.2301961906917604
ab,mp,6,64,88,inverse,5558.11,5558.11,5558.11,1523.11,1523.11,1523.11,72.59662007408994,3.6491848914392264
ab,mp,7,128,88,forward,11244.11,11244.11,11244.11,3485.11,3485.11,3485.11,69.0050168488213,3.226328580733463
ab,mp,7,128,88,inverse,12838.11,12838.11,12838.11,3418.11,3418.11,3418.11,73.37528654918832,3.7559089672362798
ab,mp,8,256,88,forward,25031.11,25031.11,25031.11,7594.11,7594.11,7594.12,69.66131346152848,3.2961215995027726
ab,mp,8,256,88,inverse,28666.11,28666.11,28666.11,7352.11,7352.11,7352.11,74.3526066145703,3.899031706544108
ab,mp,9,512,88,forward,56559.11,56559.11,56559.12,17099.11,17099.11,17099.11,69.76771734915914,3.307722448712243
ab,mp,9,512,88,inverse,64586.11,64586.11,64586.12,16467.11,16467.11,16467.11,74.50363553401806,3.922127805061119
ab,mp,10,1024,88,forward,123498.11,123498.11,123498.12,36960.11,36960.11,36960.12,70.07232742266258,3.341389135476058
ab,mp,10,1024,88,inverse,141342.11,141342.11,141342.12,35441.11,35441.11,35441.12,74.92530003974045,3.9880836125053643
ab,mp,4,16,89,forward,897.11,897.11,897.11,324.11,324.11,324.11,63.87176600416894,2.7679182993428157
ab,mp,4,16,89,inverse,1026.11,1026.11,1026.11,350.11,350.11,350.11,65.87987642650397,2.9308217417383102
ab,mp,5,32,89,forward,2121.11,2121.11,2121.11,726.11,726.11,726.11,65.76745194732948,2.921196512925039
ab,mp,5,32,89,inverse,2418.11,2418.11,2418.11,743.11,743.11,743.11,69.26897452969469,3.254040451615508
ab,mp,6,64,89,forward,4852.11,4852.11,4852.11,1502.11,1502.11,1502.11,69.04212806387324,3.2301961906917604
ab,mp,6,64,89,inverse,5558.11,5558.11,5558.11,1523.11,1523.11,1523.11,72.59662007408994,3.6491848914392264
ab,mp,7,128,89,forward,11244.11,11244.11,11244.11,3485.11,3485.11,3485.11,69.0050168488213,3.226328580733463
ab,mp,7,128,89,inverse,12838.11,12838.11,12838.12,3418.11,3418.11,3418.11,73.37528654918832,3.7559089672362798
ab,mp,8,256,89,forward,25031.11,25031.11,25031.11,7594.11,7594.11,7594.11,69.66131346152848,3.2961215995027726
ab,mp,8,256,89,inverse,28666.11,28666.11,28666.12,7352.11,7352.11,7352.11,74.3526066145703,3.899031706544108
ab,mp,9,512,89,forward,56559.11,56559.11,56559.11,17099.11,17099.11,17099.11,69.76771734915914,3.307722448712243
ab,mp,9,512,89,inverse,64586.11,64586.11,64586.12,16467.11,16467.11,16467.11,74.50363553401806,3.922127805061119
ab,mp,10,1024,89,forward,123498.11,123498.11,123498.12,36960.11,36960.11,36960.11,70.07232742266258,3.341389135476058
ab,mp,10,1024,89,inverse,141342.11,141342.11,141342.12,35441.11,35441.11,35441.11,74.92530003974045,3.9880836125053643
ab,mp,4,16,90,forward,897.11,897.11,897.11,324.11,324.11,324.11,63.87176600416894,2.7679182993428157
ab,mp,4,16,90,inverse,1026.11,1026.11,1026.11,350.11,350.11,350.11,65.87987642650397,2.9308217417383102
ab,mp,5,32,90,forward,2121.11,2121.11,2121.11,726.11,726.11,726.11,65.76745194732948,2.921196512925039
ab,mp,5,32,90,inverse,2418.11,2418.11,2418.11,743.11,743.11,743.11,69.26897452969469,3.254040451615508
ab,mp,6,64,90,forward,4852.11,4852.11,4852.11,1502.11,1502.11,1502.11,69.04212806387324,3.2301961906917604
ab,mp,6,64,90,inverse,5558.11,5558.11,5558.11,1523.11,1523.11,1523.11,72.59662007408994,3.6491848914392264
ab,mp,7,128,90,forward,11244.11,11244.11,11244.11,3485.11,3485.11,3485.12,69.0050168488213,3.226328580733463
ab,mp,7,128,90,inverse,12838.11,12838.11,12838.11,3418.11,3418.11,3418.11,73.37528654918832,3.7559089672362798
ab,mp,8,256,90,forward,25031.11,25031.11,25031.11,7594.11,7594.11,7594.11,69.66131346152848,3.2961215995027726
ab,mp,8,256,90,inverse,28666.11,28666.11,28666.12,7352.11,7352.11,7352.11,74.3526066145703,3.899031706544108
ab,mp,9,512,90,forward,56559.11,56559.11,56559.12,17099.11,17099.11,17099.11,69.76771734915914,3.307722448712243
ab,mp,9,512,90,inverse,64586.11,64586.11,64586.12,16467.11,16467.11,16467.11,74.50363553401806,3.922127805061119
ab,mp,10,1024,90,forward,123498.11,123498.11,123498.12,36960.11,36960.11,36960.11,70.07232742266258,3.341389135476058
ab,mp,10,1024,90,inverse,141342.11,141342.11,141342.12,35441.11,35441.11,35441.11,74.92530003974045,3.9880836125053643
ab,mp,4,16,91,forward,897.11,897.11,897.11,324.11,324.11,324.11,63.87176600416894,2.7679182993428157
ab,mp,4,16,91,inverse,1026.11,1026.11,1026.11,350.11,350.11,350.11,65.87987642650397,2.9308217417383102
ab,mp,5,32,91,forward,2121.11,2121.11,2121.11,726.11,726.11,726.11,65.76745194732948,2.921196512925039
ab,mp,5,32,91,inverse,2418.11,2418.11,2418.11,743.11,743.11,743.11,69.26897452969469,3.254040451615508
ab,mp,6,64,91,forward,4852.11,4852.11,4852.11,1502.11,1502.11,1502.11,69.04212806387324,3.2301961906917604
ab,mp,6,64,91,inverse,5558.11,5558.11,5558.11,1523.11,1523.11,1523.11,72.59662007408994,3.6491848914392264
ab,mp,7,128,91,forward,11244.11,11244.11,11244.11,3485.11,3485.11,3485.11,69.0050168488213,3.226328580733463
ab,mp,7,128,91,inverse,12838.11,12838.11,12838.11,3418.11,3418.11,3418.11,73.37528654918832,3.7559089672362798
ab,mp,8,256,91,forward,25031.11,25031.11,25031.11,7594.11,7594.11,7594.12,69.66131346152848,3.2961215995027726
ab,mp,8,256,91,inverse,28666.11,28666.11,28666.11,7352.11,7352.11,7352.11,74.3526066145703,3.899031706544108
ab,mp,9,512,91,forward,56559.11,56559.11,56559.12,17099.11,17099.11,17099.11,69.76771734915914,3.307722448712243
ab,mp,9,512,91,inverse,64586.11,64586.11,64586.12,16467.11,16467.11,16467.11,74.50363553401806,3.922127805061119
ab,mp,10,1024,91,forward,123498.11,123498.11,123498.12,36960.11,36960.11,36960.12,70.07232742266258,3.341389135476058
ab,mp,10,1024,91,inverse,141342.11,141342.11,141342.12,35441.11,35441.11,35441.12,74.92530003974045,3.9880836125053643
ab,mp,4,16,92,forward,897.11,897.11,897.11,324.11,324.11,324.11,63.87176600416894,2.7679182993428157
ab,mp,4,16,92,inverse,1026.11,1026.11,1026.11,350.11,350.11,350.11,65.87987642650397,2.9308217417383102
ab,mp,5,32,92,forward,2121.11,2121.11,2121.11,726.11,726.11,726.11,65.76745194732948,2.921196512925039
ab,mp,5,32,92,inverse,2418.11,2418.11,2418.11,743.11,743.11,743.11,69.26897452969469,3.254040451615508
ab,mp,6,64,92,forward,4852.11,4852.11,4852.11,1502.11,1502.11,1502.11,69.04212806387324,3.2301961906917604
ab,mp,6,64,92,inverse,5558.11,5558.11,5558.11,1523.11,1523.11,1523.11,72.59662007408994,3.6491848914392264
ab,mp,7,128,92,forward,11244.11,11244.11,11244.11,3485.11,3485.11,3485.11,69.0050168488213,3.226328580733463
ab,mp,7,128,92,inverse,12838.11,12838.11,12838.11,3418.11,3418.11,3418.12,73.37528654918832,3.7559089672362798
ab,mp,8,256,92,forward,25031.11,25031.11,25031.11,7594.11,7594.11,7594.11,69.66131346152848,3.2961215995027726
ab,mp,8,256,92,inverse,28666.11,28666.11,28666.12,7352.11,7352.11,7352.11,74.3526066145703,3.899031706544108
ab,mp,9,512,92,forward,56559.11,56559.11,56559.12,17099.11,17099.11,17099.11,69.76771734915914,3.307722448712243
ab,mp,9,512,92,inverse,64586.11,64586.11,64586.11,16467.11,16467.11,16467.12,74.50363553401806,3.922127805061119
ab,mp,10,1024,92,forward,123498.11,123498.11,123498.12,36960.11,36960.11,36960.12,70.07232742266258,3.341389135476058
ab,mp,10,1024,92,inverse,141342.11,141342.11,141342.12,35441.11,35441.11,35441.11,74.92530003974045,3.9880836125053643
ab,mp,4,16,93,forward,897.11,897.11,897.11,324.11,324.11,324.11,63.87176600416894,2.7679182993428157
ab,mp,4,16,93,inverse,1026.11,1026.11,1026.11,350.11,350.11,350.11,65.87987642650397,2.9308217417383102
ab,mp,5,32,93,forward,2121.11,2121.11,2121.11,726.11,726.11,726.11,65.76745194732948,2.921196512925039
ab,mp,5,32,93,inverse,2418.11,2418.11,2418.11,743.11,743.11,743.11,69.26897452969469,3.254040451615508
ab,mp,6,64,93,forward,4852.11,4852.11,4852.11,1502.11,1502.11,1502.11,69.04212806387324,3.2301961906917604
ab,mp,6,64,93,inverse,5558.11,5558.11,5558.11,1523.11,1523.11,1523.11,72.59662007408994,3.6491848914392264
ab,mp,7,128,93,forward,11244.11,11244.11,11244.12,3485.11,3485.11,3485.11,69.0050168488213,3.226328580733463
ab,mp,7,128,93,inverse,12838.11,12838.11,12838.11,3418.11,3418.11,3418.11,73.37528654918832,3.7559089672362798
ab,mp,8,256,93,forward,25031.11,25031.11,25031.11,7594.11,7594.11,7594.11,69.66131346152848,3.2961215995027726
ab,mp,8,256,93,inverse,28666.11,28666.11,28666.12,7352.11,7352.11,7352.11,74.3526066145703,3.899031706544108
ab,mp,9,512,93,forward,56559.11,56559.11,56559.12,17099.11,17099.11,17099.11,69.76771734915914,3.307722448712243
ab,mp,9,512,93,inverse,64586.11,64586.11,64586.12,16467.11,16467.11,16467.11,74.50363553401806,3.922127805061119
ab,mp,10,1024,93,forward,123498.11,123498.11,123498.12,36960.11,36960.11,36960.11,70.07232742266258,3.341389135476058
ab,mp,10,1024,93,inverse,141342.11,141342.11,141342.12,35441.11,35441.11,35441.11,74.92530003974045,3.9880836125053643
ab,mp,4,16,94,forward,897.11,897.11,897.11,324.11,324.11,324.11,63.87176600416894,2.7679182993428157
ab,mp,4,16,94,inverse,1026.11,1026.11,1026.11,350.11,350.11,350.11,65.87987642650397,2.9308217417383102
ab,mp,5,32,94,forward,2121.11,2121.11,2121.11,726.11,726.11,726.11,65.76745194732948,2.921196512925039
ab,mp,5,32,94,inverse,2418.11,2418.11,2418.12,743.11,743.11,743.11,69.26897452969469,3.254040451615508
ab,mp,6,64,94,forward,4852.11,4852.11,4852.11,1502.11,1502.11,1502.11,69.04212806387324,3.2301961906917604
ab,mp,6,64,94,inverse,5558.11,5558.11,5558.11,1523.11,1523.11,1523.11,72.59662007408994,3.6491848914392264
ab,mp,7,128,94,forward,11244.11,11244.11,11244.11,3485.11,3485.11,3485.11,69.0050168488213,3.226328580733463
ab,mp,7,128,94,inverse,12838.11,12838.11,12838.11,3418.11,3418.11,3418.11,73.37528654918832,3.7559089672362798
ab,mp,8,256,94,forward,25031.11,25031.11,25031.11,7594.11,7594.11,7594.12,69.66131346152848,3.2961215995027726
ab,mp,8,256,94,inverse,28666.11,28666.11,28666.11,7352.11,7352.11,7352.11,74.3526066145703,3.899031706544108
ab,mp,9,512,94,forward,56559.11,56559.11,56559.12,17099.11,17099.11,17099.11,69.76771734915914,3.307722448712243
ab,mp,9,512,94,inverse,64586.11,64586.11,64586.12,16467.11,16467.11,16467.11,74.50363553401806,3.922127805061119
ab,mp,10,1024,94,forward,123498.11,123498.11,123498.12,36960.11,36960.11,36960.12,70.07232742266258,3.341389135476058
ab,mp,10,1024,94,inverse,141342.11,141342.11,141342.12,35441.11,35441.11,35441.12,74.92530003974045,3.9880836125053643
ab,mp,4,16,95,forward,897.11,897.11,897.11,324.11,324.11,324.11,63.87176600416894,2.7679182993428157
ab,mp,4,16,95,inverse,1026.11,1026.11,1026.11,350.11,350.11,350.11,65.87987642650397,2.9308217417383102
ab,mp,5,32,95,forward,2121.11,2121.11,2121.11,726.11,726.11,726.11,65.76745194732948,2.921196512925039
ab,mp,5,32,95,inverse,2418.11,2418.11,2418.11,743.11,743.11,743.11,69.26897452969469,3.254040451615508
ab,mp,6,64,95,forward,4852.11,4852.11,4852.11,1502.11,1502.11,1502.11,69.04212806387324,3.2301961906917604
ab,mp,6,64,95,inverse,5558.11,5558.11,5558.11,1523.11,1523.11,1523.11,72.59662007408994,3.6491848914392264
ab,mp,7,128,95,forward,11244.11,11244.11,11244.11,3485.11,3485.11,3485.11,69.0050168488213,3.226328580733463
ab,mp,7,128,95,inverse,12838.11,12838.11,12838.11,3418.11,3418.11,3418.12,73.37528654918832,3.7559089672362798
ab,mp,8,256,95,forward,25031.11,25031.11,25031.11,7594.11,7594.11,7594.11,69.66131346152848,3.2961215995027726
ab,mp,8,256,95,inverse,28666.11,28666.11,28666.11,7352.11,7352.11,7352.12,74.3526066145703,3.899031706544108
ab,mp,9,512,95,forward,56559.11,56559.11,56559.12,17099.11,17099.11,17099.11,69.76771734915914,3.307722448712243
ab,mp,9,512,95,inverse,64586.11,64586.11,64586.12,16467.11,16467.11,16467.11,74.50363553401806,3.922127805061119
ab,mp,10,1024,95,forward,123498.11,123498.11,123498.12,36960.11,36960.11,36960.11,70.07232742266258,3.341389135476058
ab,mp,10,1024,95,inverse,141342.11,141342.11,141342.12,35441.11,35441.11,35441.11,74.92530003974045,3.9880836125053643
ab,mp,4,16,96,forward,897.11,897.11,897.11,324.11,324.11,324.11,63.87176600416894,2.7679182993428157
ab,mp,4,16,96,inverse,1026.11,1026.11,1026.11,350.11,350.11,350.11,65.87987642650397,2.9308217417383102
ab,mp,5,32,96,forward,2121.11,2121.11,2121.11,726.11,726.11,726.11,65.76745194732948,2.921196512925039
ab,mp,5,32,96,inverse,2418.11,2418.11,2418.11,743.11,743.11,743.11,69.26897452969469,3.254040451615508
ab,mp,6,64,96,forward,4852.11,4852.11,4852.11,1502.11,1502.11,1502.11,69.04212806387324,3.2301961906917604
ab,mp,6,64,96,inverse,5558.11,5558.11,5558.11,1523.11,1523.11,1523.11,72.59662007408994,3.6491848914392264
ab,mp,7,128,96,forward,11244.11,11244.11,11244.12,3485.11,3485.11,3485.11,69.0050168488213,3.226328580733463
ab,mp,7,128,96,inverse,12838.11,12838.11,12838.11,3418.11,3418.11,3418.11,73.37528654918832,3.7559089672362798
ab,mp,8,256,96,forward,25031.11,25031.11,25031.11,7594.11,7594.11,7594.11,69.66131346152848,3.2961215995027726
ab,mp,8,256,96,inverse,28666.11,28666.11,28666.12,7352.11,7352.11,7352.11,74.3526066145703,3.899031706544108
ab,mp,9,512,96,forward,56559.11,56559.11,56559.12,17099.11,17099.11,17099.11,69.76771734915914,3.307722448712243
ab,mp,9,512,96,inverse,64586.11,64586.11,64586.12,16467.11,16467.11,16467.11,74.50363553401806,3.922127805061119
ab,mp,10,1024,96,forward,123498.11,123498.11,123498.12,36960.11,36960.11,36960.11,70.07232742266258,3.341389135476058
ab,mp,10,1024,96,inverse,141342.11,141342.11,141342.12,35441.11,35441.11,35441.11,74.92530003974045,3.9880836125053643
ab,mp,4,16,97,forward,897.11,897.11,897.11,324.11,324.11,324.11,63.87176600416894,2.7679182993428157
ab,mp,4,16,97,inverse,1026.11,1026.11,1026.11,350.11,350.11,350.11,65.87987642650397,2.9308217417383102
ab,mp,5,32,97,forward,2121.11,2121.11,2121.11,726.11,726.11,726.11,65.76745194732948,2.921196512925039
ab,mp,5,32,97,inverse,2418.11,2418.11,2418.12,743.11,743.11,743.11,69.26897452969469,3.254040451615508
ab,mp,6,64,97,forward,4852.11,4852.11,4852.11,1502.11,1502.11,1502.11,69.04212806387324,3.2301961906917604
ab,mp,6,64,97,inverse,5558.11,5558.11,5558.11,1523.11,1523.11,1523.11,72.59662007408994,3.6491848914392264
ab,mp,7,128,97,forward,11244.11,11244.11,11244.11,3485.11,3485.11,3485.11,69.0050168488213,3.226328580733463
ab,mp,7,128,97,inverse,12838.11,12838.11,12838.11,3418.11,3418.11,3418.11,73.37528654918832,3.7559089672362798
ab,mp,8,256,97,forward,25031.11,25031.11,25031.11,7594.11,7594.11,7594.12,69.66131346152848,3.2961215995027726
ab,mp,8,256,97,inverse,28666.11,28666.11,28666.11,7352.11,7352.11,7352.11,74.3526066145703,3.899031706544108
ab,mp,9,512,97,forward,56559.11,56559.11,56559.12,17099.11,17099.11,17099.11,69.76771734915914,3.307722448712243
ab,mp,9,512,97,inverse,64586.11,64586.11,64586.12,16467.11,16467.11,16467.11,74.50363553401806,3.922127805061119
ab,mp,10,1024,97,forward,123498.11,123498.11,123498.12,36960.11,36960.11,36960.12,70.07232742266258,3.341389135476058
ab,mp,10,1024,97,inverse,141342.11,141342.11,141342.12,35441.11,35441.11,35441.12,74.92530003974045,3.9880836125053643
ab,mp,4,16,98,forward,897.11,897.11,897.11,324.11,324.11,324.11,63.87176600416894,2.7679182993428157
ab,mp,4,16,98,inverse,1026.11,1026.11,1026.11,350.11,350.11,350.11,65.87987642650397,2.9308217417383102
ab,mp,5,32,98,forward,2121.11,2121.11,2121.11,726.11,726.11,726.11,65.76745194732948,2.921196512925039
ab,mp,5,32,98,inverse,2418.11,2418.11,2418.11,743.11,743.11,743.11,69.26897452969469,3.254040451615508
ab,mp,6,64,98,forward,4852.11,4852.11,4852.11,1502.11,1502.11,1502.11,69.04212806387324,3.2301961906917604
ab,mp,6,64,98,inverse,5558.11,5558.11,5558.11,1523.11,1523.11,1523.11,72.59662007408994,3.6491848914392264
ab,mp,7,128,98,forward,11244.11,11244.11,11244.11,3485.11,3485.11,3485.11,69.0050168488213,3.226328580733463
ab,mp,7,128,98,inverse,12838.11,12838.11,12838.11,3418.11,3418.11,3418.12,73.37528654918832,3.7559089672362798
ab,mp,8,256,98,forward,25031.11,25031.11,25031.11,7594.11,7594.11,7594.11,69.66131346152848,3.2961215995027726
ab,mp,8,256,98,inverse,28666.11,28666.11,28666.12,7352.11,7352.11,7352.11,74.3526066145703,3.899031706544108
ab,mp,9,512,98,forward,56559.11,56559.11,56559.11,17099.11,17099.11,17099.11,69.76771734915914,3.307722448712243
ab,mp,9,512,98,inverse,64586.11,64586.11,64586.12,16467.11,16467.11,16467.11,74.50363553401806,3.922127805061119
ab,mp,10,1024,98,forward,123498.11,123498.11,123498.12,36960.11,36960.11,36960.11,70.07232742266258,3.341389135476058
ab,mp,10,1024,98,inverse,141342.11,141342.11,141342.12,35441.11,35441.11,35441.11,74.92530003974045,3.9880836125053643
ab,mp,4,16,99,forward,897.11,897.11,897.11,324.11,324.11,324.11,63.87176600416894,2.7679182993428157
ab,mp,4,16,99,inverse,1026.11,1026.11,1026.11,350.11,350.11,350.11,65.87987642650397,2.9308217417383102
ab,mp,5,32,99,forward,2121.11,2121.11,2121.11,726.11,726.11,726.11,65.76745194732948,2.921196512925039
ab,mp,5,32,99,inverse,2418.11,2418.11,2418.11,743.11,743.11,743.11,69.26897452969469,3.254040451615508
ab,mp,6,64,99,forward,4852.11,4852.11,4852.11,1502.11,1502.11,1502.11,69.04212806387324,3.2301961906917604
ab,mp,6,64,99,inverse,5558.11,5558.11,5558.11,1523.11,1523.11,1523.11,72.59662007408994,3.6491848914392264
ab,mp,7,128,99,forward,11244.11,11244.11,11244.12,3485.11,3485.11,3485.11,69.0050168488213,3.226328580733463
ab,mp,7,128,99,inverse,12838.11,12838.11,12838.11,3418.11,3418.11,3418.11,73.37528654918832,3.7559089672362798
ab,mp,8,256,99,forward,25031.11,25031.11,25031.11,7594.11,7594.11,7594.11,69.66131346152848,3.2961215995027726
ab,mp,8,256,99,inverse,28666.11,28666.11,28666.12,7352.11,7352.11,7352.11,74.3526066145703,3.899031706544108
ab,mp,9,512,99,forward,56559.11,56559.11,56559.12,17099.11,17099.11,17099.11,69.76771734915914,3.307722448712243
ab,mp,9,512,99,inverse,64586.11,64586.11,64586.12,16467.11,16467.11,16467.11,74.50363553401806,3.922127805061119
ab,mp,10,1024,99,forward,123498.11,123498.11,123498.12,36960.11,36960.11,36960.11,70.07232742266258,3.341389135476058
ab,mp,10,1024,99,inverse,141342.11,141342.11,141342.12,35441.11,35441.11,35441.11,74.92530003974045,3.9880836125053643
ab,mp,4,16,100,forward,897.11,897.11,897.11,324.11,324.11,324.11,63.87176600416894,2.7679182993428157
ab,mp,4,16,100,inverse,1026.11,1026.11,1026.11,350.11,350.11,350.11,65.87987642650397,2.9308217417383102
ab,mp,5,32,100,forward,2121.11,2121.11,2121.11,726.11,726.11,726.11,65.76745194732948,2.921196512925039
ab,mp,5,32,100,inverse,2418.11,2418.11,2418.11,743.11,743.11,743.11,69.26897452969469,3.254040451615508
ab,mp,6,64,100,forward,4852.11,4852.11,4852.11,1502.11,1502.11,1502.11,69.04212806387324,3.2301961906917604
ab,mp,6,64,100,inverse,5558.11,5558.11,5558.11,1523.11,1523.11,1523.11,72.59662007408994,3.6491848914392264
ab,mp,7,128,100,forward,11244.11,11244.11,11244.11,3485.11,3485.11,3485.11,69.0050168488213,3.226328580733463
ab,mp,7,128,100,inverse,12838.11,12838.11,12838.11,3418.11,3418.11,3418.11,73.37528654918832,3.7559089672362798
ab,mp,8,256,100,forward,25031.11,25031.11,25031.12,7594.11,7594.11,7594.11,69.66131346152848,3.2961215995027726
ab,mp,8,256,100,inverse,28666.11,28666.11,28666.11,7352.11,7352.11,7352.11,74.3526066145703,3.899031706544108
ab,mp,9,512,100,forward,56559.11,56559.11,56559.11,17099.11,17099.11,17099.12,69.76771734915914,3.307722448712243
ab,mp,9,512,100,inverse,64586.11,64586.11,64586.11,16467.11,16467.11,16467.12,74.50363553401806,3.922127805061119
ab,mp,10,1024,100,forward,123498.11,123498.11,123498.12,36960.11,36960.11,36960.12,70.07232742266258,3.341389135476058
ab,mp,10,1024,100,inverse,141342.11,141342.11,141342.12,35441.11,35441.11,35441.12,74.92530003974045,3.9880836125053643
ab,mp,4,16,101,forward,897.11,897.11,897.11,324.11,324.11,324.11,63.87176600416894,2.7679182993428157
ab,mp,4,16,101,inverse,1026.11,1026.11,1026.11,350.11,350.11,350.11,65.87987642650397,2.9308217417383102
ab,mp,5,32,101,forward,2121.11,2121.11,2121.11,726.11,726.11,726.11,65.76745194732948,2.921196512925039
ab,mp,5,32,101,inverse,2418.11,2418.11,2418.11,743.11,743.11,743.11,69.26897452969469,3.254040451615508
ab,mp,6,64,101,forward,4852.11,4852.11,4852.11,1502.11,1502.11,1502.11,69.04212806387324,3.2301961906917604
ab,mp,6,64,101,inverse,5558.11,5558.11,5558.11,1523.11,1523.11,1523.11,72.59662007408994,3.6491848914392264
ab,mp,7,128,101,forward,11244.11,11244.11,11244.11,3485.11,3485.11,3485.11,69.0050168488213,3.226328580733463
ab,mp,7,128,101,inverse,12838.11,12838.11,12838.12,3418.11,3418.11,3418.11,73.37528654918832,3.7559089672362798
ab,mp,8,256,101,forward,25031.11,25031.11,25031.11,7594.11,7594.11,7594.11,69.66131346152848,3.2961215995027726
ab,mp,8,256,101,inverse,28666.11,28666.11,28666.11,7352.11,7352.11,7352.11,74.3526066145703,3.899031706544108
ab,mp,9,512,101,forward,56559.11,56559.11,56559.11,17099.11,17099.11,17099.11,69.76771734915914,3.307722448712243
ab,mp,9,512,101,inverse,64586.11,64586.11,64586.12,16467.11,16467.11,16467.11,74.50363553401806,3.922127805061119
ab,mp,10,1024,101,forward,123498.11,123498.11,123498.12,36960.11,36960.11,36960.11,70.07232742266258,3.341389135476058
ab,mp,10,1024,101,inverse,141342.11,141342.11,141342.12,35441.11,35441.11,35441.11,74.92530003974045,3.9880836125053643
ab,mp,4,16,102,forward,897.11,897.11,897.11,324.11,324.11,324.11,63.87176600416894,2.7679182993428157
ab,mp,4,16,102,inverse,1026.11,1026.11,1026.11,350.11,350.11,350.11,65.87987642650397,2.9308217417383102
ab,mp,5,32,102,forward,2121.11,2121.11,2121.11,726.11,726.11,726.11,65.76745194732948,2.921196512925039
ab,mp,5,32,102,inverse,2418.11,2418.11,2418.11,743.11,743.11,743.11,69.26897452969469,3.254040451615508
ab,mp,6,64,102,forward,4852.11,4852.11,4852.11,1502.11,1502.11,1502.11,69.04212806387324,3.2301961906917604
ab,mp,6,64,102,inverse,5558.11,5558.11,5558.11,1523.11,1523.11,1523.11,72.59662007408994,3.6491848914392264
ab,mp,7,128,102,forward,11244.11,11244.11,11244.12,3485.11,3485.11,3485.11,69.0050168488213,3.226328580733463
ab,mp,7,128,102,inverse,12838.11,12838.11,12838.11,3418.11,3418.11,3418.11,73.37528654918832,3.7559089672362798
ab,mp,8,256,102,forward,25031.11,25031.11,25031.11,7594.11,7594.11,7594.11,69.66131346152848,3.2961215995027726
ab,mp,8,256,102,inverse,28666.11,28666.11,28666.12,7352.11,7352.11,7352.11,74.3526066145703,3.899031706544108
ab,mp,9,512,102,forward,56559.11,56559.11,56559.11,17099.11,17099.11,17099.12,69.76771734915914,3.307722448712243
ab,mp,9,512,102,inverse,64586.11,64586.11,64586.12,16467.11,16467.11,16467.11,74.50363553401806,3.922127805061119
ab,mp,10,1024,102,forward,123498.11,123498.11,123498.12,36960.11,36960.11,36960.12,70.07232742266258,3.341389135476058
ab,mp,10,1024,102,inverse,141342.11,141342.11,141342.12,35441.11,35441.11,35441.12,74.92530003974045,3.9880836125053643
ab,mp,4,16,103,forward,897.11,897.11,897.11,324.11,324.11,324.11,63.87176600416894,2.7679182993428157
ab,mp,4,16,103,inverse,1026.11,1026.11,1026.11,350.11,350.11,350.11,65.87987642650397,2.9308217417383102
ab,mp,5,32,103,forward,2121.11,2121.11,2121.11,726.11,726.11,726.11,65.76745194732948,2.921196512925039
ab,mp,5,32,103,inverse,2418.11,2418.11,2418.11,743.11,743.11,743.11,69.26897452969469,3.254040451615508
ab,mp,6,64,103,forward,4852.11,4852.11,4852.11,1502.11,1502.11,1502.11,69.04212806387324,3.2301961906917604
ab,mp,6,64,103,inverse,5558.11,5558.11,5558.11,1523.11,1523.11,1523.11,72.59662007408994,3.6491848914392264
ab,mp,7,128,103,forward,11244.11,11244.11,11244.11,3485.11,3485.11,3485.11,69.0050168488213,3.226328580733463
ab,mp,7,128,103,inverse,12838.11,12838.11,12838.11,3418.11,3418.11,3418.11,73.37528654918832,3.7559089672362798
ab,mp,8,256,103,forward,25031.11,25031.11,25031.12,7594.11,7594.11,7594.11,69.66131346152848,3.2961215995027726
ab,mp,8,256,103,inverse,28666.11,28666.11,28666.11,7352.11,7352.11,7352.11,74.3526066145703,3.899031706544108
ab,mp,9,512,103,forward,56559.11,56559.11,56559.11,17099.11,17099.11,17099.12,69.76771734915914,3.307722448712243
ab,mp,9,512,103,inverse,64586.11,64586.11,64586.11,16467.11,16467.11,16467.12,74.50363553401806,3.922127805061119
ab,mp,10,1024,103,forward,123498.11,123498.11,123498.12,36960.11,36960.11,36960.12,70.07232742266258,3.341389135476058
ab,mp,10,1024,103,inverse,141342.11,141342.11,141342.12,35441.11,35441.11,35441.11,74.92530003974045,3.9880836125053643
ab,mp,4,16,104,forward,897.11,897.11,897.11,324.11,324.11,324.11,63.87176600416894,2.7679182993428157
ab,mp,4,16,104,inverse,1026.11,1026.11,1026.11,350.11,350.11,350.11,65.87987642650397,2.9308217417383102
ab,mp,5,32,104,forward,2121.11,2121.11,2121.11,726.11,726.11,726.11,65.76745194732948,2.921196512925039
ab,mp,5,32,104,inverse,2418.11,2418.11,2418.11,743.11,743.11,743.11,69.26897452969469,3.254040451615508
ab,mp,6,64,104,forward,4852.11,4852.11,4852.11,1502.11,1502.11,1502.11,69.04212806387324,3.2301961906917604
ab,mp,6,64,104,inverse,5558.11,5558.11,5558.11,1523.11,1523.11,1523.11,72.59662007408994,3.6491848914392264
ab,mp,7,128,104,forward,11244.11,11244.11,11244.11,3485.11,3485.11,3485.11,69.0050168488213,3.226328580733463
ab,mp,7,128,104,inverse,12838.11,12838.11,12838.12,3418.11,3418.11,3418.11,73.37528654918832,3.7559089672362798
ab,mp,8,256,104,forward,25031.11,25031.11,25031.11,7594.11,7594.11,7594.11,69.66131346152848,3.2961215995027726
ab,mp,8,256,104,inverse,28666.11,28666.11,28666.11,7352.11,7352.11,7352.11,74.3526066145703,3.899031706544108
ab,mp,9,512,104,forward,56559.11,56559.11,56559.11,17099.11,17099.11,17099.11,69.76771734915914,3.307722448712243
ab,mp,9,512,104,inverse,64586.11,64586.11,64586.12,16467.11,16467.11,16467.11,74.50363553401806,3.922127805061119
ab,mp,10,1024,104,forward,123498.11,123498.11,123498.12,36960.11,36960.11,36960.11,70.07232742266258,3.341389135476058
ab,mp,10,1024,104,inverse,141342.11,141342.11,141342.12,35441.11,35441.11,35441.11,74.92530003974045,3.9880836125053643
ab,mp,4,16,105,forward,897.11,897.11,897.11,324.11,324.11,324.11,63.87176600416894,2.7679182993428157
ab,mp,4,16,105,inverse,1026.11,1026.11,1026.11,350.11,350.11,350.11,65.87987642650397,2.9308217417383102
ab,mp,5,32,105,forward,2121.11,2121.11,2121.11,726.11,726.11,726.11,65.76745194732948,2.921196512925039
ab,mp,5,32,105,inverse,2418.11,2418.11,2418.11,743.11,743.11,743.11,69.26897452969469,3.254040451615508
ab,mp,6,64,105,forward,4852.11,4852.11,4852.11,1502.11,1502.11,1502.11,69.04212806387324,3.2301961906917604
ab,mp,6,64,105,inverse,5558.11,5558.11,5558.11,1523.11,1523.11,1523.11,72.59662007408994,3.6491848914392264
ab,mp,7,128,105,forward,11244.11,11244.11,11244.12,3485.11,3485.11,3485.11,69.0050168488213,3.226328580733463
ab,mp,7,128,105,inverse,12838.11,12838.11,12838.11,3418.11,3418.11,3418.11,73.37528654918832,3.7559089672362798
ab,mp,8,256,105,forward,25031.11,25031.11,25031.11,7594.11,7594.11,7594.11,69.66131346152848,3.2961215995027726
ab,mp,8,256,105,inverse,28666.11,28666.11,28666.11,7352.11,7352.11,7352.12,74.3526066145703,3.899031706544108
ab,mp,9,512,105,forward,56559.11,56559.11,56559.11,17099.11,17099.11,17099.12,69.76771734915914,3.307722448712243
ab,mp,9,512,105,inverse,64586.11,64586.11,64586.12,16467.11,16467.11,16467.11,74.50363553401806,3.922127805061119
ab,mp,10,1024,105,forward,123498.11,123498.11,123498.12,36960.11,36960.11,36960.12,70.07232742266258,3.341389135476058
ab,mp,10,1024,105,inverse,141342.11,141342.11,141342.12,35441.11,35441.11,35441.12,74.92530003974045,3.9880836125053643
ab,mp,4,16,106,forward,897.11,897.11,897.11,324.11,324.11,324.11,63.87176600416894,2.7679182993428157
ab,mp,4,16,106,inverse,1026.11,1026.11,1026.11,350.11,350.11,350.11,65.87987642650397,2.9308217417383102
ab,mp,5,32,106,forward,2121.11,2121.11,2121.11,726.11,726.11,726.11,65.76745194732948,2.921196512925039
ab,mp,5,32,106,inverse,2418.11,2418.11,2418.11,743.11,743.11,743.11,69.26897452969469,3.254040451615508
ab,mp,6,64,106,forward,4852.11,4852.11,4852.11,1502.11,1502.11,1502.12,69.04212806387324,3.2301961906917604
ab,mp,6,64,106,inverse,5558.11,5558.11,5558.11,1523.11,1523.11,1523.11,72.59662007408994,3.6491848914392264
ab,mp,7,128,106,forward,11244.11,11244.11,11244.11,3485.11,3485.11,3485.11,69.0050168488213,3.226328580733463
ab,mp,7,128,106,inverse,12838.11,12838.11,12838.11,3418.11,3418.11,3418.11,73.37528654918832,3.7559089672362798
ab,mp,8,256,106,forward,25031.11,25031.11,25031.12,7594.11,7594.11,7594.11,69.66131346152848,3.2961215995027726
ab,mp,8,256,106,inverse,28666.11,28666.11,28666.11,7352.11,7352.11,7352.11,74.3526066145703,3.899031706544108
ab,mp,9,512,106,forward,56559.11,56559.11,56559.12,17099.11,17099.11,17099.11,69.76771734915914,3.307722448712243
ab,mp,9,512,106,inverse,64586.11,64586.11,64586.12,16467.11,16467.11,16467.11,74.50363553401806,3.922127805061119
ab,mp,10,1024,106,forward,123498.11,123498.11,123498.12,36960.11,36960.11,36960.11,70.07232742266258,3.341389135476058
ab,mp,10,1024,106,inverse,141342.11,141342.11,141342.12,35441.11,35441.11,35441.12,74.92530003974045,3.9880836125053643
ab,mp,4,16,107,forward,897.11,897.11,897.11,324.11,324.11,324.11,63.87176600416894,2.7679182993428157
ab,mp,4,16,107,inverse,1026.11,1026.11,1026.11,350.11,350.11,350.11,65.87987642650397,2.9308217417383102
ab,mp,5,32,107,forward,2121.11,2121.11,2121.11,726.11,726.11,726.11,65.76745194732948,2.921196512925039
ab,mp,5,32,107,inverse,2418.11,2418.11,2418.11,743.11,743.11,743.11,69.26897452969469,3.254040451615508
ab,mp,6,64,107,forward,4852.11,4852.11,4852.11,1502.11,1502.11,1502.11,69.04212806387324,3.2301961906917604
ab,mp,6,64,107,inverse,5558.11,5558.11,5558.11,1523.11,1523.11,1523.11,72.59662007408994,3.6491848914392264
ab,mp,7,128,107,forward,11244.11,11244.11,11244.11,3485.11,3485.11,3485.11,69.0050168488213,3.226328580733463
ab,mp,7,128,107,inverse,12838.11,12838.11,12838.11,3418.11,3418.11,3418.11,73.37528654918832,3.7559089672362798
ab,mp,8,256,107,forward,25031.11,25031.11,25031.11,7594.11,7594.11,7594.11,69.66131346152848,3.2961215995027726
ab,mp,8,256,107,inverse,28666.11,28666.11,28666.11,7352.11,7352.11,7352.11,74.3526066145703,3.899031706544108
ab,mp,9,512,107,forward,56559.11,56559.11,56559.12,17099.11,17099.11,17099.11,69.76771734915914,3.307722448712243
ab,mp,9,512,107,inverse,64586.11,64586.11,64586.12,16467.11,16467.11,16467.11,74.50363553401806,3.922127805061119
ab,mp,10,1024,107,forward,123498.11,123498.11,123498.12,36960.11,36960.11,36960.12,70.07232742266258,3.341389135476058
ab,mp,10,1024,107,inverse,141342.11,141342.11,141342.12,35441.11,35441.11,35441.11,74.92530003974045,3.9880836125053643
ab,mp,4,16,108,forward,897.11,897.11,897.11,324.11,324.11,324.11,63.87176600416894,2.7679182993428157
ab,mp,4,16,108,inverse,1026.11,1026.11,1026.11,350.11,350.11,350.11,65.87987642650397,2.9308217417383102
ab,mp,5,32,108,forward,2121.11,2121.11,2121.11,726.11,726.11,726.11,65.76745194732948,2.921196512925039
ab,mp,5,32,108,inverse,2418.11,2418.11,2418.11,743.11,743.11,743.11,69.26897452969469,3.254040451615508
ab,mp,6,64,108,forward,4852.11,4852.11,4852.11,1502.11,1502.11,1502.11,69.04212806387324,3.2301961906917604
ab,mp,6,64,108,inverse,5558.11,5558.11,5558.11,1523.11,1523.11,1523.11,72.59662007408994,3.6491848914392264
ab,mp,7,128,108,forward,11244.11,11244.11,11244.12,3485.11,3485.11,3485.11,69.0050168488213,3.226328580733463
ab,mp,7,128,108,inverse,12838.11,12838.11,12838.11,3418.11,3418.11,3418.11,73.37528654918832,3.7559089672362798
ab,mp,8,256,108,forward,25031.11,25031.11,25031.11,7594.11,7594.11,7594.11,69.66131346152848,3.2961215995027726
ab,mp,8,256,108,inverse,28666.11,28666.11,28666.12,7352.11,7352.11,7352.11,74.3526066145703,3.899031706544108
ab,mp,9,512,108,forward,56559.11,56559.11,56559.12,17099.11,17099.11,17099.11,69.76771734915914,3.307722448712243
ab,mp,9,512,108,inverse,64586.11,64586.11,64586.11,16467.11,16467.11,16467.12,74.50363553401806,3.922127805061119
ab,mp,10,1024,108,forward,123498.11,123498.11,123498.12,36960.11,36960.11,36960.12,70.07232742266258,3.341389135476058
ab,mp,10,1024,108,inverse,141342.11,141342.11,141342.12,35441.11,35441.11,35441.12,74.92530003974045,3.9880836125053643
ab,mp,4,16,109,forward,897.11,897.11,897.11,324.11,324.11,324.11,63.87176600416894,2.7679182993428157
ab,mp,4,16,109,inverse,1026.11,1026.11,1026.11,350.11,350.11,350.11,65.87987642650397,2.9308217417383102
ab,mp,5,32,109,forward,2121.11,2121.11,2121.11,726.11,726.11,726.11,65.76745194732948,2.921196512925039
ab,mp,5,32,109,inverse,2418.11,2418.11,2418.11,743.11,743.11,743.11,69.26897452969469,3.254040451615508
ab,mp,6,64,109,forward,4852.11,4852.11,4852.12,1502.11,1502.11,1502.11,69.04212806387324,3.2301961906917604
ab,mp,6,64,109,inverse,5558.11,5558.11,5558.11,1523.11,1523.11,1523.11,72.59662007408994,3.6491848914392264
ab,mp,7,128,109,forward,11244.11,11244.11,11244.11,3485.11,3485.11,3485.11,69.0050168488213,3.226328580733463
ab,mp,7,128,109,inverse,12838.11,12838.11,12838.11,3418.11,3418.11,3418.11,73.37528654918832,3.7559089672362798
ab,mp,8,256,109,forward,25031.11,25031.11,25031.12,7594.11,7594.11,7594.11,69.66131346152848,3.2961215995027726
ab,mp,8,256,109,inverse,28666.11,28666.11,28666.11,7352.11,7352.11,7352.11,74.3526066145703,3.899031706544108
ab,mp,9,512,109,forward,56559.11,56559.11,56559.12,17099.11,17099.11,17099.11,69.76771734915914,3.307722448712243
ab,mp,9,512,109,inverse,64586.11,64586.11,64586.12,16467.11,16467.11,16467.11,74.50363553401806,3.922127805061119
ab,mp,10,1024,109,forward,123498.11,123498.11,123498.12,36960.11,36960.11,36960.11,70.07232742266258,3.341389135476058
ab,mp,10,1024,109,inverse,141342.11,141342.11,141342.12,35441.11,35441.11,35441.11,74.92530003974045,3.9880836125053643
ab,mp,4,16,110,forward,897.11,897.11,897.12,324.11,324.11,324.11,63.87176600416894,2.7679182993428157
ab,mp,4,16,110,inverse,1026.11,1026.11,1026.11,350.11,350.11,350.11,65.87987642650397,2.9308217417383102
ab,mp,5,32,110,forward,2121.11,2121.11,2121.11,726.11,726.11,726.11,65.76745194732948,2.921196512925039
ab,mp,5,32,110,inverse,2418.11,2418.11,2418.11,743.11,743.11,743.11,69.26897452969469,3.254040451615508
ab,mp,6,64,110,forward,4852.11,4852.11,4852.11,1502.11,1502.11,1502.11,69.04212806387324,3.2301961906917604
ab,mp,6,64,110,inverse,5558.11,5558.11,5558.11,1523.11,1523.11,1523.11,72.59662007408994,3.6491848914392264
ab,mp,7,128,110,forward,11244.11,11244.11,11244.11,3485.11,3485.11,3485.11,69.0050168488213,3.226328580733463
ab,mp,7,128,110,inverse,12838.11,12838.11,12838.11,3418.11,3418.11,3418.11,73.37528654918832,3.7559089672362798
ab,mp,8,256,110,forward,25031.11,25031.11,25031.12,7594.11,7594.11,7594.11,69.66131346152848,3.2961215995027726
ab,mp,8,256,110,inverse,28666.11,28666.11,28666.11,7352.11,7352.11,7352.11,74.3526066145703,3.899031706544108
ab,mp,9,512,110,forward,56559.11,56559.11,56559.11,17099.11,17099.11,17099.12,69.76771734915914,3.307722448712243
ab,mp,9,512,110,inverse,64586.11,64586.11,64586.11,16467.11,16467.11,16467.12,74.50363553401806,3.922127805061119
ab,mp,10,1024,110,forward,123498.11,123498.11,123498.12,36960.11,36960.11,36960.12,70.07232742266258,3.341389135476058
ab,mp,10,1024,110,inverse,141342.11,141342.11,141342.12,35441.11,35441.11,35441.12,74.92530003974045,3.9880836125053643
ab,mp,4,16,111,forward,897.11,897.11,897.11,324.11,324.11,324.11,63.87176600416894,2.7679182993428157
ab,mp,4,16,111,inverse,1026.11,1026.11,1026.11,350.11,350.11,350.11,65.87987642650397,2.9308217417383102
ab,mp,5,32,111,forward,2121.11,2121.11,2121.11,726.11,726.11,726.11,65.76745194732948,2.921196512925039
ab,mp,5,32,111,inverse,2418.11,2418.11,2418.11,743.11,743.11,743.11,69.26897452969469,3.254040451615508
ab,mp,6,64,111,forward,4852.11,4852.11,4852.11,1502.11,1502.11,1502.11,69.04212806387324,3.2301961906917604
ab,mp,6,64,111,inverse,5558.11,5558.11,5558.11,1523.11,1523.11,1523.11,72.59662007408994,3.6491848914392264
ab,mp,7,128,111,forward,11244.11,11244.11,11244.11,3485.11,3485.11,3485.12,69.0050168488213,3.226328580733463
ab,mp,7,128,111,inverse,12838.11,12838.11,12838.11,3418.11,3418.11,3418.11,73.37528654918832,3.7559089672362798
ab,mp,8,256,111,forward,25031.11,25031.11,25031.11,7594.11,7594.11,7594.11,69.66131346152848,3.2961215995027726
ab,mp,8,256,111,inverse,28666.11,28666.11,28666.12,7352.11,7352.11,7352.11,74.3526066145703,3.899031706544108
ab,mp,9,512,111,forward,56559.11,56559.11,56559.12,17099.11,17099.11,17099.11,69.76771734915914,3.307722448712243
ab,mp,9,512,111,inverse,64586.11,64586.11,64586.12,16467.11,16467.11,16467.11,74.50363553401806,3.922127805061119
ab,mp,10,1024,111,forward,123498.11,123498.11,123498.12,36960.11,36960.11,36960.11,70.07232742266258,3.341389135476058
ab,mp,10,1024,111,inverse,141342.11,141342.11,141342.12,35441.11,35441.11,35441.12,74.92530003974045,3.9880836125053643
ab,mp,4,16,112,forward,897.11,897.11,897.11,324.11,324.11,324.11,63.87176600416894,2.7679182993428157
ab,mp,4,16,112,inverse,1026.11,1026.11,1026.11,350.11,350.11,350.11,65.87987642650397,2.9308217417383102
ab,mp,5,32,112,forward,2121.11,2121.11,2121.11,726.11,726.11,726.11,65.76745194732948,2.921196512925039
ab,mp,5,32,112,inverse,2418.11,2418.11,2418.11,743.11,743.11,743.11,69.26897452969469,3.254040451615508
ab,mp,6,64,112,forward,4852.11,4852.11,4852.11,1502.11,1502.11,1502.11,69.04212806387324,3.2301961906917604
ab,mp,6,64,112,inverse,5558.11,5558.11,5558.12,1523.11,1523.11,1523.11,72.59662007408994,3.6491848914392264
ab,mp,7,128,112,forward,11244.11,11244.11,11244.11,3485.11,3485.11,3485.11,69.0050168488213,3.226328580733463
ab,mp,7,128,112,inverse,12838.11,12838.11,12838.11,3418.11,3418.11,3418.11,73.37528654918832,3.7559089672362798
ab,mp,8,256,112,forward,25031.11,25031.11,25031.12,7594.11,7594.11,7594.11,69.66131346152848,3.2961215995027726
ab,mp,8,256,112,inverse,28666.11,28666.11,28666.11,7352.11,7352.11,7352.11,74.3526066145703,3.899031706544108
ab,mp,9,512,112,forward,56559.11,56559.11,56559.11,17099.11,17099.11,17099.12,69.76771734915914,3.307722448712243
ab,mp,9,512,112,inverse,64586.11,64586.11,64586.12,16467.11,16467.11,16467.11,74.50363553401806,3.922127805061119
ab,mp,10,1024,112,forward,123498.11,123498.11,123498.12,36960.11,36960.11,36960.12,70.07232742266258,3.341389135476058
ab,mp,10,1024,112,inverse,141342.11,141342.11,141342.12,35441.11,35441.11,35441.11,74.92530003974045,3.9880836125053643
ab,mp,4,16,113,forward,897.11,897.11,897.11,324.11,324.11,324.11,63.87176600416894,2.7679182993428157
ab,mp,4,16,113,inverse,1026.11,1026.11,1026.11,350.11,350.11,350.11,65.87987642650397,2.9308217417383102
ab,mp,5,32,113,forward,2121.11,2121.11,2121.11,726.11,726.11,726.11,65.76745194732948,2.921196512925039
ab,mp,5,32,113,inverse,2418.11,2418.11,2418.11,743.11,743.11,743.11,69.26897452969469,3.254040451615508
ab,mp,6,64,113,forward,4852.11,4852.11,4852.11,1502.11,1502.11,1502.11,69.04212806387324,3.2301961906917604
ab,mp,6,64,113,inverse,5558.11,5558.11,5558.11,1523.11,1523.11,1523.11,72.59662007408994,3.6491848914392264
ab,mp,7,128,113,forward,11244.11,11244.11,11244.11,3485.11,3485.11,3485.11,69.0050168488213,3.226328580733463
ab,mp,7,128,113,inverse,12838.11,12838.11,12838.11,3418.11,3418.11,3418.11,73.37528654918832,3.7559089672362798
ab,mp,8,256,113,forward,25031.11,25031.11,25031.12,7594.11,7594.11,7594.11,69.66131346152848,3.2961215995027726
ab,mp,8,256,113,inverse,28666.11,28666.11,28666.11,7352.11,7352.11,7352.11,74.3526066145703,3.899031706544108
ab,mp,9,512,113,forward,56559.11,56559.11,56559.12,17099.11,17099.11,17099.11,69.76771734915914,3.307722448712243
ab,mp,9,512,113,inverse,64586.11,64586.11,64586.12,16467.11,16467.11,16467.11,74.50363553401806,3.922127805061119
ab,mp,10,1024,113,forward,123498.11,123498.11,123498.12,36960.11,36960.11,36960.11,70.07232742266258,3.341389135476058
ab,mp,10,1024,113,inverse,141342.11,141342.11,141342.12,35441.11,35441.11,35441.12,74.92530003974045,3.9880836125053643
ab,mp,4,16,114,forward,897.11,897.11,897.11,324.11,324.11,324.11,63.87176600416894,2.7679182993428157
ab,mp,4,16,114,inverse,1026.11,1026.11,1026.11,350.11,350.11,350.11,65.87987642650397,2.9308217417383102
ab,mp,5,32,114,forward,2121.11,2121.11,2121.11,726.11,726.11,726.11,65.76745194732948,2.921196512925039
ab,mp,5,32,114,inverse,2418.11,2418.11,2418.11,743.11,743.11,743.11,69.26897452969469,3.254040451615508
ab,mp,6,64,114,forward,4852.11,4852.11,4852.11,1502.11,1502.11,1502.11,69.04212806387324,3.2301961906917604
ab,mp,6,64,114,inverse,5558.11,5558.11,5558.11,1523.11,1523.11,1523.11,72.59662007408994,3.6491848914392264
ab,mp,7,128,114,forward,11244.11,11244.11,11244.11,3485.11,3485.11,3485.11,69.0050168488213,3.226328580733463
ab,mp,7,128,114,inverse,12838.11,12838.11,12838.11,3418.11,3418.11,3418.11,73.37528654918832,3.7559089672362798
ab,mp,8,256,114,forward,25031.11,25031.11,25031.11,7594.11,7594.11,7594.11,69.66131346152848,3.2961215995027726
ab,mp,8,256,114,inverse,28666.11,28666.11,28666.12,7352.11,7352.11,7352.11,74.3526066145703,3.899031706544108
ab,mp,9,512,114,forward,56559.11,56559.11,56559.12,17099.11,17099.11,17099.11,69.76771734915914,3.307722448712243
ab,mp,9,512,114,inverse,64586.11,64586.11,64586.12,16467.11,16467.11,16467.11,74.50363553401806,3.922127805061119
ab,mp,10,1024,114,forward,123498.11,123498.11,123498.12,36960.11,36960.11,36960.11,70.07232742266258,3.341389135476058
ab,mp,10,1024,114,inverse,141342.11,141342.11,141342.12,35441.11,35441.11,35441.12,74.92530003974045,3.9880836125053643
ab,mp,4,16,115,forward,897.11,897.11,897.11,324.11,324.11,324.11,63.87176600416894,2.7679182993428157
ab,mp,4,16,115,inverse,1026.11,1026.11,1026.11,350.11,350.11,350.11,65.87987642650397,2.9308217417383102
ab,mp,5,32,115,forward,2121.11,2121.11,2121.11,726.11,726.11,726.11,65.76745194732948,2.921196512925039
ab,mp,5,32,115,inverse,2418.11,2418.11,2418.11,743.11,743.11,743.11,69.26897452969469,3.254040451615508
ab,mp,6,64,115,forward,4852.11,4852.11,4852.11,1502.11,1502.11,1502.11,69.04212806387324,3.2301961906917604
ab,mp,6,64,115,inverse,5558.11,5558.11,5558.12,1523.11,1523.11,1523.11,72.59662007408994,3.6491848914392264
ab,mp,7,128,115,forward,11244.11,11244.11,11244.11,3485.11,3485.11,3485.11,69.0050168488213,3.226328580733463
ab,mp,7,128,115,inverse,12838.11,12838.11,12838.11,3418.11,3418.11,3418.11,73.37528654918832,3.7559089672362798
ab,mp,8,256,115,forward,25031.11,25031.11,25031.11,7594.11,7594.11,7594.11,69.66131346152848,3.2961215995027726
ab,mp,8,256,115,inverse,28666.11,28666.11,28666.11,7352.11,7352.11,7352.11,74.3526066145703,3.899031706544108
ab,mp,9,512,115,forward,56559.11,56559.11,56559.12,17099.11,17099.11,17099.11,69.76771734915914,3.307722448712243
ab,mp,9,512,115,inverse,64586.11,64586.11,64586.11,16467.11,16467.11,16467.12,74.50363553401806,3.922127805061119
ab,mp,10,1024,115,forward,123498.11,123498.11,123498.12,36960.11,36960.11,36960.12,70.07232742266258,3.341389135476058
ab,mp,10,1024,115,inverse,141342.11,141342.11,141342.12,35441.11,35441.11,35441.11,74.92530003974045,3.9880836125053643
ab,mp,4,16,116,forward,897.11,897.11,897.11,324.11,324.11,324.11,63.87176600416894,2.7679182993428157
ab,mp,4,16,116,inverse,1026.11,1026.11,1026.11,350.11,350.11,350.11,65.87987642650397,2.9308217417383102
ab,mp,5,32,116,forward,2121.11,2121.11,2121.12,726.11,726.11,726.11,65.76745194732948,2.921196512925039
ab,mp,5,32,116,inverse,2418.11,2418.11,2418.11,743.11,743.11,743.11,69.26897452969469,3.254040451615508
ab,mp,6,64,116,forward,4852.11,4852.11,4852.11,1502.11,1502.11,1502.11,69.04212806387324,3.2301961906917604
ab,mp,6,64,116,inverse,5558.11,5558.11,5558.11,1523.11,1523.11,1523.11,72.59662007408994,3.6491848914392264
ab,mp,7,128,116,forward,11244.11,11244.11,11244.11,3485.11,3485.11,3485.11,69.0050168488213,3.226328580733463
ab,mp,7,128,116,inverse,12838.11,12838.11,12838.11,3418.11,3418.11,3418.11,73.37528654918832,3.7559089672362798
ab,mp,8,256,116,forward,25031.11,25031.11,25031.12,7594.11,7594.11,7594.11,69.66131346152848,3.2961215995027726
ab,mp,8,256,116,inverse,28666.11,28666.11,28666.11,7352.11,7352.11,7352.11,74.3526066145703,3.899031706544108
ab,mp,9,512,116,forward,56559.11,56559.11,56559.12,17099.11,17099.11,17099.11,69.76771734915914,3.307722448712243
ab,mp,9,512,116,inverse,64586.11,64586.11,64586.12,16467.11,16467.11,16467.11,74.50363553401806,3.922127805061119
ab,mp,10,1024,116,forward,123498.11,123498.11,123498.12,36960.11,36960.11,36960.11,70.07232742266258,3.341389135476058
ab,mp,10,1024,116,inverse,141342.11,141342.11,141342.12,35441.11,35441.11,35441.11,74.92530003974045,3.9880836125053643
ab,mp,4,16,117,forward,897.11,897.11,897.11,324.11,324.11,324.11,63.87176600416894,2.7679182993428157
ab,mp,4,16,117,inverse,1026.11,1026.11,1026.11,350.11,350.11,350.11,65.87987642650397,2.9308217417383102
ab,mp,5,32,117,forward,2121.11,2121.11,2121.11,726.11,726.11,726.11,65.76745194732948,2.921196512925039
ab,mp,5,32,117,inverse,2418.11,2418.11,2418.11,743.11,743.11,743.11,69.26897452969469,3.254040451615508
ab,mp,6,64,117,forward,4852.11,4852.11,4852.11,1502.11,1502.11,1502.11,69.04212806387324,3.2301961906917604
ab,mp,6,64,117,inverse,5558.11,5558.11,5558.11,1523.11,1523.11,1523.11,72.59662007408994,3.6491848914392264
ab,mp,7,128,117,forward,11244.11,11244.11,11244.11,3485.11,3485.11,3485.11,69.0050168488213,3.226328580733463
ab,mp,7,128,117,inverse,12838.11,12838.11,12838.12,3418.11,3418.11,3418.11,73.37528654918832,3.7559089672362798
ab,mp,8,256,117,forward,25031.11,25031.11,25031.11,7594.11,7594.11,7594.11,69.66131346152848,3.2961215995027726
ab,mp,8,256,117,inverse,28666.11,28666.11,28666.12,7352.11,7352.11,7352.11,74.3526066145703,3.899031706544108
ab,mp,9,512,117,forward,56559.11,56559.11,56559.11,17099.11,17099.11,17099.12,69.76771734915914,3.307722448712243
ab,mp,9,512,117,inverse,64586.11,64586.11,64586.12,16467.11,16467.11,16467.11,74.50363553401806,3.922127805061119
ab,mp,10,1024,117,forward,123498.11,123498.11,123498.12,36960.11,36960.11,36960.12,70.07232742266258,3.341389135476058
ab,mp,10,1024,117,inverse,141342.11,141342.11,141342.12,35441.11,35441.11,35441.11,74.92530003974045,3.9880836125053643
ab,mp,4,16,118,forward,897.11,897.11,897.11,324.11,324.11,324.11,63.87176600416894,2.7679182993428157
ab,mp,4,16,118,inverse,1026.11,1026.11,1026.11,350.11,350.11,350.11,65.87987642650397,2.9308217417383102
ab,mp,5,32,118,forward,2121.11,2121.11,2121.11,726.11,726.11,726.11,65.76745194732948,2.921196512925039
ab,mp,5,32,118,inverse,2418.11,2418.11,2418.11,743.11,743.11,743.11,69.26897452969469,3.254040451615508
ab,mp,6,64,118,forward,4852.11,4852.11,4852.11,1502.11,1502.11,1502.11,69.04212806387324,3.2301961906917604
ab,mp,6,64,118,inverse,5558.11,5558.11,5558.12,1523.11,1523.11,1523.11,72.59662007408994,3.6491848914392264
ab,mp,7,128,118,forward,11244.11,11244.11,11244.11,3485.11,3485.11,3485.11,69.0050168488213,3.226328580733463
ab,mp,7,128,118,inverse,12838.11,12838.11,12838.11,3418.11,3418.11,3418.11,73.37528654918832,3.7559089672362798
ab,mp,8,256,118,forward,25031.11,25031.11,25031.11,7594.11,7594.11,7594.11,69.66131346152848,3.2961215995027726
ab,mp,8,256,118,inverse,28666.11,28666.11,28666.12,7352.11,7352.11,7352.11,74.3526066145703,3.899031706544108
ab,mp,9,512,118,forward,56559.11,56559.11,56559.12,17099.11,17099.11,17099.11,69.76771734915914,3.307722448712243
ab,mp,9,512,118,inverse,64586.11,64586.11,64586.12,16467.11,16467.11,16467.11,74.50363553401806,3.922127805061119
ab,mp,10,1024,118,forward,123498.11,123498.11,123498.12,36960.11,36960.11,36960.11,70.07232742266258,3.341389135476058
ab,mp,10,1024,118,inverse,141342.11,141342.11,141342.12,35441.11,35441.11,35441.11,74.92530003974045,3.9880836125053643
ab,mp,4,16,119,forward,897.11,897.11,897.11,324.11,324.11,324.11,63.87176600416894,2.7679182993428157
ab,mp,4,16,119,inverse,1026.11,1026.11,1026.11,350.11,350.11,350.11,65.87987642650397,2.9308217417383102
ab,mp,5,32,119,forward,2121.11,2121.11,2121.11,726.11,726.11,726.11,65.76745194732948,2.921196512925039
ab,mp,5,32,119,inverse,2418.11,2418.11,2418.11,743.11,743.11,743.11,69.26897452969469,3.254040451615508
ab,mp,6,64,119,forward,4852.11,4852.11,4852.11,1502.11,1502.11,1502.11,69.04212806387324,3.2301961906917604
ab,mp,6,64,119,inverse,5558.11,5558.11,5558.11,1523.11,1523.11,1523.11,72.59662007408994,3.6491848914392264
ab,mp,7,128,119,forward,11244.11,11244.11,11244.11,3485.11,3485.11,3485.11,69.0050168488213,3.226328580733463
ab,mp,7,128,119,inverse,12838.11,12838.11,12838.11,3418.11,3418.11,3418.11,73.37528654918832,3.7559089672362798
ab,mp,8,256,119,forward,25031.11,25031.11,25031.12,7594.11,7594.11,7594.11,69.66131346152848,3.2961215995027726
ab,mp,8,256,119,inverse,28666.11,28666.11,28666.11,7352.11,7352.11,7352.11,74.3526066145703,3.899031706544108
ab,mp,9,512,119,forward,56559.11,56559.11,56559.12,17099.11,17099.11,17099.11,69.76771734915914,3.307722448712243
ab,mp,9,512,119,inverse,64586.11,64586.11,64586.12,16467.11,16467.11,16467.11,74.50363553401806,3.922127805061119
ab,mp,10,1024,119,forward,123498.11,123498.11,123498.12,36960.11,36960.11,36960.12,70.07232742266258,3.341389135476058
ab,mp,10,1024,119,inverse,141342.11,141342.11,141342.12,35441.11,35441.11,35441.12,74.92530003974045,3.9880836125053643
ab,mp,4,16,120,forward,897.11,897.11,897.11,324.11,324.11,324.11,63.87176600416894,2.7679182993428157
ab,mp,4,16,120,inverse,1026.11,1026.11,1026.11,350.11,350.11,350.11,65.87987642650397,2.9308217417383102
ab,mp,5,32,120,forward,2121.11,2121.11,2121.11,726.11,726.11,726.11,65.76745194732948,2.921196512925039
ab,mp,5,32,120,inverse,2418.11,2418.11,2418.11,743.11,743.11,743.11,69.26897452969469,3.254040451615508
ab,mp,6,64,120,forward,4852.11,4852.11,4852.11,1502.11,1502.11,1502.11,69.04212806387324,3.2301961906917604
ab,mp,6,64,120,inverse,5558.11,5558.11,5558.11,1523.11,1523.11,1523.11,72.59662007408994,3.6491848914392264
ab,mp,7,128,120,forward,11244.11,11244.11,11244.11,3485.11,3485.11,3485.11,69.0050168488213,3.226328580733463
ab,mp,7,128,120,inverse,12838.11,12838.11,12838.12,3418.11,3418.11,3418.11,73.37528654918832,3.7559089672362798
ab,mp,8,256,120,forward,25031.11,25031.11,25031.11,7594.11,7594.11,7594.11,69.66131346152848,3.2961215995027726
ab,mp,8,256,120,inverse,28666.11,28666.11,28666.11,7352.11,7352.11,7352.12,74.3526066145703,3.899031706544108
ab,mp,9,512,120,forward,56559.11,56559.11,56559.12,17099.11,17099.11,17099.11,69.76771734915914,3.307722448712243
ab,mp,9,512,120,inverse,64586.11,64586.11,64586.11,16467.11,16467.11,16467.12,74.50363553401806,3.922127805061119
ab,mp,10,1024,120,forward,123498.11,123498.11,123498.12,36960.11,36960.11,36960.12,70.07232742266258,3.341389135476058
ab,mp,10,1024,120,inverse,141342.11,141342.11,141342.12,35441.11,35441.11,35441.11,74.92530003974045,3.9880836125053643
ab,mp,4,16,121,forward,897.11,897.11,897.11,324.11,324.11,324.11,63.87176600416894,2.7679182993428157
ab,mp,4,16,121,inverse,1026.11,1026.11,1026.11,350.11,350.11,350.11,65.87987642650397,2.9308217417383102
ab,mp,5,32,121,forward,2121.11,2121.11,2121.11,726.11,726.11,726.11,65.76745194732948,2.921196512925039
ab,mp,5,32,121,inverse,2418.11,2418.11,2418.11,743.11,743.11,743.11,69.26897452969469,3.254040451615508
ab,mp,6,64,121,forward,4852.11,4852.11,4852.11,1502.11,1502.11,1502.11,69.04212806387324,3.2301961906917604
ab,mp,6,64,121,inverse,5558.11,5558.11,5558.11,1523.11,1523.11,1523.11,72.59662007408994,3.6491848914392264
ab,mp,7,128,121,forward,11244.11,11244.11,11244.11,3485.11,3485.11,3485.11,69.0050168488213,3.226328580733463
ab,mp,7,128,121,inverse,12838.11,12838.11,12838.11,3418.11,3418.11,3418.11,73.37528654918832,3.7559089672362798
ab,mp,8,256,121,forward,25031.11,25031.11,25031.11,7594.11,7594.11,7594.11,69.66131346152848,3.2961215995027726
ab,mp,8,256,121,inverse,28666.11,28666.11,28666.11,7352.11,7352.11,7352.12,74.3526066145703,3.899031706544108
ab,mp,9,512,121,forward,56559.11,56559.11,56559.12,17099.11,17099.11,17099.11,69.76771734915914,3.307722448712243
ab,mp,9,512,121,inverse,64586.11,64586.11,64586.12,16467.11,16467.11,16467.11,74.50363553401806,3.922127805061119
ab,mp,10,1024,121,forward,123498.11,123498.11,123498.12,36960.11,36960.11,36960.11,70.07232742266258,3.341389135476058
ab,mp,10,1024,121,inverse,141342.11,141342.11,141342.12,35441.11,35441.11,35441.11,74.92530003974045,3.9880836125053643
ab,mp,4,16,122,forward,897.11,897.11,897.11,324.11,324.11,324.11,63.87176600416894,2.7679182993428157
ab,mp,4,16,122,inverse,1026.11,1026.11,1026.11,350.11,350.11,350.11,65.87987642650397,2.9308217417383102
ab,mp,5,32,122,forward,2121.11,2121.11,2121.11,726.11,726.11,726.11,65.76745194732948,2.921196512925039
ab,mp,5,32,122,inverse,2418.11,2418.11,2418.11,743.11,743.11,743.11,69.26897452969469,3.254040451615508
ab,mp,6,64,122,forward,4852.11,4852.11,4852.11,1502.11,1502.11,1502.11,69.04212806387324,3.2301961906917604
ab,mp,6,64,122,inverse,5558.11,5558.11,5558.11,1523.11,1523.11,1523.11,72.59662007408994,3.6491848914392264
ab,mp,7,128,122,forward,11244.11,11244.11,11244.11,3485.11,3485.11,3485.11,69.0050168488213,3.226328580733463
ab,mp,7,128,122,inverse,12838.11,12838.11,12838.11,3418.11,3418.11,3418.11,73.37528654918832,3.7559089672362798
ab,mp,8,256,122,forward,25031.11,25031.11,25031.12,7594.11,7594.11,7594.11,69.66131346152848,3.2961215995027726
ab,mp,8,256,122,inverse,28666.11,28666.11,28666.11,7352.11,7352.11,7352.11,74.3526066145703,3.899031706544108
ab,mp,9,512,122,forward,56559.11,56559.11,56559.12,17099.11,17099.11,17099.11,69.76771734915914,3.307722448712243
ab,mp,9,512,122,inverse,64586.11,64586.11,64586.12,16467.11,16467.11,16467.11,74.50363553401806,3.922127805061119
ab,mp,10,1024,122,forward,123498.11,123498.11,123498.12,36960.11,36960.11,36960.12,70.07232742266258,3.341389135476058
ab,mp,10,1024,122,inverse,141342.11,141342.11,141342.12,35441.11,35441.11,35441.12,74.92530003974045,3.9880836125053643
ab,mp,4,16,123,forward,897.11,897.11,897.11,324.11,324.11,324.11,63.87176600416894,2.7679182993428157
ab,mp,4,16,123,inverse,1026.11,1026.11,1026.11,350.11,350.11,350.11,65.87987642650397,2.9308217417383102
ab,mp,5,32,123,forward,2121.11,2121.11,2121.11,726.11,726.11,726.11,65.76745194732948,2.921196512925039
ab,mp,5,32,123,inverse,2418.11,2418.11,2418.11,743.11,743.11,743.11,69.26897452969469,3.254040451615508
ab,mp,6,64,123,forward,4852.11,4852.11,4852.11,1502.11,1502.11,1502.11,69.04212806387324,3.2301961906917604
ab,mp,6,64,123,inverse,5558.11,5558.11,5558.11,1523.11,1523.11,1523.11,72.59662007408994,3.6491848914392264
ab,mp,7,128,123,forward,11244.11,11244.11,11244.11,3485.11,3485.11,3485.11,69.0050168488213,3.226328580733463
ab,mp,7,128,123,inverse,12838.11,12838.11,12838.12,3418.11,3418.11,3418.11,73.37528654918832,3.7559089672362798
ab,mp,8,256,123,forward,25031.11,25031.11,25031.11,7594.11,7594.11,7594.11,69.66131346152848,3.2961215995027726
ab,mp,8,256,123,inverse,28666.11,28666.11,28666.12,7352.11,7352.11,7352.11,74.3526066145703,3.899031706544108
ab,mp,9,512,123,forward,56559.11,56559.11,56559.11,17099.11,17099.11,17099.11,69.76771734915914,3.307722448712243
ab,mp,9,512,123,inverse,64586.11,64586.11,64586.12,16467.11,16467.11,16467.11,74.50363553401806,3.922127805061119
ab,mp,10,1024,123,forward,123498.11,123498.11,123498.12,36960.11,36960.11,36960.11,70.07232742266258,3.341389135476058
ab,mp,10,1024,123,inverse,141342.11,141342.11,141342.12,35441.11,35441.11,35441.11,74.92530003974045,3.9880836125053643
ab,mp,4,16,124,forward,897.11,897.11,897.11,324.11,324.11,324.11,63.87176600416894,2.7679182993428157
ab,mp,4,16,124,inverse,1026.11,1026.11,1026.11,350.11,350.11,350.11,65.87987642650397,2.9308217417383102
ab,mp,5,32,124,forward,2121.11,2121.11,2121.11,726.11,726.11,726.11,65.76745194732948,2.921196512925039
ab,mp,5,32,124,inverse,2418.11,2418.11,2418.11,743.11,743.11,743.11,69.26897452969469,3.254040451615508
ab,mp,6,64,124,forward,4852.11,4852.11,4852.11,1502.11,1502.11,1502.11,69.04212806387324,3.2301961906917604
ab,mp,6,64,124,inverse,5558.11,5558.11,5558.11,1523.11,1523.11,1523.11,72.59662007408994,3.6491848914392264
ab,mp,7,128,124,forward,11244.11,11244.11,11244.12,3485.11,3485.11,3485.11,69.0050168488213,3.226328580733463
ab,mp,7,128,124,inverse,12838.11,12838.11,12838.11,3418.11,3418.11,3418.11,73.37528654918832,3.7559089672362798
ab,mp,8,256,124,forward,25031.11,25031.11,25031.11,7594.11,7594.11,7594.11,69.66131346152848,3.2961215995027726
ab,mp,8,256,124,inverse,28666.11,28666.11,28666.12,7352.11,7352.11,7352.11,74.3526066145703,3.899031706544108
ab,mp,9,512,124,forward,56559.11,56559.11,56559.12,17099.11,17099.11,17099.11,69.76771734915914,3.307722448712243
ab,mp,9,512,124,inverse,64586.11,64586.11,64586.12,16467.11,16467.11,16467.11,74.50363553401806,3.922127805061119
ab,mp,10,1024,124,forward,123498.11,123498.11,123498.12,36960.11,36960.11,36960.12,70.07232742266258,3.341389135476058
ab,mp,10,1024,124,inverse,141342.11,141342.11,141342.12,35441.11,35441.11,35441.12,74.92530003974045,3.9880836125053643
ab,mp,4,16,125,forward,897.11,897.11,897.11,324.11,324.11,324.11,63.87176600416894,2.7679182993428157
ab,mp,4,16,125,inverse,1026.11,1026.11,1026.11,350.11,350.11,350.11,65.87987642650397,2.9308217417383102
ab,mp,5,32,125,forward,2121.11,2121.11,2121.11,726.11,726.11,726.11,65.76745194732948,2.921196512925039
ab,mp,5,32,125,inverse,2418.11,2418.11,2418.11,743.11,743.11,743.11,69.26897452969469,3.254040451615508
ab,mp,6,64,125,forward,4852.11,4852.11,4852.11,1502.11,1502.11,1502.11,69.04212806387324,3.2301961906917604
ab,mp,6,64,125,inverse,5558.11,5558.11,5558.11,1523.11,1523.11,1523.11,72.59662007408994,3.6491848914392264
ab,mp,7,128,125,forward,11244.11,11244.11,11244.11,3485.11,3485.11,3485.11,69.0050168488213,3.226328580733463
ab,mp,7,128,125,inverse,12838.11,12838.11,12838.11,3418.11,3418.11,3418.11,73.37528654918832,3.7559089672362798
ab,mp,8,256,125,forward,25031.11,25031.11,25031.12,7594.11,7594.11,7594.11,69.66131346152848,3.2961215995027726
ab,mp,8,256,125,inverse,28666.11,28666.11,28666.11,7352.11,7352.11,7352.11,74.3526066145703,3.899031706544108
ab,mp,9,512,125,forward,56559.11,56559.11,56559.11,17099.11,17099.11,17099.12,69.76771734915914,3.307722448712243
ab,mp,9,512,125,inverse,64586.11,64586.11,64586.12,16467.11,16467.11,16467.11,74.50363553401806,3.922127805061119
ab,mp,10,1024,125,forward,123498.11,123498.11,123498.12,36960.11,36960.11,36960.11,70.07232742266258,3.341389135476058
ab,mp,10,1024,125,inverse,141342.11,141342.11,141342.12,35441.11,35441.11,35441.12,74.92530003974045,3.9880836125053643
ab,mp,4,16,126,forward,897.11,897.11,897.11,324.11,324.11,324.11,63.87176600416894,2.7679182993428157
ab,mp,4,16,126,inverse,1026.11,1026.11,1026.11,350.11,350.11,350.11,65.87987642650397,2.9308217417383102
ab,mp,5,32,126,forward,2121.11,2121.11,2121.11,726.11,726.11,726.11,65.76745194732948,2.921196512925039
ab,mp,5,32,126,inverse,2418.11,2418.11,2418.11,743.11,743.11,743.11,69.26897452969469,3.254040451615508
ab,mp,6,64,126,forward,4852.11,4852.11,4852.11,1502.11,1502.11,1502.11,69.04212806387324,3.2301961906917604
ab,mp,6,64,126,inverse,5558.11,5558.11,5558.11,1523.11,1523.11,1523.11,72.59662007408994,3.6491848914392264
ab,mp,7,128,126,forward,11244.11,11244.11,11244.11,3485.11,3485.11,3485.11,69.0050168488213,3.226328580733463
ab,mp,7,128,126,inverse,12838.11,12838.11,12838.12,3418.11,3418.11,3418.11,73.37528654918832,3.7559089672362798
ab,mp,8,256,126,forward,25031.11,25031.11,25031.11,7594.11,7594.11,7594.11,69.66131346152848,3.2961215995027726
ab,mp,8,256,126,inverse,28666.11,28666.11,28666.11,7352.11,7352.11,7352.11,74.3526066145703,3.899031706544108
ab,mp,9,512,126,forward,56559.11,56559.11,56559.11,17099.11,17099.11,17099.11,69.76771734915914,3.307722448712243
ab,mp,9,512,126,inverse,64586.11,64586.11,64586.12,16467.11,16467.11,16467.11,74.50363553401806,3.922127805061119
ab,mp,10,1024,126,forward,123498.11,123498.11,123498.12,36960.11,36960.11,36960.11,70.07232742266258,3.341389135476058
ab,mp,10,1024,126,inverse,141342.11,141342.11,141342.12,35441.11,35441.11,35441.11,74.92530003974045,3.9880836125053643
ab,mp,4,16,127,forward,897.11,897.11,897.11,324.11,324.11,324.11,63.87176600416894,2.7679182993428157
ab,mp,4,16,127,inverse,1026.11,1026.11,1026.11,350.11,350.11,350.11,65.87987642650397,2.9308217417383102
ab,mp,5,32,127,forward,2121.11,2121.11,2121.11,726.11,726.11,726.11,65.76745194732948,2.921196512925039
ab,mp,5,32,127,inverse,2418.11,2418.11,2418.11,743.11,743.11,743.11,69.26897452969469,3.254040451615508
ab,mp,6,64,127,forward,4852.11,4852.11,4852.11,1502.11,1502.11,1502.11,69.04212806387324,3.2301961906917604
ab,mp,6,64,127,inverse,5558.11,5558.11,5558.11,1523.11,1523.11,1523.11,72.59662007408994,3.6491848914392264
ab,mp,7,128,127,forward,11244.11,11244.11,11244.12,3485.11,3485.11,3485.11,69.0050168488213,3.226328580733463
ab,mp,7,128,127,inverse,12838.11,12838.11,12838.11,3418.11,3418.11,3418.11,73.37528654918832,3.7559089672362798
ab,mp,8,256,127,forward,25031.11,25031.11,25031.11,7594.11,7594.11,7594.11,69.66131346152848,3.2961215995027726
ab,mp,8,256,127,inverse,28666.11,28666.11,28666.12,7352.11,7352.11,7352.11,74.3526066145703,3.899031706544108
ab,mp,9,512,127,forward,56559.11,56559.11,56559.11,17099.11,17099.11,17099.12,69.76771734915914,3.307722448712243
ab,mp,9,512,127,inverse,64586.11,64586.11,64586.12,16467.11,16467.11,16467.11,74.50363553401806,3.922127805061119
ab,mp,10,1024,127,forward,123498.11,123498.11,123498.12,36960.11,36960.11,36960.12,70.07232742266258,3.341389135476058
ab,mp,10,1024,127,inverse,141342.11,141342.11,141342.12,35441.11,35441.11,35441.12,74.92530003974045,3.9880836125053643
ab,mp,4,16,128,forward,897.11,897.11,897.11,324.11,324.11,324.11,63.87176600416894,2.7679182993428157
ab,mp,4,16,128,inverse,1026.11,1026.11,1026.11,350.11,350.11,350.11,65.87987642650397,2.9308217417383102
ab,mp,5,32,128,forward,2121.11,2121.11,2121.11,726.11,726.11,726.11,65.76745194732948,2.921196512925039
ab,mp,5,32,128,inverse,2418.11,2418.11,2418.11,743.11,743.11,743.11,69.26897452969469,3.254040451615508
ab,mp,6,64,128,forward,4852.11,4852.11,4852.12,1502.11,1502.11,1502.11,69.04212806387324,3.2301961906917604
ab,mp,6,64,128,inverse,5558.11,5558.11,5558.11,1523.11,1523.11,1523.11,72.59662007408994,3.6491848914392264
ab,mp,7,128,128,forward,11244.11,11244.11,11244.11,3485.11,3485.11,3485.11,69.0050168488213,3.226328580733463
ab,mp,7,128,128,inverse,12838.11,12838.11,12838.11,3418.11,3418.11,3418.11,73.37528654918832,3.7559089672362798
ab,mp,8,256,128,forward,25031.11,25031.11,25031.11,7594.11,7594.11,7594.12,69.66131346152848,3.2961215995027726
ab,mp,8,256,128,inverse,28666.11,28666.11,28666.11,7352.11,7352.11,7352.11,74.3526066145703,3.899031706544108
ab,mp,9,512,128,forward,56559.11,56559.11,56559.12,17099.11,17099.11,17099.11,69.76771734915914,3.307722448712243
ab,mp,9,512,128,inverse,64586.11,64586.11,64586.12,16467.11,16467.11,16467.11,74.50363553401806,3.922127805061119
ab,mp,10,1024,128,forward,123498.11,123498.11,123498.12,36960.11,36960.11,36960.11,70.07232742266258,3.341389135476058
ab,mp,10,1024,128,inverse,141342.11,141342.11,141342.12,35441.11,35441.11,35441.12,74.92530003974045,3.9880836125053643
ab,mp,4,16,129,forward,897.11,897.11,897.11,324.11,324.11,324.11,63.87176600416894,2.7679182993428157
ab,mp,4,16,129,inverse,1026.11,1026.11,1026.11,350.11,350.11,350.11,65.87987642650397,2.9308217417383102
ab,mp,5,32,129,forward,2121.11,2121.11,2121.11,726.11,726.11,726.11,65.76745194732948,2.921196512925039
ab,mp,5,32,129,inverse,2418.11,2418.11,2418.11,743.11,743.11,743.11,69.26897452969469,3.254040451615508
ab,mp,6,64,129,forward,4852.11,4852.11,4852.11,1502.11,1502.11,1502.11,69.04212806387324,3.2301961906917604
ab,mp,6,64,129,inverse,5558.11,5558.11,5558.11,1523.11,1523.11,1523.11,72.59662007408994,3.6491848914392264
ab,mp,7,128,129,forward,11244.11,11244.11,11244.11,3485.11,3485.11,3485.11,69.0050168488213,3.226328580733463
ab,mp,7,128,129,inverse,12838.11,12838.11,12838.12,3418.11,3418.11,3418.11,73.37528654918832,3.7559089672362798
ab,mp,8,256,129,forward,25031.11,25031.11,25031.11,7594.11,7594.11,7594.11,69.66131346152848,3.2961215995027726
ab,mp,8,256,129,inverse,28666.11,28666.11,28666.11,7352.11,7352.11,7352.11,74.3526066145703,3.899031706544108
ab,mp,9,512,129,forward,56559.11,56559.11,56559.11,17099.11,17099.11,17099.11,69.76771734915914,3.307722448712243
ab,mp,9,512,129,inverse,64586.11,64586.11,64586.12,16467.11,16467.11,16467.11,74.50363553401806,3.922127805061119
ab,mp,10,1024,129,forward,123498.11,123498.11,123498.12,36960.11,36960.11,36960.11,70.07232742266258,3.341389135476058
ab,mp,10,1024,129,inverse,141342.11,141342.11,141342.12,35441.11,35441.11,35441.11,74.92530003974045,3.9880836125053643
ab,mp,4,16,130,forward,897.11,897.11,897.11,324.11,324.11,324.11,63.87176600416894,2.7679182993428157
ab,mp,4,16,130,inverse,1026.11,1026.11,1026.11,350.11,350.11,350.11,65.87987642650397,2.9308217417383102
ab,mp,5,32,130,forward,2121.11,2121.11,2121.11,726.11,726.11,726.11,65.76745194732948,2.921196512925039
ab,mp,5,32,130,inverse,2418.11,2418.11,2418.11,743.11,743.11,743.11,69.26897452969469,3.254040451615508
ab,mp,6,64,130,forward,4852.11,4852.11,4852.11,1502.11,1502.11,1502.11,69.04212806387324,3.2301961906917604
ab,mp,6,64,130,inverse,5558.11,5558.11,5558.11,1523.11,1523.11,1523.11,72.59662007408994,3.6491848914392264
ab,mp,7,128,130,forward,11244.11,11244.11,11244.12,3485.11,3485.11,3485.11,69.0050168488213,3.226328580733463
ab,mp,7,128,130,inverse,12838.11,12838.11,12838.11,3418.11,3418.11,3418.11,73.37528654918832,3.7559089672362798
ab,mp,8,256,130,forward,25031.11,25031.11,25031.11,7594.11,7594.11,7594.11,69.66131346152848,3.2961215995027726
ab,mp,8,256,130,inverse,28666.11,28666.11,28666.12,7352.11,7352.11,7352.11,74.3526066145703,3.899031706544108
ab,mp,9,512,130,forward,56559.11,56559.11,56559.12,17099.11,17099.11,17099.11,69.76771734915914,3.307722448712243
ab,mp,9,512,130,inverse,64586.11,64586.11,64586.11,16467.11,16467.11,16467.12,74.50363553401806,3.922127805061119
ab,mp,10,1024,130,forward,123498.11,123498.11,123498.12,36960.11,36960.11,36960.12,70.07232742266258,3.341389135476058
ab,mp,10,1024,130,inverse,141342.11,141342.11,141342.12,35441.11,35441.11,35441.12,74.92530003974045,3.9880836125053643
ab,mp,4,16,131,forward,897.11,897.11,897.11,324.11,324.11,324.11,63.87176600416894,2.7679182993428157
ab,mp,4,16,131,inverse,1026.11,1026.11,1026.11,350.11,350.11,350.11,65.87987642650397,2.9308217417383102
ab,mp,5,32,131,forward,2121.11,2121.11,2121.11,726.11,726.11,726.11,65.76745194732948,2.921196512925039
ab,mp,5,32,131,inverse,2418.11,2418.11,2418.11,743.11,743.11,743.11,69.26897452969469,3.254040451615508
ab,mp,6,64,131,forward,4852.11,4852.11,4852.11,1502.11,1502.11,1502.12,69.04212806387324,3.2301961906917604
ab,mp,6,64,131,inverse,5558.11,5558.11,5558.11,1523.11,1523.11,1523.11,72.59662007408994,3.6491848914392264
ab,mp,7,128,131,forward,11244.11,11244.11,11244.11,3485.11,3485.11,3485.11,69.0050168488213,3.226328580733463
ab,mp,7,128,131,inverse,12838.11,12838.11,12838.11,3418.11,3418.11,3418.11,73.37528654918832,3.7559089672362798
ab,mp,8,256,131,forward,25031.11,25031.11,25031.12,7594.11,7594.11,7594.11,69.66131346152848,3.2961215995027726
ab,mp,8,256,131,inverse,28666.11,28666.11,28666.11,7352.11,7352.11,7352.11,74.3526066145703,3.899031706544108
ab,mp,9,512,131,forward,56559.11,56559.11,56559.12,17099.11,17099.11,17099.11,69.76771734915914,3.307722448712243
ab,mp,9,512,131,inverse,64586.11,64586.11,64586.12,16467.11,16467.11,16467.11,74.50363553401806,3.922127805061119
ab,mp,10,1024,131,forward,123498.11,123498.11,123498.12,36960.11,36960.11,36960.11,70.07232742266258,3.341389135476058
ab,mp,10,1024,131,inverse,141342.11,141342.11,141342.12,35441.11,35441.11,35441.12,74.92530003974045,3.9880836125053643
ab,mp,4,16,132,forward,897.11,897.11,897.11,324.11,324.11,324.11,63.87176600416894,2.7679182993428157
ab,mp,4,16,132,inverse,1026.11,1026.11,1026.11,350.11,350.11,350.11,65.87987642650397,2.9308217417383102
ab,mp,5,32,132,forward,2121.11,2121.11,2121.11,726.11,726.11,726.11,65.76745194732948,2.921196512925039
ab,mp,5,32,132,inverse,2418.11,2418.11,2418.11,743.11,743.11,743.11,69.26897452969469,3.254040451615508
ab,mp,6,64,132,forward,4852.11,4852.11,4852.11,1502.11,1502.11,1502.11,69.04212806387324,3.2301961906917604
ab,mp,6,64,132,inverse,5558.11,5558.11,5558.11,1523.11,1523.11,1523.11,72.59662007408994,3.6491848914392264
ab,mp,7,128,132,forward,11244.11,11244.11,11244.11,3485.11,3485.11,3485.11,69.0050168488213,3.226328580733463
ab,mp,7,128,132,inverse,12838.11,12838.11,12838.11,3418.11,3418.11,3418.11,73.37528654918832,3.7559089672362798
ab,mp,8,256,132,forward,25031.11,25031.11,25031.12,7594.11,7594.11,7594.11,69.66131346152848,3.2961215995027726
ab,mp,8,256,132,inverse,28666.11,28666.11,28666.11,7352.11,7352.11,7352.11,74.3526066145703,3.899031706544108
ab,mp,9,512,132,forward,56559.11,56559.11,56559.12,17099.11,17099.11,17099.11,69.76771734915914,3.307722448712243
ab,mp,9,512,132,inverse,64586.11,64586.11,64586.12,16467.11,16467.11,16467.11,74.50363553401806,3.922127805061119
ab,mp,10,1024,132,forward,123498.11,123498.11,123498.12,36960.11,36960.11,36960.12,70.07232742266258,3.341389135476058
ab,mp,10,1024,132,inverse,141342.11,141342.11,141342.12,35441.11,35441.11,35441.11,74.92530003974045,3.9880836125053643
ab,mp,4,16,133,forward,897.11,897.11,897.11,324.11,324.11,324.11,63.87176600416894,2.7679182993428157
ab,mp,4,16,133,inverse,1026.11,1026.11,1026.11,350.11,350.11,350.11,65.87987642650397,2.9308217417383102
ab,mp,5,32,133,forward,2121.11,2121.11,2121.11,726.11,726.11,726.11,65.76745194732948,2.921196512925039
ab,mp,5,32,133,inverse,2418.11,2418.11,2418.11,743.11,743.11,743.11,69.26897452969469,3.254040451615508
ab,mp,6,64,133,forward,4852.11,4852.11,4852.11,1502.11,1502.11,1502.11,69.04212806387324,3.2301961906917604
ab,mp,6,64,133,inverse,5558.11,5558.11,5558.11,1523.11,1523.11,1523.11,72.59662007408994,3.6491848914392264
ab,mp,7,128,133,forward,11244.11,11244.11,11244.12,3485.11,3485.11,3485.11,69.0050168488213,3.226328580733463
ab,mp,7,128,133,inverse,12838.11,12838.11,12838.11,3418.11,3418.11,3418.11,73.37528654918832,3.7559089672362798
ab,mp,8,256,133,forward,25031.11,25031.11,25031.11,7594.11,7594.11,7594.11,69.66131346152848,3.2961215995027726
ab,mp,8,256,133,inverse,28666.11,28666.11,28666.11,7352.11,7352.11,7352.12,74.3526066145703,3.899031706544108
ab,mp,9,512,133,forward,56559.11,56559.11,56559.12,17099.11,17099.11,17099.11,69.76771734915914,3.307722448712243
ab,mp,9,512,133,inverse,64586.11,64586.11,64586.12,16467.11,16467.11,16467.11,74.50363553401806,3.922127805061119
ab,mp,10,1024,133,forward,123498.11,123498.11,123498.12,36960.11,36960.11,36960.11,70.07232742266258,3.341389135476058
ab,mp,10,1024,133,inverse,141342.11,141342.11,141342.12,35441.11,35441.11,35441.11,74.92530003974045,3.9880836125053643
ab,mp,4,16,134,forward,897.11,897.11,897.11,324.11,324.11,324.11,63.87176600416894,2.7679182993428157
ab,mp,4,16,134,inverse,1026.11,1026.11,1026.11,350.11,350.11,350.11,65.87987642650397,2.9308217417383102
ab,mp,5,32,134,forward,2121.11,2121.11,2121.11,726.11,726.11,726.11,65.76745194732948,2.921196512925039
ab,mp,5,32,134,inverse,2418.11,2418.11,2418.11,743.11,743.11,743.11,69.26897452969469,3.254040451615508
ab,mp,6,64,134,forward,4852.11,4852.11,4852.11,1502.11,1502.11,1502.11,69.04212806387324,3.2301961906917604
ab,mp,6,64,134,inverse,5558.11,5558.11,5558.11,1523.11,1523.11,1523.11,72.59662007408994,3.6491848914392264
ab,mp,7,128,134,forward,11244.11,11244.11,11244.11,3485.11,3485.11,3485.11,69.0050168488213,3.226328580733463
ab,mp,7,128,134,inverse,12838.11,12838.11,12838.11,3418.11,3418.11,3418.11,73.37528654918832,3.7559089672362798
ab,mp,8,256,134,forward,25031.11,25031.11,25031.12,7594.11,7594.11,7594.11,69.66131346152848,3.2961215995027726
ab,mp,8,256,134,inverse,28666.11,28666.11,28666.11,7352.11,7352.11,7352.11,74.3526066145703,3.899031706544108
ab,mp,9,512,134,forward,56559.11,56559.11,56559.12,17099.11,17099.11,17099.11,69.76771734915914,3.307722448712243
ab,mp,9,512,134,inverse,64586.11,64586.11,64586.11,16467.11,16467.11,16467.11,74.50363553401806,3.922127805061119
ab,mp,10,1024,134,forward,123498.11,123498.11,123498.12,36960.11,36960.11,36960.11,70.07232742266258,3.341389135476058
ab,mp,10,1024,134,inverse,141342.11,141342.11,141342.12,35441.11,35441.11,35441.12,74.92530003974045,3.9880836125053643
ab,mp,4,16,135,forward,897.11,897.11,897.12,324.11,324.11,324.11,63.87176600416894,2.7679182993428157
ab,mp,4,16,135,inverse,1026.11,1026.11,1026.11,350.11,350.11,350.11,65.87987642650397,2.9308217417383102
ab,mp,5,32,135,forward,2121.11,2121.11,2121.11,726.11,726.11,726.11,65.76745194732948,2.921196512925039
ab,mp,5,32,135,inverse,2418.11,2418.11,2418.11,743.11,743.11,743.11,69.26897452969469,3.254040451615508
ab,mp,6,64,135,forward,4852.11,4852.11,4852.11,1502.11,1502.11,1502.11,69.04212806387324,3.2301961906917604
ab,mp,6,64,135,inverse,5558.11,5558.11,5558.11,1523.11,1523.11,1523.11,72.59662007408994,3.6491848914392264
ab,mp,7,128,135,forward,11244.11,11244.11,11244.11,3485.11,3485.11,3485.11,69.0050168488213,3.226328580733463
ab,mp,7,128,135,inverse,12838.11,12838.11,12838.11,3418.11,3418.11,3418.11,73.37528654918832,3.7559089672362798
ab,mp,8,256,135,forward,25031.11,25031.11,25031.12,7594.11,7594.11,7594.11,69.66131346152848,3.2961215995027726
ab,mp,8,256,135,inverse,28666.11,28666.11,28666.11,7352.11,7352.11,7352.11,74.3526066145703,3.899031706544108
ab,mp,9,512,135,forward,56559.11,56559.11,56559.12,17099.11,17099.11,17099.11,69.76771734915914,3.307722448712243
ab,mp,9,512,135,inverse,64586.11,64586.11,64586.11,16467.11,16467.11,16467.12,74.50363553401806,3.922127805061119
ab,mp,10,1024,135,forward,123498.11,123498.11,123498.12,36960.11,36960.11,36960.12,70.07232742266258,3.341389135476058
ab,mp,10,1024,135,inverse,141342.11,141342.11,141342.12,35441.11,35441.11,35441.11,74.92530003974045,3.9880836125053643
ab,mp,4,16,136,forward,897.11,897.11,897.11,324.11,324.11,324.11,63.87176600416894,2.7679182993428157
ab,mp,4,16,136,inverse,1026.11,1026.11,1026.11,350.11,350.11,350.11,65.87987642650397,2.9308217417383102
ab,mp,5,32,136,forward,2121.11,2121.11,2121.11,726.11,726.11,726.11,65.76745194732948,2.921196512925039
ab,mp,5,32,136,inverse,2418.11,2418.11,2418.11,743.11,743.11,743.11,69.26897452969469,3.254040451615508
ab,mp,6,64,136,forward,4852.11,4852.11,4852.11,1502.11,1502.11,1502.11,69.04212806387324,3.2301961906917604
ab,mp,6,64,136,inverse,5558.11,5558.11,5558.11,1523.11,1523.11,1523.11,72.59662007408994,3.6491848914392264
ab,mp,7,128,136,forward,11244.11,11244.11,11244.11,3485.11,3485.11,3485.12,69.0050168488213,3.226328580733463
ab,mp,7,128,136,inverse,12838.11,12838.11,12838.11,3418.11,3418.11,3418.11,73.37528654918832,3.7559089672362798
ab,mp,8,256,136,forward,25031.11,25031.11,25031.11,7594.11,7594.11,7594.11,69.66131346152848,3.2961215995027726
ab,mp,8,256,136,inverse,28666.11,28666.11,28666.11,7352.11,7352.11,7352.12,74.3526066145703,3.899031706544108
ab,mp,9,512,136,forward,56559.11,56559.11,56559.11,17099.11,17099.11,17099.11,69.76771734915914,3.307722448712243
ab,mp,9,512,136,inverse,64586.11,64586.11,64586.12,16467.11,16467.11,16467.11,74.50363553401806,3.922127805061119
ab,mp,10,1024,136,forward,123498.11,123498.11,123498.12,36960.11,36960.11,36960.11,70.07232742266258,3.341389135476058
ab,mp,10,1024,136,inverse,141342.11,141342.11,141342.12,35441.11,35441.11,35441.11,74.92530003974045,3.9880836125053643
ab,mp,4,16,137,forward,897.11,897.11,897.11,324.11,324.11,324.11,63.87176600416894,2.7679182993428157
ab,mp,4,16,137,inverse,1026.11,1026.11,1026.11,350.11,350.11,350.11,65.87987642650397,2.9308217417383102
ab,mp,5,32,137,forward,2121.11,2121.11,2121.11,726.11,726.11,726.11,65.76745194732948,2.921196512925039
ab,mp,5,32,137,inverse,2418.11,2418.11,2418.11,743.11,743.11,743.11,69.26897452969469,3.254040451615508
ab,mp,6,64,137,forward,4852.11,4852.11,4852.11,1502.11,1502.11,1502.11,69.04212806387324,3.2301961906917604
ab,mp,6,64,137,inverse,5558.11,5558.11,5558.11,1523.11,1523.11,1523.11,72.59662007408994,3.6491848914392264
ab,mp,7,128,137,forward,11244.11,11244.11,11244.11,3485.11,3485.11,3485.11,69.0050168488213,3.226328580733463
ab,mp,7,128,137,inverse,12838.11,12838.11,12838.11,3418.11,3418.11,3418.11,73.37528654918832,3.7559089672362798
ab,mp,8,256,137,forward,25031.11,25031.11,25031.11,7594.11,7594.11,7594.12,69.66131346152848,3.2961215995027726
ab,mp,8,256,137,inverse,28666.11,28666.11,28666.11,7352.11,7352.11,7352.11,74.3526066145703,3.899031706544108
ab,mp,9,512,137,forward,56559.11,56559.11,56559.12,17099.11,17099.11,17099.11,69.76771734915914,3.307722448712243
ab,mp,9,512,137,inverse,64586.11,64586.11,64586.12,16467.11,16467.11,16467.11,74.50363553401806,3.922127805061119
ab,mp,10,1024,137,forward,123498.11,123498.11,123498.12,36960.11,36960.11,36960.12,70.07232742266258,3.341389135476058
ab,mp,10,1024,137,inverse,141342.11,141342.11,141342.12,35441.11,35441.11,35441.11,74.92530003974045,3.9880836125053643
ab,mp,4,16,138,forward,897.11,897.11,897.11,324.11,324.11,324.11,63.87176600416894,2.7679182993428157
ab,mp,4,16,138,inverse,1026.11,1026.11,1026.11,350.11,350.11,350.11,65.87987642650397,2.9308217417383102
ab,mp,5,32,138,forward,2121.11,2121.11,2121.11,726.11,726.11,726.11,65.76745194732948,2.921196512925039
ab,mp,5,32,138,inverse,2418.11,2418.11,2418.11,743.11,743.11,743.11,69.26897452969469,3.254040451615508
ab,mp,6,64,138,forward,4852.11,4852.11,4852.11,1502.11,1502.11,1502.11,69.04212806387324,3.2301961906917604
ab,mp,6,64,138,inverse,5558.11,5558.11,5558.11,1523.11,1523.11,1523.11,72.59662007408994,3.6491848914392264
ab,mp,7,128,138,forward,11244.11,11244.11,11244.11,3485.11,3485.11,3485.11,69.0050168488213,3.226328580733463
ab,mp,7,128,138,inverse,12838.11,12838.11,12838.11,3418.11,3418.11,3418.11,73.37528654918832,3.7559089672362798
ab,mp,8,256,138,forward,25031.11,25031.11,25031.11,7594.11,7594.11,7594.12,69.66131346152848,3.2961215995027726
ab,mp,8,256,138,inverse,28666.11,28666.11,28666.11,7352.11,7352.11,7352.11,74.3526066145703,3.899031706544108
ab,mp,9,512,138,forward,56559.11,56559.11,56559.11,17099.11,17099.11,17099.12,69.76771734915914,3.307722448712243
ab,mp,9,512,138,inverse,64586.11,64586.11,64586.12,16467.11,16467.11,16467.11,74.50363553401806,3.922127805061119
ab,mp,10,1024,138,forward,123498.11,123498.11,123498.12,36960.11,36960.11,36960.12,70.07232742266258,3.341389135476058
ab,mp,10,1024,138,inverse,141342.11,141342.11,141342.12,35441.11,35441.11,35441.12,74.92530003974045,3.9880836125053643
ab,mp,4,16,139,forward,897.11,897.11,897.11,324.11,324.11,324.11,63.87176600416894,2.7679182993428157
ab,mp,4,16,139,inverse,1026.11,1026.11,1026.11,350.11,350.11,350.11,65.87987642650397,2.9308217417383102
ab,mp,5,32,139,forward,2121.11,2121.11,2121.11,726.11,726.11,726.11,65.76745194732948,2.921196512925039
ab,mp,5,32,139,inverse,2418.11,2418.11,2418.11,743.11,743.11,743.11,69.26897452969469,3.254040451615508
ab,mp,6,64,139,forward,4852.11,4852.11,4852.11,1502.11,1502.11,1502.11,69.04212806387324,3.2301961906917604
ab,mp,6,64,139,inverse,5558.11,5558.11,5558.11,1523.11,1523.11,1523.11,72.59662007408994,3.6491848914392264
ab,mp,7,128,139,forward,11244.11,11244.11,11244.11,3485.11,3485.11,3485.11,69.0050168488213,3.226328580733463
ab,mp,7,128,139,inverse,12838.11,12838.11,12838.11,3418.11,3418.11,3418.11,73.37528654918832,3.7559089672362798
ab,mp,8,256,139,forward,25031.11,25031.11,25031.11,7594.11,7594.11,7594.11,69.66131346152848,3.2961215995027726
ab,mp,8,256,139,inverse,28666.11,28666.11,28666.12,7352.11,7352.11,7352.11,74.3526066145703,3.899031706544108
ab,mp,9,512,139,forward,56559.11,56559.11,56559.12,17099.11,17099.11,17099.11,69.76771734915914,3.307722448712243
ab,mp,9,512,139,inverse,64586.11,64586.11,64586.12,16467.11,16467.11,16467.11,74.50363553401806,3.922127805061119
ab,mp,10,1024,139,forward,123498.11,123498.11,123498.12,36960.11,36960.11,36960.11,70.07232742266258,3.341389135476058
ab,mp,10,1024,139,inverse,141342.11,141342.11,141342.12,35441.11,35441.11,35441.12,74.92530003974045,3.9880836125053643
ab,mp,4,16,140,forward,897.11,897.11,897.11,324.11,324.11,324.11,63.87176600416894,2.7679182993428157
ab,mp,4,16,140,inverse,1026.11,1026.11,1026.11,350.11,350.11,350.11,65.87987642650397,2.9308217417383102
ab,mp,5,32,140,forward,2121.11,2121.11,2121.11,726.11,726.11,726.11,65.76745194732948,2.921196512925039
ab,mp,5,32,140,inverse,2418.11,2418.11,2418.11,743.11,743.11,743.11,69.26897452969469,3.254040451615508
ab,mp,6,64,140,forward,4852.11,4852.11,4852.11,1502.11,1502.11,1502.11,69.04212806387324,3.2301961906917604
ab,mp,6,64,140,inverse,5558.11,5558.11,5558.12,1523.11,1523.11,1523.11,72.59662007408994,3.6491848914392264
ab,mp,7,128,140,forward,11244.11,11244.11,11244.11,3485.11,3485.11,3485.11,69.0050168488213,3.226328580733463
ab,mp,7,128,140,inverse,12838.11,12838.11,12838.11,3418.11,3418.11,3418.11,73.37528654918832,3.7559089672362798
ab,mp,8,256,140,forward,25031.11,25031.11,25031.12,7594.11,7594.11,7594.11,69.66131346152848,3.2961215995027726
ab,mp,8,256,140,inverse,28666.11,28666.11,28666.11,7352.11,7352.11,7352.11,74.3526066145703,3.899031706544108
ab,mp,9,512,140,forward,56559.11,56559.11,56559.12,17099.11,17099.11,17099.11,69.76771734915914,3.307722448712243
ab,mp,9,512,140,inverse,64586.11,64586.11,64586.12,16467.11,16467.11,16467.11,74.50363553401806,3.922127805061119
ab,mp,10,1024,140,forward,123498.11,123498.11,123498.12,36960.11,36960.11,36960.12,70.07232742266258,3.341389135476058
ab,mp,10,1024,140,inverse,141342.11,141342.11,141342.12,35441.11,35441.11,35441.11,74.92530003974045,3.9880836125053643
ab,mp,4,16,141,forward,897.11,897.11,897.11,324.11,324.11,324.11,63.87176600416894,2.7679182993428157
ab,mp,4,16,141,inverse,1026.11,1026.11,1026.12,350.11,350.11,350.11,65.87987642650397,2.9308217417383102
ab,mp,5,32,141,forward,2121.11,2121.11,2121.11,726.11,726.11,726.11,65.76745194732948,2.921196512925039
ab,mp,5,32,141,inverse,2418.11,2418.11,2418.11,743.11,743.11,743.11,69.26897452969469,3.254040451615508
ab,mp,6,64,141,forward,4852.11,4852.11,4852.11,1502.11,1502.11,1502.11,69.04212806387324,3.2301961906917604
ab,mp,6,64,141,inverse,5558.11,5558.11,5558.11,1523.11,1523.11,1523.11,72.59662007408994,3.6491848914392264
ab,mp,7,128,141,forward,11244.11,11244.11,11244.11,3485.11,3485.11,3485.11,69.0050168488213,3.226328580733463
ab,mp,7,128,141,inverse,12838.11,12838.11,12838.11,3418.11,3418.11,3418.11,73.37528654918832,3.7559089672362798
ab,mp,8,256,141,forward,25031.11,25031.11,25031.12,7594.11,7594.11,7594.11,69.66131346152848,3.2961215995027726
ab,mp,8,256,141,inverse,28666.11,28666.11,28666.11,7352.11,7352.11,7352.11,74.3526066145703,3.899031706544108
ab,mp,9,512,141,forward,56559.11,56559.11,56559.11,17099.11,17099.11,17099.12,69.76771734915914,3.307722448712243
ab,mp,9,512,141,inverse,64586.11,64586.11,64586.12,16467.11,16467.11,16467.11,74.50363553401806,3.922127805061119
ab,mp,10,1024,141,forward,123498.11,123498.11,123498.12,36960.11,36960.11,36960.11,70.07232742266258,3.341389135476058
ab,mp,10,1024,141,inverse,141342.11,141342.11,141342.12,35441.11,35441.11,35441.12,74.92530003974045,3.9880836125053643
ab,mp,4,16,142,forward,897.11,897.11,897.11,324.11,324.11,324.11,63.87176600416894,2.7679182993428157
ab,mp,4,16,142,inverse,1026.11,1026.11,1026.11,350.11,350.11,350.11,65.87987642650397,2.9308217417383102
ab,mp,5,32,142,forward,2121.11,2121.11,2121.11,726.11,726.11,726.11,65.76745194732948,2.921196512925039
ab,mp,5,32,142,inverse,2418.11,2418.11,2418.11,743.11,743.11,743.11,69.26897452969469,3.254040451615508
ab,mp,6,64,142,forward,4852.11,4852.11,4852.11,1502.11,1502.11,1502.11,69.04212806387324,3.2301961906917604
ab,mp,6,64,142,inverse,5558.11,5558.11,5558.11,1523.11,1523.11,1523.11,72.59662007408994,3.6491848914392264
ab,mp,7,128,142,forward,11244.11,11244.11,11244.11,3485.11,3485.11,3485.11,69.0050168488213,3.226328580733463
ab,mp,7,128,142,inverse,12838.11,12838.11,12838.12,3418.11,3418.11,3418.11,73.37528654918832,3.7559089672362798
ab,mp,8,256,142,forward,25031.11,25031.11,25031.11,7594.11,7594.11,7594.11,69.66131346152848,3.2961215995027726
ab,mp,8,256,142,inverse,28666.11,28666.11,28666.12,7352.11,7352.11,7352.11,74.3526066145703,3.899031706544108
ab,mp,9,512,142,forward,56559.11,56559.11,56559.12,17099.11,17099.11,17099.11,69.76771734915914,3.307722448712243
ab,mp,9,512,142,inverse,64586.11,64586.11,64586.12,16467.11,16467.11,16467.11,74.50363553401806,3.922127805061119
ab,mp,10,1024,142,forward,123498.11,123498.11,123498.12,36960.11,36960.11,36960.11,70.07232742266258,3.341389135476058
ab,mp,10,1024,142,inverse,141342.11,141342.11,141342.12,35441.11,35441.11,35441.12,74.92530003974045,3.9880836125053643
ab,mp,4,16,143,forward,897.11,897.11,897.11,324.11,324.11,324.11,63.87176600416894,2.7679182993428157
ab,mp,4,16,143,inverse,1026.11,1026.11,1026.11,350.11,350.11,350.11,65.87987642650397,2.9308217417383102
ab,mp,5,32,143,forward,2121.11,2121.11,2121.11,726.11,726.11,726.11,65.76745194732948,2.921196512925039
ab,mp,5,32,143,inverse,2418.11,2418.11,2418.11,743.11,743.11,743.11,69.26897452969469,3.254040451615508
ab,mp,6,64,143,forward,4852.11,4852.11,4852.11,1502.11,1502.11,1502.11,69.04212806387324,3.2301961906917604
ab,mp,6,64,143,inverse,5558.11,5558.11,5558.12,1523.11,1523.11,1523.11,72.59662007408994,3.6491848914392264
ab,mp,7,128,143,forward,11244.11,11244.11,11244.11,3485.11,3485.11,3485.11,69.0050168488213,3.226328580733463
ab,mp,7,128,143,inverse,12838.11,12838.11,12838.11,3418.11,3418.11,3418.11,73.37528654918832,3.7559089672362798
ab,mp,8,256,143,forward,25031.11,25031.11,25031.11,7594.11,7594.11,7594.11,69.66131346152848,3.2961215995027726
ab,mp,8,256,143,inverse,28666.11,28666.11,28666.11,7352.11,7352.11,7352.11,74.3526066145703,3.899031706544108
ab,mp,9,512,143,forward,56559.11,56559.11,56559.11,17099.11,17099.11,17099.11,69.76771734915914,3.307722448712243
ab,mp,9,512,143,inverse,64586.11,64586.11,64586.11,16467.11,16467.11,16467.12,74.50363553401806,3.922127805061119
ab,mp,10,1024,143,forward,123498.11,123498.11,123498.12,36960.11,36960.11,36960.12,70.07232742266258,3.341389135476058
ab,mp,10,1024,143,inverse,141342.11,141342.11,141342.12,35441.11,35441.11,35441.11,74.92530003974045,3.9880836125053643
ab,mp,4,16,144,forward,897.11,897.11,897.11,324.11,324.11,324.11,63.87176600416894,2.7679182993428157
ab,mp,4,16,144,inverse,1026.11,1026.11,1026.11,350.11,350.11,350.11,65.87987642650397,2.9308217417383102
ab,mp,5,32,144,forward,2121.11,2121.11,2121.11,726.11,726.11,726.11,65.76745194732948,2.921196512925039
ab,mp,5,32,144,inverse,2418.11,2418.11,2418.11,743.11,743.11,743.11,69.26897452969469,3.254040451615508
ab,mp,6,64,144,forward,4852.11,4852.11,4852.11,1502.11,1502.11,1502.11,69.04212806387324,3.2301961906917604
ab,mp,6,64,144,inverse,5558.11,5558.11,5558.11,1523.11,1523.11,1523.11,72.59662007408994,3.6491848914392264
ab,mp,7,128,144,forward,11244.11,11244.11,11244.11,3485.11,3485.11,3485.11,69.0050168488213,3.226328580733463
ab,mp,7,128,144,inverse,12838.11,12838.11,12838.11,3418.11,3418.11,3418.11,73.37528654918832,3.7559089672362798
ab,mp,8,256,144,forward,25031.11,25031.11,25031.11,7594.11,7594.11,7594.12,69.66131346152848,3.2961215995027726
ab,mp,8,256,144,inverse,28666.11,28666.11,28666.11,7352.11,7352.11,7352.11,74.3526066145703,3.899031706544108
ab,mp,9,512,144,forward,56559.11,56559.11,56559.12,17099.11,17099.11,17099.11,69.76771734915914,3.307722448712243
ab,mp,9,512,144,inverse,64586.11,64586.11,64586.12,16467.11,16467.11,16467.11,74.50363553401806,3.922127805061119
ab,mp,10,1024,144,forward,123498.11,123498.11,123498.12,36960.11,36960.11,36960.11,70.07232742266258,3.341389135476058
ab,mp,10,1024,144,inverse,141342.11,141342.11,141342.12,35441.11,35441.11,35441.12,74.92530003974045,3.9880836125053643
ab,mp,4,16,145,forward,897.11,897.11,897.11,324.11,324.11,324.11,63.87176600416894,2.7679182993428157
ab,mp,4,16,145,inverse,1026.11,1026.11,1026.11,350.11,350.11,350.11,65.87987642650397,2.9308217417383102
ab,mp,5,32,145,forward,2121.11,2121.11,2121.11,726.11,726.11,726.11,65.76745194732948,2.921196512925039
ab,mp,5,32,145,inverse,2418.11,2418.11,2418.11,743.11,743.11,743.11,69.26897452969469,3.254040451615508
ab,mp,6,64,145,forward,4852.11,4852.11,4852.11,1502.11,1502.11,1502.11,69.04212806387324,3.2301961906917604
ab,mp,6,64,145,inverse,5558.11,5558.11,5558.11,1523.11,1523.11,1523.11,72.59662007408994,3.6491848914392264
ab,mp,7,128,145,forward,11244.11,11244.11,11244.11,3485.11,3485.11,3485.11,69.0050168488213,3.226328580733463
ab,mp,7,128,145,inverse,12838.11,12838.11,12838.11,3418.11,3418.11,3418.11,73.37528654918832,3.7559089672362798
ab,mp,8,256,145,forward,25031.11,25031.11,25031.11,7594.11,7594.11,7594.11,69.66131346152848,3.2961215995027726
ab,mp,8,256,145,inverse,28666.11,28666.11,28666.11,7352.11,7352.11,7352.12,74.3526066145703,3.899031706544108
ab,mp,9,512,145,forward,56559.11,56559.11,56559.11,17099.11,17099.11,17099.12,69.76771734915914,3.307722448712243
ab,mp,9,512,145,inverse,64586.11,64586.11,64586.12,16467.11,16467.11,16467.11,74.50363553401806,3.922127805061119
ab,mp,10,1024,145,forward,123498.11,123498.11,123498.12,36960.11,36960.11,36960.12,70.07232742266258,3.341389135476058
ab,mp,10,1024,145,inverse,141342.11,141342.11,141342.12,35441.11,35441.11,35441.12,74.92530003974045,3.9880836125053643
ab,mp,4,16,146,forward,897.11,897.11,897.11,324.11,324.11,324.11,63.87176600416894,2.7679182993428157
ab,mp,4,16,146,inverse,1026.11,1026.11,1026.11,350.11,350.11,350.11,65.87987642650397,2.9308217417383102
ab,mp,5,32,146,forward,2121.11,2121.11,2121.11,726.11,726.11,726.11,65.76745194732948,2.921196512925039
ab,mp,5,32,146,inverse,2418.11,2418.11,2418.11,743.11,743.11,743.11,69.26897452969469,3.254040451615508
ab,mp,6,64,146,forward,4852.11,4852.11,4852.11,1502.11,1502.11,1502.11,69.04212806387324,3.2301961906917604
ab,mp,6,64,146,inverse,5558.11,5558.11,5558.12,1523.11,1523.11,1523.11,72.59662007408994,3.6491848914392264
ab,mp,7,128,146,forward,11244.11,11244.11,11244.11,3485.11,3485.11,3485.11,69.0050168488213,3.226328580733463
ab,mp,7,128,146,inverse,12838.11,12838.11,12838.11,3418.11,3418.11,3418.11,73.37528654918832,3.7559089672362798
ab,mp,8,256,146,forward,25031.11,25031.11,25031.11,7594.11,7594.11,7594.11,69.66131346152848,3.2961215995027726
ab,mp,8,256,146,inverse,28666.11,28666.11,28666.11,7352.11,7352.11,7352.11,74.3526066145703,3.899031706544108
ab,mp,9,512,146,forward,56559.11,56559.11,56559.12,17099.11,17099.11,17099.11,69.76771734915914,3.307722448712243
ab,mp,9,512,146,inverse,64586.11,64586.11,64586.11,16467.11,16467.11,16467.12,74.50363553401806,3.922127805061119
ab,mp,10,1024,146,forward,123498.11,123498.11,123498.12,36960.11,36960.11,36960.11,70.07232742266258,3.341389135476058
ab,mp,10,1024,146,inverse,141342.11,141342.11,141342.12,35441.11,35441.11,35441.11,74.92530003974045,3.9880836125053643
ab,mp,4,16,147,forward,897.11,897.11,897.11,324.11,324.11,324.11,63.87176600416894,2.7679182993428157
ab,mp,4,16,147,inverse,1026.11,1026.11,1026.11,350.11,350.11,350.11,65.87987642650397,2.9308217417383102
ab,mp,5,32,147,forward,2121.11,2121.11,2121.12,726.11,726.11,726.11,65.76745194732948,2.921196512925039
ab,mp,5,32,147,inverse,2418.11,2418.11,2418.11,743.11,743.11,743.11,69.26897452969469,3.254040451615508
ab,mp,6,64,147,forward,4852.11,4852.11,4852.11,1502.11,1502.11,1502.11,69.04212806387324,3.2301961906917604
ab,mp,6,64,147,inverse,5558.11,5558.11,5558.11,1523.11,1523.11,1523.11,72.59662007408994,3.6491848914392264
ab,mp,7,128,147,forward,11244.11,11244.11,11244.11,3485.11,3485.11,3485.11,69.0050168488213,3.226328580733463
ab,mp,7,128,147,inverse,12838.11,12838.11,12838.11,3418.11,3418.11,3418.11,73.37528654918832,3.7559089672362798
ab,mp,8,256,147,forward,25031.11,25031.11,25031.11,7594.11,7594.11,7594.12,69.66131346152848,3.2961215995027726
ab,mp,8,256,147,inverse,28666.11,28666.11,28666.11,7352.11,7352.11,7352.11,74.3526066145703,3.899031706544108
ab,mp,9,512,147,forward,56559.11,56559.11,56559.12,17099.11,17099.11,17099.11,69.76771734915914,3.307722448712243
ab,mp,9,512,147,inverse,64586.11,64586.11,64586.12,16467.11,16467.11,16467.11,74.50363553401806,3.922127805061119
ab,mp,10,1024,147,forward,123498.11,123498.11,123498.12,36960.11,36960.11,36960.11,70.07232742266258,3.341389135476058
ab,mp,10,1024,147,inverse,141342.11,141342.11,141342.12,35441.11,35441.11,35441.12,74.92530003974045,3.9880836125053643
ab,mp,4,16,148,forward,897.11,897.11,897.11,324.11,324.11,324.11,63.87176600416894,2.7679182993428157
ab,mp,4,16,148,inverse,1026.11,1026.11,1026.11,350.11,350.11,350.11,65.87987642650397,2.9308217417383102
ab,mp,5,32,148,forward,2121.11,2121.11,2121.11,726.11,726.11,726.11,65.76745194732948,2.921196512925039
ab,mp,5,32,148,inverse,2418.11,2418.11,2418.11,743.11,743.11,743.11,69.26897452969469,3.254040451615508
ab,mp,6,64,148,forward,4852.11,4852.11,4852.11,1502.11,1502.11,1502.11,69.04212806387324,3.2301961906917604
ab,mp,6,64,148,inverse,5558.11,5558.11,5558.11,1523.11,1523.11,1523.11,72.59662007408994,3.6491848914392264
ab,mp,7,128,148,forward,11244.11,11244.11,11244.11,3485.11,3485.11,3485.11,69.0050168488213,3.226328580733463
ab,mp,7,128,148,inverse,12838.11,12838.11,12838.11,3418.11,3418.11,3418.11,73.37528654918832,3.7559089672362798
ab,mp,8,256,148,forward,25031.11,25031.11,25031.11,7594.11,7594.11,7594.11,69.66131346152848,3.2961215995027726
ab,mp,8,256,148,inverse,28666.11,28666.11,28666.12,7352.11,7352.11,7352.11,74.3526066145703,3.899031706544108
ab,mp,9,512,148,forward,56559.11,56559.11,56559.12,17099.11,17099.11,17099.11,69.76771734915914,3.307722448712243
ab,mp,9,512,148,inverse,64586.11,64586.11,64586.12,16467.11,16467.11,16467.11,74.50363553401806,3.922127805061119
ab,mp,10,1024,148,forward,123498.11,123498.11,123498.12,36960.11,36960.11,36960.12,70.07232742266258,3.341389135476058
ab,mp,10,1024,148,inverse,141342.11,141342.11,141342.12,35441.11,35441.11,35441.11,74.92530003974045,3.9880836125053643
ab,mp,4,16,149,forward,897.11,897.11,897.11,324.11,324.11,324.11,63.87176600416894,2.7679182993428157
ab,mp,4,16,149,inverse,1026.11,1026.11,1026.11,350.11,350.11,350.11,65.87987642650397,2.9308217417383102
ab,mp,5,32,149,forward,2121.11,2121.11,2121.11,726.11,726.11,726.11,65.76745194732948,2.921196512925039
ab,mp,5,32,149,inverse,2418.11,2418.11,2418.11,743.11,743.11,743.11,69.26897452969469,3.254040451615508
ab,mp,6,64,149,forward,4852.11,4852.11,4852.11,1502.11,1502.11,1502.11,69.04212806387324,3.2301961906917604
ab,mp,6,64,149,inverse,5558.11,5558.11,5558.11,1523.11,1523.11,1523.11,72.59662007408994,3.6491848914392264
ab,mp,7,128,149,forward,11244.11,11244.11,11244.11,3485.11,3485.11,3485.11,69.0050168488213,3.226328580733463
ab,mp,7,128,149,inverse,12838.11,12838.11,12838.11,3418.11,3418.11,3418.11,73.37528654918832,3.7559089672362798
ab,mp,8,256,149,forward,25031.11,25031.11,25031.11,7594.11,7594.11,7594.11,69.66131346152848,3.2961215995027726
ab,mp,8,256,149,inverse,28666.11,28666.11,28666.12,7352.11,7352.11,7352.11,74.3526066145703,3.899031706544108
ab,mp,9,512,149,forward,56559.11,56559.11,56559.12,17099.11,17099.11,17099.11,69.76771734915914,3.307722448712243
ab,mp,9,512,149,inverse,64586.11,64586.11,64586.12,16467.11,16467.11,16467.11,74.50363553401806,3.922127805061119
ab,mp,10,1024,149,forward,123498.11,123498.11,123498.12,36960.11,36960.11,36960.11,70.07232742266258,3.341389135476058
ab,mp,10,1024,149,inverse,141342.11,141342.11,141342.12,35441.11,35441.11,35441.11,74.92530003974045,3.9880836125053643
ab,mp,4,16,150,forward,897.11,897.11,897.11,324.11,324.11,324.11,63.87176600416894,2.7679182993428157
ab,mp,4,16,150,inverse,1026.11,1026.11,1026.11,350.11,350.11,350.11,65.87987642650397,2.9308217417383102
ab,mp,5,32,150,forward,2121.11,2121.11,2121.11,726.11,726.11,726.11,65.76745194732948,2.921196512925039
ab,mp,5,32,150,inverse,2418.11,2418.11,2418.11,743.11,743.11,743.11,69.26897452969469,3.254040451615508
ab,mp,6,64,150,forward,4852.11,4852.11,4852.11,1502.11,1502.11,1502.11,69.04212806387324,3.2301961906917604
ab,mp,6,64,150,inverse,5558.11,5558.11,5558.11,1523.11,1523.11,1523.11,72.59662007408994,3.6491848914392264
ab,mp,7,128,150,forward,11244.11,11244.11,11244.11,3485.11,3485.11,3485.11,69.0050168488213,3.226328580733463
ab,mp,7,128,150,inverse,12838.11,12838.11,12838.11,3418.11,3418.11,3418.11,73.37528654918832,3.7559089672362798
ab,mp,8,256,150,forward,25031.11,25031.11,25031.12,7594.11,7594.11,7594.11,69.66131346152848,3.2961215995027726
ab,mp,8,256,150,inverse,28666.11,28666.11,28666.11,7352.11,7352.11,7352.11,74.3526066145703,3.899031706544108
ab,mp,9,512,150,forward,56559.11,56559.11,56559.12,17099.11,17099.11,17099.11,69.76771734915914,3.307722448712243
ab,mp,9,512,150,inverse,64586.11,64586.11,64586.12,16467.11,16467.11,16467.11,74.50363553401806,3.922127805061119
ab,mp,10,1024,150,forward,123498.11,123498.11,123498.12,36960.11,36960.11,36960.11,70.07232742266258,3.341389135476058
ab,mp,10,1024,150,inverse,141342.11,141342.11,141342.12,35441.11,35441.11,35441.12,74.92530003974045,3.9880836125053643
ab,mp,4,16,151,forward,897.11,897.11,897.11,324.11,324.11,324.11,63.87176600416894,2.7679182993428157
ab,mp,4,16,151,inverse,1026.11,1026.11,1026.11,350.11,350.11,350.11,65.87987642650397,2.9308217417383102
ab,mp,5,32,151,forward,2121.11,2121.11,2121.11,726.11,726.11,726.11,65.76745194732948,2.921196512925039
ab,mp,5,32,151,inverse,2418.11,2418.11,2418.11,743.11,743.11,743.11,69.26897452969469,3.254040451615508
ab,mp,6,64,151,forward,4852.11,4852.11,4852.11,1502.11,1502.11,1502.11,69.04212806387324,3.2301961906917604
ab,mp,6,64,151,inverse,5558.11,5558.11,5558.11,1523.11,1523.11,1523.11,72.59662007408994,3.6491848914392264
ab,mp,7,128,151,forward,11244.11,11244.11,11244.11,3485.11,3485.11,3485.11,69.0050168488213,3.226328580733463
ab,mp,7,128,151,inverse,12838.11,12838.11,12838.12,3418.11,3418.11,3418.11,73.37528654918832,3.7559089672362798
ab,mp,8,256,151,forward,25031.11,25031.11,25031.11,7594.11,7594.11,7594.11,69.66131346152848,3.2961215995027726
ab,mp,8,256,151,inverse,28666.11,28666.11,28666.12,7352.11,7352.11,7352.11,74.3526066145703,3.899031706544108
ab,mp,9,512,151,forward,56559.11,56559.11,56559.12,17099.11,17099.11,17099.11,69.76771734915914,3.307722448712243
ab,mp,9,512,151,inverse,64586.11,64586.11,64586.11,16467.11,16467.11,16467.12,74.50363553401806,3.922127805061119
ab,mp,10,1024,151,forward,123498.11,123498.11,123498.12,36960.11,36960.11,36960.12,70.07232742266258,3.341389135476058
ab,mp,10,1024,151,inverse,141342.11,141342.11,141342.12,35441.11,35441.11,35441.11,74.92530003974045,3.9880836125053643
ab,mp,4,16,152,forward,897.11,897.11,897.11,324.11,324.11,324.11,63.87176600416894,2.7679182993428157
ab,mp,4,16,152,inverse,1026.11,1026.11,1026.11,350.11,350.11,350.11,65.87987642650397,2.9308217417383102
ab,mp,5,32,152,forward,2121.11,2121.11,2121.11,726.11,726.11,726.11,65.76745194732948,2.921196512925039
ab,mp,5,32,152,inverse,2418.11,2418.11,2418.11,743.11,743.11,743.11,69.26897452969469,3.254040451615508
ab,mp,6,64,152,forward,4852.11,4852.11,4852.11,1502.11,1502.11,1502.11,69.04212806387324,3.2301961906917604
ab,mp,6,64,152,inverse,5558.11,5558.11,5558.11,1523.11,1523.11,1523.11,72.59662007408994,3.6491848914392264
ab,mp,7,128,152,forward,11244.11,11244.11,11244.11,3485.11,3485.11,3485.11,69.0050168488213,3.226328580733463
ab,mp,7,128,152,inverse,12838.11,12838.11,12838.11,3418.11,3418.11,3418.11,73.37528654918832,3.7559089672362798
ab,mp,8,256,152,forward,25031.11,25031.11,25031.11,7594.11,7594.11,7594.11,69.66131346152848,3.2961215995027726
ab,mp,8,256,152,inverse,28666.11,28666.11,28666.12,7352.11,7352.11,7352.11,74.3526066145703,3.899031706544108
ab,mp,9,512,152,forward,56559.11,56559.11,56559.12,17099.11,17099.11,17099.11,69.76771734915914,3.307722448712243
ab,mp,9,512,152,inverse,64586.11,64586.11,64586.12,16467.11,16467.11,16467.11,74.50363553401806,3.922127805061119
ab,mp,10,1024,152,forward,123498.11,123498.11,123498.12,36960.11,36960.11,36960.11,70.07232742266258,3.341389135476058
ab,mp,10,1024,152,inverse,141342.11,141342.11,141342.12,35441.11,35441.11,35441.11,74.92530003974045,3.9880836125053643
ab,mp,4,16,153,forward,897.11,897.11,897.11,324.11,324.11,324.11,63.87176600416894,2.7679182993428157
ab,mp,4,16,153,inverse,1026.11,1026.11,1026.11,350.11,350.11,350.11,65.87987642650397,2.9308217417383102
ab,mp,5,32,153,forward,2121.11,2121.11,2121.11,726.11,726.11,726.11,65.76745194732948,2.921196512925039
ab,mp,5,32,153,inverse,2418.11,2418.11,2418.12,743.11,743.11,743.11,69.26897452969469,3.254040451615508
ab,mp,6,64,153,forward,4852.11,4852.11,4852.11,1502.11,1502.11,1502.11,69.04212806387324,3.2301961906917604
ab,mp,6,64,153,inverse,5558.11,5558.11,5558.11,1523.11,1523.11,1523.11,72.59662007408994,3.6491848914392264
ab,mp,7,128,153,forward,11244.11,11244.11,11244.11,3485.11,3485.11,3485.11,69.0050168488213,3.226328580733463
ab,mp,7,128,153,inverse,12838.11,12838.11,12838.11,3418.11,3418.11,3418.11,73.37528654918832,3.7559089672362798
ab,mp,8,256,153,forward,25031.11,25031.11,25031.11,7594.11,7594.11,7594.12,69.66131346152848,3.2961215995027726
ab,mp,8,256,153,inverse,28666.11,28666.11,28666.11,7352.11,7352.11,7352.11,74.3526066145703,3.899031706544108
ab,mp,9,512,153,forward,56559.11,56559.11,56559.12,17099.11,17099.11,17099.11,69.76771734915914,3.307722448712243
ab,mp,9,512,153,inverse,64586.11,64586.11,64586.12,16467.11,16467.11,16467.11,74.50363553401806,3.922127805061119
ab,mp,10,1024,153,forward,123498.11,123498.11,123498.12,36960.11,36960.11,36960.12,70.07232742266258,3.341389135476058
ab,mp,10,1024,153,inverse,141342.11,141342.11,141342.12,35441.11,35441.11,35441.12,74.92530003974045,3.9880836125053643
ab,mp,4,16,154,forward,897.11,897.11,897.11,324.11,324.11,324.11,63.87176600416894,2.7679182993428157
ab,mp,4,16,154,inverse,1026.11,1026.11,1026.11,350.11,350.11,350.11,65.87987642650397,2.9308217417383102
ab,mp,5,32,154,forward,2121.11,2121.11,2121.11,726.11,726.11,726.11,65.76745194732948,2.921196512925039
ab,mp,5,32,154,inverse,2418.11,2418.11,2418.11,743.11,743.11,743.11,69.26897452969469,3.254040451615508
ab,mp,6,64,154,forward,4852.11,4852.11,4852.11,1502.11,1502.11,1502.11,69.04212806387324,3.2301961906917604
ab,mp,6,64,154,inverse,5558.11,5558.11,5558.11,1523.11,1523.11,1523.11,72.59662007408994,3.6491848914392264
ab,mp,7,128,154,forward,11244.11,11244.11,11244.11,3485.11,3485.11,3485.11,69.0050168488213,3.226328580733463
ab,mp,7,128,154,inverse,12838.11,12838.11,12838.12,3418.11,3418.11,3418.11,73.37528654918832,3.7559089672362798
ab,mp,8,256,154,forward,25031.11,25031.11,25031.11,7594.11,7594.11,7594.11,69.66131346152848,3.2961215995027726
ab,mp,8,256,154,inverse,28666.11,28666.11,28666.11,7352.11,7352.11,7352.11,74.3526066145703,3.899031706544108
ab,mp,9,512,154,forward,56559.11,56559.11,56559.11,17099.11,17099.11,17099.11,69.76771734915914,3.307722448712243
ab,mp,9,512,154,inverse,64586.11,64586.11,64586.12,16467.11,16467.11,16467.11,74.50363553401806,3.922127805061119
ab,mp,10,1024,154,forward,123498.11,123498.11,123498.12,36960.11,36960.11,36960.11,70.07232742266258,3.341389135476058
ab,mp,10,1024,154,inverse,141342.11,141342.11,141342.12,35441.11,35441.11,35441.11,74.92530003974045,3.9880836125053643
ab,mp,4,16,155,forward,897.11,897.11,897.11,324.11,324.11,324.11,63.87176600416894,2.7679182993428157
ab,mp,4,16,155,inverse,1026.11,1026.11,1026.11,350.11,350.11,350.11,65.87987642650397,2.9308217417383102
ab,mp,5,32,155,forward,2121.11,2121.11,2121.11,726.11,726.11,726.11,65.76745194732948,2.921196512925039
ab,mp,5,32,155,inverse,2418.11,2418.11,2418.11,743.11,743.11,743.11,69.26897452969469,3.254040451615508
ab,mp,6,64,155,forward,4852.11,4852.11,4852.11,1502.11,1502.11,1502.11,69.04212806387324,3.2301961906917604
ab,mp,6,64,155,inverse,5558.11,5558.11,5558.11,1523.11,1523.11,1523.11,72.59662007408994,3.6491848914392264
ab,mp,7,128,155,forward,11244.11,11244.11,11244.12,3485.11,3485.11,3485.11,69.0050168488213,3.226328580733463
ab,mp,7,128,155,inverse,12838.11,12838.11,12838.11,3418.11,3418.11,3418.11,73.37528654918832,3.7559089672362798
ab,mp,8,256,155,forward,25031.11,25031.11,25031.11,7594.11,7594.11,7594.11,69.66131346152848,3.2961215995027726
ab,mp,8,256,155,inverse,28666.11,28666.11,28666.12,7352.11,7352.11,7352.11,74.3526066145703,3.899031706544108
ab,mp,9,512,155,forward,56559.11,56559.11,56559.12,17099.11,17099.11,17099.11,69.76771734915914,3.307722448712243
ab,mp,9,512,155,inverse,64586.11,64586.11,64586.12,16467.11,16467.11,16467.11,74.50363553401806,3.922127805061119
ab,mp,10,1024,155,forward,123498.11,123498.11,123498.12,36960.11,36960.11,36960.12,70.07232742266258,3.341389135476058
ab,mp,10,1024,155,inverse,141342.11,141342.11,141342.12,35441.11,35441.11,35441.11,74.92530003974045,3.9880836125053643
ab,mp,4,16,156,forward,897.11,897.11,897.11,324.11,324.11,324.11,63.87176600416894,2.7679182993428157
ab,mp,4,16,156,inverse,1026.11,1026.11,1026.11,350.11,350.11,350.11,65.87987642650397,2.9308217417383102
ab,mp,5,32,156,forward,2121.11,2121.11,2121.11,726.11,726.11,726.11,65.76745194732948,2.921196512925039
ab,mp,5,32,156,inverse,2418.11,2418.11,2418.12,743.11,743.11,743.11,69.26897452969469,3.254040451615508
ab,mp,6,64,156,forward,4852.11,4852.11,4852.11,1502.11,1502.11,1502.11,69.04212806387324,3.2301961906917604
ab,mp,6,64,156,inverse,5558.11,5558.11,5558.11,1523.11,1523.11,1523.11,72.59662007408994,3.6491848914392264
ab,mp,7,128,156,forward,11244.11,11244.11,11244.11,3485.11,3485.11,3485.11,69.0050168488213,3.226328580733463
ab,mp,7,128,156,inverse,12838.11,12838.11,12838.11,3418.11,3418.11,3418.11,73.37528654918832,3.7559089672362798
ab,mp,8,256,156,forward,25031.11,25031.11,25031.12,7594.11,7594.11,7594.11,69.66131346152848,3.2961215995027726
ab,mp,8,256,156,inverse,28666.11,28666.11,28666.11,7352.11,7352.11,7352.11,74.3526066145703,3.899031706544108
ab,mp,9,512,156,forward,56559.11,56559.11,56559.11,17099.11,17099.11,17099.12,69.76771734915914,3.307722448712243
ab,mp,9,512,156,inverse,64586.11,64586.11,64586.11,16467.11,16467.11,16467.12,74.50363553401806,3.922127805061119
ab,mp,10,1024,156,forward,123498.11,123498.11,123498.12,36960.11,36960.11,36960.12,70.07232742266258,3.341389135476058
ab,mp,10,1024,156,inverse,141342.11,141342.11,141342.12,35441.11,35441.11,35441.12,74.92530003974045,3.9880836125053643
ab,mp,4,16,157,forward,897.11,897.11,897.11,324.11,324.11,324.11,63.87176600416894,2.7679182993428157
ab,mp,4,16,157,inverse,1026.11,1026.11,1026.11,350.11,350.11,350.11,65.87987642650397,2.9308217417383102
ab,mp,5,32,157,forward,2121.11,2121.11,2121.11,726.11,726.11,726.11,65.76745194732948,2.921196512925039
ab,mp,5,32,157,inverse,2418.11,2418.11,2418.11,743.11,743.11,743.11,69.26897452969469,3.254040451615508
ab,mp,6,64,157,forward,4852.11,4852.11,4852.11,1502.11,1502.11,1502.11,69.04212806387324,3.2301961906917604
ab,mp,6,64,157,inverse,5558.11,5558.11,5558.11,1523.11,1523.11,1523.11,72.59662007408994,3.6491848914392264
ab,mp,7,128,157,forward,11244.11,11244.11,11244.11,3485.11,3485.11,3485.11,69.0050168488213,3.226328580733463
ab,mp,7,128,157,inverse,12838.11,12838.11,12838.11,3418.11,3418.11,3418.12,73.37528654918832,3.7559089672362798
ab,mp,8,256,157,forward,25031.11,25031.11,25031.11,7594.11,7594.11,7594.11,69.66131346152848,3.2961215995027726
ab,mp,8,256,157,inverse,28666.11,28666.11,28666.12,7352.11,7352.11,7352.11,74.3526066145703,3.899031706544108
ab,mp,9,512,157,forward,56559.11,56559.11,56559.11,17099.11,17099.11,17099.11,69.76771734915914,3.307722448712243
ab,mp,9,512,157,inverse,64586.11,64586.11,64586.12,16467.11,16467.11,16467.11,74.50363553401806,3.922127805061119
ab,mp,10,1024,157,forward,123498.11,123498.11,123498.12,36960.11,36960.11,36960.11,70.07232742266258,3.341389135476058
ab,mp,10,1024,157,inverse,141342.11,141342.11,141342.12,35441.11,35441.11,35441.11,74.92530003974045,3.9880836125053643
ab,mp,4,16,158,forward,897.11,897.11,897.11,324.11,324.11,324.11,63.87176600416894,2.7679182993428157
ab,mp,4,16,158,inverse,1026.11,1026.11,1026.11,350.11,350.11,350.11,65.87987642650397,2.9308217417383102
ab,mp,5,32,158,forward,2121.11,2121.11,2121.11,726.11,726.11,726.11,65.76745194732948,2.921196512925039
ab,mp,5,32,158,inverse,2418.11,2418.11,2418.11,743.11,743.11,743.11,69.26897452969469,3.254040451615508
ab,mp,6,64,158,forward,4852.11,4852.11,4852.11,1502.11,1502.11,1502.11,69.04212806387324,3.2301961906917604
ab,mp,6,64,158,inverse,5558.11,5558.11,5558.11,1523.11,1523.11,1523.11,72.59662007408994,3.6491848914392264
ab,mp,7,128,158,forward,11244.11,11244.11,11244.12,3485.11,3485.11,3485.11,69.0050168488213,3.226328580733463
ab,mp,7,128,158,inverse,12838.11,12838.11,12838.11,3418.11,3418.11,3418.11,73.37528654918832,3.7559089672362798
ab,mp,8,256,158,forward,25031.11,25031.11,25031.11,7594.11,7594.11,7594.11,69.66131346152848,3.2961215995027726
ab,mp,8,256,158,inverse,28666.11,28666.11,28666.12,7352.11,7352.11,7352.11,74.3526066145703,3.899031706544108
ab,mp,9,512,158,forward,56559.11,56559.11,56559.12,17099.11,17099.11,17099.11,69.76771734915914,3.307722448712243
ab,mp,9,512,158,inverse,64586.11,64586.11,64586.12,16467.11,16467.11,16467.11,74.50363553401806,3.922127805061119
ab,mp,10,1024,158,forward,123498.11,123498.11,123498.12,36960.11,36960.11,36960.11,70.07232742266258,3.341389135476058
ab,mp,10,1024,158,inverse,141342.11,141342.11,141342.12,35441.11,35441.11,35441.11,74.92530003974045,3.9880836125053643
ab,mp,4,16,159,forward,897.11,897.11,897.11,324.11,324.11,324.11,63.87176600416894,2.7679182993428157
ab,mp,4,16,159,inverse,1026.11,1026.11,1026.11,350.11,350.11,350.11,65.87987642650397,2.9308217417383102
ab,mp,5,32,159,forward,2121.11,2121.11,2121.11,726.11,726.11,726.11,65.76745194732948,2.921196512925039
ab,mp,5,32,159,inverse,2418.11,2418.11,2418.12,743.11,743.11,743.11,69.26897452969469,3.254040451615508
ab,mp,6,64,159,forward,4852.11,4852.11,4852.11,1502.11,1502.11,1502.11,69.04212806387324,3.2301961906917604
ab,mp,6,64,159,inverse,5558.11,5558.11,5558.11,1523.11,1523.11,1523.11,72.59662007408994,3.6491848914392264
ab,mp,7,128,159,forward,11244.11,11244.11,11244.11,3485.11,3485.11,3485.11,69.0050168488213,3.226328580733463
ab,mp,7,128,159,inverse,12838.11,12838.11,12838.11,3418.11,3418.11,3418.11,73.37528654918832,3.7559089672362798
ab,mp,8,256,159,forward,25031.11,25031.11,25031.12,7594.11,7594.11,7594.11,69.66131346152848,3.2961215995027726
ab,mp,8,256,159,inverse,28666.11,28666.11,28666.11,7352.11,7352.11,7352.11,74.3526066145703,3.899031706544108
ab,mp,9,512,159,forward,56559.11,56559.11,56559.11,17099.11,17099.11,17099.12,69.76771734915914,3.307722448712243
ab,mp,9,512,159,inverse,64586.11,64586.11,64586.11,16467.11,16467.11,16467.12,74.50363553401806,3.922127805061119
ab,mp,10,1024,159,forward,123498.11,123498.11,123498.12,36960.11,36960.11,36960.12,70.07232742266258,3.341389135476058
ab,mp,10,1024,159,inverse,141342.11,141342.11,141342.12,35441.11,35441.11,35441.12,74.92530003974045,3.9880836125053643
ab,mp,4,16,160,forward,897.11,897.11,897.11,324.11,324.11,324.11,63.87176600416894,2.7679182993428157
ab,mp,4,16,160,inverse,1026.11,1026.11,1026.11,350.11,350.11,350.11,65.87987642650397,2.9308217417383102
ab,mp,5,32,160,forward,2121.11,2121.11,2121.11,726.11,726.11,726.11,65.76745194732948,2.921196512925039
ab,mp,5,32,160,inverse,2418.11,2418.11,2418.11,743.11,743.11,743.11,69.26897452969469,3.254040451615508
ab,mp,6,64,160,forward,4852.11,4852.11,4852.11,1502.11,1502.11,1502.11,69.04212806387324,3.2301961906917604
ab,mp,6,64,160,inverse,5558.11,5558.11,5558.11,1523.11,1523.11,1523.11,72.59662007408994,3.6491848914392264
ab,mp,7,128,160,forward,11244.11,11244.11,11244.11,3485.11,3485.11,3485.11,69.0050168488213,3.226328580733463
ab,mp,7,128,160,inverse,12838.11,12838.11,12838.12,3418.11,3418.11,3418.11,73.37528654918832,3.7559089672362798
ab,mp,8,256,160,forward,25031.11,25031.11,25031.11,7594.11,7594.11,7594.11,69.66131346152848,3.2961215995027726
ab,mp,8,256,160,inverse,28666.11,28666.11,28666.12,7352.11,7352.11,7352.11,74.3526066145703,3.899031706544108
ab,mp,9,512,160,forward,56559.11,56559.11,56559.11,17099.11,17099.11,17099.11,69.76771734915914,3.307722448712243
ab,mp,9,512,160,inverse,64586.11,64586.11,64586.12,16467.11,16467.11,16467.11,74.50363553401806,3.922127805061119
ab,mp,10,1024,160,forward,123498.11,123498.11,123498.12,36960.11,36960.11,36960.11,70.07232742266258,3.341389135476058
ab,mp,10,1024,160,inverse,141342.11,141342.11,141342.12,35441.11,35441.11,35441.11,74.92530003974045,3.9880836125053643
ab,mp,4,16,161,forward,897.11,897.11,897.11,324.11,324.11,324.11,63.87176600416894,2.7679182993428157
ab,mp,4,16,161,inverse,1026.11,1026.11,1026.11,350.11,350.11,350.11,65.87987642650397,2.9308217417383102
ab,mp,5,32,161,forward,2121.11,2121.11,2121.11,726.11,726.11,726.11,65.76745194732948,2.921196512925039
ab,mp,5,32,161,inverse,2418.11,2418.11,2418.11,743.11,743.11,743.11,69.26897452969469,3.254040451615508
ab,mp,6,64,161,forward,4852.11,4852.11,4852.11,1502.11,1502.11,1502.11,69.04212806387324,3.2301961906917604
ab,mp,6,64,161,inverse,5558.11,5558.11,5558.11,1523.11,1523.11,1523.11,72.59662007408994,3.6491848914392264
ab,mp,7,128,161,forward,11244.11,11244.11,11244.12,3485.11,3485.11,3485.11,69.0050168488213,3.226328580733463
ab,mp,7,128,161,inverse,12838.11,12838.11,12838.11,3418.11,3418.11,3418.11,73.37528654918832,3.7559089672362798
ab,mp,8,256,161,forward,25031.11,25031.11,25031.11,7594.11,7594.11,7594.11,69.66131346152848,3.2961215995027726
ab,mp,8,256,161,inverse,28666.11,28666.11,28666.11,7352.11,7352.11,7352.12,74.3526066145703,3.899031706544108
ab,mp,9,512,161,forward,56559.11,56559.11,56559.11,17099.11,17099.11,17099.12,69.76771734915914,3.307722448712243
ab,mp,9,512,161,inverse,64586.11,64586.11,64586.12,16467.11,16467.11,16467.11,74.50363553401806,3.922127805061119
ab,mp,10,1024,161,forward,123498.11,123498.11,123498.12,36960.11,36960.11,36960.12,70.07232742266258,3.341389135476058
ab,mp,10,1024,161,inverse,141342.11,141342.11,141342.12,35441.11,35441.11,35441.11,74.92530003974045,3.9880836125053643
ab,mp,4,16,162,forward,897.11,897.11,897.11,324.11,324.11,324.11,63.87176600416894,2.7679182993428157
ab,mp,4,16,162,inverse,1026.11,1026.11,1026.11,350.11,350.11,350.11,65.87987642650397,2.9308217417383102
ab,mp,5,32,162,forward,2121.11,2121.11,2121.11,726.11,726.11,726.11,65.76745194732948,2.921196512925039
ab,mp,5,32,162,inverse,2418.11,2418.11,2418.11,743.11,743.11,743.11,69.26897452969469,3.254040451615508
ab,mp,6,64,162,forward,4852.11,4852.11,4852.11,1502.11,1502.11,1502.11,69.04212806387324,3.2301961906917604
ab,mp,6,64,162,inverse,5558.11,5558.11,5558.11,1523.11,1523.11,1523.11,72.59662007408994,3.6491848914392264
ab,mp,7,128,162,forward,11244.11,11244.11,11244.11,3485.11,3485.11,3485.11,69.0050168488213,3.226328580733463
ab,mp,7,128,162,inverse,12838.11,12838.11,12838.11,3418.11,3418.11,3418.11,73.37528654918832,3.7559089672362798
ab,mp,8,256,162,forward,25031.11,25031.11,25031.12,7594.11,7594.11,7594.11,69.66131346152848,3.2961215995027726
ab,mp,8,256,162,inverse,28666.11,28666.11,28666.11,7352.11,7352.11,7352.11,74.3526066145703,3.899031706544108
ab,mp,9,512,162,forward,56559.11,56559.11,56559.11,17099.11,17099.11,17099.12,69.76771734915914,3.307722448712243
ab,mp,9,512,162,inverse,64586.11,64586.11,64586.11,16467.11,16467.11,16467.12,74.50363553401806,3.922127805061119
ab,mp,10,1024,162,forward,123498.11,123498.11,123498.12,36960.11,36960.11,36960.12,70.07232742266258,3.341389135476058
ab,mp,10,1024,162,inverse,141342.11,141342.11,141342.12,35441.11,35441.11,35441.11,74.92530003974045,3.9880836125053643
ab,mp,4,16,163,forward,897.11,897.11,897.11,324.11,324.11,324.11,63.87176600416894,2.7679182993428157
ab,mp,4,16,163,inverse,1026.11,1026.11,1026.11,350.11,350.11,350.11,65.87987642650397,2.9308217417383102
ab,mp,5,32,163,forward,2121.11,2121.11,2121.11,726.11,726.11,726.11,65.76745194732948,2.921196512925039
ab,mp,5,32,163,inverse,2418.11,2418.11,2418.11,743.11,743.11,743.11,69.26897452969469,3.254040451615508
ab,mp,6,64,163,forward,4852.11,4852.11,4852.11,1502.11,1502.11,1502.11,69.04212806387324,3.2301961906917604
ab,mp,6,64,163,inverse,5558.11,5558.11,5558.11,1523.11,1523.11,1523.11,72.59662007408994,3.6491848914392264
ab,mp,7,128,163,forward,11244.11,11244.11,11244.11,3485.11,3485.11,3485.11,69.0050168488213,3.226328580733463
ab,mp,7,128,163,inverse,12838.11,12838.11,12838.12,3418.11,3418.11,3418.11,73.37528654918832,3.7559089672362798
ab,mp,8,256,163,forward,25031.11,25031.11,25031.11,7594.11,7594.11,7594.11,69.66131346152848,3.2961215995027726
ab,mp,8,256,163,inverse,28666.11,28666.11,28666.11,7352.11,7352.11,7352.11,74.3526066145703,3.899031706544108
ab,mp,9,512,163,forward,56559.11,56559.11,56559.11,17099.11,17099.11,17099.11,69.76771734915914,3.307722448712243
ab,mp,9,512,163,inverse,64586.11,64586.11,64586.12,16467.11,16467.11,16467.11,74.50363553401806,3.922127805061119
ab,mp,10,1024,163,forward,123498.11,123498.11,123498.12,36960.11,36960.11,36960.11,70.07232742266258,3.341389135476058
ab,mp,10,1024,163,inverse,141342.11,141342.11,141342.12,35441.11,35441.11,35441.11,74.92530003974045,3.9880836125053643
ab,mp,4,16,164,forward,897.11,897.11,897.11,324.11,324.11,324.11,63.87176600416894,2.7679182993428157
ab,mp,4,16,164,inverse,1026.11,1026.11,1026.11,350.11,350.11,350.11,65.87987642650397,2.9308217417383102
ab,mp,5,32,164,forward,2121.11,2121.11,2121.11,726.11,726.11,726.11,65.76745194732948,2.921196512925039
ab,mp,5,32,164,inverse,2418.11,2418.11,2418.11,743.11,743.11,743.11,69.26897452969469,3.254040451615508
ab,mp,6,64,164,forward,4852.11,4852.11,4852.11,1502.11,1502.11,1502.11,69.04212806387324,3.2301961906917604
ab,mp,6,64,164,inverse,5558.11,5558.11,5558.11,1523.11,1523.11,1523.11,72.59662007408994,3.6491848914392264
ab,mp,7,128,164,forward,11244.11,11244.11,11244.12,3485.11,3485.11,3485.11,69.0050168488213,3.226328580733463
ab,mp,7,128,164,inverse,12838.11,12838.11,12838.11,3418.11,3418.11,3418.11,73.37528654918832,3.7559089672362798
ab,mp,8,256,164,forward,25031.11,25031.11,25031.11,7594.11,7594.11,7594.11,69.66131346152848,3.2961215995027726
ab,mp,8,256,164,inverse,28666.11,28666.11,28666.12,7352.11,7352.11,7352.11,74.3526066145703,3.899031706544108
ab,mp,9,512,164,forward,56559.11,56559.11,56559.11,17099.11,17099.11,17099.12,69.76771734915914,3.307722448712243
ab,mp,9,512,164,inverse,64586.11,64586.11,64586.12,16467.11,16467.11,16467.11,74.50363553401806,3.922127805061119
ab,mp,10,1024,164,forward,123498.11,123498.11,123498.12,36960.11,36960.11,36960.12,70.07232742266258,3.341389135476058
ab,mp,10,1024,164,inverse,141342.11,141342.11,141342.12,35441.11,35441.11,35441.12,74.92530003974045,3.9880836125053643
ab,mp,4,16,165,forward,897.11,897.11,897.11,324.11,324.11,324.11,63.87176600416894,2.7679182993428157
ab,mp,4,16,165,inverse,1026.11,1026.11,1026.11,350.11,350.11,350.11,65.87987642650397,2.9308217417383102
ab,mp,5,32,165,forward,2121.11,2121.11,2121.11,726.11,726.11,726.11,65.76745194732948,2.921196512925039
ab,mp,5,32,165,inverse,2418.11,2418.11,2418.11,743.11,743.11,743.11,69.26897452969469,3.254040451615508
ab,mp,6,64,165,forward,4852.11,4852.11,4852.11,1502.11,1502.11,1502.12,69.04212806387324,3.2301961906917604
ab,mp,6,64,165,inverse,5558.11,5558.11,5558.11,1523.11,1523.11,1523.11,72.59662007408994,3.6491848914392264
ab,mp,7,128,165,forward,11244.11,11244.11,11244.11,3485.11,3485.11,3485.11,69.0050168488213,3.226328580733463
ab,mp,7,128,165,inverse,12838.11,12838.11,12838.11,3418.11,3418.11,3418.11,73.37528654918832,3.7559089672362798
ab,mp,8,256,165,forward,25031.11,25031.11,25031.11,7594.11,7594.11,7594.12,69.66131346152848,3.2961215995027726
ab,mp,8,256,165,inverse,28666.11,28666.11,28666.11,7352.11,7352.11,7352.11,74.3526066145703,3.899031706544108
ab,mp,9,512,165,forward,56559.11,56559.11,56559.12,17099.11,17099.11,17099.11,69.76771734915914,3.307722448712243
ab,mp,9,512,165,inverse,64586.11,64586.11,64586.12,16467.11,16467.11,16467.11,74.50363553401806,3.922127805061119
ab,mp,10,1024,165,forward,123498.11,123498.11,123498.12,36960.11,36960.11,36960.11,70.07232742266258,3.341389135476058
ab,mp,10,1024,165,inverse,141342.11,141342.11,141342.12,35441.11,35441.11,35441.12,74.92530003974045,3.9880836125053643
ab,mp,4,16,166,forward,897.11,897.11,897.11,324.11,324.11,324.11,63.87176600416894,2.7679182993428157
ab,mp,4,16,166,inverse,1026.11,1026.11,1026.11,350.11,350.11,350.11,65.87987642650397,2.9308217417383102
ab,mp,5,32,166,forward,2121.11,2121.11,2121.11,726.11,726.11,726.11,65.76745194732948,2.921196512925039
ab,mp,5,32,166,inverse,2418.11,2418.11,2418.11,743.11,743.11,743.11,69.26897452969469,3.254040451615508
ab,mp,6,64,166,forward,4852.11,4852.11,4852.11,1502.11,1502.11,1502.11,69.04212806387324,3.2301961906917604
ab,mp,6,64,166,inverse,5558.11,5558.11,5558.11,1523.11,1523.11,1523.11,72.59662007408994,3.6491848914392264
ab,mp,7,128,166,forward,11244.11,11244.11,11244.11,3485.11,3485.11,3485.11,69.0050168488213,3.226328580733463
ab,mp,7,128,166,inverse,12838.11,12838.11,12838.11,3418.11,3418.11,3418.11,73.37528654918832,3.7559089672362798
ab,mp,8,256,166,forward,25031.11,25031.11,25031.11,7594.11,7594.11,7594.11,69.66131346152848,3.2961215995027726
ab,mp,8,256,166,inverse,28666.11,28666.11,28666.11,7352.11,7352.11,7352.11,74.3526066145703,3.899031706544108
ab,mp,9,512,166,forward,56559.11,56559.11,56559.12,17099.11,17099.11,17099.11,69.76771734915914,3.307722448712243
ab,mp,9,512,166,inverse,64586.11,64586.11,64586.12,16467.11,16467.11,16467.11,74.50363553401806,3.922127805061119
ab,mp,10,1024,166,forward,123498.11,123498.11,123498.12,36960.11,36960.11,36960.12,70.07232742266258,3.341389135476058
ab,mp,10,1024,166,inverse,141342.11,141342.11,141342.12,35441.11,35441.11,35441.11,74.92530003974045,3.9880836125053643
ab,mp,4,16,167,forward,897.11,897.11,897.11,324.11,324.11,324.11,63.87176600416894,2.7679182993428157
ab,mp,4,16,167,inverse,1026.11,1026.11,1026.11,350.11,350.11,350.11,65.87987642650397,2.9308217417383102
ab,mp,5,32,167,forward,2121.11,2121.11,2121.11,726.11,726.11,726.11,65.76745194732948,2.921196512925039
ab,mp,5,32,167,inverse,2418.11,2418.11,2418.11,743.11,743.11,743.11,69.26897452969469,3.254040451615508
ab,mp,6,64,167,forward,4852.11,4852.11,4852.11,1502.11,1502.11,1502.11,69.04212806387324,3.2301961906917604
ab,mp,6,64,167,inverse,5558.11,5558.11,5558.11,1523.11,1523.11,1523.11,72.59662007408994,3.6491848914392264
ab,mp,7,128,167,forward,11244.11,11244.11,11244.12,3485.11,3485.11,3485.11,69.0050168488213,3.226328580733463
ab,mp,7,128,167,inverse,12838.11,12838.11,12838.11,3418.11,3418.11,3418.11,73.37528654918832,3.7559089672362798
ab,mp,8,256,167,forward,25031.11,25031.11,25031.11,7594.11,7594.11,7594.11,69.66131346152848,3.2961215995027726
ab,mp,8,256,167,inverse,28666.11,28666.11,28666.12,7352.11,7352.11,7352.11,74.3526066145703,3.899031706544108
ab,mp,9,512,167,forward,56559.11,56559.11,56559.12,17099.11,17099.11,17099.11,69.76771734915914,3.307722448712243
ab,mp,9,512,167,inverse,64586.11,64586.11,64586.11,16467.11,16467.11,16467.12,74.50363553401806,3.922127805061119
ab,mp,10,1024,167,forward,123498.11,123498.11,123498.12,36960.11,36960.11,36960.12,70.07232742266258,3.341389135476058
ab,mp,10,1024,167,inverse,141342.11,141342.11,141342.12,35441.11,35441.11,35441.12,74.92530003974045,3.9880836125053643
ab,mp,4,16,168,forward,897.11,897.11,897.11,324.11,324.11,324.11,63.87176600416894,2.7679182993428157
ab,mp,4,16,168,inverse,1026.11,1026.11,1026.11,350.11,350.11,350.11,65.87987642650397,2.9308217417383102
ab,mp,5,32,168,forward,2121.11,2121.11,2121.11,726.11,726.11,726.11,65.76745194732948,2.921196512925039
ab,mp,5,32,168,inverse,2418.11,2418.11,2418.11,743.11,743.11,743.11,69.26897452969469,3.254040451615508
ab,mp,6,64,168,forward,4852.11,4852.11,4852.12,1502.11,1502.11,1502.11,69.04212806387324,3.2301961906917604
ab,mp,6,64,168,inverse,5558.11,5558.11,5558.11,1523.11,1523.11,1523.11,72.59662007408994,3.6491848914392264
ab,mp,7,128,168,forward,11244.11,11244.11,11244.11,3485.11,3485.11,3485.11,69.0050168488213,3.226328580733463
ab,mp,7,128,168,inverse,12838.11,12838.11,12838.11,3418.11,3418.11,3418.11,73.37528654918832,3.7559089672362798
ab,mp,8,256,168,forward,25031.11,25031.11,25031.12,7594.11,7594.11,7594.11,69.66131346152848,3.2961215995027726
ab,mp,8,256,168,inverse,28666.11,28666.11,28666.11,7352.11,7352.11,7352.11,74.3526066145703,3.899031706544108
ab,mp,9,512,168,forward,56559.11,56559.11,56559.12,17099.11,17099.11,17099.11,69.76771734915914,3.307722448712243
ab,mp,9,512,168,inverse,64586.11,64586.11,64586.12,16467.11,16467.11,16467.11,74.50363553401806,3.922127805061119
ab,mp,10,1024,168,forward,123498.11,123498.11,123498.12,36960.11,36960.11,36960.11,70.07232742266258,3.341389135476058
ab,mp,10,1024,168,inverse,141342.11,141342.11,141342.12,35441.11,35441.11,35441.12,74.92530003974045,3.9880836125053643
ab,mp,4,16,169,forward,897.11,897.11,897.11,324.11,324.11,324.11,63.87176600416894,2.7679182993428157
ab,mp,4,16,169,inverse,1026.11,1026.11,1026.11,350.11,350.11,350.11,65.87987642650397,2.9308217417383102
ab,mp,5,32,169,forward,2121.11,2121.11,2121.11,726.11,726.11,726.11,65.76745194732948,2.921196512925039
ab,mp,5,32,169,inverse,2418.11,2418.11,2418.11,743.11,743.11,743.11,69.26897452969469,3.254040451615508
ab,mp,6,64,169,forward,4852.11,4852.11,4852.11,1502.11,1502.11,1502.11,69.04212806387324,3.2301961906917604
ab,mp,6,64,169,inverse,5558.11,5558.11,5558.11,1523.11,1523.11,1523.11,72.59662007408994,3.6491848914392264
ab,mp,7,128,169,forward,11244.11,11244.11,11244.11,3485.11,3485.11,3485.11,69.0050168488213,3.226328580733463
ab,mp,7,128,169,inverse,12838.11,12838.11,12838.11,3418.11,3418.11,3418.11,73.37528654918832,3.7559089672362798
ab,mp,8,256,169,forward,25031.11,25031.11,25031.11,7594.11,7594.11,7594.11,69.66131346152848,3.2961215995027726
ab,mp,8,256,169,inverse,28666.11,28666.11,28666.11,7352.11,7352.11,7352.11,74.3526066145703,3.899031706544108
ab,mp,9,512,169,forward,56559.11,56559.11,56559.12,17099.11,17099.11,17099.11,69.76771734915914,3.307722448712243
ab,mp,9,512,169,inverse,64586.11,64586.11,64586.12,16467.11,16467.11,16467.11,74.50363553401806,3.922127805061119
ab,mp,10,1024,169,forward,123498.11,123498.11,123498.12,36960.11,36960.11,36960.12,70.07232742266258,3.341389135476058
ab,mp,10,1024,169,inverse,141342.11,141342.11,141342.12,35441.11,35441.11,35441.11,74.92530003974045,3.9880836125053643
ab,mp,4,16,170,forward,897.11,897.11,897.11,324.11,324.11,324.11,63.87176600416894,2.7679182993428157
ab,mp,4,16,170,inverse,1026.11,1026.11,1026.11,350.11,350.11,350.11,65.87987642650397,2.9308217417383102
ab,mp,5,32,170,forward,2121.11,2121.11,2121.11,726.11,726.11,726.11,65.76745194732948,2.921196512925039
ab,mp,5,32,170,inverse,2418.11,2418.11,2418.11,743.11,743.11,743.11,69.26897452969469,3.254040451615508
ab,mp,6,64,170,forward,4852.11,4852.11,4852.11,1502.11,1502.11,1502.11,69.04212806387324,3.2301961906917604
ab,mp,6,64,170,inverse,5558.11,5558.11,5558.11,1523.11,1523.11,1523.11,72.59662007408994,3.6491848914392264
ab,mp,7,128,170,forward,11244.11,11244.11,11244.12,3485.11,3485.11,3485.11,69.0050168488213,3.226328580733463
ab,mp,7,128,170,inverse,12838.11,12838.11,12838.11,3418.11,3418.11,3418.11,73.37528654918832,3.7559089672362798
ab,mp,8,256,170,forward,25031.11,25031.11,25031.11,7594.11,7594.11,7594.11,69.66131346152848,3.2961215995027726
ab,mp,8,256,170,inverse,28666.11,28666.11,28666.12,7352.11,7352.11,7352.11,74.3526066145703,3.899031706544108
ab,mp,9,512,170,forward,56559.11,56559.11,56559.12,17099.11,17099.11,17099.11,69.76771734915914,3.307722448712243
ab,mp,9,512,170,inverse,64586.11,64586.11,64586.12,16467.11,16467.11,16467.11,74.50363553401806,3.922127805061119
ab,mp,10,1024,170,forward,123498.11,123498.11,123498.12,36960.11,36960.11,36960.11,70.07232742266258,3.341389135476058
ab,mp,10,1024,170,inverse,141342.11,141342.11,141342.12,35441.11,35441.11,35441.11,74.92530003974045,3.9880836125053643
ab,mp,4,16,171,forward,897.11,897.11,897.11,324.11,324.11,324.11,63.87176600416894,2.7679182993428157
ab,mp,4,16,171,inverse,1026.11,1026.11,1026.11,350.11,350.11,350.11,65.87987642650397,2.9308217417383102
ab,mp,5,32,171,forward,2121.11,2121.11,2121.11,726.11,726.11,726.11,65.76745194732948,2.921196512925039
ab,mp,5,32,171,inverse,2418.11,2418.11,2418.11,743.11,743.11,743.11,69.26897452969469,3.254040451615508
ab,mp,6,64,171,forward,4852.11,4852.11,4852.11,1502.11,1502.11,1502.11,69.04212806387324,3.2301961906917604
ab,mp,6,64,171,inverse,5558.11,5558.11,5558.11,1523.11,1523.11,1523.11,72.59662007408994,3.6491848914392264
ab,mp,7,128,171,forward,11244.11,11244.11,11244.11,3485.11,3485.11,3485.11,69.0050168488213,3.226328580733463
ab,mp,7,128,171,inverse,12838.11,12838.11,12838.11,3418.11,3418.11,3418.11,73.37528654918832,3.7559089672362798
ab,mp,8,256,171,forward,25031.11,25031.11,25031.11,7594.11,7594.11,7594.12,69.66131346152848,3.2961215995027726
ab,mp,8,256,171,inverse,28666.11,28666.11,28666.11,7352.11,7352.11,7352.11,74.3526066145703,3.899031706544108
ab,mp,9,512,171,forward,56559.11,56559.11,56559.12,17099.11,17099.11,17099.11,69.76771734915914,3.307722448712243
ab,mp,9,512,171,inverse,64586.11,64586.11,64586.12,16467.11,16467.11,16467.11,74.50363553401806,3.922127805061119
ab,mp,10,1024,171,forward,123498.11,123498.11,123498.12,36960.11,36960.11,36960.11,70.07232742266258,3.341389135476058
ab,mp,10,1024,171,inverse,141342.11,141342.11,141342.12,35441.11,35441.11,35441.11,74.92530003974045,3.9880836125053643
ab,mp,4,16,172,forward,897.11,897.11,897.11,324.11,324.11,324.11,63.87176600416894,2.7679182993428157
ab,mp,4,16,172,inverse,1026.11,1026.11,1026.11,350.11,350.11,350.11,65.87987642650397,2.9308217417383102
ab,mp,5,32,172,forward,2121.11,2121.11,2121.11,726.11,726.11,726.11,65.76745194732948,2.921196512925039
ab,mp,5,32,172,inverse,2418.11,2418.11,2418.11,743.11,743.11,743.11,69.26897452969469,3.254040451615508
ab,mp,6,64,172,forward,4852.11,4852.11,4852.11,1502.11,1502.11,1502.11,69.04212806387324,3.2301961906917604
ab,mp,6,64,172,inverse,5558.11,5558.11,5558.11,1523.11,1523.11,1523.11,72.59662007408994,3.6491848914392264
ab,mp,7,128,172,forward,11244.11,11244.11,11244.11,3485.11,3485.11,3485.11,69.0050168488213,3.226328580733463
ab,mp,7,128,172,inverse,12838.11,12838.11,12838.11,3418.11,3418.11,3418.11,73.37528654918832,3.7559089672362798
ab,mp,8,256,172,forward,25031.11,25031.11,25031.11,7594.11,7594.11,7594.12,69.66131346152848,3.2961215995027726
ab,mp,8,256,172,inverse,28666.11,28666.11,28666.11,7352.11,7352.11,7352.11,74.3526066145703,3.899031706544108
ab,mp,9,512,172,forward,56559.11,56559.11,56559.12,17099.11,17099.11,17099.11,69.76771734915914,3.307722448712243
ab,mp,9,512,172,inverse,64586.11,64586.11,64586.11,16467.11,16467.11,16467.12,74.50363553401806,3.922127805061119
ab,mp,10,1024,172,forward,123498.11,123498.11,123498.12,36960.11,36960.11,36960.12,70.07232742266258,3.341389135476058
ab,mp,10,1024,172,inverse,141342.11,141342.11,141342.12,35441.11,35441.11,35441.12,74.92530003974045,3.9880836125053643
ab,mp,4,16,173,forward,897.11,897.11,897.11,324.11,324.11,324.11,63.87176600416894,2.7679182993428157
ab,mp,4,16,173,inverse,1026.11,1026.11,1026.11,350.11,350.11,350.11,65.87987642650397,2.9308217417383102
ab,mp,5,32,173,forward,2121.11,2121.11,2121.11,726.11,726.11,726.11,65.76745194732948,2.921196512925039
ab,mp,5,32,173,inverse,2418.11,2418.11,2418.11,743.11,743.11,743.11,69.26897452969469,3.254040451615508
ab,mp,6,64,173,forward,4852.11,4852.11,4852.11,1502.11,1502.11,1502.11,69.04212806387324,3.2301961906917604
ab,mp,6,64,173,inverse,5558.11,5558.11,5558.11,1523.11,1523.11,1523.11,72.59662007408994,3.6491848914392264
ab,mp,7,128,173,forward,11244.11,11244.11,11244.12,3485.11,3485.11,3485.11,69.0050168488213,3.226328580733463
ab,mp,7,128,173,inverse,12838.11,12838.11,12838.11,3418.11,3418.11,3418.11,73.37528654918832,3.7559089672362798
ab,mp,8,256,173,forward,25031.11,25031.11,25031.11,7594.11,7594.11,7594.11,69.66131346152848,3.2961215995027726
ab,mp,8,256,173,inverse,28666.11,28666.11,28666.12,7352.11,7352.11,7352.11,74.3526066145703,3.899031706544108
ab,mp,9,512,173,forward,56559.11,56559.11,56559.12,17099.11,17099.11,17099.11,69.76771734915914,3.307722448712243
ab,mp,9,512,173,inverse,64586.11,64586.11,64586.12,16467.11,16467.11,16467.11,74.50363553401806,3.922127805061119
ab,mp,10,1024,173,forward,123498.11,123498.11,123498.12,36960.11,36960.11,36960.11,70.07232742266258,3.341389135476058
ab,mp,10,1024,173,inverse,141342.11,141342.11,141342.12,35441.11,35441.11,35441.12,74.92530003974045,3.9880836125053643
ab,mp,4,16,174,forward,897.11,897.11,897.11,324.11,324.11,324.11,63.87176600416894,2.7679182993428157
ab,mp,4,16,174,inverse,1026.11,1026.11,1026.11,350.11,350.11,350.11,65.87987642650397,2.9308217417383102
ab,mp,5,32,174,forward,2121.11,2121.11,2121.11,726.11,726.11,726.11,65.76745194732948,2.921196512925039
ab,mp,5,32,174,inverse,2418.11,2418.11,2418.11,743.11,743.11,743.11,69.26897452969469,3.254040451615508
ab,mp,6,64,174,forward,4852.11,4852.11,4852.11,1502.11,1502.11,1502.11,69.04212806387324,3.2301961906917604
ab,mp,6,64,174,inverse,5558.11,5558.11,5558.11,1523.11,1523.11,1523.12,72.59662007408994,3.6491848914392264
ab,mp,7,128,174,forward,11244.11,11244.11,11244.11,3485.11,3485.11,3485.11,69.0050168488213,3.226328580733463
ab,mp,7,128,174,inverse,12838.11,12838.11,12838.11,3418.11,3418.11,3418.11,73.37528654918832,3.7559089672362798
ab,mp,8,256,174,forward,25031.11,25031.11,25031.12,7594.11,7594.11,7594.11,69.66131346152848,3.2961215995027726
ab,mp,8,256,174,inverse,28666.11,28666.11,28666.11,7352.11,7352.11,7352.11,74.3526066145703,3.899031706544108
ab,mp,9,512,174,forward,56559.11,56559.11,56559.12,17099.11,17099.11,17099.11,69.76771734915914,3.307722448712243
ab,mp,9,512,174,inverse,64586.11,64586.11,64586.12,16467.11,16467.11,16467.11,74.50363553401806,3.922127805061119
ab,mp,10,1024,174,forward,123498.11,123498.11,123498.12,36960.11,36960.11,36960.12,70.07232742266258,3.341389135476058
ab,mp,10,1024,174,inverse,141342.11,141342.11,141342.12,35441.11,35441.11,35441.11,74.92530003974045,3.9880836125053643
ab,mp,4,16,175,forward,897.11,897.11,897.11,324.11,324.11,324.11,63.87176600416894,2.7679182993428157
ab,mp,4,16,175,inverse,1026.11,1026.11,1026.11,350.11,350.11,350.11,65.87987642650397,2.9308217417383102
ab,mp,5,32,175,forward,2121.11,2121.11,2121.11,726.11,726.11,726.11,65.76745194732948,2.921196512925039
ab,mp,5,32,175,inverse,2418.11,2418.11,2418.11,743.11,743.11,743.11,69.26897452969469,3.254040451615508
ab,mp,6,64,175,forward,4852.11,4852.11,4852.11,1502.11,1502.11,1502.11,69.04212806387324,3.2301961906917604
ab,mp,6,64,175,inverse,5558.11,5558.11,5558.11,1523.11,1523.11,1523.11,72.59662007408994,3.6491848914392264
ab,mp,7,128,175,forward,11244.11,11244.11,11244.11,3485.11,3485.11,3485.11,69.0050168488213,3.226328580733463
ab,mp,7,128,175,inverse,12838.11,12838.11,12838.11,3418.11,3418.11,3418.11,73.37528654918832,3.7559089672362798
ab,mp,8,256,175,forward,25031.11,25031.11,25031.12,7594.11,7594.11,7594.11,69.66131346152848,3.2961215995027726
ab,mp,8,256,175,inverse,28666.11,28666.11,28666.11,7352.11,7352.11,7352.11,74.3526066145703,3.899031706544108
ab,mp,9,512,175,forward,56559.11,56559.11,56559.12,17099.11,17099.11,17099.11,69.76771734915914,3.307722448712243
ab,mp,9,512,175,inverse,64586.11,64586.11,64586.12,16467.11,16467.11,16467.11,74.50363553401806,3.922127805061119
ab,mp,10,1024,175,forward,123498.11,123498.11,123498.12,36960.11,36960.11,36960.11,70.07232742266258,3.341389135476058
ab,mp,10,1024,175,inverse,141342.11,141342.11,141342.12,35441.11,35441.11,35441.11,74.92530003974045,3.9880836125053643
ab,mp,4,16,176,forward,897.11,897.11,897.11,324.11,324.11,324.11,63.87176600416894,2.7679182993428157
ab,mp,4,16,176,inverse,1026.11,1026.11,1026.11,350.11,350.11,350.11,65.87987642650397,2.9308217417383102
ab,mp,5,32,176,forward,2121.11,2121.11,2121.11,726.11,726.11,726.11,65.76745194732948,2.921196512925039
ab,mp,5,32,176,inverse,2418.11,2418.11,2418.11,743.11,743.11,743.11,69.26897452969469,3.254040451615508
ab,mp,6,64,176,forward,4852.11,4852.11,4852.11,1502.11,1502.11,1502.11,69.04212806387324,3.2301961906917604
ab,mp,6,64,176,inverse,5558.11,5558.11,5558.11,1523.11,1523.11,1523.11,72.59662007408994,3.6491848914392264
ab,mp,7,128,176,forward,11244.11,11244.11,11244.11,3485.11,3485.11,3485.11,69.0050168488213,3.226328580733463
ab,mp,7,128,176,inverse,12838.11,12838.11,12838.12,3418.11,3418.11,3418.11,73.37528654918832,3.7559089672362798
ab,mp,8,256,176,forward,25031.11,25031.11,25031.11,7594.11,7594.11,7594.11,69.66131346152848,3.2961215995027726
ab,mp,8,256,176,inverse,28666.11,28666.11,28666.12,7352.11,7352.11,7352.11,74.3526066145703,3.899031706544108
ab,mp,9,512,176,forward,56559.11,56559.11,56559.11,17099.11,17099.11,17099.12,69.76771734915914,3.307722448712243
ab,mp,9,512,176,inverse,64586.11,64586.11,64586.12,16467.11,16467.11,16467.11,74.50363553401806,3.922127805061119
ab,mp,10,1024,176,forward,123498.11,123498.11,123498.12,36960.11,36960.11,36960.12,70.07232742266258,3.341389135476058
ab,mp,10,1024,176,inverse,141342.11,141342.11,141342.12,35441.11,35441.11,35441.12,74.92530003974045,3.9880836125053643
ab,mp,4,16,177,forward,897.11,897.11,897.11,324.11,324.11,324.11,63.87176600416894,2.7679182993428157
ab,mp,4,16,177,inverse,1026.11,1026.11,1026.11,350.11,350.11,350.11,65.87987642650397,2.9308217417383102
ab,mp,5,32,177,forward,2121.11,2121.11,2121.11,726.11,726.11,726.11,65.76745194732948,2.921196512925039
ab,mp,5,32,177,inverse,2418.11,2418.11,2418.11,743.11,743.11,743.11,69.26897452969469,3.254040451615508
ab,mp,6,64,177,forward,4852.11,4852.11,4852.11,1502.11,1502.11,1502.11,69.04212806387324,3.2301961906917604
ab,mp,6,64,177,inverse,5558.11,5558.11,5558.12,1523.11,1523.11,1523.11,72.59662007408994,3.6491848914392264
ab,mp,7,128,177,forward,11244.11,11244.11,11244.11,3485.11,3485.11,3485.11,69.0050168488213,3.226328580733463
ab,mp,7,128,177,inverse,12838.11,12838.11,12838.11,3418.11,3418.11,3418.11,73.37528654918832,3.7559089672362798
ab,mp,8,256,177,forward,25031.11,25031.11,25031.11,7594.11,7594.11,7594.11,69.66131346152848,3.2961215995027726
ab,mp,8,256,177,inverse,28666.11,28666.11,28666.11,7352.11,7352.11,7352.11,74.3526066145703,3.899031706544108
ab,mp,9,512,177,forward,56559.11,56559.11,56559.11,17099.11,17099.11,17099.12,69.76771734915914,3.307722448712243
ab,mp,9,512,177,inverse,64586.11,64586.11,64586.11,16467.11,16467.11,16467.12,74.50363553401806,3.922127805061119
ab,mp,10,1024,177,forward,123498.11,123498.11,123498.12,36960.11,36960.11,36960.12,70.07232742266258,3.341389135476058
ab,mp,10,1024,177,inverse,141342.11,141342.11,141342.12,35441.11,35441.11,35441.11,74.92530003974045,3.9880836125053643
ab,mp,4,16,178,forward,897.11,897.11,897.11,324.11,324.11,324.11,63.87176600416894,2.7679182993428157
ab,mp,4,16,178,inverse,1026.11,1026.11,1026.11,350.11,350.11,350.11,65.87987642650397,2.9308217417383102
ab,mp,5,32,178,forward,2121.11,2121.11,2121.11,726.11,726.11,726.11,65.76745194732948,2.921196512925039
ab,mp,5,32,178,inverse,2418.11,2418.11,2418.11,743.11,743.11,743.11,69.26897452969469,3.254040451615508
ab,mp,6,64,178,forward,4852.11,4852.11,4852.11,1502.11,1502.11,1502.11,69.04212806387324,3.2301961906917604
ab,mp,6,64,178,inverse,5558.11,5558.11,5558.11,1523.11,1523.11,1523.11,72.59662007408994,3.6491848914392264
ab,mp,7,128,178,forward,11244.11,11244.11,11244.11,3485.11,3485.11,3485.11,69.0050168488213,3.226328580733463
ab,mp,7,128,178,inverse,12838.11,12838.11,12838.11,3418.11,3418.11,3418.11,73.37528654918832,3.7559089672362798
ab,mp,8,256,178,forward,25031.11,25031.11,25031.11,7594.11,7594.11,7594.12,69.66131346152848,3.2961215995027726
ab,mp,8,256,178,inverse,28666.11,28666.11,28666.11,7352.11,7352.11,7352.11,74.3526066145703,3.899031706544108
ab,mp,9,512,178,forward,56559.11,56559.11,56559.12,17099.11,17099.11,17099.11,69.76771734915914,3.307722448712243
ab,mp,9,512,178,inverse,64586.11,64586.11,64586.12,16467.11,16467.11,16467.11,74.50363553401806,3.922127805061119
ab,mp,10,1024,178,forward,123498.11,123498.11,123498.12,36960.11,36960.11,36960.11,70.07232742266258,3.341389135476058
ab,mp,10,1024,178,inverse,141342.11,141342.11,141342.12,35441.11,35441.11,35441.11,74.92530003974045,3.9880836125053643
ab,mp,4,16,179,forward,897.11,897.11,897.11,324.11,324.11,324.11,63.87176600416894,2.7679182993428157
ab,mp,4,16,179,inverse,1026.11,1026.11,1026.11,350.11,350.11,350.11,65.87987642650397,2.9308217417383102
ab,mp,5,32,179,forward,2121.11,2121.11,2121.11,726.11,726.11,726.11,65.76745194732948,2.921196512925039
ab,mp,5,32,179,inverse,2418.11,2418.11,2418.11,743.11,743.11,743.11,69.26897452969469,3.254040451615508
ab,mp,6,64,179,forward,4852.11,4852.11,4852.11,1502.11,1502.11,1502.11,69.04212806387324,3.2301961906917604
ab,mp,6,64,179,inverse,5558.11,5558.11,5558.11,1523.11,1523.11,1523.11,72.59662007408994,3.6491848914392264
ab,mp,7,128,179,forward,11244.11,11244.11,11244.11,3485.11,3485.11,3485.11,69.0050168488213,3.226328580733463
ab,mp,7,128,179,inverse,12838.11,12838.11,12838.12,3418.11,3418.11,3418.11,73.37528654918832,3.7559089672362798
ab,mp,8,256,179,forward,25031.11,25031.11,25031.11,7594.11,7594.11,7594.11,69.66131346152848,3.2961215995027726
ab,mp,8,256,179,inverse,28666.11,28666.11,28666.12,7352.11,7352.11,7352.11,74.3526066145703,3.899031706544108
ab,mp,9,512,179,forward,56559.11,56559.11,56559.11,17099.11,17099.11,17099.12,69.76771734915914,3.307722448712243
ab,mp,9,512,179,inverse,64586.11,64586.11,64586.12,16467.11,16467.11,16467.11,74.50363553401806,3.922127805061119
ab,mp,10,1024,179,forward,123498.11,123498.11,123498.12,36960.11,36960.11,36960.12,70.07232742266258,3.341389135476058
ab,mp,10,1024,179,inverse,141342.11,141342.11,141342.12,35441.11,35441.11,35441.11,74.92530003974045,3.9880836125053643
ab,mp,4,16,180,forward,897.11,897.11,897.11,324.11,324.11,324.11,63.87176600416894,2.7679182993428157
ab,mp,4,16,180,inverse,1026.11,1026.11,1026.11,350.11,350.11,350.11,65.87987642650397,2.9308217417383102
ab,mp,5,32,180,forward,2121.11,2121.11,2121.11,726.11,726.11,726.11,65.76745194732948,2.921196512925039
ab,mp,5,32,180,inverse,2418.11,2418.11,2418.11,743.11,743.11,743.11,69.26897452969469,3.254040451615508
ab,mp,6,64,180,forward,4852.11,4852.11,4852.11,1502.11,1502.11,1502.11,69.04212806387324,3.2301961906917604
ab,mp,6,64,180,inverse,5558.11,5558.11,5558.11,1523.11,1523.11,1523.11,72.59662007408994,3.6491848914392264
ab,mp,7,128,180,forward,11244.11,11244.11,11244.11,3485.11,3485.11,3485.11,69.0050168488213,3.226328580733463
ab,mp,7,128,180,inverse,12838.11,12838.11,12838.11,3418.11,3418.11,3418.11,73.37528654918832,3.7559089672362798
ab,mp,8,256,180,forward,25031.11,25031.11,25031.11,7594.11,7594.11,7594.11,69.66131346152848,3.2961215995027726
ab,mp,8,256,180,inverse,28666.11,28666.11,28666.11,7352.11,7352.11,7352.12,74.3526066145703,3.899031706544108
ab,mp,9,512,180,forward,56559.11,56559.11,56559.12,17099.11,17099.11,17099.11,69.76771734915914,3.307722448712243
ab,mp,9,512,180,inverse,64586.11,64586.11,64586.12,16467.11,16467.11,16467.11,74.50363553401806,3.922127805061119
ab,mp,10,1024,180,forward,123498.11,123498.11,123498.12,36960.11,36960.11,36960.11,70.07232742266258,3.341389135476058
ab,mp,10,1024,180,inverse,141342.11,141342.11,141342.12,35441.11,35441.11,35441.11,74.92530003974045,3.9880836125053643
ab,mp,4,16,181,forward,897.11,897.11,897.11,324.11,324.11,324.11,63.87176600416894,2.7679182993428157
ab,mp,4,16,181,inverse,1026.11,1026.11,1026.11,350.11,350.11,350.11,65.87987642650397,2.9308217417383102
ab,mp,5,32,181,forward,2121.11,2121.11,2121.11,726.11,726.11,726.11,65.76745194732948,2.921196512925039
ab,mp,5,32,181,inverse,2418.11,2418.11,2418.11,743.11,743.11,743.11,69.26897452969469,3.254040451615508
ab,mp,6,64,181,forward,4852.11,4852.11,4852.11,1502.11,1502.11,1502.11,69.04212806387324,3.2301961906917604
ab,mp,6,64,181,inverse,5558.11,5558.11,5558.11,1523.11,1523.11,1523.11,72.59662007408994,3.6491848914392264
ab,mp,7,128,181,forward,11244.11,11244.11,11244.11,3485.11,3485.11,3485.11,69.0050168488213,3.226328580733463
ab,mp,7,128,181,inverse,12838.11,12838.11,12838.11,3418.11,3418.11,3418.11,73.37528654918832,3.7559089672362798
ab,mp,8,256,181,forward,25031.11,25031.11,25031.12,7594.11,7594.11,7594.11,69.66131346152848,3.2961215995027726
ab,mp,8,256,181,inverse,28666.11,28666.11,28666.11,7352.11,7352.11,7352.11,74.3526066145703,3.899031706544108
ab,mp,9,512,181,forward,56559.11,56559.11,56559.12,17099.11,17099.11,17099.11,69.76771734915914,3.307722448712243
ab,mp,9,512,181,inverse,64586.11,64586.11,64586.12,16467.11,16467.11,16467.11,74.50363553401806,3.922127805061119
ab,mp,10,1024,181,forward,123498.11,123498.11,123498.12,36960.11,36960.11,36960.12,70.07232742266258,3.341389135476058
ab,mp,10,1024,181,inverse,141342.11,141342.11,141342.12,35441.11,35441.11,35441.12,74.92530003974045,3.9880836125053643
ab,mp,4,16,182,forward,897.11,897.11,897.11,324.11,324.11,324.11,63.87176600416894,2.7679182993428157
ab,mp,4,16,182,inverse,1026.11,1026.11,1026.11,350.11,350.11,350.11,65.87987642650397,2.9308217417383102
ab,mp,5,32,182,forward,2121.11,2121.11,2121.11,726.11,726.11,726.11,65.76745194732948,2.921196512925039
ab,mp,5,32,182,inverse,2418.11,2418.11,2418.11,743.11,743.11,743.11,69.26897452969469,3.254040451615508
ab,mp,6,64,182,forward,4852.11,4852.11,4852.11,1502.11,1502.11,1502.11,69.04212806387324,3.2301961906917604
ab,mp,6,64,182,inverse,5558.11,5558.11,5558.11,1523.11,1523.11,1523.11,72.59662007408994,3.6491848914392264
ab,mp,7,128,182,forward,11244.11,11244.11,11244.11,3485.11,3485.11,3485.11,69.0050168488213,3.226328580733463
ab,mp,7,128,182,inverse,12838.11,12838.11,12838.12,3418.11,3418.11,3418.11,73.37528654918832,3.7559089672362798
ab,mp,8,256,182,forward,25031.11,25031.11,25031.11,7594.11,7594.11,7594.11,69.66131346152848,3.2961215995027726
ab,mp,8,256,182,inverse,28666.11,28666.11,28666.12,7352.11,7352.11,7352.11,74.3526066145703,3.899031706544108
ab,mp,9,512,182,forward,56559.11,56559.11,56559.12,17099.11,17099.11,17099.11,69.76771734915914,3.307722448712243
ab,mp,9,512,182,inverse,64586.11,64586.11,64586.11,16467.11,16467.11,16467.12,74.50363553401806,3.922127805061119
ab,mp,10,1024,182,forward,123498.11,123498.11,123498.12,36960.11,36960.11,36960.12,70.07232742266258,3.341389135476058
ab,mp,10,1024,182,inverse,141342.11,141342.11,141342.12,35441.11,35441.11,35441.11,74.92530003974045,3.9880836125053643
ab,mp,4,16,183,forward,897.11,897.11,897.11,324.11,324.11,324.11,63.87176600416894,2.7679182993428157
ab,mp,4,16,183,inverse,1026.11,1026.11,1026.11,350.11,350.11,350.11,65.87987642650397,2.9308217417383102
ab,mp,5,32,183,forward,2121.11,2121.11,2121.11,726.11,726.11,726.11,65.76745194732948,2.921196512925039
ab,mp,5,32,183,inverse,2418.11,2418.11,2418.11,743.11,743.11,743.11,69.26897452969469,3.254040451615508
ab,mp,6,64,183,forward,4852.11,4852.11,4852.11,1502.11,1502.11,1502.11,69.04212806387324,3.2301961906917604
ab,mp,6,64,183,inverse,5558.11,5558.11,5558.11,1523.11,1523.11,1523.11,72.59662007408994,3.6491848914392264
ab,mp,7,128,183,forward,11244.11,11244.11,11244.11,3485.11,3485.11,3485.11,69.0050168488213,3.226328580733463
ab,mp,7,128,183,inverse,12838.11,12838.11,12838.11,3418.11,3418.11,3418.11,73.37528654918832,3.7559089672362798
ab,mp,8,256,183,forward,25031.11,25031.11,25031.11,7594.11,7594.11,7594.11,69.66131346152848,3.2961215995027726
ab,mp,8,256,183,inverse,28666.11,28666.11,28666.12,7352.11,7352.11,7352.11,74.3526066145703,3.899031706544108
ab,mp,9,512,183,forward,56559.11,56559.11,56559.12,17099.11,17099.11,17099.11,69.76771734915914,3.307722448712243
ab,mp,9,512,183,inverse,64586.11,64586.11,64586.12,16467.11,16467.11,16467.11,74.50363553401806,3.922127805061119
ab,mp,10,1024,183,forward,123498.11,123498.11,123498.12,36960.11,36960.11,36960.11,70.07232742266258,3.341389135476058
ab,mp,10,1024,183,inverse,141342.11,141342.11,141342.12,35441.11,35441.11,35441.11,74.92530003974045,3.9880836125053643
ab,mp,4,16,184,forward,897.11,897.11,897.11,324.11,324.11,324.11,63.87176600416894,2.7679182993428157
ab,mp,4,16,184,inverse,1026.11,1026.11,1026.11,350.11,350.11,350.11,65.87987642650397,2.9308217417383102
ab,mp,5,32,184,forward,2121.11,2121.11,2121.11,726.11,726.11,726.11,65.76745194732948,2.921196512925039
ab,mp,5,32,184,inverse,2418.11,2418.11,2418.11,743.11,743.11,743.11,69.26897452969469,3.254040451615508
ab,mp,6,64,184,forward,4852.11,4852.11,4852.11,1502.11,1502.11,1502.11,69.04212806387324,3.2301961906917604
ab,mp,6,64,184,inverse,5558.11,5558.11,5558.11,1523.11,1523.11,1523.11,72.59662007408994,3.6491848914392264
ab,mp,7,128,184,forward,11244.11,11244.11,11244.11,3485.11,3485.11,3485.11,69.0050168488213,3.226328580733463
ab,mp,7,128,184,inverse,12838.11,12838.11,12838.11,3418.11,3418.11,3418.11,73.37528654918832,3.7559089672362798
ab,mp,8,256,184,forward,25031.11,25031.11,25031.12,7594.11,7594.11,7594.11,69.66131346152848,3.2961215995027726
ab,mp,8,256,184,inverse,28666.11,28666.11,28666.11,7352.11,7352.11,7352.11,74.3526066145703,3.899031706544108
ab,mp,9,512,184,forward,56559.11,56559.11,56559.12,17099.11,17099.11,17099.11,69.76771734915914,3.307722448712243
ab,mp,9,512,184,inverse,64586.11,64586.11,64586.12,16467.11,16467.11,16467.11,74.50363553401806,3.922127805061119
ab,mp,10,1024,184,forward,123498.11,123498.11,123498.12,36960.11,36960.11,36960.12,70.07232742266258,3.341389135476058
ab,mp,10,1024,184,inverse,141342.11,141342.11,141342.12,35441.11,35441.11,35441.12,74.92530003974045,3.9880836125053643
ab,mp,4,16,185,forward,897.11,897.11,897.11,324.11,324.11,324.11,63.87176600416894,2.7679182993428157
ab,mp,4,16,185,inverse,1026.11,1026.11,1026.11,350.11,350.11,350.11,65.87987642650397,2.9308217417383102
ab,mp,5,32,185,forward,2121.11,2121.11,2121.11,726.11,726.11,726.11,65.76745194732948,2.921196512925039
ab,mp,5,32,185,inverse,2418.11,2418.11,2418.11,743.11,743.11,743.11,69.26897452969469,3.254040451615508
ab,mp,6,64,185,forward,4852.11,4852.11,4852.11,1502.11,1502.11,1502.11,69.04212806387324,3.2301961906917604
ab,mp,6,64,185,inverse,5558.11,5558.11,5558.11,1523.11,1523.11,1523.11,72.59662007408994,3.6491848914392264
ab,mp,7,128,185,forward,11244.11,11244.11,11244.11,3485.11,3485.11,3485.11,69.0050168488213,3.226328580733463
ab,mp,7,128,185,inverse,12838.11,12838.11,12838.12,3418.11,3418.11,3418.11,73.37528654918832,3.7559089672362798
ab,mp,8,256,185,forward,25031.11,25031.11,25031.11,7594.11,7594.11,7594.11,69.66131346152848,3.2961215995027726
ab,mp,8,256,185,inverse,28666.11,28666.11,28666.12,7352.11,7352.11,7352.11,74.3526066145703,3.899031706544108
ab,mp,9,512,185,forward,56559.11,56559.11,56559.12,17099.11,17099.11,17099.11,69.76771734915914,3.307722448712243
ab,mp,9,512,185,inverse,64586.11,64586.11,64586.11,16467.11,16467.11,16467.12,74.50363553401806,3.922127805061119
ab,mp,10,1024,185,forward,123498.11,123498.11,123498.12,36960.11,36960.11,36960.12,70.07232742266258,3.341389135476058
ab,mp,10,1024,185,inverse,141342.11,141342.11,141342.12,35441.11,35441.11,35441.11,74.92530003974045,3.9880836125053643
ab,mp,4,16,186,forward,897.11,897.11,897.11,324.11,324.11,324.11,63.87176600416894,2.7679182993428157
ab,mp,4,16,186,inverse,1026.11,1026.11,1026.11,350.11,350.11,350.11,65.87987642650397,2.9308217417383102
ab,mp,5,32,186,forward,2121.11,2121.11,2121.11,726.11,726.11,726.11,65.76745194732948,2.921196512925039
ab,mp,5,32,186,inverse,2418.11,2418.11,2418.11,743.11,743.11,743.11,69.26897452969469,3.254040451615508
ab,mp,6,64,186,forward,4852.11,4852.11,4852.11,1502.11,1502.11,1502.11,69.04212806387324,3.2301961906917604
ab,mp,6,64,186,inverse,5558.11,5558.11,5558.11,1523.11,1523.11,1523.11,72.59662007408994,3.6491848914392264
ab,mp,7,128,186,forward,11244.11,11244.11,11244.12,3485.11,3485.11,3485.11,69.0050168488213,3.226328580733463
ab,mp,7,128,186,inverse,12838.11,12838.11,12838.11,3418.11,3418.11,3418.11,73.37528654918832,3.7559089672362798
ab,mp,8,256,186,forward,25031.11,25031.11,25031.11,7594.11,7594.11,7594.11,69.66131346152848,3.2961215995027726
ab,mp,8,256,186,inverse,28666.11,28666.11,28666.12,7352.11,7352.11,7352.11,74.3526066145703,3.899031706544108
ab,mp,9,512,186,forward,56559.11,56559.11,56559.12,17099.11,17099.11,17099.11,69.76771734915914,3.307722448712243
ab,mp,9,512,186,inverse,64586.11,64586.11,64586.12,16467.11,16467.11,16467.11,74.50363553401806,3.922127805061119
ab,mp,10,1024,186,forward,123498.11,123498.11,123498.12,36960.11,36960.11,36960.11,70.07232742266258,3.341389135476058
ab,mp,10,1024,186,inverse,141342.11,141342.11,141342.12,35441.11,35441.11,35441.11,74.92530003974045,3.9880836125053643
ab,mp,4,16,187,forward,897.11,897.11,897.11,324.11,324.11,324.11,63.87176600416894,2.7679182993428157
ab,mp,4,16,187,inverse,1026.11,1026.11,1026.11,350.11,350.11,350.11,65.87987642650397,2.9308217417383102
ab,mp,5,32,187,forward,2121.11,2121.11,2121.11,726.11,726.11,726.11,65.76745194732948,2.921196512925039
ab,mp,5,32,187,inverse,2418.11,2418.11,2418.12,743.11,743.11,743.11,69.26897452969469,3.254040451615508
ab,mp,6,64,187,forward,4852.11,4852.11,4852.11,1502.11,1502.11,1502.11,69.04212806387324,3.2301961906917604
ab,mp,6,64,187,inverse,5558.11,5558.11,5558.11,1523.11,1523.11,1523.11,72.59662007408994,3.6491848914392264
ab,mp,7,128,187,forward,11244.11,11244.11,11244.11,3485.11,3485.11,3485.11,69.0050168488213,3.226328580733463
ab,mp,7,128,187,inverse,12838.11,12838.11,12838.11,3418.11,3418.11,3418.11,73.37528654918832,3.7559089672362798
ab,mp,8,256,187,forward,25031.11,25031.11,25031.11,7594.11,7594.11,7594.12,69.66131346152848,3.2961215995027726
ab,mp,8,256,187,inverse,28666.11,28666.11,28666.11,7352.11,7352.11,7352.11,74.3526066145703,3.899031706544108
ab,mp,9,512,187,forward,56559.11,56559.11,56559.11,17099.11,17099.11,17099.12,69.76771734915914,3.307722448712243
ab,mp,9,512,187,inverse,64586.11,64586.11,64586.11,16467.11,16467.11,16467.12,74.50363553401806,3.922127805061119
ab,mp,10,1024,187,forward,123498.11,123498.11,123498.12,36960.11,36960.11,36960.12,70.07232742266258,3.341389135476058
ab,mp,10,1024,187,inverse,141342.11,141342.11,141342.12,35441.11,35441.11,35441.11,74.92530003974045,3.9880836125053643
ab,mp,4,16,188,forward,897.11,897.11,897.11,324.11,324.11,324.11,63.87176600416894,2.7679182993428157
ab,mp,4,16,188,inverse,1026.11,1026.11,1026.11,350.11,350.11,350.11,65.87987642650397,2.9308217417383102
ab,mp,5,32,188,forward,2121.11,2121.11,2121.11,726.11,726.11,726.11,65.76745194732948,2.921196512925039
ab,mp,5,32,188,inverse,2418.11,2418.11,2418.11,743.11,743.11,743.11,69.26897452969469,3.254040451615508
ab,mp,6,64,188,forward,4852.11,4852.11,4852.11,1502.11,1502.11,1502.11,69.04212806387324,3.2301961906917604
ab,mp,6,64,188,inverse,5558.11,5558.11,5558.11,1523.11,1523.11,1523.11,72.59662007408994,3.6491848914392264
ab,mp,7,128,188,forward,11244.11,11244.11,11244.11,3485.11,3485.11,3485.11,69.0050168488213,3.226328580733463
ab,mp,7,128,188,inverse,12838.11,12838.11,12838.12,3418.11,3418.11,3418.11,73.37528654918832,3.7559089672362798
ab,mp,8,256,188,forward,25031.11,25031.11,25031.11,7594.11,7594.11,7594.11,69.66131346152848,3.2961215995027726
ab,mp,8,256,188,inverse,28666.11,28666.11,28666.11,7352.11,7352.11,7352.11,74.3526066145703,3.899031706544108
ab,mp,9,512,188,forward,56559.11,56559.11,56559.11,17099.11,17099.11,17099.11,69.76771734915914,3.307722448712243
ab,mp,9,512,188,inverse,64586.11,64586.11,64586.12,16467.11,16467.11,16467.11,74.50363553401806,3.922127805061119
ab,mp,10,1024,188,forward,123498.11,123498.11,123498.12,36960.11,36960.11,36960.11,70.07232742266258,3.341389135476058
ab,mp,10,1024,188,inverse,141342.11,141342.11,141342.12,35441.11,35441.11,35441.11,74.92530003974045,3.9880836125053643
ab,mp,4,16,189,forward,897.11,897.11,897.11,324.11,324.11,324.11,63.87176600416894,2.7679182993428157
ab,mp,4,16,189,inverse,1026.11,1026.11,1026.11,350.11,350.11,350.11,65.87987642650397,2.9308217417383102
ab,mp,5,32,189,forward,2121.11,2121.11,2121.11,726.11,726.11,726.11,65.76745194732948,2.921196512925039
ab,mp,5,32,189,inverse,2418.11,2418.11,2418.11,743.11,743.11,743.11,69.26897452969469,3.254040451615508
ab,mp,6,64,189,forward,4852.11,4852.11,4852.11,1502.11,1502.11,1502.11,69.04212806387324,3.2301961906917604
ab,mp,6,64,189,inverse,5558.11,5558.11,5558.11,1523.11,1523.11,1523.11,72.59662007408994,3.6491848914392264
ab,mp,7,128,189,forward,11244.11,11244.11,11244.11,3485.11,3485.11,3485.12,69.0050168488213,3.226328580733463
ab,mp,7,128,189,inverse,12838.11,12838.11,12838.11,3418.11,3418.11,3418.11,73.37528654918832,3.7559089672362798
ab,mp,8,256,189,forward,25031.11,25031.11,25031.11,7594.11,7594.11,7594.11,69.66131346152848,3.2961215995027726
ab,mp,8,256,189,inverse,28666.11,28666.11,28666.11,7352.11,7352.11,7352.12,74.3526066145703,3.899031706544108
ab,mp,9,512,189,forward,56559.11,56559.11,56559.11,17099.11,17099.11,17099.12,69.76771734915914,3.307722448712243
ab,mp,9,512,189,inverse,64586.11,64586.11,64586.12,16467.11,16467.11,16467.11,74.50363553401806,3.922127805061119
ab,mp,10,1024,189,forward,123498.11,123498.11,123498.12,36960.11,36960.11,36960.12,70.07232742266258,3.341389135476058
ab,mp,10,1024,189,inverse,141342.11,141342.11,141342.12,35441.11,35441.11,35441.12,74.92530003974045,3.9880836125053643
ab,mp,4,16,190,forward,897.11,897.11,897.11,324.11,324.11,324.11,63.87176600416894,2.7679182993428157
ab,mp,4,16,190,inverse,1026.11,1026.11,1026.11,350.11,350.11,350.11,65.87987642650397,2.9308217417383102
ab,mp,5,32,190,forward,2121.11,2121.11,2121.11,726.11,726.11,726.11,65.76745194732948,2.921196512925039
ab,mp,5,32,190,inverse,2418.11,2418.11,2418.11,743.11,743.11,743.11,69.26897452969469,3.254040451615508
ab,mp,6,64,190,forward,4852.11,4852.11,4852.12,1502.11,1502.11,1502.11,69.04212806387324,3.2301961906917604
ab,mp,6,64,190,inverse,5558.11,5558.11,5558.11,1523.11,1523.11,1523.11,72.59662007408994,3.6491848914392264
ab,mp,7,128,190,forward,11244.11,11244.11,11244.11,3485.11,3485.11,3485.11,69.0050168488213,3.226328580733463
ab,mp,7,128,190,inverse,12838.11,12838.11,12838.11,3418.11,3418.11,3418.11,73.37528654918832,3.7559089672362798
ab,mp,8,256,190,forward,25031.11,25031.11,25031.11,7594.11,7594.11,7594.12,69.66131346152848,3.2961215995027726
ab,mp,8,256,190,inverse,28666.11,28666.11,28666.11,7352.11,7352.11,7352.11,74.3526066145703,3.899031706544108
ab,mp,9,512,190,forward,56559.11,56559.11,56559.12,17099.11,17099.11,17099.11,69.76771734915914,3.307722448712243
ab,mp,9,512,190,inverse,64586.11,64586.11,64586.12,16467.11,16467.11,16467.11,74.50363553401806,3.922127805061119
ab,mp,10,1024,190,forward,123498.11,123498.11,123498.12,36960.11,36960.11,36960.11,70.07232742266258,3.341389135476058
ab,mp,10,1024,190,inverse,141342.11,141342.11,141342.12,35441.11,35441.11,35441.12,74.92530003974045,3.9880836125053643
ab,mp,4,16,191,forward,897.11,897.11,897.11,324.11,324.11,324.11,63.87176600416894,2.7679182993428157
ab,mp,4,16,191,inverse,1026.11,1026.11,1026.11,350.11,350.11,350.11,65.87987642650397,2.9308217417383102
ab,mp,5,32,191,forward,2121.11,2121.11,2121.11,726.11,726.11,726.11,65.76745194732948,2.921196512925039
ab,mp,5,32,191,inverse,2418.11,2418.11,2418.11,743.11,743.11,743.11,69.26897452969469,3.254040451615508
ab,mp,6,64,191,forward,4852.11,4852.11,4852.11,1502.11,1502.11,1502.11,69.04212806387324,3.2301961906917604
ab,mp,6,64,191,inverse,5558.11,5558.11,5558.11,1523.11,1523.11,1523.11,72.59662007408994,3.6491848914392264
ab,mp,7,128,191,forward,11244.11,11244.11,11244.11,3485.11,3485.11,3485.11,69.0050168488213,3.226328580733463
ab,mp,7,128,191,inverse,12838.11,12838.11,12838.11,3418.11,3418.11,3418.11,73.37528654918832,3.7559089672362798
ab,mp,8,256,191,forward,25031.11,25031.11,25031.11,7594.11,7594.11,7594.11,69.66131346152848,3.2961215995027726
ab,mp,8,256,191,inverse,28666.11,28666.11,28666.11,7352.11,7352.11,7352.11,74.3526066145703,3.899031706544108
ab,mp,9,512,191,forward,56559.11,56559.11,56559.12,17099.11,17099.11,17099.11,69.76771734915914,3.307722448712243
ab,mp,9,512,191,inverse,64586.11,64586.11,64586.12,16467.11,16467.11,16467.11,74.50363553401806,3.922127805061119
ab,mp,10,1024,191,forward,123498.11,123498.11,123498.12,36960.11,36960.11,36960.12,70.07232742266258,3.341389135476058
ab,mp,10,1024,191,inverse,141342.11,141342.11,141342.12,35441.11,35441.11,35441.11,74.92530003974045,3.9880836125053643
ab,mp,4,16,192,forward,897.11,897.11,897.11,324.11,324.11,324.11,63.87176600416894,2.7679182993428157
ab,mp,4,16,192,inverse,1026.11,1026.11,1026.11,350.11,350.11,350.11,65.87987642650397,2.9308217417383102
ab,mp,5,32,192,forward,2121.11,2121.11,2121.11,726.11,726.11,726.11,65.76745194732948,2.921196512925039
ab,mp,5,32,192,inverse,2418.11,2418.11,2418.11,743.11,743.11,743.11,69.26897452969469,3.254040451615508
ab,mp,6,64,192,forward,4852.11,4852.11,4852.11,1502.11,1502.11,1502.11,69.04212806387324,3.2301961906917604
ab,mp,6,64,192,inverse,5558.11,5558.11,5558.11,1523.11,1523.11,1523.11,72.59662007408994,3.6491848914392264
ab,mp,7,128,192,forward,11244.11,11244.11,11244.11,3485.11,3485.11,3485.12,69.0050168488213,3.226328580733463
ab,mp,7,128,192,inverse,12838.11,12838.11,12838.11,3418.11,3418.11,3418.11,73.37528654918832,3.7559089672362798
ab,mp,8,256,192,forward,25031.11,25031.11,25031.11,7594.11,7594.11,7594.11,69.66131346152848,3.2961215995027726
ab,mp,8,256,192,inverse,28666.11,28666.11,28666.12,7352.11,7352.11,7352.11,74.3526066145703,3.899031706544108
ab,mp,9,512,192,forward,56559.11,56559.11,56559.12,17099.11,17099.11,17099.11,69.76771734915914,3.307722448712243
ab,mp,9,512,192,inverse,64586.11,64586.11,64586.11,16467.11,16467.11,16467.12,74.50363553401806,3.922127805061119
ab,mp,10,1024,192,forward,123498.11,123498.11,123498.12,36960.11,36960.11,36960.12,70.07232742266258,3.341389135476058
ab,mp,10,1024,192,inverse,141342.11,141342.11,141342.12,35441.11,35441.11,35441.12,74.92530003974045,3.9880836125053643
ab,mp,4,16,193,forward,897.11,897.11,897.11,324.11,324.11,324.11,63.87176600416894,2.7679182993428157
ab,mp,4,16,193,inverse,1026.11,1026.11,1026.11,350.11,350.11,350.11,65.87987642650397,2.9308217417383102
ab,mp,5,32,193,forward,2121.11,2121.11,2121.11,726.11,726.11,726.11,65.76745194732948,2.921196512925039
ab,mp,5,32,193,inverse,2418.11,2418.11,2418.11,743.11,743.11,743.11,69.26897452969469,3.254040451615508
ab,mp,6,64,193,forward,4852.11,4852.11,4852.12,1502.11,1502.11,1502.11,69.04212806387324,3.2301961906917604
ab,mp,6,64,193,inverse,5558.11,5558.11,5558.11,1523.11,1523.11,1523.11,72.59662007408994,3.6491848914392264
ab,mp,7,128,193,forward,11244.11,11244.11,11244.11,3485.11,3485.11,3485.11,69.0050168488213,3.226328580733463
ab,mp,7,128,193,inverse,12838.11,12838.11,12838.11,3418.11,3418.11,3418.11,73.37528654918832,3.7559089672362798
ab,mp,8,256,193,forward,25031.11,25031.11,25031.12,7594.11,7594.11,7594.11,69.66131346152848,3.2961215995027726
ab,mp,8,256,193,inverse,28666.11,28666.11,28666.11,7352.11,7352.11,7352.11,74.3526066145703,3.899031706544108
ab,mp,9,512,193,forward,56559.11,56559.11,56559.12,17099.11,17099.11,17099.11,69.76771734915914,3.307722448712243
ab,mp,9,512,193,inverse,64586.11,64586.11,64586.12,16467.11,16467.11,16467.11,74.50363553401806,3.922127805061119
ab,mp,10,1024,193,forward,123498.11,123498.11,123498.12,36960.11,36960.11,36960.11,70.07232742266258,3.341389135476058
ab,mp,10,1024,193,inverse,141342.11,141342.11,141342.12,35441.11,35441.11,35441.12,74.92530003974045,3.9880836125053643
ab,mp,4,16,194,forward,897.11,897.11,897.11,324.11,324.11,324.11,63.87176600416894,2.7679182993428157
ab,mp,4,16,194,inverse,1026.11,1026.11,1026.11,350.11,350.11,350.11,65.87987642650397,2.9308217417383102
ab,mp,5,32,194,forward,2121.11,2121.11,2121.11,726.11,726.11,726.11,65.76745194732948,2.921196512925039
ab,mp,5,32,194,inverse,2418.11,2418.11,2418.11,743.11,743.11,743.11,69.26897452969469,3.254040451615508
ab,mp,6,64,194,forward,4852.11,4852.11,4852.11,1502.11,1502.11,1502.11,69.04212806387324,3.2301961906917604
ab,mp,6,64,194,inverse,5558.11,5558.11,5558.11,1523.11,1523.11,1523.11,72.59662007408994,3.6491848914392264
ab,mp,7,128,194,forward,11244.11,11244.11,11244.11,3485.11,3485.11,3485.11,69.0050168488213,3.226328580733463
ab,mp,7,128,194,inverse,12838.11,12838.11,12838.11,3418.11,3418.11,3418.11,73.37528654918832,3.7559089672362798
ab,mp,8,256,194,forward,25031.11,25031.11,25031.11,7594.11,7594.11,7594.12,69.66131346152848,3.2961215995027726
ab,mp,8,256,194,inverse,28666.11,28666.11,28666.11,7352.11,7352.11,7352.11,74.3526066145703,3.899031706544108
ab,mp,9,512,194,forward,56559.11,56559.11,56559.11,17099.11,17099.11,17099.12,69.76771734915914,3.307722448712243
ab,mp,9,512,194,inverse,64586.11,64586.11,64586.11,16467.11,16467.11,16467.12,74.50363553401806,3.922127805061119
ab,mp,10,1024,194,forward,123498.11,123498.11,123498.12,36960.11,36960.11,36960.12,70.07232742266258,3.341389135476058
ab,mp,10,1024,194,inverse,141342.11,141342.11,141342.12,35441.11,35441.11,35441.12,74.92530003974045,3.9880836125053643
ab,mp,4,16,195,forward,897.11,897.11,897.11,324.11,324.11,324.11,63.87176600416894,2.7679182993428157
ab,mp,4,16,195,inverse,1026.11,1026.11,1026.11,350.11,350.11,350.11,65.87987642650397,2.9308217417383102
ab,mp,5,32,195,forward,2121.11,2121.11,2121.11,726.11,726.11,726.11,65.76745194732948,2.921196512925039
ab,mp,5,32,195,inverse,2418.11,2418.11,2418.11,743.11,743.11,743.11,69.26897452969469,3.254040451615508
ab,mp,6,64,195,forward,4852.11,4852.11,4852.11,1502.11,1502.11,1502.11,69.04212806387324,3.2301961906917604
ab,mp,6,64,195,inverse,5558.11,5558.11,5558.11,1523.11,1523.11,1523.11,72.59662007408994,3.6491848914392264
ab,mp,7,128,195,forward,11244.11,11244.11,11244.12,3485.11,3485.11,3485.11,69.0050168488213,3.226328580733463
ab,mp,7,128,195,inverse,12838.11,12838.11,12838.11,3418.11,3418.11,3418.11,73.37528654918832,3.7559089672362798
ab,mp,8,256,195,forward,25031.11,25031.11,25031.11,7594.11,7594.11,7594.11,69.66131346152848,3.2961215995027726
ab,mp,8,256,195,inverse,28666.11,28666.11,28666.12,7352.11,7352.11,7352.11,74.3526066145703,3.899031706544108
ab,mp,9,512,195,forward,56559.11,56559.11,56559.12,17099.11,17099.11,17099.11,69.76771734915914,3.307722448712243
ab,mp,9,512,195,inverse,64586.11,64586.11,64586.12,16467.11,16467.11,16467.11,74.50363553401806,3.922127805061119
ab,mp,10,1024,195,forward,123498.11,123498.11,123498.12,36960.11,36960.11,36960.11,70.07232742266258,3.341389135476058
ab,mp,10,1024,195,inverse,141342.11,141342.11,141342.12,35441.11,35441.11,35441.12,74.92530003974045,3.9880836125053643
ab,mp,4,16,196,forward,897.11,897.11,897.11,324.11,324.11,324.11,63.87176600416894,2.7679182993428157
ab,mp,4,16,196,inverse,1026.11,1026.11,1026.11,350.11,350.11,350.11,65.87987642650397,2.9308217417383102
ab,mp,5,32,196,forward,2121.11,2121.11,2121.11,726.11,726.11,726.11,65.76745194732948,2.921196512925039
ab,mp,5,32,196,inverse,2418.11,2418.11,2418.11,743.11,743.11,743.11,69.26897452969469,3.254040451615508
ab,mp,6,64,196,forward,4852.11,4852.11,4852.11,1502.11,1502.11,1502.11,69.04212806387324,3.2301961906917604
ab,mp,6,64,196,inverse,5558.11,5558.11,5558.11,1523.11,1523.11,1523.12,72.59662007408994,3.6491848914392264
ab,mp,7,128,196,forward,11244.11,11244.11,11244.11,3485.11,3485.11,3485.11,69.0050168488213,3.226328580733463
ab,mp,7,128,196,inverse,12838.11,12838.11,12838.11,3418.11,3418.11,3418.11,73.37528654918832,3.7559089672362798
ab,mp,8,256,196,forward,25031.11,25031.11,25031.12,7594.11,7594.11,7594.11,69.66131346152848,3.2961215995027726
ab,mp,8,256,196,inverse,28666.11,28666.11,28666.11,7352.11,7352.11,7352.11,74.3526066145703,3.899031706544108
ab,mp,9,512,196,forward,56559.11,56559.11,56559.11,17099.11,17099.11,17099.12,69.76771734915914,3.307722448712243
ab,mp,9,512,196,inverse,64586.11,64586.11,64586.12,16467.11,16467.11,16467.11,74.50363553401806,3.922127805061119
ab,mp,10,1024,196,forward,123498.11,123498.11,123498.12,36960.11,36960.11,36960.12,70.07232742266258,3.341389135476058
ab,mp,10,1024,196,inverse,141342.11,141342.11,141342.12,35441.11,35441.11,35441.11,74.92530003974045,3.9880836125053643
ab,mp,4,16,197,forward,897.11,897.11,897.11,324.11,324.11,324.11,63.87176600416894,2.7679182993428157
ab,mp,4,16,197,inverse,1026.11,1026.11,1026.11,350.11,350.11,350.11,65.87987642650397,2.9308217417383102
ab,mp,5,32,197,forward,2121.11,2121.11,2121.11,726.11,726.11,726.11,65.76745194732948,2.921196512925039
ab,mp,5,32,197,inverse,2418.11,2418.11,2418.11,743.11,743.11,743.11,69.26897452969469,3.254040451615508
ab,mp,6,64,197,forward,4852.11,4852.11,4852.11,1502.11,1502.11,1502.11,69.04212806387324,3.2301961906917604
ab,mp,6,64,197,inverse,5558.11,5558.11,5558.11,1523.11,1523.11,1523.11,72.59662007408994,3.6491848914392264
ab,mp,7,128,197,forward,11244.11,11244.11,11244.11,3485.11,3485.11,3485.11,69.0050168488213,3.226328580733463
ab,mp,7,128,197,inverse,12838.11,12838.11,12838.11,3418.11,3418.11,3418.11,73.37528654918832,3.7559089672362798
ab,mp,8,256,197,forward,25031.11,25031.11,25031.12,7594.11,7594.11,7594.11,69.66131346152848,3.2961215995027726
ab,mp,8,256,197,inverse,28666.11,28666.11,28666.11,7352.11,7352.11,7352.11,74.3526066145703,3.899031706544108
ab,mp,9,512,197,forward,56559.11,56559.11,56559.12,17099.11,17099.11,17099.11,69.76771734915914,3.307722448712243
ab,mp,9,512,197,inverse,64586.11,64586.11,64586.12,16467.11,16467.11,16467.11,74.50363553401806,3.922127805061119
ab,mp,10,1024,197,forward,123498.11,123498.11,123498.12,36960.11,36960.11,36960.11,70.07232742266258,3.341389135476058
ab,mp,10,1024,197,inverse,141342.11,141342.11,141342.12,35441.11,35441.11,35441.12,74.92530003974045,3.9880836125053643
ab,mp,4,16,198,forward,897.11,897.11,897.11,324.11,324.11,324.11,63.87176600416894,2.7679182993428157
ab,mp,4,16,198,inverse,1026.11,1026.11,1026.11,350.11,350.11,350.11,65.87987642650397,2.9308217417383102
ab,mp,5,32,198,forward,2121.11,2121.11,2121.11,726.11,726.11,726.11,65.76745194732948,2.921196512925039
ab,mp,5,32,198,inverse,2418.11,2418.11,2418.11,743.11,743.11,743.11,69.26897452969469,3.254040451615508
ab,mp,6,64,198,forward,4852.11,4852.11,4852.11,1502.11,1502.11,1502.11,69.04212806387324,3.2301961906917604
ab,mp,6,64,198,inverse,5558.11,5558.11,5558.11,1523.11,1523.11,1523.11,72.59662007408994,3.6491848914392264
ab,mp,7,128,198,forward,11244.11,11244.11,11244.11,3485.11,3485.11,3485.11,69.0050168488213,3.226328580733463
ab,mp,7,128,198,inverse,12838.11,12838.11,12838.11,3418.11,3418.11,3418.11,73.37528654918832,3.7559089672362798
ab,mp,8,256,198,forward,25031.11,25031.11,25031.11,7594.11,7594.11,7594.11,69.66131346152848,3.2961215995027726
ab,mp,8,256,198,inverse,28666.11,28666.11,28666.12,7352.11,7352.11,7352.11,74.3526066145703,3.899031706544108
ab,mp,9,512,198,forward,56559.11,56559.11,56559.12,17099.11,17099.11,17099.11,69.76771734915914,3.307722448712243
ab,mp,9,512,198,inverse,64586.11,64586.11,64586.12,16467.11,16467.11,16467.11,74.50363553401806,3.922127805061119
ab,mp,10,1024,198,forward,123498.11,123498.11,123498.12,36960.11,36960.11,36960.11,70.07232742266258,3.341389135476058
ab,mp,10,1024,198,inverse,141342.11,141342.11,141342.12,35441.11,35441.11,35441.12,74.92530003974045,3.9880836125053643
ab,mp,4,16,199,forward,897.11,897.11,897.11,324.11,324.11,324.11,63.87176600416894,2.7679182993428157
ab,mp,4,16,199,inverse,1026.11,1026.11,1026.11,350.11,350.11,350.11,65.87987642650397,2.9308217417383102
ab,mp,5,32,199,forward,2121.11,2121.11,2121.11,726.11,726.11,726.11,65.76745194732948,2.921196512925039
ab,mp,5,32,199,inverse,2418.11,2418.11,2418.11,743.11,743.11,743.11,69.26897452969469,3.254040451615508
ab,mp,6,64,199,forward,4852.11,4852.11,4852.11,1502.11,1502.11,1502.11,69.04212806387324,3.2301961906917604
ab,mp,6,64,199,inverse,5558.11,5558.11,5558.11,1523.11,1523.11,1523.11,72.59662007408994,3.6491848914392264
ab,mp,7,128,199,forward,11244.11,11244.11,11244.11,3485.11,3485.11,3485.11,69.0050168488213,3.226328580733463
ab,mp,7,128,199,inverse,12838.11,12838.11,12838.11,3418.11,3418.11,3418.11,73.37528654918832,3.7559089672362798
ab,mp,8,256,199,forward,25031.11,25031.11,25031.12,7594.11,7594.11,7594.11,69.66131346152848,3.2961215995027726
ab,mp,8,256,199,inverse,28666.11,28666.11,28666.11,7352.11,7352.11,7352.11,74.3526066145703,3.899031706544108
ab,mp,9,512,199,forward,56559.11,56559.11,56559.11,17099.11,17099.11,17099.12,69.76771734915914,3.307722448712243
ab,mp,9,512,199,inverse,64586.11,64586.11,64586.12,16467.11,16467.11,16467.11,74.50363553401806,3.922127805061119
ab,mp,10,1024,199,forward,123498.11,123498.11,123498.12,36960.11,36960.11,36960.12,70.07232742266258,3.341389135476058
ab,mp,10,1024,199,inverse,141342.11,141342.11,141342.12,35441.11,35441.11,35441.11,74.92530003974045,3.9880836125053643
ab,mp,4,16,200,forward,897.11,897.11,897.11,324.11,324.11,324.11,63.87176600416894,2.7679182993428157
ab,mp,4,16,200,inverse,1026.11,1026.11,1026.11,350.11,350.11,350.11,65.87987642650397,2.9308217417383102
ab,mp,5,32,200,forward,2121.11,2121.11,2121.11,726.11,726.11,726.11,65.76745194732948,2.921196512925039
ab,mp,5,32,200,inverse,2418.11,2418.11,2418.11,743.11,743.11,743.11,69.26897452969469,3.254040451615508
ab,mp,6,64,200,forward,4852.11,4852.11,4852.11,1502.11,1502.11,1502.11,69.04212806387324,3.2301961906917604
ab,mp,6,64,200,inverse,5558.11,5558.11,5558.11,1523.11,1523.11,1523.11,72.59662007408994,3.6491848914392264
ab,mp,7,128,200,forward,11244.11,11244.11,11244.11,3485.11,3485.11,3485.11,69.0050168488213,3.226328580733463
ab,mp,7,128,200,inverse,12838.11,12838.11,12838.11,3418.11,3418.11,3418.11,73.37528654918832,3.7559089672362798
ab,mp,8,256,200,forward,25031.11,25031.11,25031.12,7594.11,7594.11,7594.11,69.66131346152848,3.2961215995027726
ab,mp,8,256,200,inverse,28666.11,28666.11,28666.11,7352.11,7352.11,7352.11,74.3526066145703,3.899031706544108
ab,mp,9,512,200,forward,56559.11,56559.11,56559.12,17099.11,17099.11,17099.11,69.76771734915914,3.307722448712243
ab,mp,9,512,200,inverse,64586.11,64586.11,64586.12,16467.11,16467.11,16467.11,74.50363553401806,3.922127805061119
ab,mp,10,1024,200,forward,123498.11,123498.11,123498.12,36960.11,36960.11,36960.11,70.07232742266258,3.341389135476058
ab,mp,10,1024,200,inverse,141342.11,141342.11,141342.12,35441.11,35441.11,35441.11,74.92530003974045,3.9880836125053643
ab,mp,4,16,201,forward,897.11,897.11,897.11,324.11,324.11,324.11,63.87176600416894,2.7679182993428157
ab,mp,4,16,201,inverse,1026.11,1026.11,1026.11,350.11,350.11,350.11,65.87987642650397,2.9308217417383102
ab,mp,5,32,201,forward,2121.11,2121.11,2121.11,726.11,726.11,726.11,65.76745194732948,2.921196512925039
ab,mp,5,32,201,inverse,2418.11,2418.11,2418.11,743.11,743.11,743.11,69.26897452969469,3.254040451615508
ab,mp,6,64,201,forward,4852.11,4852.11,4852.11,1502.11,1502.11,1502.11,69.04212806387324,3.2301961906917604
ab,mp,6,64,201,inverse,5558.11,5558.11,5558.11,1523.11,1523.11,1523.11,72.59662007408994,3.6491848914392264
ab,mp,7,128,201,forward,11244.11,11244.11,11244.11,3485.11,3485.11,3485.11,69.0050168488213,3.226328580733463
ab,mp,7,128,201,inverse,12838.11,12838.11,12838.12,3418.11,3418.11,3418.11,73.37528654918832,3.7559089672362798
ab,mp,8,256,201,forward,25031.11,25031.11,25031.11,7594.11,7594.11,7594.11,69.66131346152848,3.2961215995027726
ab,mp,8,256,201,inverse,28666.11,28666.11,28666.12,7352.11,7352.11,7352.11,74.3526066145703,3.899031706544108
ab,mp,9,512,201,forward,56559.11,56559.11,56559.11,17099.11,17099.11,17099.12,69.76771734915914,3.307722448712243
ab,mp,9,512,201,inverse,64586.11,64586.11,64586.12,16467.11,16467.11,16467.11,74.50363553401806,3.922127805061119
ab,mp,10,1024,201,forward,123498.11,123498.11,123498.12,36960.11,36960.11,36960.12,70.07232742266258,3.341389135476058
ab,mp,10,1024,201,inverse,141342.11,141342.11,141342.12,35441.11,35441.11,35441.12,74.92530003974045,3.9880836125053643
ab,mp,4,16,202,forward,897.11,897.11,897.11,324.11,324.11,324.11,63.87176600416894,2.7679182993428157
ab,mp,4,16,202,inverse,1026.11,1026.11,1026.11,350.11,350.11,350.11,65.87987642650397,2.9308217417383102
ab,mp,5,32,202,forward,2121.11,2121.11,2121.11,726.11,726.11,726.11,65.76745194732948,2.921196512925039
ab,mp,5,32,202,inverse,2418.11,2418.11,2418.11,743.11,743.11,743.11,69.26897452969469,3.254040451615508
ab,mp,6,64,202,forward,4852.11,4852.11,4852.11,1502.11,1502.11,1502.11,69.04212806387324,3.2301961906917604
ab,mp,6,64,202,inverse,5558.11,5558.11,5558.12,1523.11,1523.11,1523.11,72.59662007408994,3.6491848914392264
ab,mp,7,128,202,forward,11244.11,11244.11,11244.11,3485.11,3485.11,3485.11,69.0050168488213,3.226328580733463
ab,mp,7,128,202,inverse,12838.11,12838.11,12838.11,3418.11,3418.11,3418.11,73.37528654918832,3.7559089672362798
ab,mp,8,256,202,forward,25031.11,25031.11,25031.11,7594.11,7594.11,7594.11,69.66131346152848,3.2961215995027726
ab,mp,8,256,202,inverse,28666.11,28666.11,28666.12,7352.11,7352.11,7352.11,74.3526066145703,3.899031706544108
ab,mp,9,512,202,forward,56559.11,56559.11,56559.12,17099.11,17099.11,17099.11,69.76771734915914,3.307722448712243
ab,mp,9,512,202,inverse,64586.11,64586.11,64586.11,16467.11,16467.11,16467.12,74.50363553401806,3.922127805061119
ab,mp,10,1024,202,forward,123498.11,123498.11,123498.12,36960.11,36960.11,36960.12,70.07232742266258,3.341389135476058
ab,mp,10,1024,202,inverse,141342.11,141342.11,141342.12,35441.11,35441.11,35441.11,74.92530003974045,3.9880836125053643
ab,mp,4,16,203,forward,897.11,897.11,897.11,324.11,324.11,324.11,63.87176600416894,2.7679182993428157
ab,mp,4,16,203,inverse,1026.11,1026.11,1026.11,350.11,350.11,350.11,65.87987642650397,2.9308217417383102
ab,mp,5,32,203,forward,2121.11,2121.11,2121.12,726.11,726.11,726.11,65.76745194732948,2.921196512925039
ab,mp,5,32,203,inverse,2418.11,2418.11,2418.11,743.11,743.11,743.11,69.26897452969469,3.254040451615508
ab,mp,6,64,203,forward,4852.11,4852.11,4852.11,1502.11,1502.11,1502.11,69.04212806387324,3.2301961906917604
ab,mp,6,64,203,inverse,5558.11,5558.11,5558.11,1523.11,1523.11,1523.11,72.59662007408994,3.6491848914392264
ab,mp,7,128,203,forward,11244.11,11244.11,11244.11,3485.11,3485.11,3485.11,69.0050168488213,3.226328580733463
ab,mp,7,128,203,inverse,12838.11,12838.11,12838.11,3418.11,3418.11,3418.11,73.37528654918832,3.7559089672362798
ab,mp,8,256,203,forward,25031.11,25031.11,25031.12,7594.11,7594.11,7594.11,69.66131346152848,3.2961215995027726
ab,mp,8,256,203,inverse,28666.11,28666.11,28666.11,7352.11,7352.11,7352.11,74.3526066145703,3.899031706544108
ab,mp,9,512,203,forward,56559.11,56559.11,56559.12,17099.11,17099.11,17099.11,69.76771734915914,3.307722448712243
ab,mp,9,512,203,inverse,64586.11,64586.11,64586.12,16467.11,16467.11,16467.11,74.50363553401806,3.922127805061119
ab,mp,10,1024,203,forward,123498.11,123498.11,123498.12,36960.11,36960.11,36960.11,70.07232742266258,3.341389135476058
ab,mp,10,1024,203,inverse,141342.11,141342.11,141342.12,35441.11,35441.11,35441.11,74.92530003974045,3.9880836125053643
ab,mp,4,16,204,forward,897.11,897.11,897.11,324.11,324.11,324.11,63.87176600416894,2.7679182993428157
ab,mp,4,16,204,inverse,1026.11,1026.11,1026.11,350.11,350.11,350.11,65.87987642650397,2.9308217417383102
ab,mp,5,32,204,forward,2121.11,2121.11,2121.11,726.11,726.11,726.11,65.76745194732948,2.921196512925039
ab,mp,5,32,204,inverse,2418.11,2418.11,2418.11,743.11,743.11,743.11,69.26897452969469,3.254040451615508
ab,mp,6,64,204,forward,4852.11,4852.11,4852.11,1502.11,1502.11,1502.11,69.04212806387324,3.2301961906917604
ab,mp,6,64,204,inverse,5558.11,5558.11,5558.11,1523.11,1523.11,1523.11,72.59662007408994,3.6491848914392264
ab,mp,7,128,204,forward,11244.11,11244.11,11244.11,3485.11,3485.11,3485.11,69.0050168488213,3.226328580733463
ab,mp,7,128,204,inverse,12838.11,12838.11,12838.11,3418.11,3418.11,3418.11,73.37528654918832,3.7559089672362798
ab,mp,8,256,204,forward,25031.11,25031.11,25031.11,7594.11,7594.11,7594.11,69.66131346152848,3.2961215995027726
ab,mp,8,256,204,inverse,28666.11,28666.11,28666.12,7352.11,7352.11,7352.11,74.3526066145703,3.899031706544108
ab,mp,9,512,204,forward,56559.11,56559.11,56559.11,17099.11,17099.11,17099.12,69.76771734915914,3.307722448712243
ab,mp,9,512,204,inverse,64586.11,64586.11,64586.12,16467.11,16467.11,16467.11,74.50363553401806,3.922127805061119
ab,mp,10,1024,204,forward,123498.11,123498.11,123498.12,36960.11,36960.11,36960.12,70.07232742266258,3.341389135476058
ab,mp,10,1024,204,inverse,141342.11,141342.11,141342.12,35441.11,35441.11,35441.11,74.92530003974045,3.9880836125053643
ab,mp,4,16,205,forward,897.11,897.11,897.11,324.11,324.11,324.11,63.87176600416894,2.7679182993428157
ab,mp,4,16,205,inverse,1026.11,1026.11,1026.11,350.11,350.11,350.11,65.87987642650397,2.9308217417383102
ab,mp,5,32,205,forward,2121.11,2121.11,2121.11,726.11,726.11,726.11,65.76745194732948,2.921196512925039
ab,mp,5,32,205,inverse,2418.11,2418.11,2418.11,743.11,743.11,743.11,69.26897452969469,3.254040451615508
ab,mp,6,64,205,forward,4852.11,4852.11,4852.11,1502.11,1502.11,1502.11,69.04212806387324,3.2301961906917604
ab,mp,6,64,205,inverse,5558.11,5558.11,5558.11,1523.11,1523.11,1523.12,72.59662007408994,3.6491848914392264
ab,mp,7,128,205,forward,11244.11,11244.11,11244.11,3485.11,3485.11,3485.11,69.0050168488213,3.226328580733463
ab,mp,7,128,205,inverse,12838.11,12838.11,12838.11,3418.11,3418.11,3418.11,73.37528654918832,3.7559089672362798
ab,mp,8,256,205,forward,25031.11,25031.11,25031.11,7594.11,7594.11,7594.11,69.66131346152848,3.2961215995027726
ab,mp,8,256,205,inverse,28666.11,28666.11,28666.12,7352.11,7352.11,7352.11,74.3526066145703,3.899031706544108
ab,mp,9,512,205,forward,56559.11,56559.11,56559.12,17099.11,17099.11,17099.11,69.76771734915914,3.307722448712243
ab,mp,9,512,205,inverse,64586.11,64586.11,64586.12,16467.11,16467.11,16467.11,74.50363553401806,3.922127805061119
ab,mp,10,1024,205,forward,123498.11,123498.11,123498.12,36960.11,36960.11,36960.11,70.07232742266258,3.341389135476058
ab,mp,10,1024,205,inverse,141342.11,141342.11,141342.12,35441.11,35441.11,35441.11,74.92530003974045,3.9880836125053643
ab,mp,4,16,206,forward,897.11,897.11,897.11,324.11,324.11,324.11,63.87176600416894,2.7679182993428157
ab,mp,4,16,206,inverse,1026.11,1026.11,1026.11,350.11,350.11,350.11,65.87987642650397,2.9308217417383102
ab,mp,5,32,206,forward,2121.11,2121.11,2121.11,726.11,726.11,726.11,65.76745194732948,2.921196512925039
ab,mp,5,32,206,inverse,2418.11,2418.11,2418.11,743.11,743.11,743.11,69.26897452969469,3.254040451615508
ab,mp,6,64,206,forward,4852.11,4852.11,4852.11,1502.11,1502.11,1502.11,69.04212806387324,3.2301961906917604
ab,mp,6,64,206,inverse,5558.11,5558.11,5558.11,1523.11,1523.11,1523.11,72.59662007408994,3.6491848914392264
ab,mp,7,128,206,forward,11244.11,11244.11,11244.11,3485.11,3485.11,3485.11,69.0050168488213,3.226328580733463
ab,mp,7,128,206,inverse,12838.11,12838.11,12838.11,3418.11,3418.11,3418.11,73.37528654918832,3.7559089672362798
ab,mp,8,256,206,forward,25031.11,25031.11,25031.12,7594.11,7594.11,7594.11,69.66131346152848,3.2961215995027726
ab,mp,8,256,206,inverse,28666.11,28666.11,28666.11,7352.11,7352.11,7352.11,74.3526066145703,3.899031706544108
ab,mp,9,512,206,forward,56559.11,56559.11,56559.12,17099.11,17099.11,17099.11,69.76771734915914,3.307722448712243
ab,mp,9,512,206,inverse,64586.11,64586.11,64586.12,16467.11,16467.11,16467.11,74.50363553401806,3.922127805061119
ab,mp,10,1024,206,forward,123498.11,123498.11,123498.12,36960.11,36960.11,36960.12,70.07232742266258,3.341389135476058
ab,mp,10,1024,206,inverse,141342.11,141342.11,141342.12,35441.11,35441.11,35441.12,74.92530003974045,3.9880836125053643
ab,mp,4,16,207,forward,897.11,897.11,897.11,324.11,324.11,324.11,63.87176600416894,2.7679182993428157
ab,mp,4,16,207,inverse,1026.11,1026.11,1026.11,350.11,350.11,350.11,65.87987642650397,2.9308217417383102
ab,mp,5,32,207,forward,2121.11,2121.11,2121.11,726.11,726.11,726.11,65.76745194732948,2.921196512925039
ab,mp,5,32,207,inverse,2418.11,2418.11,2418.11,743.11,743.11,743.11,69.26897452969469,3.254040451615508
ab,mp,6,64,207,forward,4852.11,4852.11,4852.11,1502.11,1502.11,1502.11,69.04212806387324,3.2301961906917604
ab,mp,6,64,207,inverse,5558.11,5558.11,5558.11,1523.11,1523.11,1523.11,72.59662007408994,3.6491848914392264
ab,mp,7,128,207,forward,11244.11,11244.11,11244.11,3485.11,3485.11,3485.11,69.0050168488213,3.226328580733463
ab,mp,7,128,207,inverse,12838.11,12838.11,12838.12,3418.11,3418.11,3418.11,73.37528654918832,3.7559089672362798
ab,mp,8,256,207,forward,25031.11,25031.11,25031.11,7594.11,7594.11,7594.11,69.66131346152848,3.2961215995027726
ab,mp,8,256,207,inverse,28666.11,28666.11,28666.11,7352.11,7352.11,7352.12,74.3526066145703,3.899031706544108
ab,mp,9,512,207,forward,56559.11,56559.11,56559.12,17099.11,17099.11,17099.11,69.76771734915914,3.307722448712243
ab,mp,9,512,207,inverse,64586.11,64586.11,64586.11,16467.11,16467.11,16467.12,74.50363553401806,3.922127805061119
ab,mp,10,1024,207,forward,123498.11,123498.11,123498.12,36960.11,36960.11,36960.12,70.07232742266258,3.341389135476058
ab,mp,10,1024,207,inverse,141342.11,141342.11,141342.12,35441.11,35441.11,35441.11,74.92530003974045,3.9880836125053643
ab,mp,4,16,208,forward,897.11,897.11,897.11,324.11,324.11,324.11,63.87176600416894,2.7679182993428157
ab,mp,4,16,208,inverse,1026.11,1026.11,1026.11,350.11,350.11,350.11,65.87987642650397,2.9308217417383102
ab,mp,5,32,208,forward,2121.11,2121.11,2121.11,726.11,726.11,726.11,65.76745194732948,2.921196512925039
ab,mp,5,32,208,inverse,2418.11,2418.11,2418.11,743.11,743.11,743.11,69.26897452969469,3.254040451615508
ab,mp,6,64,208,forward,4852.11,4852.11,4852.11,1502.11,1502.11,1502.11,69.04212806387324,3.2301961906917604
ab,mp,6,64,208,inverse,5558.11,5558.11,5558.11,1523.11,1523.11,1523.11,72.59662007408994,3.6491848914392264
ab,mp,7,128,208,forward,11244.11,11244.11,11244.12,3485.11,3485.11,3485.11,69.0050168488213,3.226328580733463
ab,mp,7,128,208,inverse,12838.11,12838.11,12838.11,3418.11,3418.11,3418.11,73.37528654918832,3.7559089672362798
ab,mp,8,256,208,forward,25031.11,25031.11,25031.11,7594.11,7594.11,7594.11,69.66131346152848,3.2961215995027726
ab,mp,8,256,208,inverse,28666.11,28666.11,28666.12,7352.11,7352.11,7352.11,74.3526066145703,3.899031706544108
ab,mp,9,512,208,forward,56559.11,56559.11,56559.12,17099.11,17099.11,17099.11,69.76771734915914,3.307722448712243
ab,mp,9,512,208,inverse,64586.11,64586.11,64586.12,16467.11,16467.11,16467.11,74.50363553401806,3.922127805061119
ab,mp,10,1024,208,forward,123498.11,123498.11,123498.12,36960.11,36960.11,36960.11,70.07232742266258,3.341389135476058
ab,mp,10,1024,208,inverse,141342.11,141342.11,141342.12,35441.11,35441.11,35441.11,74.92530003974045,3.9880836125053643
ab,mp,4,16,209,forward,897.11,897.11,897.11,324.11,324.11,324.11,63.87176600416894,2.7679182993428157
ab,mp,4,16,209,inverse,1026.11,1026.11,1026.11,350.11,350.11,350.11,65.87987642650397,2.9308217417383102
ab,mp,5,32,209,forward,2121.11,2121.11,2121.11,726.11,726.11,726.11,65.76745194732948,2.921196512925039
ab,mp,5,32,209,inverse,2418.11,2418.11,2418.12,743.11,743.11,743.11,69.26897452969469,3.254040451615508
ab,mp,6,64,209,forward,4852.11,4852.11,4852.11,1502.11,1502.11,1502.11,69.04212806387324,3.2301961906917604
ab,mp,6,64,209,inverse,5558.11,5558.11,5558.11,1523.11,1523.11,1523.11,72.59662007408994,3.6491848914392264
ab,mp,7,128,209,forward,11244.11,11244.11,11244.11,3485.11,3485.11,3485.11,69.0050168488213,3.226328580733463
ab,mp,7,128,209,inverse,12838.11,12838.11,12838.11,3418.11,3418.11,3418.11,73.37528654918832,3.7559089672362798
ab,mp,8,256,209,forward,25031.11,25031.11,25031.12,7594.11,7594.11,7594.11,69.66131346152848,3.2961215995027726
ab,mp,8,256,209,inverse,28666.11,28666.11,28666.11,7352.11,7352.11,7352.11,74.3526066145703,3.899031706544108
ab,mp,9,512,209,forward,56559.11,56559.11,56559.11,17099.11,17099.11,17099.12,69.76771734915914,3.307722448712243
ab,mp,9,512,209,inverse,64586.11,64586.11,64586.11,16467.11,16467.11,16467.12,74.50363553401806,3.922127805061119
ab,mp,10,1024,209,forward,123498.11,123498.11,123498.12,36960.11,36960.11,36960.12,70.07232742266258,3.341389135476058
ab,mp,10,1024,209,inverse,141342.11,141342.11,141342.12,35441.11,35441.11,35441.12,74.92530003974045,3.9880836125053643
ab,mp,4,16,210,forward,897.11,897.11,897.11,324.11,324.11,324.11,63.87176600416894,2.7679182993428157
ab,mp,4,16,210,inverse,1026.11,1026.11,1026.11,350.11,350.11,350.11,65.87987642650397,2.9308217417383102
ab,mp,5,32,210,forward,2121.11,2121.11,2121.11,726.11,726.11,726.11,65.76745194732948,2.921196512925039
ab,mp,5,32,210,inverse,2418.11,2418.11,2418.11,743.11,743.11,743.11,69.26897452969469,3.254040451615508
ab,mp,6,64,210,forward,4852.11,4852.11,4852.11,1502.11,1502.11,1502.11,69.04212806387324,3.2301961906917604
ab,mp,6,64,210,inverse,5558.11,5558.11,5558.11,1523.11,1523.11,1523.11,72.59662007408994,3.6491848914392264
ab,mp,7,128,210,forward,11244.11,11244.11,11244.11,3485.11,3485.11,3485.11,69.0050168488213,3.226328580733463
ab,mp,7,128,210,inverse,12838.11,12838.11,12838.12,3418.11,3418.11,3418.11,73.37528654918832,3.7559089672362798
ab,mp,8,256,210,forward,25031.11,25031.11,25031.11,7594.11,7594.11,7594.11,69.66131346152848,3.2961215995027726
ab,mp,8,256,210,inverse,28666.11,28666.11,28666.12,7352.11,7352.11,7352.11,74.3526066145703,3.899031706544108
ab,mp,9,512,210,forward,56559.11,56559.11,56559.12,17099.11,17099.11,17099.11,69.76771734915914,3.307722448712243
ab,mp,9,512,210,inverse,64586.11,64586.11,64586.12,16467.11,16467.11,16467.11,74.50363553401806,3.922127805061119
ab,mp,10,1024,210,forward,123498.11,123498.11,123498.12,36960.11,36960.11,36960.11,70.07232742266258,3.341389135476058
ab,mp,10,1024,210,inverse,141342.11,141342.11,141342.12,35441.11,35441.11,35441.11,74.92530003974045,3.9880836125053643
ab,mp,4,16,211,forward,897.11,897.11,897.11,324.11,324.11,324.11,63.87176600416894,2.7679182993428157
ab,mp,4,16,211,inverse,1026.11,1026.11,1026.11,350.11,350.11,350.11,65.87987642650397,2.9308217417383102
ab,mp,5,32,211,forward,2121.11,2121.11,2121.11,726.11,726.11,726.11,65.76745194732948,2.921196512925039
ab,mp,5,32,211,inverse,2418.11,2418.11,2418.11,743.11,743.11,743.11,69.26897452969469,3.254040451615508
ab,mp,6,64,211,forward,4852.11,4852.11,4852.11,1502.11,1502.11,1502.11,69.04212806387324,3.2301961906917604
ab,mp,6,64,211,inverse,5558.11,5558.11,5558.11,1523.11,1523.11,1523.11,72.59662007408994,3.6491848914392264
ab,mp,7,128,211,forward,11244.11,11244.11,11244.12,3485.11,3485.11,3485.11,69.0050168488213,3.226328580733463
ab,mp,7,128,211,inverse,12838.11,12838.11,12838.11,3418.11,3418.11,3418.11,73.37528654918832,3.7559089672362798
ab,mp,8,256,211,forward,25031.11,25031.11,25031.11,7594.11,7594.11,7594.11,69.66131346152848,3.2961215995027726
ab,mp,8,256,211,inverse,28666.11,28666.11,28666.12,7352.11,7352.11,7352.11,74.3526066145703,3.899031706544108
ab,mp,9,512,211,forward,56559.11,56559.11,56559.12,17099.11,17099.11,17099.11,69.76771734915914,3.307722448712243
ab,mp,9,512,211,inverse,64586.11,64586.11,64586.12,16467.11,16467.11,16467.11,74.50363553401806,3.922127805061119
ab,mp,10,1024,211,forward,123498.11,123498.11,123498.12,36960.11,36960.11,36960.12,70.07232742266258,3.341389135476058
ab,mp,10,1024,211,inverse,141342.11,141342.11,141342.12,35441.11,35441.11,35441.11,74.92530003974045,3.9880836125053643
ab,mp,4,16,212,forward,897.11,897.11,897.11,324.11,324.11,324.11,63.87176600416894,2.7679182993428157
ab,mp,4,16,212,inverse,1026.11,1026.11,1026.11,350.11,350.11,350.11,65.87987642650397,2.9308217417383102
ab,mp,5,32,212,forward,2121.11,2121.11,2121.11,726.11,726.11,726.11,65.76745194732948,2.921196512925039
ab,mp,5,32,212,inverse,2418.11,2418.11,2418.11,743.11,743.11,743.11,69.26897452969469,3.254040451615508
ab,mp,6,64,212,forward,4852.11,4852.11,4852.11,1502.11,1502.11,1502.11,69.04212806387324,3.2301961906917604
ab,mp,6,64,212,inverse,5558.11,5558.11,5558.11,1523.11,1523.11,1523.11,72.59662007408994,3.6491848914392264
ab,mp,7,128,212,forward,11244.11,11244.11,11244.11,3485.11,3485.11,3485.11,69.0050168488213,3.226328580733463
ab,mp,7,128,212,inverse,12838.11,12838.11,12838.11,3418.11,3418.11,3418.11,73.37528654918832,3.7559089672362798
ab,mp,8,256,212,forward,25031.11,25031.11,25031.12,7594.11,7594.11,7594.11,69.66131346152848,3.2961215995027726
ab,mp,8,256,212,inverse,28666.11,28666.11,28666.11,7352.11,7352.11,7352.11,74.3526066145703,3.899031706544108
ab,mp,9,512,212,forward,56559.11,56559.11,56559.11,17099.11,17099.11,17099.12,69.76771734915914,3.307722448712243
ab,mp,9,512,212,inverse,64586.11,64586.11,64586.11,16467.11,16467.11,16467.12,74.50363553401806,3.922127805061119
ab,mp,10,1024,212,forward,123498.11,123498.11,123498.12,36960.11,36960.11,36960.12,70.07232742266258,3.341389135476058
ab,mp,10,1024,212,inverse,141342.11,141342.11,141342.12,35441.11,35441.11,35441.12,74.92530003974045,3.9880836125053643
ab,mp,4,16,213,forward,897.11,897.11,897.11,324.11,324.11,324.11,63.87176600416894,2.7679182993428157
ab,mp,4,16,213,inverse,1026.11,1026.11,1026.11,350.11,350.11,350.11,65.87987642650397,2.9308217417383102
ab,mp,5,32,213,forward,2121.11,2121.11,2121.11,726.11,726.11,726.11,65.76745194732948,2.921196512925039
ab,mp,5,32,213,inverse,2418.11,2418.11,2418.11,743.11,743.11,743.11,69.26897452969469,3.254040451615508
ab,mp,6,64,213,forward,4852.11,4852.11,4852.11,1502.11,1502.11,1502.11,69.04212806387324,3.2301961906917604
ab,mp,6,64,213,inverse,5558.11,5558.11,5558.11,1523.11,1523.11,1523.11,72.59662007408994,3.6491848914392264
ab,mp,7,128,213,forward,11244.11,11244.11,11244.11,3485.11,3485.11,3485.11,69.0050168488213,3.226328580733463
ab,mp,7,128,213,inverse,12838.11,12838.11,12838.12,3418.11,3418.11,3418.11,73.37528654918832,3.7559089672362798
ab,mp,8,256,213,forward,25031.11,25031.11,25031.11,7594.11,7594.11,7594.11,69.66131346152848,3.2961215995027726
ab,mp,8,256,213,inverse,28666.11,28666.11,28666.11,7352.11,7352.11,7352.11,74.3526066145703,3.899031706544108
ab,mp,9,512,213,forward,56559.11,56559.11,56559.11,17099.11,17099.11,17099.11,69.76771734915914,3.307722448712243
ab,mp,9,512,213,inverse,64586.11,64586.11,64586.12,16467.11,16467.11,16467.11,74.50363553401806,3.922127805061119
ab,mp,10,1024,213,forward,123498.11,123498.11,123498.12,36960.11,36960.11,36960.11,70.07232742266258,3.341389135476058
ab,mp,10,1024,213,inverse,141342.11,141342.11,141342.12,35441.11,35441.11,35441.11,74.92530003974045,3.9880836125053643
ab,mp,4,16,214,forward,897.11,897.11,897.11,324.11,324.11,324.11,63.87176600416894,2.7679182993428157
ab,mp,4,16,214,inverse,1026.11,1026.11,1026.11,350.11,350.11,350.11,65.87987642650397,2.9308217417383102
ab,mp,5,32,214,forward,2121.11,2121.11,2121.11,726.11,726.11,726.11,65.76745194732948,2.921196512925039
ab,mp,5,32,214,inverse,2418.11,2418.11,2418.11,743.11,743.11,743.11,69.26897452969469,3.254040451615508
ab,mp,6,64,214,forward,4852.11,4852.11,4852.11,1502.11,1502.11,1502.11,69.04212806387324,3.2301961906917604
ab,mp,6,64,214,inverse,5558.11,5558.11,5558.11,1523.11,1523.11,1523.11,72.59662007408994,3.6491848914392264
ab,mp,7,128,214,forward,11244.11,11244.11,11244.12,3485.11,3485.11,3485.11,69.0050168488213,3.226328580733463
ab,mp,7,128,214,inverse,12838.11,12838.11,12838.11,3418.11,3418.11,3418.11,73.37528654918832,3.7559089672362798
ab,mp,8,256,214,forward,25031.11,25031.11,25031.11,7594.11,7594.11,7594.11,69.66131346152848,3.2961215995027726
ab,mp,8,256,214,inverse,28666.11,28666.11,28666.12,7352.11,7352.11,7352.11,74.3526066145703,3.899031706544108
ab,mp,9,512,214,forward,56559.11,56559.11,56559.11,17099.11,17099.11,17099.12,69.76771734915914,3.307722448712243
ab,mp,9,512,214,inverse,64586.11,64586.11,64586.12,16467.11,16467.11,16467.11,74.50363553401806,3.922127805061119
ab,mp,10,1024,214,forward,123498.11,123498.11,123498.12,36960.11,36960.11,36960.12,70.07232742266258,3.341389135476058
ab,mp,10,1024,214,inverse,141342.11,141342.11,141342.12,35441.11,35441.11,35441.12,74.92530003974045,3.9880836125053643
ab,mp,4,16,215,forward,897.11,897.11,897.11,324.11,324.11,324.11,63.87176600416894,2.7679182993428157
ab,mp,4,16,215,inverse,1026.11,1026.11,1026.11,350.11,350.11,350.11,65.87987642650397,2.9308217417383102
ab,mp,5,32,215,forward,2121.11,2121.11,2121.11,726.11,726.11,726.11,65.76745194732948,2.921196512925039
ab,mp,5,32,215,inverse,2418.11,2418.11,2418.11,743.11,743.11,743.11,69.26897452969469,3.254040451615508
ab,mp,6,64,215,forward,4852.11,4852.11,4852.12,1502.11,1502.11,1502.11,69.04212806387324,3.2301961906917604
ab,mp,6,64,215,inverse,5558.11,5558.11,5558.11,1523.11,1523.11,1523.11,72.59662007408994,3.6491848914392264
ab,mp,7,128,215,forward,11244.11,11244.11,11244.11,3485.11,3485.11,3485.11,69.0050168488213,3.226328580733463
ab,mp,7,128,215,inverse,12838.11,12838.11,12838.11,3418.11,3418.11,3418.11,73.37528654918832,3.7559089672362798
ab,mp,8,256,215,forward,25031.11,25031.11,25031.12,7594.11,7594.11,7594.11,69.66131346152848,3.2961215995027726
ab,mp,8,256,215,inverse,28666.11,28666.11,28666.11,7352.11,7352.11,7352.11,74.3526066145703,3.899031706544108
ab,mp,9,512,215,forward,56559.11,56559.11,56559.12,17099.11,17099.11,17099.11,69.76771734915914,3.307722448712243
ab,mp,9,512,215,inverse,64586.11,64586.11,64586.12,16467.11,16467.11,16467.11,74.50363553401806,3.922127805061119
ab,mp,10,1024,215,forward,123498.11,123498.11,123498.12,36960.11,36960.11,36960.11,70.07232742266258,3.341389135476058
ab,mp,10,1024,215,inverse,141342.11,141342.11,141342.12,35441.11,35441.11,35441.12,74.92530003974045,3.9880836125053643
ab,mp,4,16,216,forward,897.11,897.11,897.11,324.11,324.11,324.11,63.87176600416894,2.7679182993428157
ab,mp,4,16,216,inverse,1026.11,1026.11,1026.11,350.11,350.11,350.11,65.87987642650397,2.9308217417383102
ab,mp,5,32,216,forward,2121.11,2121.11,2121.11,726.11,726.11,726.11,65.76745194732948,2.921196512925039
ab,mp,5,32,216,inverse,2418.11,2418.11,2418.11,743.11,743.11,743.11,69.26897452969469,3.254040451615508
ab,mp,6,64,216,forward,4852.11,4852.11,4852.11,1502.11,1502.11,1502.11,69.04212806387324,3.2301961906917604
ab,mp,6,64,216,inverse,5558.11,5558.11,5558.11,1523.11,1523.11,1523.11,72.59662007408994,3.6491848914392264
ab,mp,7,128,216,forward,11244.11,11244.11,11244.11,3485.11,3485.11,3485.11,69.0050168488213,3.226328580733463
ab,mp,7,128,216,inverse,12838.11,12838.11,12838.12,3418.11,3418.11,3418.11,73.37528654918832,3.7559089672362798
ab,mp,8,256,216,forward,25031.11,25031.11,25031.11,7594.11,7594.11,7594.11,69.66131346152848,3.2961215995027726
ab,mp,8,256,216,inverse,28666.11,28666.11,28666.11,7352.11,7352.11,7352.11,74.3526066145703,3.899031706544108
ab,mp,9,512,216,forward,56559.11,56559.11,56559.11,17099.11,17099.11,17099.11,69.76771734915914,3.307722448712243
ab,mp,9,512,216,inverse,64586.11,64586.11,64586.12,16467.11,16467.11,16467.11,74.50363553401806,3.922127805061119
ab,mp,10,1024,216,forward,123498.11,123498.11,123498.12,36960.11,36960.11,36960.11,70.07232742266258,3.341389135476058
ab,mp,10,1024,216,inverse,141342.11,141342.11,141342.12,35441.11,35441.11,35441.11,74.92530003974045,3.9880836125053643
ab,mp,4,16,217,forward,897.11,897.11,897.11,324.11,324.11,324.11,63.87176600416894,2.7679182993428157
ab,mp,4,16,217,inverse,1026.11,1026.11,1026.11,350.11,350.11,350.11,65.87987642650397,2.9308217417383102
ab,mp,5,32,217,forward,2121.11,2121.11,2121.11,726.11,726.11,726.11,65.76745194732948,2.921196512925039
ab,mp,5,32,217,inverse,2418.11,2418.11,2418.11,743.11,743.11,743.11,69.26897452969469,3.254040451615508
ab,mp,6,64,217,forward,4852.11,4852.11,4852.11,1502.11,1502.11,1502.11,69.04212806387324,3.2301961906917604
ab,mp,6,64,217,inverse,5558.11,5558.11,5558.11,1523.11,1523.11,1523.11,72.59662007408994,3.6491848914392264
ab,mp,7,128,217,forward,11244.11,11244.11,11244.12,3485.11,3485.11,3485.11,69.0050168488213,3.226328580733463
ab,mp,7,128,217,inverse,12838.11,12838.11,12838.11,3418.11,3418.11,3418.11,73.37528654918832,3.7559089672362798
ab,mp,8,256,217,forward,25031.11,25031.11,25031.11,7594.11,7594.11,7594.11,69.66131346152848,3.2961215995027726
ab,mp,8,256,217,inverse,28666.11,28666.11,28666.12,7352.11,7352.11,7352.11,74.3526066145703,3.899031706544108
ab,mp,9,512,217,forward,56559.11,56559.11,56559.11,17099.11,17099.11,17099.12,69.76771734915914,3.307722448712243
ab,mp,9,512,217,inverse,64586.11,64586.11,64586.12,16467.11,16467.11,16467.11,74.50363553401806,3.922127805061119
ab,mp,10,1024,217,forward,123498.11,123498.11,123498.12,36960.11,36960.11,36960.12,70.07232742266258,3.341389135476058
ab,mp,10,1024,217,inverse,141342.11,141342.11,141342.12,35441.11,35441.11,35441.12,74.92530003974045,3.9880836125053643
ab,mp,4,16,218,forward,897.11,897.11,897.11,324.11,324.11,324.11,63.87176600416894,2.7679182993428157
ab,mp,4,16,218,inverse,1026.11,1026.11,1026.11,350.11,350.11,350.11,65.87987642650397,2.9308217417383102
ab,mp,5,32,218,forward,2121.11,2121.11,2121.11,726.11,726.11,726.11,65.76745194732948,2.921196512925039
ab,mp,5,32,218,inverse,2418.11,2418.11,2418.11,743.11,743.11,743.11,69.26897452969469,3.254040451615508
ab,mp,6,64,218,forward,4852.11,4852.11,4852.11,1502.11,1502.11,1502.11,69.04212806387324,3.2301961906917604
ab,mp,6,64,218,inverse,5558.11,5558.11,5558.11,1523.11,1523.11,1523.11,72.59662007408994,3.6491848914392264
ab,mp,7,128,218,forward,11244.11,11244.11,11244.11,3485.11,3485.11,3485.11,69.0050168488213,3.226328580733463
ab,mp,7,128,218,inverse,12838.11,12838.11,12838.11,3418.11,3418.11,3418.11,73.37528654918832,3.7559089672362798
ab,mp,8,256,218,forward,25031.11,25031.11,25031.12,7594.11,7594.11,7594.11,69.66131346152848,3.2961215995027726
ab,mp,8,256,218,inverse,28666.11,28666.11,28666.11,7352.11,7352.11,7352.11,74.3526066145703,3.899031706544108
ab,mp,9,512,218,forward,56559.11,56559.11,56559.12,17099.11,17099.11,17099.11,69.76771734915914,3.307722448712243
ab,mp,9,512,218,inverse,64586.11,64586.11,64586.12,16467.11,16467.11,16467.11,74.50363553401806,3.922127805061119
ab,mp,10,1024,218,forward,123498.11,123498.11,123498.12,36960.11,36960.11,36960.11,70.07232742266258,3.341389135476058
ab,mp,10,1024,218,inverse,141342.11,141342.11,141342.12,35441.11,35441.11,35441.12,74.92530003974045,3.9880836125053643
ab,mp,4,16,219,forward,897.11,897.11,897.11,324.11,324.11,324.11,63.87176600416894,2.7679182993428157
ab,mp,4,16,219,inverse,1026.11,1026.11,1026.11,350.11,350.11,350.11,65.87987642650397,2.9308217417383102
ab,mp,5,32,219,forward,2121.11,2121.11,2121.11,726.11,726.11,726.11,65.76745194732948,2.921196512925039
ab,mp,5,32,219,inverse,2418.11,2418.11,2418.11,743.11,743.11,743.11,69.26897452969469,3.254040451615508
ab,mp,6,64,219,forward,4852.11,4852.11,4852.11,1502.11,1502.11,1502.11,69.04212806387324,3.2301961906917604
ab,mp,6,64,219,inverse,5558.11,5558.11,5558.11,1523.11,1523.11,1523.11,72.59662007408994,3.6491848914392264
ab,mp,7,128,219,forward,11244.11,11244.11,11244.11,3485.11,3485.11,3485.11,69.0050168488213,3.226328580733463
ab,mp,7,128,219,inverse,12838.11,12838.11,12838.11,3418.11,3418.11,3418.12,73.37528654918832,3.7559089672362798
ab,mp,8,256,219,forward,25031.11,25031.11,25031.11,7594.11,7594.11,7594.11,69.66131346152848,3.2961215995027726
ab,mp,8,256,219,inverse,28666.11,28666.11,28666.11,7352.11,7352.11,7352.11,74.3526066145703,3.899031706544108
ab,mp,9,512,219,forward,56559.11,56559.11,56559.11,17099.11,17099.11,17099.11,69.76771734915914,3.307722448712243
ab,mp,9,512,219,inverse,64586.11,64586.11,64586.12,16467.11,16467.11,16467.11,74.50363553401806,3.922127805061119
ab,mp,10,1024,219,forward,123498.11,123498.11,123498.12,36960.11,36960.11,36960.11,70.07232742266258,3.341389135476058
ab,mp,10,1024,219,inverse,141342.11,141342.11,141342.12,35441.11,35441.11,35441.11,74.92530003974045,3.9880836125053643
ab,mp,4,16,220,forward,897.11,897.11,897.11,324.11,324.11,324.11,63.87176600416894,2.7679182993428157
ab,mp,4,16,220,inverse,1026.11,1026.11,1026.11,350.11,350.11,350.11,65.87987642650397,2.9308217417383102
ab,mp,5,32,220,forward,2121.11,2121.11,2121.11,726.11,726.11,726.11,65.76745194732948,2.921196512925039
ab,mp,5,32,220,inverse,2418.11,2418.11,2418.11,743.11,743.11,743.11,69.26897452969469,3.254040451615508
ab,mp,6,64,220,forward,4852.11,4852.11,4852.11,1502.11,1502.11,1502.11,69.04212806387324,3.2301961906917604
ab,mp,6,64,220,inverse,5558.11,5558.11,5558.11,1523.11,1523.11,1523.11,72.59662007408994,3.6491848914392264
ab,mp,7,128,220,forward,11244.11,11244.11,11244.11,3485.11,3485.11,3485.12,69.0050168488213,3.226328580733463
ab,mp,7,128,220,inverse,12838.11,12838.11,12838.11,3418.11,3418.11,3418.11,73.37528654918832,3.7559089672362798
ab,mp,8,256,220,forward,25031.11,25031.11,25031.11,7594.11,7594.11,7594.11,69.66131346152848,3.2961215995027726
ab,mp,8,256,220,inverse,28666.11,28666.11,28666.12,7352.11,7352.11,7352.11,74.3526066145703,3.899031706544108
ab,mp,9,512,220,forward,56559.11,56559.11,56559.12,17099.11,17099.11,17099.11,69.76771734915914,3.307722448712243
ab,mp,9,512,220,inverse,64586.11,64586.11,64586.11,16467.11,16467.11,16467.12,74.50363553401806,3.922127805061119
ab,mp,10,1024,220,forward,123498.11,123498.11,123498.12,36960.11,36960.11,36960.12,70.07232742266258,3.341389135476058
ab,mp,10,1024,220,inverse,141342.11,141342.11,141342.12,35441.11,35441.11,35441.12,74.92530003974045,3.9880836125053643
ab,mp,4,16,221,forward,897.11,897.11,897.11,324.11,324.11,324.11,63.87176600416894,2.7679182993428157
ab,mp,4,16,221,inverse,1026.11,1026.11,1026.11,350.11,350.11,350.11,65.87987642650397,2.9308217417383102
ab,mp,5,32,221,forward,2121.11,2121.11,2121.11,726.11,726.11,726.11,65.76745194732948,2.921196512925039
ab,mp,5,32,221,inverse,2418.11,2418.11,2418.11,743.11,743.11,743.11,69.26897452969469,3.254040451615508
ab,mp,6,64,221,forward,4852.11,4852.11,4852.12,1502.11,1502.11,1502.11,69.04212806387324,3.2301961906917604
ab,mp,6,64,221,inverse,5558.11,5558.11,5558.11,1523.11,1523.11,1523.11,72.59662007408994,3.6491848914392264
ab,mp,7,128,221,forward,11244.11,11244.11,11244.11,3485.11,3485.11,3485.11,69.0050168488213,3.226328580733463
ab,mp,7,128,221,inverse,12838.11,12838.11,12838.11,3418.11,3418.11,3418.11,73.37528654918832,3.7559089672362798
ab,mp,8,256,221,forward,25031.11,25031.11,25031.12,7594.11,7594.11,7594.11,69.66131346152848,3.2961215995027726
ab,mp,8,256,221,inverse,28666.11,28666.11,28666.11,7352.11,7352.11,7352.11,74.3526066145703,3.899031706544108
ab,mp,9,512,221,forward,56559.11,56559.11,56559.12,17099.11,17099.11,17099.11,69.76771734915914,3.307722448712243
ab,mp,9,512,221,inverse,64586.11,64586.11,64586.12,16467.11,16467.11,16467.11,74.50363553401806,3.922127805061119
ab,mp,10,1024,221,forward,123498.11,123498.11,123498.12,36960.11,36960.11,36960.11,70.07232742266258,3.341389135476058
ab,mp,10,1024,221,inverse,141342.11,141342.11,141342.12,35441.11,35441.11,35441.12,74.92530003974045,3.9880836125053643
ab,mp,4,16,222,forward,897.11,897.11,897.11,324.11,324.11,324.11,63.87176600416894,2.7679182993428157
ab,mp,4,16,222,inverse,1026.11,1026.11,1026.11,350.11,350.11,350.11,65.87987642650397,2.9308217417383102
ab,mp,5,32,222,forward,2121.11,2121.11,2121.11,726.11,726.11,726.11,65.76745194732948,2.921196512925039
ab,mp,5,32,222,inverse,2418.11,2418.11,2418.11,743.11,743.11,743.11,69.26897452969469,3.254040451615508
ab,mp,6,64,222,forward,4852.11,4852.11,4852.11,1502.11,1502.11,1502.11,69.04212806387324,3.2301961906917604
ab,mp,6,64,222,inverse,5558.11,5558.11,5558.11,1523.11,1523.11,1523.11,72.59662007408994,3.6491848914392264
ab,mp,7,128,222,forward,11244.11,11244.11,11244.11,3485.11,3485.11,3485.11,69.0050168488213,3.226328580733463
ab,mp,7,128,222,inverse,12838.11,12838.11,12838.12,3418.11,3418.11,3418.11,73.37528654918832,3.7559089672362798
ab,mp,8,256,222,forward,25031.11,25031.11,25031.11,7594.11,7594.11,7594.11,69.66131346152848,3.2961215995027726
ab,mp,8,256,222,inverse,28666.11,28666.11,28666.11,7352.11,7352.11,7352.11,74.3526066145703,3.899031706544108
ab,mp,9,512,222,forward,56559.11,56559.11,56559.11,17099.11,17099.11,17099.11,69.76771734915914,3.307722448712243
ab,mp,9,512,222,inverse,64586.11,64586.11,64586.12,16467.11,16467.11,16467.11,74.50363553401806,3.922127805061119
ab,mp,10,1024,222,forward,123498.11,123498.11,123498.12,36960.11,36960.11,36960.11,70.07232742266258,3.341389135476058
ab,mp,10,1024,222,inverse,141342.11,141342.11,141342.12,35441.11,35441.11,35441.11,74.92530003974045,3.9880836125053643
ab,mp,4,16,223,forward,897.11,897.11,897.11,324.11,324.11,324.11,63.87176600416894,2.7679182993428157
ab,mp,4,16,223,inverse,1026.11,1026.11,1026.11,350.11,350.11,350.11,65.87987642650397,2.9308217417383102
ab,mp,5,32,223,forward,2121.11,2121.11,2121.11,726.11,726.11,726.11,65.76745194732948,2.921196512925039
ab,mp,5,32,223,inverse,2418.11,2418.11,2418.11,743.11,743.11,743.11,69.26897452969469,3.254040451615508
ab,mp,6,64,223,forward,4852.11,4852.11,4852.11,1502.11,1502.11,1502.11,69.04212806387324,3.2301961906917604
ab,mp,6,64,223,inverse,5558.11,5558.11,5558.11,1523.11,1523.11,1523.11,72.59662007408994,3.6491848914392264
ab,mp,7,128,223,forward,11244.11,11244.11,11244.12,3485.11,3485.11,3485.11,69.0050168488213,3.226328580733463
ab,mp,7,128,223,inverse,12838.11,12838.11,12838.11,3418.11,3418.11,3418.11,73.37528654918832,3.7559089672362798
ab,mp,8,256,223,forward,25031.11,25031.11,25031.11,7594.11,7594.11,7594.11,69.66131346152848,3.2961215995027726
ab,mp,8,256,223,inverse,28666.11,28666.11,28666.11,7352.11,7352.11,7352.12,74.3526066145703,3.899031706544108
ab,mp,9,512,223,forward,56559.11,56559.11,56559.11,17099.11,17099.11,17099.12,69.76771734915914,3.307722448712243
ab,mp,9,512,223,inverse,64586.11,64586.11,64586.12,16467.11,16467.11,16467.11,74.50363553401806,3.922127805061119
ab,mp,10,1024,223,forward,123498.11,123498.11,123498.12,36960.11,36960.11,36960.12,70.07232742266258,3.341389135476058
ab,mp,10,1024,223,inverse,141342.11,141342.11,141342.12,35441.11,35441.11,35441.12,74.92530003974045,3.9880836125053643
ab,mp,4,16,224,forward,897.11,897.11,897.11,324.11,324.11,324.11,63.87176600416894,2.7679182993428157
ab,mp,4,16,224,inverse,1026.11,1026.11,1026.11,350.11,350.11,350.11,65.87987642650397,2.9308217417383102
ab,mp,5,32,224,forward,2121.11,2121.11,2121.11,726.11,726.11,726.11,65.76745194732948,2.921196512925039
ab,mp,5,32,224,inverse,2418.11,2418.11,2418.11,743.11,743.11,743.11,69.26897452969469,3.254040451615508
ab,mp,6,64,224,forward,4852.11,4852.11,4852.11,1502.11,1502.11,1502.11,69.04212806387324,3.2301961906917604
ab,mp,6,64,224,inverse,5558.11,5558.11,5558.11,1523.11,1523.11,1523.11,72.59662007408994,3.6491848914392264
ab,mp,7,128,224,forward,11244.11,11244.11,11244.11,3485.11,3485.11,3485.11,69.0050168488213,3.226328580733463
ab,mp,7,128,224,inverse,12838.11,12838.11,12838.11,3418.11,3418.11,3418.11,73.37528654918832,3.7559089672362798
ab,mp,8,256,224,forward,25031.11,25031.11,25031.12,7594.11,7594.11,7594.11,69.66131346152848,3.2961215995027726
ab,mp,8,256,224,inverse,28666.11,28666.11,28666.11,7352.11,7352.11,7352.11,74.3526066145703,3.899031706544108
ab,mp,9,512,224,forward,56559.11,56559.11,56559.11,17099.11,17099.11,17099.12,69.76771734915914,3.307722448712243
ab,mp,9,512,224,inverse,64586.11,64586.11,64586.11,16467.11,16467.11,16467.12,74.50363553401806,3.922127805061119
ab,mp,10,1024,224,forward,123498.11,123498.11,123498.12,36960.11,36960.11,36960.12,70.07232742266258,3.341389135476058
ab,mp,10,1024,224,inverse,141342.11,141342.11,141342.12,35441.11,35441.11,35441.12,74.92530003974045,3.9880836125053643
ab,mp,4,16,225,forward,897.11,897.11,897.11,324.11,324.11,324.11,63.87176600416894,2.7679182993428157
ab,mp,4,16,225,inverse,1026.11,1026.11,1026.11,350.11,350.11,350.11,65.87987642650397,2.9308217417383102
ab,mp,5,32,225,forward,2121.11,2121.11,2121.11,726.11,726.11,726.11,65.76745194732948,2.921196512925039
ab,mp,5,32,225,inverse,2418.11,2418.11,2418.11,743.11,743.11,743.11,69.26897452969469,3.254040451615508
ab,mp,6,64,225,forward,4852.11,4852.11,4852.11,1502.11,1502.11,1502.11,69.04212806387324,3.2301961906917604
ab,mp,6,64,225,inverse,5558.11,5558.11,5558.11,1523.11,1523.11,1523.11,72.59662007408994,3.6491848914392264
ab,mp,7,128,225,forward,11244.11,11244.11,11244.11,3485.11,3485.11,3485.11,69.0050168488213,3.226328580733463
ab,mp,7,128,225,inverse,12838.11,12838.11,12838.12,3418.11,3418.11,3418.11,73.37528654918832,3.7559089672362798
ab,mp,8,256,225,forward,25031.11,25031.11,25031.11,7594.11,7594.11,7594.11,69.66131346152848,3.2961215995027726
ab,mp,8,256,225,inverse,28666.11,28666.11,28666.11,7352.11,7352.11,7352.11,74.3526066145703,3.899031706544108
ab,mp,9,512,225,forward,56559.11,56559.11,56559.11,17099.11,17099.11,17099.11,69.76771734915914,3.307722448712243
ab,mp,9,512,225,inverse,64586.11,64586.11,64586.12,16467.11,16467.11,16467.11,74.50363553401806,3.922127805061119
ab,mp,10,1024,225,forward,123498.11,123498.11,123498.12,36960.11,36960.11,36960.11,70.07232742266258,3.341389135476058
ab,mp,10,1024,225,inverse,141342.11,141342.11,141342.12,35441.11,35441.11,35441.11,74.92530003974045,3.9880836125053643
ab,mp,4,16,226,forward,897.11,897.11,897.11,324.11,324.11,324.11,63.87176600416894,2.7679182993428157
ab,mp,4,16,226,inverse,1026.11,1026.11,1026.11,350.11,350.11,350.11,65.87987642650397,2.9308217417383102
ab,mp,5,32,226,forward,2121.11,2121.11,2121.11,726.11,726.11,726.11,65.76745194732948,2.921196512925039
ab,mp,5,32,226,inverse,2418.11,2418.11,2418.11,743.11,743.11,743.11,69.26897452969469,3.254040451615508
ab,mp,6,64,226,forward,4852.11,4852.11,4852.11,1502.11,1502.11,1502.11,69.04212806387324,3.2301961906917604
ab,mp,6,64,226,inverse,5558.11,5558.11,5558.11,1523.11,1523.11,1523.11,72.59662007408994,3.6491848914392264
ab,mp,7,128,226,forward,11244.11,11244.11,11244.12,3485.11,3485.11,3485.11,69.0050168488213,3.226328580733463
ab,mp,7,128,226,inverse,12838.11,12838.11,12838.11,3418.11,3418.11,3418.11,73.37528654918832,3.7559089672362798
ab,mp,8,256,226,forward,25031.11,25031.11,25031.11,7594.11,7594.11,7594.11,69.66131346152848,3.2961215995027726
ab,mp,8,256,226,inverse,28666.11,28666.11,28666.11,7352.11,7352.11,7352.12,74.3526066145703,3.899031706544108
ab,mp,9,512,226,forward,56559.11,56559.11,56559.11,17099.11,17099.11,17099.12,69.76771734915914,3.307722448712243
ab,mp,9,512,226,inverse,64586.11,64586.11,64586.12,16467.11,16467.11,16467.11,74.50363553401806,3.922127805061119
ab,mp,10,1024,226,forward,123498.11,123498.11,123498.12,36960.11,36960.11,36960.12,70.07232742266258,3.341389135476058
ab,mp,10,1024,226,inverse,141342.11,141342.11,141342.12,35441.11,35441.11,35441.12,74.92530003974045,3.9880836125053643
ab,mp,4,16,227,forward,897.11,897.11,897.11,324.11,324.11,324.11,63.87176600416894,2.7679182993428157
ab,mp,4,16,227,inverse,1026.11,1026.11,1026.11,350.11,350.11,350.11,65.87987642650397,2.9308217417383102
ab,mp,5,32,227,forward,2121.11,2121.11,2121.11,726.11,726.11,726.11,65.76745194732948,2.921196512925039
ab,mp,5,32,227,inverse,2418.11,2418.11,2418.11,743.11,743.11,743.11,69.26897452969469,3.254040451615508
ab,mp,6,64,227,forward,4852.11,4852.11,4852.11,1502.11,1502.11,1502.11,69.04212806387324,3.2301961906917604
ab,mp,6,64,227,inverse,5558.11,5558.11,5558.11,1523.11,1523.11,1523.11,72.59662007408994,3.6491848914392264
ab,mp,7,128,227,forward,11244.11,11244.11,11244.11,3485.11,3485.11,3485.11,69.0050168488213,3.226328580733463
ab,mp,7,128,227,inverse,12838.11,12838.11,12838.11,3418.11,3418.11,3418.11,73.37528654918832,3.7559089672362798
ab,mp,8,256,227,forward,25031.11,25031.11,25031.12,7594.11,7594.11,7594.11,69.66131346152848,3.2961215995027726
ab,mp,8,256,227,inverse,28666.11,28666.11,28666.11,7352.11,7352.11,7352.11,74.3526066145703,3.899031706544108
ab,mp,9,512,227,forward,56559.11,56559.11,56559.12,17099.11,17099.11,17099.11,69.76771734915914,3.307722448712243
ab,mp,9,512,227,inverse,64586.11,64586.11,64586.11,16467.11,16467.11,16467.12,74.50363553401806,3.922127805061119
ab,mp,10,1024,227,forward,123498.11,123498.11,123498.12,36960.11,36960.11,36960.11,70.07232742266258,3.341389135476058
ab,mp,10,1024,227,inverse,141342.11,141342.11,141342.12,35441.11,35441.11,35441.11,74.92530003974045,3.9880836125053643
ab,mp,4,16,228,forward,897.11,897.11,897.11,324.11,324.11,324.11,63.87176600416894,2.7679182993428157
ab,mp,4,16,228,inverse,1026.11,1026.11,1026.11,350.11,350.11,350.11,65.87987642650397,2.9308217417383102
ab,mp,5,32,228,forward,2121.11,2121.11,2121.11,726.11,726.11,726.11,65.76745194732948,2.921196512925039
ab,mp,5,32,228,inverse,2418.11,2418.11,2418.11,743.11,743.11,743.11,69.26897452969469,3.254040451615508
ab,mp,6,64,228,forward,4852.11,4852.11,4852.11,1502.11,1502.11,1502.11,69.04212806387324,3.2301961906917604
ab,mp,6,64,228,inverse,5558.11,5558.11,5558.11,1523.11,1523.11,1523.11,72.59662007408994,3.6491848914392264
ab,mp,7,128,228,forward,11244.11,11244.11,11244.11,3485.11,3485.11,3485.11,69.0050168488213,3.226328580733463
ab,mp,7,128,228,inverse,12838.11,12838.11,12838.12,3418.11,3418.11,3418.11,73.37528654918832,3.7559089672362798
ab,mp,8,256,228,forward,25031.11,25031.11,25031.11,7594.11,7594.11,7594.11,69.66131346152848,3.2961215995027726
ab,mp,8,256,228,inverse,28666.11,28666.11,28666.11,7352.11,7352.11,7352.11,74.3526066145703,3.899031706544108
ab,mp,9,512,228,forward,56559.11,56559.11,56559.11,17099.11,17099.11,17099.11,69.76771734915914,3.307722448712243
ab,mp,9,512,228,inverse,64586.11,64586.11,64586.12,16467.11,16467.11,16467.11,74.50363553401806,3.922127805061119
ab,mp,10,1024,228,forward,123498.11,123498.11,123498.12,36960.11,36960.11,36960.11,70.07232742266258,3.341389135476058
ab,mp,10,1024,228,inverse,141342.11,141342.11,141342.12,35441.11,35441.11,35441.11,74.92530003974045,3.9880836125053643
ab,mp,4,16,229,forward,897.11,897.11,897.11,324.11,324.11,324.11,63.87176600416894,2.7679182993428157
ab,mp,4,16,229,inverse,1026.11,1026.11,1026.11,350.11,350.11,350.11,65.87987642650397,2.9308217417383102
ab,mp,5,32,229,forward,2121.11,2121.11,2121.11,726.11,726.11,726.11,65.76745194732948,2.921196512925039
ab,mp,5,32,229,inverse,2418.11,2418.11,2418.11,743.11,743.11,743.11,69.26897452969469,3.254040451615508
ab,mp,6,64,229,forward,4852.11,4852.11,4852.11,1502.11,1502.11,1502.11,69.04212806387324,3.2301961906917604
ab,mp,6,64,229,inverse,5558.11,5558.11,5558.11,1523.11,1523.11,1523.11,72.59662007408994,3.6491848914392264
ab,mp,7,128,229,forward,11244.11,11244.11,11244.11,3485.11,3485.11,3485.11,69.0050168488213,3.226328580733463
ab,mp,7,128,229,inverse,12838.11,12838.11,12838.11,3418.11,3418.11,3418.11,73.37528654918832,3.7559089672362798
ab,mp,8,256,229,forward,25031.11,25031.11,25031.11,7594.11,7594.11,7594.11,69.66131346152848,3.2961215995027726
ab,mp,8,256,229,inverse,28666.11,28666.11,28666.11,7352.11,7352.11,7352.12,74.3526066145703,3.899031706544108
ab,mp,9,512,229,forward,56559.11,56559.11,56559.11,17099.11,17099.11,17099.12,69.76771734915914,3.307722448712243
ab,mp,9,512,229,inverse,64586.11,64586.11,64586.12,16467.11,16467.11,16467.11,74.50363553401806,3.922127805061119
ab,mp,10,1024,229,forward,123498.11,123498.11,123498.12,36960.11,36960.11,36960.12,70.07232742266258,3.341389135476058
ab,mp,10,1024,229,inverse,141342.11,141342.11,141342.12,35441.11,35441.11,35441.12,74.92530003974045,3.9880836125053643
ab,mp,4,16,230,forward,897.11,897.11,897.11,324.11,324.11,324.11,63.87176600416894,2.7679182993428157
ab,mp,4,16,230,inverse,1026.11,1026.11,1026.11,350.11,350.11,350.11,65.87987642650397,2.9308217417383102
ab,mp,5,32,230,forward,2121.11,2121.11,2121.11,726.11,726.11,726.11,65.76745194732948,2.921196512925039
ab,mp,5,32,230,inverse,2418.11,2418.11,2418.11,743.11,743.11,743.11,69.26897452969469,3.254040451615508
ab,mp,6,64,230,forward,4852.11,4852.11,4852.11,1502.11,1502.11,1502.11,69.04212806387324,3.2301961906917604
ab,mp,6,64,230,inverse,5558.11,5558.11,5558.11,1523.11,1523.11,1523.11,72.59662007408994,3.6491848914392264
ab,mp,7,128,230,forward,11244.11,11244.11,11244.11,3485.11,3485.11,3485.11,69.0050168488213,3.226328580733463
ab,mp,7,128,230,inverse,12838.11,12838.11,12838.11,3418.11,3418.11,3418.11,73.37528654918832,3.7559089672362798
ab,mp,8,256,230,forward,25031.11,25031.11,25031.12,7594.11,7594.11,7594.11,69.66131346152848,3.2961215995027726
ab,mp,8,256,230,inverse,28666.11,28666.11,28666.11,7352.11,7352.11,7352.11,74.3526066145703,3.899031706544108
ab,mp,9,512,230,forward,56559.11,56559.11,56559.12,17099.11,17099.11,17099.11,69.76771734915914,3.307722448712243
ab,mp,9,512,230,inverse,64586.11,64586.11,64586.12,16467.11,16467.11,16467.11,74.50363553401806,3.922127805061119
ab,mp,10,1024,230,forward,123498.11,123498.11,123498.12,36960.11,36960.11,36960.11,70.07232742266258,3.341389135476058
ab,mp,10,1024,230,inverse,141342.11,141342.11,141342.12,35441.11,35441.11,35441.12,74.92530003974045,3.9880836125053643
ab,mp,4,16,231,forward,897.11,897.11,897.11,324.11,324.11,324.11,63.87176600416894,2.7679182993428157
ab,mp,4,16,231,inverse,1026.11,1026.11,1026.11,350.11,350.11,350.11,65.87987642650397,2.9308217417383102
ab,mp,5,32,231,forward,2121.11,2121.11,2121.11,726.11,726.11,726.11,65.76745194732948,2.921196512925039
ab,mp,5,32,231,inverse,2418.11,2418.11,2418.11,743.11,743.11,743.11,69.26897452969469,3.254040451615508
ab,mp,6,64,231,forward,4852.11,4852.11,4852.11,1502.11,1502.11,1502.11,69.04212806387324,3.2301961906917604
ab,mp,6,64,231,inverse,5558.11,5558.11,5558.11,1523.11,1523.11,1523.11,72.59662007408994,3.6491848914392264
ab,mp,7,128,231,forward,11244.11,11244.11,11244.11,3485.11,3485.11,3485.11,69.0050168488213,3.226328580733463
ab,mp,7,128,231,inverse,12838.11,12838.11,12838.11,3418.11,3418.11,3418.11,73.37528654918832,3.7559089672362798
ab,mp,8,256,231,forward,25031.11,25031.11,25031.11,7594.11,7594.11,7594.11,69.66131346152848,3.2961215995027726
ab,mp,8,256,231,inverse,28666.11,28666.11,28666.11,7352.11,7352.11,7352.11,74.3526066145703,3.899031706544108
ab,mp,9,512,231,forward,56559.11,56559.11,56559.12,17099.11,17099.11,17099.11,69.76771734915914,3.307722448712243
ab,mp,9,512,231,inverse,64586.11,64586.11,64586.12,16467.11,16467.11,16467.11,74.50363553401806,3.922127805061119
ab,mp,10,1024,231,forward,123498.11,123498.11,123498.12,36960.11,36960.11,36960.11,70.07232742266258,3.341389135476058
ab,mp,10,1024,231,inverse,141342.11,141342.11,141342.12,35441.11,35441.11,35441.11,74.92530003974045,3.9880836125053643
ab,mp,4,16,232,forward,897.11,897.11,897.11,324.11,324.11,324.11,63.87176600416894,2.7679182993428157
ab,mp,4,16,232,inverse,1026.11,1026.11,1026.11,350.11,350.11,350.11,65.87987642650397,2.9308217417383102
ab,mp,5,32,232,forward,2121.11,2121.11,2121.11,726.11,726.11,726.11,65.76745194732948,2.921196512925039
ab,mp,5,32,232,inverse,2418.11,2418.11,2418.11,743.11,743.11,743.11,69.26897452969469,3.254040451615508
ab,mp,6,64,232,forward,4852.11,4852.11,4852.11,1502.11,1502.11,1502.11,69.04212806387324,3.2301961906917604
ab,mp,6,64,232,inverse,5558.11,5558.11,5558.11,1523.11,1523.11,1523.11,72.59662007408994,3.6491848914392264
ab,mp,7,128,232,forward,11244.11,11244.11,11244.11,3485.11,3485.11,3485.12,69.0050168488213,3.226328580733463
ab,mp,7,128,232,inverse,12838.11,12838.11,12838.11,3418.11,3418.11,3418.11,73.37528654918832,3.7559089672362798
ab,mp,8,256,232,forward,25031.11,25031.11,25031.11,7594.11,7594.11,7594.11,69.66131346152848,3.2961215995027726
ab,mp,8,256,232,inverse,28666.11,28666.11,28666.12,7352.11,7352.11,7352.11,74.3526066145703,3.899031706544108
ab,mp,9,512,232,forward,56559.11,56559.11,56559.11,17099.11,17099.11,17099.12,69.76771734915914,3.307722448712243
ab,mp,9,512,232,inverse,64586.11,64586.11,64586.12,16467.11,16467.11,16467.11,74.50363553401806,3.922127805061119
ab,mp,10,1024,232,forward,123498.11,123498.11,123498.12,36960.11,36960.11,36960.12,70.07232742266258,3.341389135476058
ab,mp,10,1024,232,inverse,141342.11,141342.11,141342.12,35441.11,35441.11,35441.12,74.92530003974045,3.9880836125053643
ab,mp,4,16,233,forward,897.11,897.11,897.11,324.11,324.11,324.11,63.87176600416894,2.7679182993428157
ab,mp,4,16,233,inverse,1026.11,1026.11,1026.11,350.11,350.11,350.11,65.87987642650397,2.9308217417383102
ab,mp,5,32,233,forward,2121.11,2121.11,2121.11,726.11,726.11,726.11,65.76745194732948,2.921196512925039
ab,mp,5,32,233,inverse,2418.11,2418.11,2418.11,743.11,743.11,743.11,69.26897452969469,3.254040451615508
ab,mp,6,64,233,forward,4852.11,4852.11,4852.12,1502.11,1502.11,1502.11,69.04212806387324,3.2301961906917604
ab,mp,6,64,233,inverse,5558.11,5558.11,5558.11,1523.11,1523.11,1523.11,72.59662007408994,3.6491848914392264
ab,mp,7,128,233,forward,11244.11,11244.11,11244.11,3485.11,3485.11,3485.11,69.0050168488213,3.226328580733463
ab,mp,7,128,233,inverse,12838.11,12838.11,12838.11,3418.11,3418.11,3418.11,73.37528654918832,3.7559089672362798
ab,mp,8,256,233,forward,25031.11,25031.11,25031.11,7594.11,7594.11,7594.12,69.66131346152848,3.2961215995027726
ab,mp,8,256,233,inverse,28666.11,28666.11,28666.11,7352.11,7352.11,7352.11,74.3526066145703,3.899031706544108
ab,mp,9,512,233,forward,56559.11,56559.11,56559.12,17099.11,17099.11,17099.11,69.76771734915914,3.307722448712243
ab,mp,9,512,233,inverse,64586.11,64586.11,64586.12,16467.11,16467.11,16467.11,74.50363553401806,3.922127805061119
ab,mp,10,1024,233,forward,123498.11,123498.11,123498.12,36960.11,36960.11,36960.11,70.07232742266258,3.341389135476058
ab,mp,10,1024,233,inverse,141342.11,141342.11,141342.12,35441.11,35441.11,35441.12,74.92530003974045,3.9880836125053643
ab,mp,4,16,234,forward,897.11,897.11,897.11,324.11,324.11,324.11,63.87176600416894,2.7679182993428157
ab,mp,4,16,234,inverse,1026.11,1026.11,1026.11,350.11,350.11,350.11,65.87987642650397,2.9308217417383102
ab,mp,5,32,234,forward,2121.11,2121.11,2121.11,726.11,726.11,726.11,65.76745194732948,2.921196512925039
ab,mp,5,32,234,inverse,2418.11,2418.11,2418.11,743.11,743.11,743.11,69.26897452969469,3.254040451615508
ab,mp,6,64,234,forward,4852.11,4852.11,4852.11,1502.11,1502.11,1502.11,69.04212806387324,3.2301961906917604
ab,mp,6,64,234,inverse,5558.11,5558.11,5558.11,1523.11,1523.11,1523.11,72.59662007408994,3.6491848914392264
ab,mp,7,128,234,forward,11244.11,11244.11,11244.11,3485.11,3485.11,3485.11,69.0050168488213,3.226328580733463
ab,mp,7,128,234,inverse,12838.11,12838.11,12838.11,3418.11,3418.11,3418.11,73.37528654918832,3.7559089672362798
ab,mp,8,256,234,forward,25031.11,25031.11,25031.11,7594.11,7594.11,7594.11,69.66131346152848,3.2961215995027726
ab,mp,8,256,234,inverse,28666.11,28666.11,28666.11,7352.11,7352.11,7352.11,74.3526066145703,3.899031706544108
ab,mp,9,512,234,forward,56559.11,56559.11,56559.11,17099.11,17099.11,17099.11,69.76771734915914,3.307722448712243
ab,mp,9,512,234,inverse,64586.11,64586.11,64586.12,16467.11,16467.11,16467.11,74.50363553401806,3.922127805061119
ab,mp,10,1024,234,forward,123498.11,123498.11,123498.12,36960.11,36960.11,36960.12,70.07232742266258,3.341389135476058
ab,mp,10,1024,234,inverse,141342.11,141342.11,141342.12,35441.11,35441.11,35441.11,74.92530003974045,3.9880836125053643
ab,mp,4,16,235,forward,897.11,897.11,897.11,324.11,324.11,324.11,63.87176600416894,2.7679182993428157
ab,mp,4,16,235,inverse,1026.11,1026.11,1026.11,350.11,350.11,350.11,65.87987642650397,2.9308217417383102
ab,mp,5,32,235,forward,2121.11,2121.11,2121.11,726.11,726.11,726.11,65.76745194732948,2.921196512925039
ab,mp,5,32,235,inverse,2418.11,2418.11,2418.11,743.11,743.11,743.11,69.26897452969469,3.254040451615508
ab,mp,6,64,235,forward,4852.11,4852.11,4852.11,1502.11,1502.11,1502.11,69.04212806387324,3.2301961906917604
ab,mp,6,64,235,inverse,5558.11,5558.11,5558.11,1523.11,1523.11,1523.11,72.59662007408994,3.6491848914392264
ab,mp,7,128,235,forward,11244.11,11244.11,11244.12,3485.11,3485.11,3485.11,69.0050168488213,3.226328580733463
ab,mp,7,128,235,inverse,12838.11,12838.11,12838.11,3418.11,3418.11,3418.11,73.37528654918832,3.7559089672362798
ab,mp,8,256,235,forward,25031.11,25031.11,25031.11,7594.11,7594.11,7594.11,69.66131346152848,3.2961215995027726
ab,mp,8,256,235,inverse,28666.11,28666.11,28666.12,7352.11,7352.11,7352.11,74.3526066145703,3.899031706544108
ab,mp,9,512,235,forward,56559.11,56559.11,56559.12,17099.11,17099.11,17099.11,69.76771734915914,3.307722448712243
ab,mp,9,512,235,inverse,64586.11,64586.11,64586.11,16467.11,16467.11,16467.12,74.50363553401806,3.922127805061119
ab,mp,10,1024,235,forward,123498.11,123498.11,123498.12,36960.11,36960.11,36960.12,70.07232742266258,3.341389135476058
ab,mp,10,1024,235,inverse,141342.11,141342.11,141342.12,35441.11,35441.11,35441.12,74.92530003974045,3.9880836125053643
ab,mp,4,16,236,forward,897.11,897.11,897.11,324.11,324.11,324.11,63.87176600416894,2.7679182993428157
ab,mp,4,16,236,inverse,1026.11,1026.11,1026.11,350.11,350.11,350.11,65.87987642650397,2.9308217417383102
ab,mp,5,32,236,forward,2121.11,2121.11,2121.11,726.11,726.11,726.11,65.76745194732948,2.921196512925039
ab,mp,5,32,236,inverse,2418.11,2418.11,2418.11,743.11,743.11,743.11,69.26897452969469,3.254040451615508
ab,mp,6,64,236,forward,4852.11,4852.11,4852.12,1502.11,1502.11,1502.11,69.04212806387324,3.2301961906917604
ab,mp,6,64,236,inverse,5558.11,5558.11,5558.11,1523.11,1523.11,1523.11,72.59662007408994,3.6491848914392264
ab,mp,7,128,236,forward,11244.11,11244.11,11244.11,3485.11,3485.11,3485.11,69.0050168488213,3.226328580733463
ab,mp,7,128,236,inverse,12838.11,12838.11,12838.11,3418.11,3418.11,3418.11,73.37528654918832,3.7559089672362798
ab,mp,8,256,236,forward,25031.11,25031.11,25031.11,7594.11,7594.11,7594.12,69.66131346152848,3.2961215995027726
ab,mp,8,256,236,inverse,28666.11,28666.11,28666.11,7352.11,7352.11,7352.11,74.3526066145703,3.899031706544108
ab,mp,9,512,236,forward,56559.11,56559.11,56559.12,17099.11,17099.11,17099.11,69.76771734915914,3.307722448712243
ab,mp,9,512,236,inverse,64586.11,64586.11,64586.12,16467.11,16467.11,16467.11,74.50363553401806,3.922127805061119
ab,mp,10,1024,236,forward,123498.11,123498.11,123498.12,36960.11,36960.11,36960.11,70.07232742266258,3.341389135476058
ab,mp,10,1024,236,inverse,141342.11,141342.11,141342.12,35441.11,35441.11,35441.12,74.92530003974045,3.9880836125053643
ab,mp,4,16,237,forward,897.11,897.11,897.11,324.11,324.11,324.11,63.87176600416894,2.7679182993428157
ab,mp,4,16,237,inverse,1026.11,1026.11,1026.11,350.11,350.11,350.11,65.87987642650397,2.9308217417383102
ab,mp,5,32,237,forward,2121.11,2121.11,2121.11,726.11,726.11,726.11,65.76745194732948,2.921196512925039
ab,mp,5,32,237,inverse,2418.11,2418.11,2418.11,743.11,743.11,743.11,69.26897452969469,3.254040451615508
ab,mp,6,64,237,forward,4852.11,4852.11,4852.11,1502.11,1502.11,1502.11,69.04212806387324,3.2301961906917604
ab,mp,6,64,237,inverse,5558.11,5558.11,5558.11,1523.11,1523.11,1523.11,72.59662007408994,3.6491848914392264
ab,mp,7,128,237,forward,11244.11,11244.11,11244.11,3485.11,3485.11,3485.11,69.0050168488213,3.226328580733463
ab,mp,7,128,237,inverse,12838.11,12838.11,12838.11,3418.11,3418.11,3418.11,73.37528654918832,3.7559089672362798
ab,mp,8,256,237,forward,25031.11,25031.11,25031.11,7594.11,7594.11,7594.11,69.66131346152848,3.2961215995027726
ab,mp,8,256,237,inverse,28666.11,28666.11,28666.11,7352.11,7352.11,7352.11,74.3526066145703,3.899031706544108
ab,mp,9,512,237,forward,56559.11,56559.11,56559.12,17099.11,17099.11,17099.11,69.76771734915914,3.307722448712243
ab,mp,9,512,237,inverse,64586.11,64586.11,64586.12,16467.11,16467.11,16467.11,74.50363553401806,3.922127805061119
ab,mp,10,1024,237,forward,123498.11,123498.11,123498.12,36960.11,36960.11,36960.12,70.07232742266258,3.341389135476058
ab,mp,10,1024,237,inverse,141342.11,141342.11,141342.12,35441.11,35441.11,35441.11,74.92530003974045,3.9880836125053643
ab,mp,4,16,238,forward,897.11,897.11,897.11,324.11,324.11,324.11,63.87176600416894,2.7679182993428157
ab,mp,4,16,238,inverse,1026.11,1026.11,1026.11,350.11,350.11,350.11,65.87987642650397,2.9308217417383102
ab,mp,5,32,238,forward,2121.11,2121.11,2121.11,726.11,726.11,726.11,65.76745194732948,2.921196512925039
ab,mp,5,32,238,inverse,2418.11,2418.11,2418.11,743.11,743.11,743.11,69.26897452969469,3.254040451615508
ab,mp,6,64,238,forward,4852.11,4852.11,4852.11,1502.11,1502.11,1502.11,69.04212806387324,3.2301961906917604
ab,mp,6,64,238,inverse,5558.11,5558.11,5558.11,1523.11,1523.11,1523.11,72.59662007408994,3.6491848914392264
ab,mp,7,128,238,forward,11244.11,11244.11,11244.12,3485.11,3485.11,3485.11,69.0050168488213,3.226328580733463
ab,mp,7,128,238,inverse,12838.11,12838.11,12838.11,3418.11,3418.11,3418.11,73.37528654918832,3.7559089672362798
ab,mp,8,256,238,forward,25031.11,25031.11,25031.11,7594.11,7594.11,7594.11,69.66131346152848,3.2961215995027726
ab,mp,8,256,238,inverse,28666.11,28666.11,28666.12,7352.11,7352.11,7352.11,74.3526066145703,3.899031706544108
ab,mp,9,512,238,forward,56559.11,56559.11,56559.12,17099.11,17099.11,17099.11,69.76771734915914,3.307722448712243
ab,mp,9,512,238,inverse,64586.11,64586.11,64586.11,16467.11,16467.11,16467.12,74.50363553401806,3.922127805061119
ab,mp,10,1024,238,forward,123498.11,123498.11,123498.12,36960.11,36960.11,36960.12,70.07232742266258,3.341389135476058
ab,mp,10,1024,238,inverse,141342.11,141342.11,141342.12,35441.11,35441.11,35441.12,74.92530003974045,3.9880836125053643
ab,mp,4,16,239,forward,897.11,897.11,897.11,324.11,324.11,324.11,63.87176600416894,2.7679182993428157
ab,mp,4,16,239,inverse,1026.11,1026.11,1026.11,350.11,350.11,350.11,65.87987642650397,2.9308217417383102
ab,mp,5,32,239,forward,2121.11,2121.11,2121.11,726.11,726.11,726.11,65.76745194732948,2.921196512925039
ab,mp,5,32,239,inverse,2418.11,2418.11,2418.11,743.11,743.11,743.11,69.26897452969469,3.254040451615508
ab,mp,6,64,239,forward,4852.11,4852.11,4852.12,1502.11,1502.11,1502.11,69.04212806387324,3.2301961906917604
ab,mp,6,64,239,inverse,5558.11,5558.11,5558.11,1523.11,1523.11,1523.11,72.59662007408994,3.6491848914392264
ab,mp,7,128,239,forward,11244.11,11244.11,11244.11,3485.11,3485.11,3485.11,69.0050168488213,3.226328580733463
ab,mp,7,128,239,inverse,12838.11,12838.11,12838.11,3418.11,3418.11,3418.11,73.37528654918832,3.7559089672362798
ab,mp,8,256,239,forward,25031.11,25031.11,25031.12,7594.11,7594.11,7594.11,69.66131346152848,3.2961215995027726
ab,mp,8,256,239,inverse,28666.11,28666.11,28666.11,7352.11,7352.11,7352.11,74.3526066145703,3.899031706544108
ab,mp,9,512,239,forward,56559.11,56559.11,56559.12,17099.11,17099.11,17099.11,69.76771734915914,3.307722448712243
ab,mp,9,512,239,inverse,64586.11,64586.11,64586.12,16467.11,16467.11,16467.11,74.50363553401806,3.922127805061119
ab,mp,10,1024,239,forward,123498.11,123498.11,123498.12,36960.11,36960.11,36960.11,70.07232742266258,3.341389135476058
ab,mp,10,1024,239,inverse,141342.11,141342.11,141342.12,35441.11,35441.11,35441.12,74.92530003974045,3.9880836125053643
ab,mp,4,16,240,forward,897.11,897.11,897.11,324.11,324.11,324.11,63.87176600416894,2.7679182993428157
ab,mp,4,16,240,inverse,1026.11,1026.11,1026.11,350.11,350.11,350.11,65.87987642650397,2.9308217417383102
ab,mp,5,32,240,forward,2121.11,2121.11,2121.11,726.11,726.11,726.11,65.76745194732948,2.921196512925039
ab,mp,5,32,240,inverse,2418.11,2418.11,2418.11,743.11,743.11,743.11,69.26897452969469,3.254040451615508
ab,mp,6,64,240,forward,4852.11,4852.11,4852.11,1502.11,1502.11,1502.11,69.04212806387324,3.2301961906917604
ab,mp,6,64,240,inverse,5558.11,5558.11,5558.11,1523.11,1523.11,1523.11,72.59662007408994,3.6491848914392264
ab,mp,7,128,240,forward,11244.11,11244.11,11244.11,3485.11,3485.11,3485.11,69.0050168488213,3.226328580733463
ab,mp,7,128,240,inverse,12838.11,12838.11,12838.11,3418.11,3418.11,3418.11,73.37528654918832,3.7559089672362798
ab,mp,8,256,240,forward,25031.11,25031.11,25031.12,7594.11,7594.11,7594.11,69.66131346152848,3.2961215995027726
ab,mp,8,256,240,inverse,28666.11,28666.11,28666.11,7352.11,7352.11,7352.11,74.3526066145703,3.899031706544108
ab,mp,9,512,240,forward,56559.11,56559.11,56559.12,17099.11,17099.11,17099.11,69.76771734915914,3.307722448712243
ab,mp,9,512,240,inverse,64586.11,64586.11,64586.12,16467.11,16467.11,16467.11,74.50363553401806,3.922127805061119
ab,mp,10,1024,240,forward,123498.11,123498.11,123498.12,36960.11,36960.11,36960.12,70.07232742266258,3.341389135476058
ab,mp,10,1024,240,inverse,141342.11,141342.11,141342.12,35441.11,35441.11,35441.11,74.92530003974045,3.9880836125053643
ab,mp,4,16,241,forward,897.11,897.11,897.11,324.11,324.11,324.11,63.87176600416894,2.7679182993428157
ab,mp,4,16,241,inverse,1026.11,1026.11,1026.11,350.11,350.11,350.11,65.87987642650397,2.9308217417383102
ab,mp,5,32,241,forward,2121.11,2121.11,2121.11,726.11,726.11,726.11,65.76745194732948,2.921196512925039
ab,mp,5,32,241,inverse,2418.11,2418.11,2418.11,743.11,743.11,743.11,69.26897452969469,3.254040451615508
ab,mp,6,64,241,forward,4852.11,4852.11,4852.11,1502.11,1502.11,1502.11,69.04212806387324,3.2301961906917604
ab,mp,6,64,241,inverse,5558.11,5558.11,5558.11,1523.11,1523.11,1523.11,72.59662007408994,3.6491848914392264
ab,mp,7,128,241,forward,11244.11,11244.11,11244.11,3485.11,3485.11,3485.11,69.0050168488213,3.226328580733463
ab,mp,7,128,241,inverse,12838.11,12838.11,12838.11,3418.11,3418.11,3418.11,73.37528654918832,3.7559089672362798
ab,mp,8,256,241,forward,25031.11,25031.11,25031.11,7594.11,7594.11,7594.11,69.66131346152848,3.2961215995027726
ab,mp,8,256,241,inverse,28666.11,28666.11,28666.12,7352.11,7352.11,7352.11,74.3526066145703,3.899031706544108
ab,mp,9,512,241,forward,56559.11,56559.11,56559.12,17099.11,17099.11,17099.11,69.76771734915914,3.307722448712243
ab,mp,9,512,241,inverse,64586.11,64586.11,64586.12,16467.11,16467.11,16467.11,74.50363553401806,3.922127805061119
ab,mp,10,1024,241,forward,123498.11,123498.11,123498.12,36960.11,36960.11,36960.11,70.07232742266258,3.341389135476058
ab,mp,10,1024,241,inverse,141342.11,141342.11,141342.12,35441.11,35441.11,35441.11,74.92530003974045,3.9880836125053643
ab,mp,4,16,242,forward,897.11,897.11,897.11,324.11,324.11,324.11,63.87176600416894,2.7679182993428157
ab,mp,4,16,242,inverse,1026.11,1026.11,1026.11,350.11,350.11,350.11,65.87987642650397,2.9308217417383102
ab,mp,5,32,242,forward,2121.11,2121.11,2121.11,726.11,726.11,726.11,65.76745194732948,2.921196512925039
ab,mp,5,32,242,inverse,2418.11,2418.11,2418.11,743.11,743.11,743.11,69.26897452969469,3.254040451615508
ab,mp,6,64,242,forward,4852.11,4852.11,4852.11,1502.11,1502.11,1502.12,69.04212806387324,3.2301961906917604
ab,mp,6,64,242,inverse,5558.11,5558.11,5558.11,1523.11,1523.11,1523.11,72.59662007408994,3.6491848914392264
ab,mp,7,128,242,forward,11244.11,11244.11,11244.11,3485.11,3485.11,3485.11,69.0050168488213,3.226328580733463
ab,mp,7,128,242,inverse,12838.11,12838.11,12838.11,3418.11,3418.11,3418.11,73.37528654918832,3.7559089672362798
ab,mp,8,256,242,forward,25031.11,25031.11,25031.12,7594.11,7594.11,7594.11,69.66131346152848,3.2961215995027726
ab,mp,8,256,242,inverse,28666.11,28666.11,28666.11,7352.11,7352.11,7352.11,74.3526066145703,3.899031706544108
ab,mp,9,512,242,forward,56559.11,56559.11,56559.12,17099.11,17099.11,17099.11,69.76771734915914,3.307722448712243
ab,mp,9,512,242,inverse,64586.11,64586.11,64586.12,16467.11,16467.11,16467.11,74.50363553401806,3.922127805061119
ab,mp,10,1024,242,forward,123498.11,123498.11,123498.12,36960.11,36960.11,36960.11,70.07232742266258,3.341389135476058
ab,mp,10,1024,242,inverse,141342.11,141342.11,141342.12,35441.11,35441.11,35441.12,74.92530003974045,3.9880836125053643
ab,mp,4,16,243,forward,897.11,897.11,897.12,324.11,324.11,324.11,63.87176600416894,2.7679182993428157
ab,mp,4,16,243,inverse,1026.11,1026.11,1026.11,350.11,350.11,350.11,65.87987642650397,2.9308217417383102
ab,mp,5,32,243,forward,2121.11,2121.11,2121.11,726.11,726.11,726.11,65.76745194732948,2.921196512925039
ab,mp,5,32,243,inverse,2418.11,2418.11,2418.11,743.11,743.11,743.11,69.26897452969469,3.254040451615508
ab,mp,6,64,243,forward,4852.11,4852.11,4852.11,1502.11,1502.11,1502.11,69.04212806387324,3.2301961906917604
ab,mp,6,64,243,inverse,5558.11,5558.11,5558.11,1523.11,1523.11,1523.11,72.59662007408994,3.6491848914392264
ab,mp,7,128,243,forward,11244.11,11244.11,11244.11,3485.11,3485.11,3485.11,69.0050168488213,3.226328580733463
ab,mp,7,128,243,inverse,12838.11,12838.11,12838.11,3418.11,3418.11,3418.11,73.37528654918832,3.7559089672362798
ab,mp,8,256,243,forward,25031.11,25031.11,25031.12,7594.11,7594.11,7594.11,69.66131346152848,3.2961215995027726
ab,mp,8,256,243,inverse,28666.11,28666.11,28666.11,7352.11,7352.11,7352.11,74.3526066145703,3.899031706544108
ab,mp,9,512,243,forward,56559.11,56559.11,56559.12,17099.11,17099.11,17099.11,69.76771734915914,3.307722448712243
ab,mp,9,512,243,inverse,64586.11,64586.11,64586.12,16467.11,16467.11,16467.11,74.50363553401806,3.922127805061119
ab,mp,10,1024,243,forward,123498.11,123498.11,123498.12,36960.11,36960.11,36960.12,70.07232742266258,3.341389135476058
ab,mp,10,1024,243,inverse,141342.11,141342.11,141342.12,35441.11,35441.11,35441.11,74.92530003974045,3.9880836125053643
ab,mp,4,16,244,forward,897.11,897.11,897.11,324.11,324.11,324.11,63.87176600416894,2.7679182993428157
ab,mp,4,16,244,inverse,1026.11,1026.11,1026.11,350.11,350.11,350.11,65.87987642650397,2.9308217417383102
ab,mp,5,32,244,forward,2121.11,2121.11,2121.11,726.11,726.11,726.11,65.76745194732948,2.921196512925039
ab,mp,5,32,244,inverse,2418.11,2418.11,2418.11,743.11,743.11,743.11,69.26897452969469,3.254040451615508
ab,mp,6,64,244,forward,4852.11,4852.11,4852.11,1502.11,1502.11,1502.11,69.04212806387324,3.2301961906917604
ab,mp,6,64,244,inverse,5558.11,5558.11,5558.11,1523.11,1523.11,1523.11,72.59662007408994,3.6491848914392264
ab,mp,7,128,244,forward,11244.11,11244.11,11244.12,3485.11,3485.11,3485.11,69.0050168488213,3.226328580733463
ab,mp,7,128,244,inverse,12838.11,12838.11,12838.11,3418.11,3418.11,3418.11,73.37528654918832,3.7559089672362798
ab,mp,8,256,244,forward,25031.11,25031.11,25031.11,7594.11,7594.11,7594.11,69.66131346152848,3.2961215995027726
ab,mp,8,256,244,inverse,28666.11,28666.11,28666.11,7352.11,7352.11,7352.12,74.3526066145703,3.899031706544108
ab,mp,9,512,244,forward,56559.11,56559.11,56559.12,17099.11,17099.11,17099.11,69.76771734915914,3.307722448712243
ab,mp,9,512,244,inverse,64586.11,64586.11,64586.12,16467.11,16467.11,16467.11,74.50363553401806,3.922127805061119
ab,mp,10,1024,244,forward,123498.11,123498.11,123498.12,36960.11,36960.11,36960.11,70.07232742266258,3.341389135476058
ab,mp,10,1024,244,inverse,141342.11,141342.11,141342.12,35441.11,35441.11,35441.11,74.92530003974045,3.9880836125053643
ab,mp,4,16,245,forward,897.11,897.11,897.11,324.11,324.11,324.11,63.87176600416894,2.7679182993428157
ab,mp,4,16,245,inverse,1026.11,1026.11,1026.11,350.11,350.11,350.11,65.87987642650397,2.9308217417383102
ab,mp,5,32,245,forward,2121.11,2121.11,2121.11,726.11,726.11,726.11,65.76745194732948,2.921196512925039
ab,mp,5,32,245,inverse,2418.11,2418.11,2418.11,743.11,743.11,743.11,69.26897452969469,3.254040451615508
ab,mp,6,64,245,forward,4852.11,4852.11,4852.11,1502.11,1502.11,1502.11,69.04212806387324,3.2301961906917604
ab,mp,6,64,245,inverse,5558.11,5558.11,5558.11,1523.11,1523.11,1523.11,72.59662007408994,3.6491848914392264
ab,mp,7,128,245,forward,11244.11,11244.11,11244.11,3485.11,3485.11,3485.11,69.0050168488213,3.226328580733463
ab,mp,7,128,245,inverse,12838.11,12838.11,12838.11,3418.11,3418.11,3418.11,73.37528654918832,3.7559089672362798
ab,mp,8,256,245,forward,25031.11,25031.11,25031.11,7594.11,7594.11,7594.12,69.66131346152848,3.2961215995027726
ab,mp,8,256,245,inverse,28666.11,28666.11,28666.11,7352.11,7352.11,7352.11,74.3526066145703,3.899031706544108
ab,mp,9,512,245,forward,56559.11,56559.11,56559.12,17099.11,17099.11,17099.11,69.76771734915914,3.307722448712243
ab,mp,9,512,245,inverse,64586.11,64586.11,64586.12,16467.11,16467.11,16467.11,74.50363553401806,3.922127805061119
ab,mp,10,1024,245,forward,123498.11,123498.11,123498.12,36960.11,36960.11,36960.11,70.07232742266258,3.341389135476058
ab,mp,10,1024,245,inverse,141342.11,141342.11,141342.12,35441.11,35441.11,35441.11,74.92530003974045,3.9880836125053643
ab,mp,4,16,246,forward,897.11,897.11,897.11,324.11,324.11,324.11,63.87176600416894,2.7679182993428157
ab,mp,4,16,246,inverse,1026.11,1026.11,1026.11,350.11,350.11,350.11,65.87987642650397,2.9308217417383102
ab,mp,5,32,246,forward,2121.11,2121.11,2121.11,726.11,726.11,726.11,65.76745194732948,2.921196512925039
ab,mp,5,32,246,inverse,2418.11,2418.11,2418.11,743.11,743.11,743.11,69.26897452969469,3.254040451615508
ab,mp,6,64,246,forward,4852.11,4852.11,4852.11,1502.11,1502.11,1502.11,69.04212806387324,3.2301961906917604
ab,mp,6,64,246,inverse,5558.11,5558.11,5558.11,1523.11,1523.11,1523.11,72.59662007408994,3.6491848914392264
ab,mp,7,128,246,forward,11244.11,11244.11,11244.11,3485.11,3485.11,3485.11,69.0050168488213,3.226328580733463
ab,mp,7,128,246,inverse,12838.11,12838.11,12838.11,3418.11,3418.11,3418.11,73.37528654918832,3.7559089672362798
ab,mp,8,256,246,forward,25031.11,25031.11,25031.12,7594.11,7594.11,7594.11,69.66131346152848,3.2961215995027726
ab,mp,8,256,246,inverse,28666.11,28666.11,28666.11,7352.11,7352.11,7352.11,74.3526066145703,3.899031706544108
ab,mp,9,512,246,forward,56559.11,56559.11,56559.11,17099.11,17099.11,17099.12,69.76771734915914,3.307722448712243
ab,mp,9,512,246,inverse,64586.11,64586.11,64586.12,16467.11,16467.11,16467.11,74.50363553401806,3.922127805061119
ab,mp,10,1024,246,forward,123498.11,123498.11,123498.12,36960.11,36960.11,36960.12,70.07232742266258,3.341389135476058
ab,mp,10,1024,246,inverse,141342.11,141342.11,141342.12,35441.11,35441.11,35441.12,74.92530003974045,3.9880836125053643
ab,mp,4,16,247,forward,897.11,897.11,897.11,324.11,324.11,324.11,63.87176600416894,2.7679182993428157
ab,mp,4,16,247,inverse,1026.11,1026.11,1026.11,350.11,350.11,350.11,65.87987642650397,2.9308217417383102
ab,mp,5,32,247,forward,2121.11,2121.11,2121.11,726.11,726.11,726.11,65.76745194732948,2.921196512925039
ab,mp,5,32,247,inverse,2418.11,2418.11,2418.11,743.11,743.11,743.11,69.26897452969469,3.254040451615508
ab,mp,6,64,247,forward,4852.11,4852.11,4852.11,1502.11,1502.11,1502.11,69.04212806387324,3.2301961906917604
ab,mp,6,64,247,inverse,5558.11,5558.11,5558.11,1523.11,1523.11,1523.11,72.59662007408994,3.6491848914392264
ab,mp,7,128,247,forward,11244.11,11244.11,11244.11,3485.11,3485.11,3485.11,69.0050168488213,3.226328580733463
ab,mp,7,128,247,inverse,12838.11,12838.11,12838.11,3418.11,3418.11,3418.11,73.37528654918832,3.7559089672362798
ab,mp,8,256,247,forward,25031.11,25031.11,25031.11,7594.11,7594.11,7594.11,69.66131346152848,3.2961215995027726
ab,mp,8,256,247,inverse,28666.11,28666.11,28666.12,7352.11,7352.11,7352.11,74.3526066145703,3.899031706544108
ab,mp,9,512,247,forward,56559.11,56559.11,56559.12,17099.11,17099.11,17099.11,69.76771734915914,3.307722448712243
ab,mp,9,512,247,inverse,64586.11,64586.11,64586.12,16467.11,16467.11,16467.11,74.50363553401806,3.922127805061119
ab,mp,10,1024,247,forward,123498.11,123498.11,123498.12,36960.11,36960.11,36960.11,70.07232742266258,3.341389135476058
ab,mp,10,1024,247,inverse,141342.11,141342.11,141342.12,35441.11,35441.11,35441.12,74.92530003974045,3.9880836125053643
ab,mp,4,16,248,forward,897.11,897.11,897.11,324.11,324.11,324.11,63.87176600416894,2.7679182993428157
ab,mp,4,16,248,inverse,1026.11,1026.11,1026.11,350.11,350.11,350.11,65.87987642650397,2.9308217417383102
ab,mp,5,32,248,forward,2121.11,2121.11,2121.11,726.11,726.11,726.11,65.76745194732948,2.921196512925039
ab,mp,5,32,248,inverse,2418.11,2418.11,2418.11,743.11,743.11,743.11,69.26897452969469,3.254040451615508
ab,mp,6,64,248,forward,4852.11,4852.11,4852.11,1502.11,1502.11,1502.11,69.04212806387324,3.2301961906917604
ab,mp,6,64,248,inverse,5558.11,5558.11,5558.12,1523.11,1523.11,1523.11,72.59662007408994,3.6491848914392264
ab,mp,7,128,248,forward,11244.11,11244.11,11244.11,3485.11,3485.11,3485.11,69.0050168488213,3.226328580733463
ab,mp,7,128,248,inverse,12838.11,12838.11,12838.11,3418.11,3418.11,3418.11,73.37528654918832,3.7559089672362798
ab,mp,8,256,248,forward,25031.11,25031.11,25031.12,7594.11,7594.11,7594.11,69.66131346152848,3.2961215995027726
ab,mp,8,256,248,inverse,28666.11,28666.11,28666.11,7352.11,7352.11,7352.11,74.3526066145703,3.899031706544108
ab,mp,9,512,248,forward,56559.11,56559.11,56559.11,17099.11,17099.11,17099.12,69.76771734915914,3.307722448712243
ab,mp,9,512,248,inverse,64586.11,64586.11,64586.12,16467.11,16467.11,16467.11,74.50363553401806,3.922127805061119
ab,mp,10,1024,248,forward,123498.11,123498.11,123498.12,36960.11,36960.11,36960.12,70.07232742266258,3.341389135476058
ab,mp,10,1024,248,inverse,141342.11,141342.11,141342.12,35441.11,35441.11,35441.11,74.92530003974045,3.9880836125053643
ab,mp,4,16,249,forward,897.11,897.11,897.11,324.11,324.11,324.11,63.87176600416894,2.7679182993428157
ab,mp,4,16,249,inverse,1026.11,1026.11,1026.11,350.11,350.11,350.11,65.87987642650397,2.9308217417383102
ab,mp,5,32,249,forward,2121.11,2121.11,2121.11,726.11,726.11,726.11,65.76745194732948,2.921196512925039
ab,mp,5,32,249,inverse,2418.11,2418.11,2418.11,743.11,743.11,743.11,69.26897452969469,3.254040451615508
ab,mp,6,64,249,forward,4852.11,4852.11,4852.11,1502.11,1502.11,1502.11,69.04212806387324,3.2301961906917604
ab,mp,6,64,249,inverse,5558.11,5558.11,5558.11,1523.11,1523.11,1523.11,72.59662007408994,3.6491848914392264
ab,mp,7,128,249,forward,11244.11,11244.11,11244.11,3485.11,3485.11,3485.11,69.0050168488213,3.226328580733463
ab,mp,7,128,249,inverse,12838.11,12838.11,12838.11,3418.11,3418.11,3418.11,73.37528654918832,3.7559089672362798
ab,mp,8,256,249,forward,25031.11,25031.11,25031.12,7594.11,7594.11,7594.11,69.66131346152848,3.2961215995027726
ab,mp,8,256,249,inverse,28666.11,28666.11,28666.11,7352.11,7352.11,7352.11,74.3526066145703,3.899031706544108
ab,mp,9,512,249,forward,56559.11,56559.11,56559.12,17099.11,17099.11,17099.11,69.76771734915914,3.307722448712243
ab,mp,9,512,249,inverse,64586.11,64586.11,64586.12,16467.11,16467.11,16467.11,74.50363553401806,3.922127805061119
ab,mp,10,1024,249,forward,123498.11,123498.11,123498.12,36960.11,36960.11,36960.11,70.07232742266258,3.341389135476058
ab,mp,10,1024,249,inverse,141342.11,141342.11,141342.12,35441.11,35441.11,35441.12,74.92530003974045,3.9880836125053643
ab,mp,4,16,250,forward,897.11,897.11,897.11,324.11,324.11,324.11,63.87176600416894,2.7679182993428157
ab,mp,4,16,250,inverse,1026.11,1026.11,1026.11,350.11,350.11,350.11,65.87987642650397,2.9308217417383102
ab,mp,5,32,250,forward,2121.11,2121.11,2121.11,726.11,726.11,726.11,65.76745194732948,2.921196512925039
ab,mp,5,32,250,inverse,2418.11,2418.11,2418.11,743.11,743.11,743.11,69.26897452969469,3.254040451615508
ab,mp,6,64,250,forward,4852.11,4852.11,4852.11,1502.11,1502.11,1502.11,69.04212806387324,3.2301961906917604
ab,mp,6,64,250,inverse,5558.11,5558.11,5558.11,1523.11,1523.11,1523.11,72.59662007408994,3.6491848914392264
ab,mp,7,128,250,forward,11244.11,11244.11,11244.11,3485.11,3485.11,3485.11,69.0050168488213,3.226328580733463
ab,mp,7,128,250,inverse,12838.11,12838.11,12838.12,3418.11,3418.11,3418.11,73.37528654918832,3.7559089672362798
ab,mp,8,256,250,forward,25031.11,25031.11,25031.11,7594.11,7594.11,7594.11,69.66131346152848,3.2961215995027726
ab,mp,8,256,250,inverse,28666.11,28666.11,28666.12,7352.11,7352.11,7352.11,74.3526066145703,3.899031706544108
ab,mp,9,512,250,forward,56559.11,56559.11,56559.12,17099.11,17099.11,17099.11,69.76771734915914,3.307722448712243
ab,mp,9,512,250,inverse,64586.11,64586.11,64586.12,16467.11,16467.11,16467.11,74.50363553401806,3.922127805061119
ab,mp,10,1024,250,forward,123498.11,123498.11,123498.12,36960.11,36960.11,36960.11,70.07232742266258,3.341389135476058
ab,mp,10,1024,250,inverse,141342.11,141342.11,141342.12,35441.11,35441.11,35441.12,74.92530003974045,3.9880836125053643
ab,mp,4,16,251,forward,897.11,897.11,897.11,324.11,324.11,324.11,63.87176600416894,2.7679182993428157
ab,mp,4,16,251,inverse,1026.11,1026.11,1026.11,350.11,350.11,350.11,65.87987642650397,2.9308217417383102
ab,mp,5,32,251,forward,2121.11,2121.11,2121.11,726.11,726.11,726.11,65.76745194732948,2.921196512925039
ab,mp,5,32,251,inverse,2418.11,2418.11,2418.11,743.11,743.11,743.11,69.26897452969469,3.254040451615508
ab,mp,6,64,251,forward,4852.11,4852.11,4852.11,1502.11,1502.11,1502.11,69.04212806387324,3.2301961906917604
ab,mp,6,64,251,inverse,5558.11,5558.11,5558.11,1523.11,1523.11,1523.12,72.59662007408994,3.6491848914392264
ab,mp,7,128,251,forward,11244.11,11244.11,11244.11,3485.11,3485.11,3485.11,69.0050168488213,3.226328580733463
ab,mp,7,128,251,inverse,12838.11,12838.11,12838.11,3418.11,3418.11,3418.11,73.37528654918832,3.7559089672362798
ab,mp,8,256,251,forward,25031.11,25031.11,25031.12,7594.11,7594.11,7594.11,69.66131346152848,3.2961215995027726
ab,mp,8,256,251,inverse,28666.11,28666.11,28666.11,7352.11,7352.11,7352.11,74.3526066145703,3.899031706544108
ab,mp,9,512,251,forward,56559.11,56559.11,56559.11,17099.11,17099.11,17099.12,69.76771734915914,3.307722448712243
ab,mp,9,512,251,inverse,64586.11,64586.11,64586.12,16467.11,16467.11,16467.11,74.50363553401806,3.922127805061119
ab,mp,10,1024,251,forward,123498.11,123498.11,123498.12,36960.11,36960.11,36960.12,70.07232742266258,3.341389135476058
ab,mp,10,1024,251,inverse,141342.11,141342.11,141342.12,35441.11,35441.11,35441.11,74.92530003974045,3.9880836125053643
ab,mp,4,16,252,forward,897.11,897.11,897.11,324.11,324.11,324.11,63.87176600416894,2.7679182993428157
ab,mp,4,16,252,inverse,1026.11,1026.11,1026.12,350.11,350.11,350.11,65.87987642650397,2.9308217417383102
ab,mp,5,32,252,forward,2121.11,2121.11,2121.11,726.11,726.11,726.11,65.76745194732948,2.921196512925039
ab,mp,5,32,252,inverse,2418.11,2418.11,2418.11,743.11,743.11,743.11,69.26897452969469,3.254040451615508
ab,mp,6,64,252,forward,4852.11,4852.11,4852.11,1502.11,1502.11,1502.11,69.04212806387324,3.2301961906917604
ab,mp,6,64,252,inverse,5558.11,5558.11,5558.11,1523.11,1523.11,1523.11,72.59662007408994,3.6491848914392264
ab,mp,7,128,252,forward,11244.11,11244.11,11244.11,3485.11,3485.11,3485.11,69.0050168488213,3.226328580733463
ab,mp,7,128,252,inverse,12838.11,12838.11,12838.11,3418.11,3418.11,3418.11,73.37528654918832,3.7559089672362798
ab,mp,8,256,252,forward,25031.11,25031.11,25031.12,7594.11,7594.11,7594.11,69.66131346152848,3.2961215995027726
ab,mp,8,256,252,inverse,28666.11,28666.11,28666.11,7352.11,7352.11,7352.11,74.3526066145703,3.899031706544108
ab,mp,9,512,252,forward,56559.11,56559.11,56559.12,17099.11,17099.11,17099.11,69.76771734915914,3.307722448712243
ab,mp,9,512,252,inverse,64586.11,64586.11,64586.12,16467.11,16467.11,16467.11,74.50363553401806,3.922127805061119
ab,mp,10,1024,252,forward,123498.11,123498.11,123498.12,36960.11,36960.11,36960.11,70.07232742266258,3.341389135476058
ab,mp,10,1024,252,inverse,141342.11,141342.11,141342.12,35441.11,35441.11,35441.12,74.92530003974045,3.9880836125053643
ab,mp,4,16,253,forward,897.11,897.11,897.11,324.11,324.11,324.11,63.87176600416894,2.7679182993428157
ab,mp,4,16,253,inverse,1026.11,1026.11,1026.11,350.11,350.11,350.11,65.87987642650397,2.9308217417383102
ab,mp,5,32,253,forward,2121.11,2121.11,2121.11,726.11,726.11,726.11,65.76745194732948,2.921196512925039
ab,mp,5,32,253,inverse,2418.11,2418.11,2418.11,743.11,743.11,743.11,69.26897452969469,3.254040451615508
ab,mp,6,64,253,forward,4852.11,4852.11,4852.11,1502.11,1502.11,1502.11,69.04212806387324,3.2301961906917604
ab,mp,6,64,253,inverse,5558.11,5558.11,5558.11,1523.11,1523.11,1523.11,72.59662007408994,3.6491848914392264
ab,mp,7,128,253,forward,11244.11,11244.11,11244.11,3485.11,3485.11,3485.11,69.0050168488213,3.226328580733463
ab,mp,7,128,253,inverse,12838.11,12838.11,12838.12,3418.11,3418.11,3418.11,73.37528654918832,3.7559089672362798
ab,mp,8,256,253,forward,25031.11,25031.11,25031.11,7594.11,7594.11,7594.11,69.66131346152848,3.2961215995027726
ab,mp,8,256,253,inverse,28666.11,28666.11,28666.12,7352.11,7352.11,7352.11,74.3526066145703,3.899031706544108
ab,mp,9,512,253,forward,56559.11,56559.11,56559.12,17099.11,17099.11,17099.11,69.76771734915914,3.307722448712243
ab,mp,9,512,253,inverse,64586.11,64586.11,64586.12,16467.11,16467.11,16467.11,74.50363553401806,3.922127805061119
ab,mp,10,1024,253,forward,123498.11,123498.11,123498.12,36960.11,36960.11,36960.11,70.07232742266258,3.341389135476058
ab,mp,10,1024,253,inverse,141342.11,141342.11,141342.12,35441.11,35441.11,35441.12,74.92530003974045,3.9880836125053643
ab,mp,4,16,254,forward,897.11,897.11,897.11,324.11,324.11,324.11,63.87176600416894,2.7679182993428157
ab,mp,4,16,254,inverse,1026.11,1026.11,1026.11,350.11,350.11,350.11,65.87987642650397,2.9308217417383102
ab,mp,5,32,254,forward,2121.11,2121.11,2121.11,726.11,726.11,726.11,65.76745194732948,2.921196512925039
ab,mp,5,32,254,inverse,2418.11,2418.11,2418.11,743.11,743.11,743.11,69.26897452969469,3.254040451615508
ab,mp,6,64,254,forward,4852.11,4852.11,4852.11,1502.11,1502.11,1502.11,69.04212806387324,3.2301961906917604
ab,mp,6,64,254,inverse,5558.11,5558.11,5558.12,1523.11,1523.11,1523.11,72.59662007408994,3.6491848914392264
ab,mp,7,128,254,forward,11244.11,11244.11,11244.11,3485.11,3485.11,3485.11,69.0050168488213,3.226328580733463
ab,mp,7,128,254,inverse,12838.11,12838.11,12838.11,3418.11,3418.11,3418.11,73.37528654918832,3.7559089672362798
ab,mp,8,256,254,forward,25031.11,25031.11,25031.11,7594.11,7594.11,7594.11,69.66131346152848,3.2961215995027726
ab,mp,8,256,254,inverse,28666.11,28666.11,28666.11,7352.11,7352.11,7352.11,74.3526066145703,3.899031706544108
ab,mp,9,512,254,forward,56559.11,56559.11,56559.11,17099.11,17099.11,17099.12,69.76771734915914,3.307722448712243
ab,mp,9,512,254,inverse,64586.11,64586.11,64586.11,16467.11,16467.11,16467.12,74.50363553401806,3.922127805061119
ab,mp,10,1024,254,forward,123498.11,123498.11,123498.12,36960.11,36960.11,36960.12,70.07232742266258,3.341389135476058
ab,mp,10,1024,254,inverse,141342.11,141342.11,141342.12,35441.11,35441.11,35441.11,74.92530003974045,3.9880836125053643
ab,mp,4,16,255,forward,897.11,897.11,897.11,324.11,324.11,324.11,63.87176600416894,2.7679182993428157
ab,mp,4,16,255,inverse,1026.11,1026.11,1026.11,350.11,350.11,350.11,65.87987642650397,2.9308217417383102
ab,mp,5,32,255,forward,2121.11,2121.11,2121.11,726.11,726.11,726.11,65.76745194732948,2.921196512925039
ab,mp,5,32,255,inverse,2418.11,2418.11,2418.11,743.11,743.11,743.11,69.26897452969469,3.254040451615508
ab,mp,6,64,255,forward,4852.11,4852.11,4852.11,1502.11,1502.11,1502.11,69.04212806387324,3.2301961906917604
ab,mp,6,64,255,inverse,5558.11,5558.11,5558.11,1523.11,1523.11,1523.11,72.59662007408994,3.6491848914392264
ab,mp,7,128,255,forward,11244.11,11244.11,11244.11,3485.11,3485.11,3485.11,69.0050168488213,3.226328580733463
ab,mp,7,128,255,inverse,12838.11,12838.11,12838.11,3418.11,3418.11,3418.11,73.37528654918832,3.7559089672362798
ab,mp,8,256,255,forward,25031.11,25031.11,25031.12,7594.11,7594.11,7594.11,69.66131346152848,3.2961215995027726
ab,mp,8,256,255,inverse,28666.11,28666.11,28666.11,7352.11,7352.11,7352.11,74.3526066145703,3.899031706544108
ab,mp,9,512,255,forward,56559.11,56559.11,56559.12,17099.11,17099.11,17099.11,69.76771734915914,3.307722448712243
ab,mp,9,512,255,inverse,64586.11,64586.11,64586.12,16467.11,16467.11,16467.11,74.50363553401806,3.922127805061119
ab,mp,10,1024,255,forward,123498.11,123498.11,123498.12,36960.11,36960.11,36960.11,70.07232742266258,3.341389135476058
ab,mp,10,1024,255,inverse,141342.11,141342.11,141342.12,35441.11,35441.11,35441.12,74.92530003974045,3.9880836125053643
ab,mp,4,16,256,forward,897.11,897.11,897.11,324.11,324.11,324.11,63.87176600416894,2.7679182993428157
ab,mp,4,16,256,inverse,1026.11,1026.11,1026.11,350.11,350.11,350.11,65.87987642650397,2.9308217417383102
ab,mp,5,32,256,forward,2121.11,2121.11,2121.11,726.11,726.11,726.11,65.76745194732948,2.921196512925039
ab,mp,5,32,256,inverse,2418.11,2418.11,2418.11,743.11,743.11,743.11,69.26897452969469,3.254040451615508
ab,mp,6,64,256,forward,4852.11,4852.11,4852.11,1502.11,1502.11,1502.11,69.04212806387324,3.2301961906917604
ab,mp,6,64,256,inverse,5558.11,5558.11,5558.11,1523.11,1523.11,1523.11,72.59662007408994,3.6491848914392264
ab,mp,7,128,256,forward,11244.11,11244.11,11244.11,3485.11,3485.11,3485.11,69.0050168488213,3.226328580733463
ab,mp,7,128,256,inverse,12838.11,12838.11,12838.11,3418.11,3418.11,3418.11,73.37528654918832,3.7559089672362798
ab,mp,8,256,256,forward,25031.11,25031.11,25031.11,7594.11,7594.11,7594.11,69.66131346152848,3.2961215995027726
ab,mp,8,256,256,inverse,28666.11,28666.11,28666.12,7352.11,7352.11,7352.11,74.3526066145703,3.899031706544108
ab,mp,9,512,256,forward,56559.11,56559.11,56559.12,17099.11,17099.11,17099.11,69.76771734915914,3.307722448712243
ab,mp,9,512,256,inverse,64586.11,64586.11,64586.12,16467.11,16467.11,16467.11,74.50363553401806,3.922127805061119
ab,mp,10,1024,256,forward,123498.11,123498.11,123498.12,36960.11,36960.11,36960.11,70.07232742266258,3.341389135476058
ab,mp,10,1024,256,inverse,141342.11,141342.11,141342.12,35441.11,35441.11,35441.12,74.92530003974045,3.9880836125053643
ab,mp,4,16,257,forward,897.11,897.11,897.11,324.11,324.11,324.11,63.87176600416894,2.7679182993428157
ab,mp,4,16,257,inverse,1026.11,1026.11,1026.11,350.11,350.11,350.11,65.87987642650397,2.9308217417383102
ab,mp,5,32,257,forward,2121.11,2121.11,2121.11,726.11,726.11,726.11,65.76745194732948,2.921196512925039
ab,mp,5,32,257,inverse,2418.11,2418.11,2418.11,743.11,743.11,743.11,69.26897452969469,3.254040451615508
ab,mp,6,64,257,forward,4852.11,4852.11,4852.11,1502.11,1502.11,1502.11,69.04212806387324,3.2301961906917604
ab,mp,6,64,257,inverse,5558.11,5558.11,5558.12,1523.11,1523.11,1523.11,72.59662007408994,3.6491848914392264
ab,mp,7,128,257,forward,11244.11,11244.11,11244.11,3485.11,3485.11,3485.11,69.0050168488213,3.226328580733463
ab,mp,7,128,257,inverse,12838.11,12838.11,12838.11,3418.11,3418.11,3418.11,73.37528654918832,3.7559089672362798
ab,mp,8,256,257,forward,25031.11,25031.11,25031.11,7594.11,7594.11,7594.11,69.66131346152848,3.2961215995027726
ab,mp,8,256,257,inverse,28666.11,28666.11,28666.11,7352.11,7352.11,7352.11,74.3526066145703,3.899031706544108
ab,mp,9,512,257,forward,56559.11,56559.11,56559.11,17099.11,17099.11,17099.12,69.76771734915914,3.307722448712243
ab,mp,9,512,257,inverse,64586.11,64586.11,64586.11,16467.11,16467.11,16467.12,74.50363553401806,3.922127805061119
ab,mp,10,1024,257,forward,123498.11,123498.11,123498.12,36960.11,36960.11,36960.12,70.07232742266258,3.341389135476058
ab,mp,10,1024,257,inverse,141342.11,141342.11,141342.12,35441.11,35441.11,35441.11,74.92530003974045,3.9880836125053643
ab,mp,4,16,258,forward,897.11,897.11,897.11,324.11,324.11,324.11,63.87176600416894,2.7679182993428157
ab,mp,4,16,258,inverse,1026.11,1026.11,1026.11,350.11,350.11,350.11,65.87987642650397,2.9308217417383102
ab,mp,5,32,258,forward,2121.11,2121.11,2121.11,726.11,726.11,726.11,65.76745194732948,2.921196512925039
ab,mp,5,32,258,inverse,2418.11,2418.11,2418.11,743.11,743.11,743.11,69.26897452969469,3.254040451615508
ab,mp,6,64,258,forward,4852.11,4852.11,4852.11,1502.11,1502.11,1502.11,69.04212806387324,3.2301961906917604
ab,mp,6,64,258,inverse,5558.11,5558.11,5558.11,1523.11,1523.11,1523.11,72.59662007408994,3.6491848914392264
ab,mp,7,128,258,forward,11244.11,11244.11,11244.11,3485.11,3485.11,3485.11,69.0050168488213,3.226328580733463
ab,mp,7,128,258,inverse,12838.11,12838.11,12838.11,3418.11,3418.11,3418.11,73.37528654918832,3.7559089672362798
ab,mp,8,256,258,forward,25031.11,25031.11,25031.12,7594.11,7594.11,7594.11,69.66131346152848,3.2961215995027726
ab,mp,8,256,258,inverse,28666.11,28666.11,28666.11,7352.11,7352.11,7352.11,74.3526066145703,3.899031706544108
ab,mp,9,512,258,forward,56559.11,56559.11,56559.12,17099.11,17099.11,17099.11,69.76771734915914,3.307722448712243
ab,mp,9,512,258,inverse,64586.11,64586.11,64586.12,16467.11,16467.11,16467.11,74.50363553401806,3.922127805061119
ab,mp,10,1024,258,forward,123498.11,123498.11,123498.12,36960.11,36960.11,36960.11,70.07232742266258,3.341389135476058
ab,mp,10,1024,258,inverse,141342.11,141342.11,141342.12,35441.11,35441.11,35441.12,74.92530003974045,3.9880836125053643
ab,mp,4,16,259,forward,897.11,897.11,897.11,324.11,324.11,324.11,63.87176600416894,2.7679182993428157
ab,mp,4,16,259,inverse,1026.11,1026.11,1026.11,350.11,350.11,350.11,65.87987642650397,2.9308217417383102
ab,mp,5,32,259,forward,2121.11,2121.11,2121.11,726.11,726.11,726.11,65.76745194732948,2.921196512925039
ab,mp,5,32,259,inverse,2418.11,2418.11,2418.11,743.11,743.11,743.11,69.26897452969469,3.254040451615508
ab,mp,6,64,259,forward,4852.11,4852.11,4852.11,1502.11,1502.11,1502.11,69.04212806387324,3.2301961906917604
ab,mp,6,64,259,inverse,5558.11,5558.11,5558.11,1523.11,1523.11,1523.11,72.59662007408994,3.6491848914392264
ab,mp,7,128,259,forward,11244.11,11244.11,11244.11,3485.11,3485.11,3485.11,69.0050168488213,3.226328580733463
ab,mp,7,128,259,inverse,12838.11,12838.11,12838.11,3418.11,3418.11,3418.12,73.37528654918832,3.7559089672362798
ab,mp,8,256,259,forward,25031.11,25031.11,25031.11,7594.11,7594.11,7594.11,69.66131346152848,3.2961215995027726
ab,mp,8,256,259,inverse,28666.11,28666.11,28666.11,7352.11,7352.11,7352.12,74.3526066145703,3.899031706544108
ab,mp,9,512,259,forward,56559.11,56559.11,56559.12,17099.11,17099.11,17099.11,69.76771734915914,3.307722448712243
ab,mp,9,512,259,inverse,64586.11,64586.11,64586.12,16467.11,16467.11,16467.11,74.50363553401806,3.922127805061119
ab,mp,10,1024,259,forward,123498.11,123498.11,123498.12,36960.11,36960.11,36960.11,70.07232742266258,3.341389135476058
ab,mp,10,1024,259,inverse,141342.11,141342.11,141342.12,35441.11,35441.11,35441.12,74.92530003974045,3.9880836125053643
ab,mp,4,16,260,forward,897.11,897.11,897.11,324.11,324.11,324.11,63.87176600416894,2.7679182993428157
ab,mp,4,16,260,inverse,1026.11,1026.11,1026.11,350.11,350.11,350.11,65.87987642650397,2.9308217417383102
ab,mp,5,32,260,forward,2121.11,2121.11,2121.11,726.11,726.11,726.11,65.76745194732948,2.921196512925039
ab,mp,5,32,260,inverse,2418.11,2418.11,2418.11,743.11,743.11,743.11,69.26897452969469,3.254040451615508
ab,mp,6,64,260,forward,4852.11,4852.11,4852.11,1502.11,1502.11,1502.11,69.04212806387324,3.2301961906917604
ab,mp,6,64,260,inverse,5558.11,5558.11,5558.12,1523.11,1523.11,1523.11,72.59662007408994,3.6491848914392264
ab,mp,7,128,260,forward,11244.11,11244.11,11244.11,3485.11,3485.11,3485.11,69.0050168488213,3.226328580733463
ab,mp,7,128,260,inverse,12838.11,12838.11,12838.11,3418.11,3418.11,3418.11,73.37528654918832,3.7559089672362798
ab,mp,8,256,260,forward,25031.11,25031.11,25031.11,7594.11,7594.11,7594.11,69.66131346152848,3.2961215995027726
ab,mp,8,256,260,inverse,28666.11,28666.11,28666.11,7352.11,7352.11,7352.11,74.3526066145703,3.899031706544108
ab,mp,9,512,260,forward,56559.11,56559.11,56559.12,17099.11,17099.11,17099.11,69.76771734915914,3.307722448712243
ab,mp,9,512,260,inverse,64586.11,64586.11,64586.11,16467.11,16467.11,16467.12,74.50363553401806,3.922127805061119
ab,mp,10,1024,260,forward,123498.11,123498.11,123498.12,36960.11,36960.11,36960.12,70.07232742266258,3.341389135476058
ab,mp,10,1024,260,inverse,141342.11,141342.11,141342.12,35441.11,35441.11,35441.11,74.92530003974045,3.9880836125053643
ab,mp,4,16,261,forward,897.11,897.11,897.11,324.11,324.11,324.11,63.87176600416894,2.7679182993428157
ab,mp,4,16,261,inverse,1026.11,1026.11,1026.11,350.11,350.11,350.11,65.87987642650397,2.9308217417383102
ab,mp,5,32,261,forward,2121.11,2121.11,2121.11,726.11,726.11,726.11,65.76745194732948,2.921196512925039
ab,mp,5,32,261,inverse,2418.11,2418.11,2418.11,743.11,743.11,743.11,69.26897452969469,3.254040451615508
ab,mp,6,64,261,forward,4852.11,4852.11,4852.11,1502.11,1502.11,1502.11,69.04212806387324,3.2301961906917604
ab,mp,6,64,261,inverse,5558.11,5558.11,5558.11,1523.11,1523.11,1523.11,72.59662007408994,3.6491848914392264
ab,mp,7,128,261,forward,11244.11,11244.11,11244.11,3485.11,3485.11,3485.11,69.0050168488213,3.226328580733463
ab,mp,7,128,261,inverse,12838.11,12838.11,12838.11,3418.11,3418.11,3418.11,73.37528654918832,3.7559089672362798
ab,mp,8,256,261,forward,25031.11,25031.11,25031.11,7594.11,7594.11,7594.12,69.66131346152848,3.2961215995027726
ab,mp,8,256,261,inverse,28666.11,28666.11,28666.11,7352.11,7352.11,7352.11,74.3526066145703,3.899031706544108
ab,mp,9,512,261,forward,56559.11,56559.11,56559.12,17099.11,17099.11,17099.11,69.76771734915914,3.307722448712243
ab,mp,9,512,261,inverse,64586.11,64586.11,64586.12,16467.11,16467.11,16467.11,74.50363553401806,3.922127805061119
ab,mp,10,1024,261,forward,123498.11,123498.11,123498.12,36960.11,36960.11,36960.11,70.07232742266258,3.341389135476058
ab,mp,10,1024,261,inverse,141342.11,141342.11,141342.12,35441.11,35441.11,35441.11,74.92530003974045,3.9880836125053643
ab,mp,4,16,262,forward,897.11,897.11,897.11,324.11,324.11,324.11,63.87176600416894,2.7679182993428157
ab,mp,4,16,262,inverse,1026.11,1026.11,1026.11,350.11,350.11,350.11,65.87987642650397,2.9308217417383102
ab,mp,5,32,262,forward,2121.11,2121.11,2121.11,726.11,726.11,726.11,65.76745194732948,2.921196512925039
ab,mp,5,32,262,inverse,2418.11,2418.11,2418.11,743.11,743.11,743.11,69.26897452969469,3.254040451615508
ab,mp,6,64,262,forward,4852.11,4852.11,4852.11,1502.11,1502.11,1502.11,69.04212806387324,3.2301961906917604
ab,mp,6,64,262,inverse,5558.11,5558.11,5558.11,1523.11,1523.11,1523.11,72.59662007408994,3.6491848914392264
ab,mp,7,128,262,forward,11244.11,11244.11,11244.11,3485.11,3485.11,3485.11,69.0050168488213,3.226328580733463
ab,mp,7,128,262,inverse,12838.11,12838.11,12838.12,3418.11,3418.11,3418.11,73.37528654918832,3.7559089672362798
ab,mp,8,256,262,forward,25031.11,25031.11,25031.11,7594.11,7594.11,7594.11,69.66131346152848,3.2961215995027726
ab,mp,8,256,262,inverse,28666.11,28666.11,28666.12,7352.11,7352.11,7352.11,74.3526066145703,3.899031706544108
ab,mp,9,512,262,forward,56559.11,56559.11,56559.11,17099.11,17099.11,17099.11,69.76771734915914,3.307722448712243
ab,mp,9,512,262,inverse,64586.11,64586.11,64586.12,16467.11,16467.11,16467.11,74.50363553401806,3.922127805061119
ab,mp,10,1024,262,forward,123498.11,123498.11,123498.12,36960.11,36960.11,36960.12,70.07232742266258,3.341389135476058
ab,mp,10,1024,262,inverse,141342.11,141342.11,141342.12,35441.11,35441.11,35441.11,74.92530003974045,3.9880836125053643
ab,mp,4,16,263,forward,897.11,897.11,897.11,324.11,324.11,324.11,63.87176600416894,2.7679182993428157
ab,mp,4,16,263,inverse,1026.11,1026.11,1026.11,350.11,350.11,350.11,65.87987642650397,2.9308217417383102
ab,mp,5,32,263,forward,2121.11,2121.11,2121.11,726.11,726.11,726.11,65.76745194732948,2.921196512925039
ab,mp,5,32,263,inverse,2418.11,2418.11,2418.11,743.11,743.11,743.11,69.26897452969469,3.254040451615508
ab,mp,6,64,263,forward,4852.11,4852.11,4852.11,1502.11,1502.11,1502.11,69.04212806387324,3.2301961906917604
ab,mp,6,64,263,inverse,5558.11,5558.11,5558.12,1523.11,1523.11,1523.11,72.59662007408994,3.6491848914392264
ab,mp,7,128,263,forward,11244.11,11244.11,11244.11,3485.11,3485.11,3485.11,69.0050168488213,3.226328580733463
ab,mp,7,128,263,inverse,12838.11,12838.11,12838.11,3418.11,3418.11,3418.11,73.37528654918832,3.7559089672362798
ab,mp,8,256,263,forward,25031.11,25031.11,25031.11,7594.11,7594.11,7594.11,69.66131346152848,3.2961215995027726
ab,mp,8,256,263,inverse,28666.11,28666.11,28666.12,7352.11,7352.11,7352.11,74.3526066145703,3.899031706544108
ab,mp,9,512,263,forward,56559.11,56559.11,56559.12,17099.11,17099.11,17099.11,69.76771734915914,3.307722448712243
ab,mp,9,512,263,inverse,64586.11,64586.11,64586.12,16467.11,16467.11,16467.11,74.50363553401806,3.922127805061119
ab,mp,10,1024,263,forward,123498.11,123498.11,123498.12,36960.11,36960.11,36960.11,70.07232742266258,3.341389135476058
ab,mp,10,1024,263,inverse,141342.11,141342.11,141342.12,35441.11,35441.11,35441.11,74.92530003974045,3.9880836125053643
ab,mp,4,16,264,forward,897.11,897.11,897.11,324.11,324.11,324.11,63.87176600416894,2.7679182993428157
ab,mp,4,16,264,inverse,1026.11,1026.11,1026.11,350.11,350.11,350.11,65.87987642650397,2.9308217417383102
ab,mp,5,32,264,forward,2121.11,2121.11,2121.11,726.11,726.11,726.11,65.76745194732948,2.921196512925039
ab,mp,5,32,264,inverse,2418.11,2418.11,2418.11,743.11,743.11,743.11,69.26897452969469,3.254040451615508
ab,mp,6,64,264,forward,4852.11,4852.11,4852.11,1502.11,1502.11,1502.11,69.04212806387324,3.2301961906917604
ab,mp,6,64,264,inverse,5558.11,5558.11,5558.11,1523.11,1523.11,1523.11,72.59662007408994,3.6491848914392264
ab,mp,7,128,264,forward,11244.11,11244.11,11244.11,3485.11,3485.11,3485.11,69.0050168488213,3.226328580733463
ab,mp,7,128,264,inverse,12838.11,12838.11,12838.11,3418.11,3418.11,3418.11,73.37528654918832,3.7559089672362798
ab,mp,8,256,264,forward,25031.11,25031.11,25031.12,7594.11,7594.11,7594.11,69.66131346152848,3.2961215995027726
ab,mp,8,256,264,inverse,28666.11,28666.11,28666.11,7352.11,7352.11,7352.11,74.3526066145703,3.899031706544108
ab,mp,9,512,264,forward,56559.11,56559.11,56559.12,17099.11,17099.11,17099.11,69.76771734915914,3.307722448712243
ab,mp,9,512,264,inverse,64586.11,64586.11,64586.12,16467.11,16467.11,16467.11,74.50363553401806,3.922127805061119
ab,mp,10,1024,264,forward,123498.11,123498.11,123498.12,36960.11,36960.11,36960.12,70.07232742266258,3.341389135476058
ab,mp,10,1024,264,inverse,141342.11,141342.11,141342.12,35441.11,35441.11,35441.12,74.92530003974045,3.9880836125053643
ab,mp,4,16,265,forward,897.11,897.11,897.11,324.11,324.11,324.11,63.87176600416894,2.7679182993428157
ab,mp,4,16,265,inverse,1026.11,1026.11,1026.11,350.11,350.11,350.11,65.87987642650397,2.9308217417383102
ab,mp,5,32,265,forward,2121.11,2121.11,2121.11,726.11,726.11,726.11,65.76745194732948,2.921196512925039
ab,mp,5,32,265,inverse,2418.11,2418.11,2418.11,743.11,743.11,743.11,69.26897452969469,3.254040451615508
ab,mp,6,64,265,forward,4852.11,4852.11,4852.11,1502.11,1502.11,1502.11,69.04212806387324,3.2301961906917604
ab,mp,6,64,265,inverse,5558.11,5558.11,5558.11,1523.11,1523.11,1523.11,72.59662007408994,3.6491848914392264
ab,mp,7,128,265,forward,11244.11,11244.11,11244.11,3485.11,3485.11,3485.11,69.0050168488213,3.226328580733463
ab,mp,7,128,265,inverse,12838.11,12838.11,12838.12,3418.11,3418.11,3418.11,73.37528654918832,3.7559089672362798
ab,mp,8,256,265,forward,25031.11,25031.11,25031.11,7594.11,7594.11,7594.11,69.66131346152848,3.2961215995027726
ab,mp,8,256,265,inverse,28666.11,28666.11,28666.12,7352.11,7352.11,7352.11,74.3526066145703,3.899031706544108
ab,mp,9,512,265,forward,56559.11,56559.11,56559.12,17099.11,17099.11,17099.11,69.76771734915914,3.307722448712243
ab,mp,9,512,265,inverse,64586.11,64586.11,64586.11,16467.11,16467.11,16467.12,74.50363553401806,3.922127805061119
ab,mp,10,1024,265,forward,123498.11,123498.11,123498.12,36960.11,36960.11,36960.12,70.07232742266258,3.341389135476058
ab,mp,10,1024,265,inverse,141342.11,141342.11,141342.12,35441.11,35441.11,35441.11,74.92530003974045,3.9880836125053643
ab,mp,4,16,266,forward,897.11,897.11,897.11,324.11,324.11,324.11,63.87176600416894,2.7679182993428157
ab,mp,4,16,266,inverse,1026.11,1026.11,1026.11,350.11,350.11,350.11,65.87987642650397,2.9308217417383102
ab,mp,5,32,266,forward,2121.11,2121.11,2121.11,726.11,726.11,726.11,65.76745194732948,2.921196512925039
ab,mp,5,32,266,inverse,2418.11,2418.11,2418.11,743.11,743.11,743.11,69.26897452969469,3.254040451615508
ab,mp,6,64,266,forward,4852.11,4852.11,4852.11,1502.11,1502.11,1502.11,69.04212806387324,3.2301961906917604
ab,mp,6,64,266,inverse,5558.11,5558.11,5558.11,1523.11,1523.11,1523.11,72.59662007408994,3.6491848914392264
ab,mp,7,128,266,forward,11244.11,11244.11,11244.11,3485.11,3485.11,3485.11,69.0050168488213,3.226328580733463
ab,mp,7,128,266,inverse,12838.11,12838.11,12838.11,3418.11,3418.11,3418.11,73.37528654918832,3.7559089672362798
ab,mp,8,256,266,forward,25031.11,25031.11,25031.11,7594.11,7594.11,7594.11,69.66131346152848,3.2961215995027726
ab,mp,8,256,266,inverse,28666.11,28666.11,28666.12,7352.11,7352.11,7352.11,74.3526066145703,3.899031706544108
ab,mp,9,512,266,forward,56559.11,56559.11,56559.12,17099.11,17099.11,17099.11,69.76771734915914,3.307722448712243
ab,mp,9,512,266,inverse,64586.11,64586.11,64586.12,16467.11,16467.11,16467.11,74.50363553401806,3.922127805061119
ab,mp,10,1024,266,forward,123498.11,123498.11,123498.12,36960.11,36960.11,36960.11,70.07232742266258,3.341389135476058
ab,mp,10,1024,266,inverse,141342.11,141342.11,141342.12,35441.11,35441.11,35441.11,74.92530003974045,3.9880836125053643
ab,mp,4,16,267,forward,897.11,897.11,897.11,324.11,324.11,324.11,63.87176600416894,2.7679182993428157
ab,mp,4,16,267,inverse,1026.11,1026.11,1026.11,350.11,350.11,350.11,65.87987642650397,2.9308217417383102
ab,mp,5,32,267,forward,2121.11,2121.11,2121.11,726.11,726.11,726.11,65.76745194732948,2.921196512925039
ab,mp,5,32,267,inverse,2418.11,2418.11,2418.12,743.11,743.11,743.11,69.26897452969469,3.254040451615508
ab,mp,6,64,267,forward,4852.11,4852.11,4852.11,1502.11,1502.11,1502.11,69.04212806387324,3.2301961906917604
ab,mp,6,64,267,inverse,5558.11,5558.11,5558.11,1523.11,1523.11,1523.11,72.59662007408994,3.6491848914392264
ab,mp,7,128,267,forward,11244.11,11244.11,11244.11,3485.11,3485.11,3485.11,69.0050168488213,3.226328580733463
ab,mp,7,128,267,inverse,12838.11,12838.11,12838.11,3418.11,3418.11,3418.11,73.37528654918832,3.7559089672362798
ab,mp,8,256,267,forward,25031.11,25031.11,25031.11,7594.11,7594.11,7594.12,69.66131346152848,3.2961215995027726
ab,mp,8,256,267,inverse,28666.11,28666.11,28666.11,7352.11,7352.11,7352.11,74.3526066145703,3.899031706544108
ab,mp,9,512,267,forward,56559.11,56559.11,56559.12,17099.11,17099.11,17099.11,69.76771734915914,3.307722448712243
ab,mp,9,512,267,inverse,64586.11,64586.11,64586.12,16467.11,16467.11,16467.11,74.50363553401806,3.922127805061119
ab,mp,10,1024,267,forward,123498.11,123498.11,123498.12,36960.11,36960.11,36960.12,70.07232742266258,3.341389135476058
ab,mp,10,1024,267,inverse,141342.11,141342.11,141342.12,35441.11,35441.11,35441.12,74.92530003974045,3.9880836125053643
ab,mp,4,16,268,forward,897.11,897.11,897.11,324.11,324.11,324.11,63.87176600416894,2.7679182993428157
ab,mp,4,16,268,inverse,1026.11,1026.11,1026.11,350.11,350.11,350.11,65.87987642650397,2.9308217417383102
ab,mp,5,32,268,forward,2121.11,2121.11,2121.11,726.11,726.11,726.11,65.76745194732948,2.921196512925039
ab,mp,5,32,268,inverse,2418.11,2418.11,2418.11,743.11,743.11,743.11,69.26897452969469,3.254040451615508
ab,mp,6,64,268,forward,4852.11,4852.11,4852.11,1502.11,1502.11,1502.11,69.04212806387324,3.2301961906917604
ab,mp,6,64,268,inverse,5558.11,5558.11,5558.11,1523.11,1523.11,1523.11,72.59662007408994,3.6491848914392264
ab,mp,7,128,268,forward,11244.11,11244.11,11244.11,3485.11,3485.11,3485.11,69.0050168488213,3.226328580733463
ab,mp,7,128,268,inverse,12838.11,12838.11,12838.12,3418.11,3418.11,3418.11,73.37528654918832,3.7559089672362798
ab,mp,8,256,268,forward,25031.11,25031.11,25031.11,7594.11,7594.11,7594.11,69.66131346152848,3.2961215995027726
ab,mp,8,256,268,inverse,28666.11,28666.11,28666.12,7352.11,7352.11,7352.11,74.3526066145703,3.899031706544108
ab,mp,9,512,268,forward,56559.11,56559.11,56559.11,17099.11,17099.11,17099.11,69.76771734915914,3.307722448712243
ab,mp,9,512,268,inverse,64586.11,64586.11,64586.12,16467.11,16467.11,16467.11,74.50363553401806,3.922127805061119
ab,mp,10,1024,268,forward,123498.11,123498.11,123498.12,36960.11,36960.11,36960.11,70.07232742266258,3.341389135476058
ab,mp,10,1024,268,inverse,141342.11,141342.11,141342.12,35441.11,35441.11,35441.11,74.92530003974045,3.9880836125053643
ab,mp,4,16,269,forward,897.11,897.11,897.11,324.11,324.11,324.11,63.87176600416894,2.7679182993428157
ab,mp,4,16,269,inverse,1026.11,1026.11,1026.11,350.11,350.11,350.11,65.87987642650397,2.9308217417383102
ab,mp,5,32,269,forward,2121.11,2121.11,2121.11,726.11,726.11,726.11,65.76745194732948,2.921196512925039
ab,mp,5,32,269,inverse,2418.11,2418.11,2418.11,743.11,743.11,743.11,69.26897452969469,3.254040451615508
ab,mp,6,64,269,forward,4852.11,4852.11,4852.11,1502.11,1502.11,1502.11,69.04212806387324,3.2301961906917604
ab,mp,6,64,269,inverse,5558.11,5558.11,5558.11,1523.11,1523.11,1523.11,72.59662007408994,3.6491848914392264
ab,mp,7,128,269,forward,11244.11,11244.11,11244.12,3485.11,3485.11,3485.11,69.0050168488213,3.226328580733463
ab,mp,7,128,269,inverse,12838.11,12838.11,12838.11,3418.11,3418.11,3418.11,73.37528654918832,3.7559089672362798
ab,mp,8,256,269,forward,25031.11,25031.11,25031.11,7594.11,7594.11,7594.11,69.66131346152848,3.2961215995027726
ab,mp,8,256,269,inverse,28666.11,28666.11,28666.12,7352.11,7352.11,7352.11,74.3526066145703,3.899031706544108
ab,mp,9,512,269,forward,56559.11,56559.11,56559.12,17099.11,17099.11,17099.11,69.76771734915914,3.307722448712243
ab,mp,9,512,269,inverse,64586.11,64586.11,64586.12,16467.11,16467.11,16467.11,74.50363553401806,3.922127805061119
ab,mp,10,1024,269,forward,123498.11,123498.11,123498.12,36960.11,36960.11,36960.11,70.07232742266258,3.341389135476058
ab,mp,10,1024,269,inverse,141342.11,141342.11,141342.12,35441.11,35441.11,35441.11,74.92530003974045,3.9880836125053643
ab,mp,4,16,270,forward,897.11,897.11,897.11,324.11,324.11,324.11,63.87176600416894,2.7679182993428157
ab,mp,4,16,270,inverse,1026.11,1026.11,1026.11,350.11,350.11,350.11,65.87987642650397,2.9308217417383102
ab,mp,5,32,270,forward,2121.11,2121.11,2121.11,726.11,726.11,726.11,65.76745194732948,2.921196512925039
ab,mp,5,32,270,inverse,2418.11,2418.11,2418.11,743.11,743.11,743.11,69.26897452969469,3.254040451615508
ab,mp,6,64,270,forward,4852.11,4852.11,4852.11,1502.11,1502.11,1502.11,69.04212806387324,3.2301961906917604
ab,mp,6,64,270,inverse,5558.11,5558.11,5558.11,1523.11,1523.11,1523.11,72.59662007408994,3.6491848914392264
ab,mp,7,128,270,forward,11244.11,11244.11,11244.11,3485.11,3485.11,3485.11,69.0050168488213,3.226328580733463
ab,mp,7,128,270,inverse,12838.11,12838.11,12838.11,3418.11,3418.11,3418.11,73.37528654918832,3.7559089672362798
ab,mp,8,256,270,forward,25031.11,25031.11,25031.12,7594.11,7594.11,7594.11,69.66131346152848,3.2961215995027726
ab,mp,8,256,270,inverse,28666.11,28666.11,28666.11,7352.11,7352.11,7352.11,74.3526066145703,3.899031706544108
ab,mp,9,512,270,forward,56559.11,56559.11,56559.11,17099.11,17099.11,17099.12,69.76771734915914,3.307722448712243
ab,mp,9,512,270,inverse,64586.11,64586.11,64586.11,16467.11,16467.11,16467.12,74.50363553401806,3.922127805061119
ab,mp,10,1024,270,forward,123498.11,123498.11,123498.12,36960.11,36960.11,36960.12,70.07232742266258,3.341389135476058
ab,mp,10,1024,270,inverse,141342.11,141342.11,141342.12,35441.11,35441.11,35441.11,74.92530003974045,3.9880836125053643
ab,mp,4,16,271,forward,897.11,897.11,897.11,324.11,324.11,324.11,63.87176600416894,2.7679182993428157
ab,mp,4,16,271,inverse,1026.11,1026.11,1026.11,350.11,350.11,350.11,65.87987642650397,2.9308217417383102
ab,mp,5,32,271,forward,2121.11,2121.11,2121.11,726.11,726.11,726.11,65.76745194732948,2.921196512925039
ab,mp,5,32,271,inverse,2418.11,2418.11,2418.11,743.11,743.11,743.11,69.26897452969469,3.254040451615508
ab,mp,6,64,271,forward,4852.11,4852.11,4852.11,1502.11,1502.11,1502.11,69.04212806387324,3.2301961906917604
ab,mp,6,64,271,inverse,5558.11,5558.11,5558.11,1523.11,1523.11,1523.11,72.59662007408994,3.6491848914392264
ab,mp,7,128,271,forward,11244.11,11244.11,11244.11,3485.11,3485.11,3485.11,69.0050168488213,3.226328580733463
ab,mp,7,128,271,inverse,12838.11,12838.11,12838.12,3418.11,3418.11,3418.11,73.37528654918832,3.7559089672362798
ab,mp,8,256,271,forward,25031.11,25031.11,25031.11,7594.11,7594.11,7594.11,69.66131346152848,3.2961215995027726
ab,mp,8,256,271,inverse,28666.11,28666.11,28666.11,7352.11,7352.11,7352.11,74.3526066145703,3.899031706544108
ab,mp,9,512,271,forward,56559.11,56559.11,56559.11,17099.11,17099.11,17099.11,69.76771734915914,3.307722448712243
ab,mp,9,512,271,inverse,64586.11,64586.11,64586.12,16467.11,16467.11,16467.11,74.50363553401806,3.922127805061119
ab,mp,10,1024,271,forward,123498.11,123498.11,123498.12,36960.11,36960.11,36960.11,70.07232742266258,3.341389135476058
ab,mp,10,1024,271,inverse,141342.11,141342.11,141342.12,35441.11,35441.11,35441.11,74.92530003974045,3.9880836125053643
ab,mp,4,16,272,forward,897.11,897.11,897.11,324.11,324.11,324.11,63.87176600416894,2.7679182993428157
ab,mp,4,16,272,inverse,1026.11,1026.11,1026.11,350.11,350.11,350.11,65.87987642650397,2.9308217417383102
ab,mp,5,32,272,forward,2121.11,2121.11,2121.11,726.11,726.11,726.11,65.76745194732948,2.921196512925039
ab,mp,5,32,272,inverse,2418.11,2418.11,2418.11,743.11,743.11,743.11,69.26897452969469,3.254040451615508
ab,mp,6,64,272,forward,4852.11,4852.11,4852.11,1502.11,1502.11,1502.11,69.04212806387324,3.2301961906917604
ab,mp,6,64,272,inverse,5558.11,5558.11,5558.11,1523.11,1523.11,1523.11,72.59662007408994,3.6491848914392264
ab,mp,7,128,272,forward,11244.11,11244.11,11244.12,3485.11,3485.11,3485.11,69.0050168488213,3.226328580733463
ab,mp,7,128,272,inverse,12838.11,12838.11,12838.11,3418.11,3418.11,3418.11,73.37528654918832,3.7559089672362798
ab,mp,8,256,272,forward,25031.11,25031.11,25031.11,7594.11,7594.11,7594.11,69.66131346152848,3.2961215995027726
ab,mp,8,256,272,inverse,28666.11,28666.11,28666.11,7352.11,7352.11,7352.12,74.3526066145703,3.899031706544108
ab,mp,9,512,272,forward,56559.11,56559.11,56559.11,17099.11,17099.11,17099.12,69.76771734915914,3.307722448712243
ab,mp,9,512,272,inverse,64586.11,64586.11,64586.12,16467.11,16467.11,16467.11,74.50363553401806,3.922127805061119
ab,mp,10,1024,272,forward,123498.11,123498.11,123498.12,36960.11,36960.11,36960.12,70.07232742266258,3.341389135476058
ab,mp,10,1024,272,inverse,141342.11,141342.11,141342.12,35441.11,35441.11,35441.12,74.92530003974045,3.9880836125053643
ab,mp,4,16,273,forward,897.11,897.11,897.11,324.11,324.11,324.11,63.87176600416894,2.7679182993428157
ab,mp,4,16,273,inverse,1026.11,1026.11,1026.11,350.11,350.11,350.11,65.87987642650397,2.9308217417383102
ab,mp,5,32,273,forward,2121.11,2121.11,2121.11,726.11,726.11,726.11,65.76745194732948,2.921196512925039
ab,mp,5,32,273,inverse,2418.11,2418.11,2418.11,743.11,743.11,743.11,69.26897452969469,3.254040451615508
ab,mp,6,64,273,forward,4852.11,4852.11,4852.12,1502.11,1502.11,1502.11,69.04212806387324,3.2301961906917604
ab,mp,6,64,273,inverse,5558.11,5558.11,5558.11,1523.11,1523.11,1523.11,72.59662007408994,3.6491848914392264
ab,mp,7,128,273,forward,11244.11,11244.11,11244.11,3485.11,3485.11,3485.11,69.0050168488213,3.226328580733463
ab,mp,7,128,273,inverse,12838.11,12838.11,12838.11,3418.11,3418.11,3418.11,73.37528654918832,3.7559089672362798
ab,mp,8,256,273,forward,25031.11,25031.11,25031.12,7594.11,7594.11,7594.11,69.66131346152848,3.2961215995027726
ab,mp,8,256,273,inverse,28666.11,28666.11,28666.11,7352.11,7352.11,7352.11,74.3526066145703,3.899031706544108
ab,mp,9,512,273,forward,56559.11,56559.11,56559.12,17099.11,17099.11,17099.11,69.76771734915914,3.307722448712243
ab,mp,9,512,273,inverse,64586.11,64586.11,64586.12,16467.11,16467.11,16467.11,74.50363553401806,3.922127805061119
ab,mp,10,1024,273,forward,123498.11,123498.11,123498.12,36960.11,36960.11,36960.11,70.07232742266258,3.341389135476058
ab,mp,10,1024,273,inverse,141342.11,141342.11,141342.12,35441.11,35441.11,35441.12,74.92530003974045,3.9880836125053643
ab,mp,4,16,274,forward,897.11,897.11,897.11,324.11,324.11,324.11,63.87176600416894,2.7679182993428157
ab,mp,4,16,274,inverse,1026.11,1026.11,1026.11,350.11,350.11,350.11,65.87987642650397,2.9308217417383102
ab,mp,5,32,274,forward,2121.11,2121.11,2121.11,726.11,726.11,726.11,65.76745194732948,2.921196512925039
ab,mp,5,32,274,inverse,2418.11,2418.11,2418.11,743.11,743.11,743.11,69.26897452969469,3.254040451615508
ab,mp,6,64,274,forward,4852.11,4852.11,4852.11,1502.11,1502.11,1502.11,69.04212806387324,3.2301961906917604
ab,mp,6,64,274,inverse,5558.11,5558.11,5558.11,1523.11,1523.11,1523.11,72.59662007408994,3.6491848914392264
ab,mp,7,128,274,forward,11244.11,11244.11,11244.11,3485.11,3485.11,3485.11,69.0050168488213,3.226328580733463
ab,mp,7,128,274,inverse,12838.11,12838.11,12838.11,3418.11,3418.11,3418.11,73.37528654918832,3.7559089672362798
ab,mp,8,256,274,forward,25031.11,25031.11,25031.11,7594.11,7594.11,7594.11,69.66131346152848,3.2961215995027726
ab,mp,8,256,274,inverse,28666.11,28666.11,28666.11,7352.11,7352.11,7352.11,74.3526066145703,3.899031706544108
ab,mp,9,512,274,forward,56559.11,56559.11,56559.12,17099.11,17099.11,17099.11,69.76771734915914,3.307722448712243
ab,mp,9,512,274,inverse,64586.11,64586.11,64586.12,16467.11,16467.11,16467.11,74.50363553401806,3.922127805061119
ab,mp,10,1024,274,forward,123498.11,123498.11,123498.12,36960.11,36960.11,36960.12,70.07232742266258,3.341389135476058
ab,mp,10,1024,274,inverse,141342.11,141342.11,141342.12,35441.11,35441.11,35441.11,74.92530003974045,3.9880836125053643
ab,mp,4,16,275,forward,897.11,897.11,897.11,324.11,324.11,324.11,63.87176600416894,2.7679182993428157
ab,mp,4,16,275,inverse,1026.11,1026.11,1026.11,350.11,350.11,350.11,65.87987642650397,2.9308217417383102
ab,mp,5,32,275,forward,2121.11,2121.11,2121.11,726.11,726.11,726.11,65.76745194732948,2.921196512925039
ab,mp,5,32,275,inverse,2418.11,2418.11,2418.11,743.11,743.11,743.11,69.26897452969469,3.254040451615508
ab,mp,6,64,275,forward,4852.11,4852.11,4852.11,1502.11,1502.11,1502.11,69.04212806387324,3.2301961906917604
ab,mp,6,64,275,inverse,5558.11,5558.11,5558.11,1523.11,1523.11,1523.11,72.59662007408994,3.6491848914392264
ab,mp,7,128,275,forward,11244.11,11244.11,11244.12,3485.11,3485.11,3485.11,69.0050168488213,3.226328580733463
ab,mp,7,128,275,inverse,12838.11,12838.11,12838.11,3418.11,3418.11,3418.11,73.37528654918832,3.7559089672362798
ab,mp,8,256,275,forward,25031.11,25031.11,25031.11,7594.11,7594.11,7594.11,69.66131346152848,3.2961215995027726
ab,mp,8,256,275,inverse,28666.11,28666.11,28666.12,7352.11,7352.11,7352.11,74.3526066145703,3.899031706544108
ab,mp,9,512,275,forward,56559.11,56559.11,56559.12,17099.11,17099.11,17099.11,69.76771734915914,3.307722448712243
ab,mp,9,512,275,inverse,64586.11,64586.11,64586.12,16467.11,16467.11,16467.11,74.50363553401806,3.922127805061119
ab,mp,10,1024,275,forward,123498.11,123498.11,123498.12,36960.11,36960.11,36960.11,70.07232742266258,3.341389135476058
ab,mp,10,1024,275,inverse,141342.11,141342.11,141342.12,35441.11,35441.11,35441.12,74.92530003974045,3.9880836125053643
ab,mp,4,16,276,forward,897.11,897.11,897.11,324.11,324.11,324.11,63.87176600416894,2.7679182993428157
ab,mp,4,16,276,inverse,1026.11,1026.11,1026.11,350.11,350.11,350.11,65.87987642650397,2.9308217417383102
ab,mp,5,32,276,forward,2121.11,2121.11,2121.11,726.11,726.11,726.11,65.76745194732948,2.921196512925039
ab,mp,5,32,276,inverse,2418.11,2418.11,2418.11,743.11,743.11,743.11,69.26897452969469,3.254040451615508
ab,mp,6,64,276,forward,4852.11,4852.11,4852.12,1502.11,1502.11,1502.11,69.04212806387324,3.2301961906917604
ab,mp,6,64,276,inverse,5558.11,5558.11,5558.11,1523.11,1523.11,1523.11,72.59662007408994,3.6491848914392264
ab,mp,7,128,276,forward,11244.11,11244.11,11244.11,3485.11,3485.11,3485.11,69.0050168488213,3.226328580733463
ab,mp,7,128,276,inverse,12838.11,12838.11,12838.11,3418.11,3418.11,3418.11,73.37528654918832,3.7559089672362798
ab,mp,8,256,276,forward,25031.11,25031.11,25031.12,7594.11,7594.11,7594.11,69.66131346152848,3.2961215995027726
ab,mp,8,256,276,inverse,28666.11,28666.11,28666.11,7352.11,7352.11,7352.11,74.3526066145703,3.899031706544108
ab,mp,9,512,276,forward,56559.11,56559.11,56559.12,17099.11,17099.11,17099.11,69.76771734915914,3.307722448712243
ab,mp,9,512,276,inverse,64586.11,64586.11,64586.12,16467.11,16467.11,16467.11,74.50363553401806,3.922127805061119
ab,mp,10,1024,276,forward,123498.11,123498.11,123498.12,36960.11,36960.11,36960.11,70.07232742266258,3.341389135476058
ab,mp,10,1024,276,inverse,141342.11,141342.11,141342.12,35441.11,35441.11,35441.12,74.92530003974045,3.9880836125053643
ab,mp,4,16,277,forward,897.11,897.11,897.11,324.11,324.11,324.11,63.87176600416894,2.7679182993428157
ab,mp,4,16,277,inverse,1026.11,1026.11,1026.11,350.11,350.11,350.11,65.87987642650397,2.9308217417383102
ab,mp,5,32,277,forward,2121.11,2121.11,2121.11,726.11,726.11,726.11,65.76745194732948,2.921196512925039
ab,mp,5,32,277,inverse,2418.11,2418.11,2418.11,743.11,743.11,743.11,69.26897452969469,3.254040451615508
ab,mp,6,64,277,forward,4852.11,4852.11,4852.11,1502.11,1502.11,1502.11,69.04212806387324,3.2301961906917604
ab,mp,6,64,277,inverse,5558.11,5558.11,5558.11,1523.11,1523.11,1523.11,72.59662007408994,3.6491848914392264
ab,mp,7,128,277,forward,11244.11,11244.11,11244.11,3485.11,3485.11,3485.11,69.0050168488213,3.226328580733463
ab,mp,7,128,277,inverse,12838.11,12838.11,12838.11,3418.11,3418.11,3418.11,73.37528654918832,3.7559089672362798
ab,mp,8,256,277,forward,25031.11,25031.11,25031.12,7594.11,7594.11,7594.11,69.66131346152848,3.2961215995027726
ab,mp,8,256,277,inverse,28666.11,28666.11,28666.11,7352.11,7352.11,7352.11,74.3526066145703,3.899031706544108
ab,mp,9,512,277,forward,56559.11,56559.11,56559.12,17099.11,17099.11,17099.11,69.76771734915914,3.307722448712243
ab,mp,9,512,277,inverse,64586.11,64586.11,64586.12,16467.11,16467.11,16467.11,74.50363553401806,3.922127805061119
ab,mp,10,1024,277,forward,123498.11,123498.11,123498.12,36960.11,36960.11,36960.12,70.07232742266258,3.341389135476058
ab,mp,10,1024,277,inverse,141342.11,141342.11,141342.12,35441.11,35441.11,35441.11,74.92530003974045,3.9880836125053643
ab,mp,4,16,278,forward,897.11,897.11,897.11,324.11,324.11,324.11,63.87176600416894,2.7679182993428157
ab,mp,4,16,278,inverse,1026.11,1026.11,1026.11,350.11,350.11,350.11,65.87987642650397,2.9308217417383102
ab,mp,5,32,278,forward,2121.11,2121.11,2121.11,726.11,726.11,726.11,65.76745194732948,2.921196512925039
ab,mp,5,32,278,inverse,2418.11,2418.11,2418.11,743.11,743.11,743.11,69.26897452969469,3.254040451615508
ab,mp,6,64,278,forward,4852.11,4852.11,4852.11,1502.11,1502.11,1502.11,69.04212806387324,3.2301961906917604
ab,mp,6,64,278,inverse,5558.11,5558.11,5558.11,1523.11,1523.11,1523.11,72.59662007408994,3.6491848914392264
ab,mp,7,128,278,forward,11244.11,11244.11,11244.12,3485.11,3485.11,3485.11,69.0050168488213,3.226328580733463
ab,mp,7,128,278,inverse,12838.11,12838.11,12838.11,3418.11,3418.11,3418.11,73.37528654918832,3.7559089672362798
ab,mp,8,256,278,forward,25031.11,25031.11,25031.11,7594.11,7594.11,7594.11,69.66131346152848,3.2961215995027726
ab,mp,8,256,278,inverse,28666.11,28666.11,28666.12,7352.11,7352.11,7352.11,74.3526066145703,3.899031706544108
ab,mp,9,512,278,forward,56559.11,56559.11,56559.12,17099.11,17099.11,17099.11,69.76771734915914,3.307722448712243
ab,mp,9,512,278,inverse,64586.11,64586.11,64586.12,16467.11,16467.11,16467.11,74.50363553401806,3.922127805061119
ab,mp,10,1024,278,forward,123498.11,123498.11,123498.12,36960.11,36960.11,36960.11,70.07232742266258,3.341389135476058
ab,mp,10,1024,278,inverse,141342.11,141342.11,141342.12,35441.11,35441.11,35441.11,74.92530003974045,3.9880836125053643
ab,mp,4,16,279,forward,897.11,897.11,897.11,324.11,324.11,324.11,63.87176600416894,2.7679182993428157
ab,mp,4,16,279,inverse,1026.11,1026.11,1026.11,350.11,350.11,350.11,65.87987642650397,2.9308217417383102
ab,mp,5,32,279,forward,2121.11,2121.11,2121.11,726.11,726.11,726.11,65.76745194732948,2.921196512925039
ab,mp,5,32,279,inverse,2418.11,2418.11,2418.11,743.11,743.11,743.11,69.26897452969469,3.254040451615508
ab,mp,6,64,279,forward,4852.11,4852.11,4852.12,1502.11,1502.11,1502.11,69.04212806387324,3.2301961906917604
ab,mp,6,64,279,inverse,5558.11,5558.11,5558.11,1523.11,1523.11,1523.11,72.59662007408994,3.6491848914392264
ab,mp,7,128,279,forward,11244.11,11244.11,11244.11,3485.11,3485.11,3485.11,69.0050168488213,3.226328580733463
ab,mp,7,128,279,inverse,12838.11,12838.11,12838.11,3418.11,3418.11,3418.11,73.37528654918832,3.7559089672362798
ab,mp,8,256,279,forward,25031.11,25031.11,25031.12,7594.11,7594.11,7594.11,69.66131346152848,3.2961215995027726
ab,mp,8,256,279,inverse,28666.11,28666.11,28666.11,7352.11,7352.11,7352.11,74.3526066145703,3.899031706544108
ab,mp,9,512,279,forward,56559.11,56559.11,56559.12,17099.11,17099.11,17099.11,69.76771734915914,3.307722448712243
ab,mp,9,512,279,inverse,64586.11,64586.11,64586.12,16467.11,16467.11,16467.11,74.50363553401806,3.922127805061119
ab,mp,10,1024,279,forward,123498.11,123498.11,123498.12,36960.11,36960.11,36960.11,70.07232742266258,3.341389135476058
ab,mp,10,1024,279,inverse,141342.11,141342.11,141342.12,35441.11,35441.11,35441.11,74.92530003974045,3.9880836125053643
ab,mp,4,16,280,forward,897.11,897.11,897.11,324.11,324.11,324.11,63.87176600416894,2.7679182993428157
ab,mp,4,16,280,inverse,1026.11,1026.11,1026.11,350.11,350.11,350.11,65.87987642650397,2.9308217417383102
ab,mp,5,32,280,forward,2121.11,2121.11,2121.11,726.11,726.11,726.11,65.76745194732948,2.921196512925039
ab,mp,5,32,280,inverse,2418.11,2418.11,2418.11,743.11,743.11,743.11,69.26897452969469,3.254040451615508
ab,mp,6,64,280,forward,4852.11,4852.11,4852.11,1502.11,1502.11,1502.11,69.04212806387324,3.2301961906917604
ab,mp,6,64,280,inverse,5558.11,5558.11,5558.11,1523.11,1523.11,1523.11,72.59662007408994,3.6491848914392264
ab,mp,7,128,280,forward,11244.11,11244.11,11244.11,3485.11,3485.11,3485.11,69.0050168488213,3.226328580733463
ab,mp,7,128,280,inverse,12838.11,12838.11,12838.11,3418.11,3418.11,3418.11,73.37528654918832,3.7559089672362798
ab,mp,8,256,280,forward,25031.11,25031.11,25031.11,7594.11,7594.11,7594.12,69.66131346152848,3.2961215995027726
ab,mp,8,256,280,inverse,28666.11,28666.11,28666.11,7352.11,7352.11,7352.11,74.3526066145703,3.899031706544108
ab,mp,9,512,280,forward,56559.11,56559.11,56559.11,17099.11,17099.11,17099.12,69.76771734915914,3.307722448712243
ab,mp,9,512,280,inverse,64586.11,64586.11,64586.11,16467.11,16467.11,16467.12,74.50363553401806,3.922127805061119
ab,mp,10,1024,280,forward,123498.11,123498.11,123498.12,36960.11,36960.11,36960.12,70.07232742266258,3.341389135476058
ab,mp,10,1024,280,inverse,141342.11,141342.11,141342.12,35441.11,35441.11,35441.12,74.92530003974045,3.9880836125053643
ab,mp,4,16,281,forward,897.11,897.11,897.11,324.11,324.11,324.11,63.87176600416894,2.7679182993428157
ab,mp,4,16,281,inverse,1026.11,1026.11,1026.11,350.11,350.11,350.11,65.87987642650397,2.9308217417383102
ab,mp,5,32,281,forward,2121.11,2121.11,2121.11,726.11,726.11,726.11,65.76745194732948,2.921196512925039
ab,mp,5,32,281,inverse,2418.11,2418.11,2418.11,743.11,743.11,743.11,69.26897452969469,3.254040451615508
ab,mp,6,64,281,forward,4852.11,4852.11,4852.11,1502.11,1502.11,1502.11,69.04212806387324,3.2301961906917604
ab,mp,6,64,281,inverse,5558.11,5558.11,5558.11,1523.11,1523.11,1523.11,72.59662007408994,3.6491848914392264
ab,mp,7,128,281,forward,11244.11,11244.11,11244.11,3485.11,3485.11,3485.11,69.0050168488213,3.226328580733463
ab,mp,7,128,281,inverse,12838.11,12838.11,12838.11,3418.11,3418.11,3418.11,73.37528654918832,3.7559089672362798
ab,mp,8,256,281,forward,25031.11,25031.11,25031.11,7594.11,7594.11,7594.11,69.66131346152848,3.2961215995027726
ab,mp,8,256,281,inverse,28666.11,28666.11,28666.12,7352.11,7352.11,7352.11,74.3526066145703,3.899031706544108
ab,mp,9,512,281,forward,56559.11,56559.11,56559.12,17099.11,17099.11,17099.11,69.76771734915914,3.307722448712243
ab,mp,9,512,281,inverse,64586.11,64586.11,64586.12,16467.11,16467.11,16467.11,74.50363553401806,3.922127805061119
ab,mp,10,1024,281,forward,123498.11,123498.11,123498.12,36960.11,36960.11,36960.11,70.07232742266258,3.341389135476058
ab,mp,10,1024,281,inverse,141342.11,141342.11,141342.12,35441.11,35441.11,35441.12,74.92530003974045,3.9880836125053643
ab,mp,4,16,282,forward,897.11,897.11,897.11,324.11,324.11,324.11,63.87176600416894,2.7679182993428157
ab,mp,4,16,282,inverse,1026.11,1026.11,1026.11,350.11,350.11,350.11,65.87987642650397,2.9308217417383102
ab,mp,5,32,282,forward,2121.11,2121.11,2121.11,726.11,726.11,726.11,65.76745194732948,2.921196512925039
ab,mp,5,32,282,inverse,2418.11,2418.11,2418.11,743.11,743.11,743.11,69.26897452969469,3.254040451615508
ab,mp,6,64,282,forward,4852.11,4852.11,4852.11,1502.11,1502.11,1502.11,69.04212806387324,3.2301961906917604
ab,mp,6,64,282,inverse,5558.11,5558.11,5558.11,1523.11,1523.11,1523.11,72.59662007408994,3.6491848914392264
ab,mp,7,128,282,forward,11244.11,11244.11,11244.11,3485.11,3485.11,3485.11,69.0050168488213,3.226328580733463
ab,mp,7,128,282,inverse,12838.11,12838.11,12838.11,3418.11,3418.11,3418.11,73.37528654918832,3.7559089672362798
ab,mp,8,256,282,forward,25031.11,25031.11,25031.12,7594.11,7594.11,7594.11,69.66131346152848,3.2961215995027726
ab,mp,8,256,282,inverse,28666.11,28666.11,28666.11,7352.11,7352.11,7352.11,74.3526066145703,3.899031706544108
ab,mp,9,512,282,forward,56559.11,56559.11,56559.12,17099.11,17099.11,17099.11,69.76771734915914,3.307722448712243
ab,mp,9,512,282,inverse,64586.11,64586.11,64586.12,16467.11,16467.11,16467.11,74.50363553401806,3.922127805061119
ab,mp,10,1024,282,forward,123498.11,123498.11,123498.12,36960.11,36960.11,36960.12,70.07232742266258,3.341389135476058
ab,mp,10,1024,282,inverse,141342.11,141342.11,141342.12,35441.11,35441.11,35441.11,74.92530003974045,3.9880836125053643
ab,mp,4,16,283,forward,897.11,897.11,897.11,324.11,324.11,324.11,63.87176600416894,2.7679182993428157
ab,mp,4,16,283,inverse,1026.11,1026.11,1026.11,350.11,350.11,350.12,65.87987642650397,2.9308217417383102
ab,mp,5,32,283,forward,2121.11,2121.11,2121.11,726.11,726.11,726.11,65.76745194732948,2.921196512925039
ab,mp,5,32,283,inverse,2418.11,2418.11,2418.11,743.11,743.11,743.11,69.26897452969469,3.254040451615508
ab,mp,6,64,283,forward,4852.11,4852.11,4852.11,1502.11,1502.11,1502.11,69.04212806387324,3.2301961906917604
ab,mp,6,64,283,inverse,5558.11,5558.11,5558.11,1523.11,1523.11,1523.11,72.59662007408994,3.6491848914392264
ab,mp,7,128,283,forward,11244.11,11244.11,11244.11,3485.11,3485.11,3485.11,69.0050168488213,3.226328580733463
ab,mp,7,128,283,inverse,12838.11,12838.11,12838.11,3418.11,3418.11,3418.11,73.37528654918832,3.7559089672362798
ab,mp,8,256,283,forward,25031.11,25031.11,25031.12,7594.11,7594.11,7594.11,69.66131346152848,3.2961215995027726
ab,mp,8,256,283,inverse,28666.11,28666.11,28666.11,7352.11,7352.11,7352.11,74.3526066145703,3.899031706544108
ab,mp,9,512,283,forward,56559.11,56559.11,56559.11,17099.11,17099.11,17099.12,69.76771734915914,3.307722448712243
ab,mp,9,512,283,inverse,64586.11,64586.11,64586.12,16467.11,16467.11,16467.11,74.50363553401806,3.922127805061119
ab,mp,10,1024,283,forward,123498.11,123498.11,123498.12,36960.11,36960.11,36960.11,70.07232742266258,3.341389135476058
ab,mp,10,1024,283,inverse,141342.11,141342.11,141342.12,35441.11,35441.11,35441.12,74.92530003974045,3.9880836125053643
ab,mp,4,16,284,forward,897.11,897.11,897.11,324.11,324.11,324.11,63.87176600416894,2.7679182993428157
ab,mp,4,16,284,inverse,1026.11,1026.11,1026.11,350.11,350.11,350.11,65.87987642650397,2.9308217417383102
ab,mp,5,32,284,forward,2121.11,2121.11,2121.11,726.11,726.11,726.11,65.76745194732948,2.921196512925039
ab,mp,5,32,284,inverse,2418.11,2418.11,2418.11,743.11,743.11,743.11,69.26897452969469,3.254040451615508
ab,mp,6,64,284,forward,4852.11,4852.11,4852.11,1502.11,1502.11,1502.11,69.04212806387324,3.2301961906917604
ab,mp,6,64,284,inverse,5558.11,5558.11,5558.11,1523.11,1523.11,1523.11,72.59662007408994,3.6491848914392264
ab,mp,7,128,284,forward,11244.11,11244.11,11244.11,3485.11,3485.11,3485.11,69.0050168488213,3.226328580733463
ab,mp,7,128,284,inverse,12838.11,12838.11,12838.11,3418.11,3418.11,3418.11,73.37528654918832,3.7559089672362798
ab,mp,8,256,284,forward,25031.11,25031.11,25031.11,7594.11,7594.11,7594.11,69.66131346152848,3.2961215995027726
ab,mp,8,256,284,inverse,28666.11,28666.11,28666.12,7352.11,7352.11,7352.11,74.3526066145703,3.899031706544108
ab,mp,9,512,284,forward,56559.11,56559.11,56559.12,17099.11,17099.11,17099.11,69.76771734915914,3.307722448712243
ab,mp,9,512,284,inverse,64586.11,64586.11,64586.12,16467.11,16467.11,16467.11,74.50363553401806,3.922127805061119
ab,mp,10,1024,284,forward,123498.11,123498.11,123498.12,36960.11,36960.11,36960.11,70.07232742266258,3.341389135476058
ab,mp,10,1024,284,inverse,141342.11,141342.11,141342.12,35441.11,35441.11,35441.12,74.92530003974045,3.9880836125053643
ab,mp,4,16,285,forward,897.11,897.11,897.11,324.11,324.11,324.11,63.87176600416894,2.7679182993428157
ab,mp,4,16,285,inverse,1026.11,1026.11,1026.11,350.11,350.11,350.11,65.87987642650397,2.9308217417383102
ab,mp,5,32,285,forward,2121.11,2121.11,2121.11,726.11,726.11,726.11,65.76745194732948,2.921196512925039
ab,mp,5,32,285,inverse,2418.11,2418.11,2418.11,743.11,743.11,743.11,69.26897452969469,3.254040451615508
ab,mp,6,64,285,forward,4852.11,4852.11,4852.11,1502.11,1502.11,1502.11,69.04212806387324,3.2301961906917604
ab,mp,6,64,285,inverse,5558.11,5558.11,5558.12,1523.11,1523.11,1523.11,72.59662007408994,3.6491848914392264
ab,mp,7,128,285,forward,11244.11,11244.11,11244.11,3485.11,3485.11,3485.11,69.0050168488213,3.226328580733463
ab,mp,7,128,285,inverse,12838.11,12838.11,12838.11,3418.11,3418.11,3418.11,73.37528654918832,3.7559089672362798
ab,mp,8,256,285,forward,25031.11,25031.11,25031.11,7594.11,7594.11,7594.11,69.66131346152848,3.2961215995027726
ab,mp,8,256,285,inverse,28666.11,28666.11,28666.11,7352.11,7352.11,7352.11,74.3526066145703,3.899031706544108
ab,mp,9,512,285,forward,56559.11,56559.11,56559.11,17099.11,17099.11,17099.12,69.76771734915914,3.307722448712243
ab,mp,9,512,285,inverse,64586.11,64586.11,64586.11,16467.11,16467.11,16467.12,74.50363553401806,3.922127805061119
ab,mp,10,1024,285,forward,123498.11,123498.11,123498.12,36960.11,36960.11,36960.12,70.07232742266258,3.341389135476058
ab,mp,10,1024,285,inverse,141342.11,141342.11,141342.12,35441.11,35441.11,35441.11,74.92530003974045,3.9880836125053643
ab,mp,4,16,286,forward,897.11,897.11,897.11,324.11,324.11,324.11,63.87176600416894,2.7679182993428157
ab,mp,4,16,286,inverse,1026.11,1026.11,1026.11,350.11,350.11,350.11,65.87987642650397,2.9308217417383102
ab,mp,5,32,286,forward,2121.11,2121.11,2121.11,726.11,726.11,726.11,65.76745194732948,2.921196512925039
ab,mp,5,32,286,inverse,2418.11,2418.11,2418.11,743.11,743.11,743.11,69.26897452969469,3.254040451615508
ab,mp,6,64,286,forward,4852.11,4852.11,4852.11,1502.11,1502.11,1502.11,69.04212806387324,3.2301961906917604
ab,mp,6,64,286,inverse,5558.11,5558.11,5558.11,1523.11,1523.11,1523.11,72.59662007408994,3.6491848914392264
ab,mp,7,128,286,forward,11244.11,11244.11,11244.11,3485.11,3485.11,3485.11,69.0050168488213,3.226328580733463
ab,mp,7,128,286,inverse,12838.11,12838.11,12838.11,3418.11,3418.11,3418.11,73.37528654918832,3.7559089672362798
ab,mp,8,256,286,forward,25031.11,25031.11,25031.12,7594.11,7594.11,7594.11,69.66131346152848,3.2961215995027726
ab,mp,8,256,286,inverse,28666.11,28666.11,28666.11,7352.11,7352.11,7352.11,74.3526066145703,3.899031706544108
ab,mp,9,512,286,forward,56559.11,56559.11,56559.12,17099.11,17099.11,17099.11,69.76771734915914,3.307722448712243
ab,mp,9,512,286,inverse,64586.11,64586.11,64586.12,16467.11,16467.11,16467.11,74.50363553401806,3.922127805061119
ab,mp,10,1024,286,forward,123498.11,123498.11,123498.12,36960.11,36960.11,36960.11,70.07232742266258,3.341389135476058
ab,mp,10,1024,286,inverse,141342.11,141342.11,141342.12,35441.11,35441.11,35441.12,74.92530003974045,3.9880836125053643
ab,mp,4,16,287,forward,897.11,897.11,897.11,324.11,324.11,324.11,63.87176600416894,2.7679182993428157
ab,mp,4,16,287,inverse,1026.11,1026.11,1026.11,350.11,350.11,350.11,65.87987642650397,2.9308217417383102
ab,mp,5,32,287,forward,2121.11,2121.11,2121.11,726.11,726.11,726.11,65.76745194732948,2.921196512925039
ab,mp,5,32,287,inverse,2418.11,2418.11,2418.11,743.11,743.11,743.11,69.26897452969469,3.254040451615508
ab,mp,6,64,287,forward,4852.11,4852.11,4852.11,1502.11,1502.11,1502.11,69.04212806387324,3.2301961906917604
ab,mp,6,64,287,inverse,5558.11,5558.11,5558.11,1523.11,1523.11,1523.11,72.59662007408994,3.6491848914392264
ab,mp,7,128,287,forward,11244.11,11244.11,11244.11,3485.11,3485.11,3485.11,69.0050168488213,3.226328580733463
ab,mp,7,128,287,inverse,12838.11,12838.11,12838.12,3418.11,3418.11,3418.11,73.37528654918832,3.7559089672362798
ab,mp,8,256,287,forward,25031.11,25031.11,25031.11,7594.11,7594.11,7594.11,69.66131346152848,3.2961215995027726
ab,mp,8,256,287,inverse,28666.11,28666.11,28666.12,7352.11,7352.11,7352.11,74.3526066145703,3.899031706544108
ab,mp,9,512,287,forward,56559.11,56559.11,56559.12,17099.11,17099.11,17099.11,69.76771734915914,3.307722448712243
ab,mp,9,512,287,inverse,64586.11,64586.11,64586.12,16467.11,16467.11,16467.11,74.50363553401806,3.922127805061119
ab,mp,10,1024,287,forward,123498.11,123498.11,123498.12,36960.11,36960.11,36960.12,70.07232742266258,3.341389135476058
ab,mp,10,1024,287,inverse,141342.11,141342.11,141342.12,35441.11,35441.11,35441.12,74.92530003974045,3.9880836125053643
ab,mp,4,16,288,forward,897.11,897.11,897.11,324.11,324.11,324.11,63.87176600416894,2.7679182993428157
ab,mp,4,16,288,inverse,1026.11,1026.11,1026.11,350.11,350.11,350.11,65.87987642650397,2.9308217417383102
ab,mp,5,32,288,forward,2121.11,2121.11,2121.11,726.11,726.11,726.11,65.76745194732948,2.921196512925039
ab,mp,5,32,288,inverse,2418.11,2418.11,2418.11,743.11,743.11,743.11,69.26897452969469,3.254040451615508
ab,mp,6,64,288,forward,4852.11,4852.11,4852.11,1502.11,1502.11,1502.11,69.04212806387324,3.2301961906917604
ab,mp,6,64,288,inverse,5558.11,5558.11,5558.12,1523.11,1523.11,1523.11,72.59662007408994,3.6491848914392264
ab,mp,7,128,288,forward,11244.11,11244.11,11244.11,3485.11,3485.11,3485.11,69.0050168488213,3.226328580733463
ab,mp,7,128,288,inverse,12838.11,12838.11,12838.11,3418.11,3418.11,3418.11,73.37528654918832,3.7559089672362798
ab,mp,8,256,288,forward,25031.11,25031.11,25031.11,7594.11,7594.11,7594.11,69.66131346152848,3.2961215995027726
ab,mp,8,256,288,inverse,28666.11,28666.11,28666.12,7352.11,7352.11,7352.11,74.3526066145703,3.899031706544108
ab,mp,9,512,288,forward,56559.11,56559.11,56559.12,17099.11,17099.11,17099.11,69.76771734915914,3.307722448712243
ab,mp,9,512,288,inverse,64586.11,64586.11,64586.11,16467.11,16467.11,16467.12,74.50363553401806,3.922127805061119
ab,mp,10,1024,288,forward,123498.11,123498.11,123498.12,36960.11,36960.11,36960.12,70.07232742266258,3.341389135476058
ab,mp,10,1024,288,inverse,141342.11,141342.11,141342.12,35441.11,35441.11,35441.11,74.92530003974045,3.9880836125053643
ab,mp,4,16,289,forward,897.11,897.11,897.11,324.11,324.11,324.11,63.87176600416894,2.7679182993428157
ab,mp,4,16,289,inverse,1026.11,1026.11,1026.11,350.11,350.11,350.11,65.87987642650397,2.9308217417383102
ab,mp,5,32,289,forward,2121.11,2121.11,2121.11,726.11,726.11,726.11,65.76745194732948,2.921196512925039
ab,mp,5,32,289,inverse,2418.11,2418.11,2418.11,743.11,743.11,743.11,69.26897452969469,3.254040451615508
ab,mp,6,64,289,forward,4852.11,4852.11,4852.11,1502.11,1502.11,1502.11,69.04212806387324,3.2301961906917604
ab,mp,6,64,289,inverse,5558.11,5558.11,5558.11,1523.11,1523.11,1523.11,72.59662007408994,3.6491848914392264
ab,mp,7,128,289,forward,11244.11,11244.11,11244.11,3485.11,3485.11,3485.11,69.0050168488213,3.226328580733463
ab,mp,7,128,289,inverse,12838.11,12838.11,12838.11,3418.11,3418.11,3418.11,73.37528654918832,3.7559089672362798
ab,mp,8,256,289,forward,25031.11,25031.11,25031.12,7594.11,7594.11,7594.11,69.66131346152848,3.2961215995027726
ab,mp,8,256,289,inverse,28666.11,28666.11,28666.11,7352.11,7352.11,7352.11,74.3526066145703,3.899031706544108
ab,mp,9,512,289,forward,56559.11,56559.11,56559.12,17099.11,17099.11,17099.11,69.76771734915914,3.307722448712243
ab,mp,9,512,289,inverse,64586.11,64586.11,64586.12,16467.11,16467.11,16467.11,74.50363553401806,3.922127805061119
ab,mp,10,1024,289,forward,123498.11,123498.11,123498.12,36960.11,36960.11,36960.11,70.07232742266258,3.341389135476058
ab,mp,10,1024,289,inverse,141342.11,141342.11,141342.12,35441.11,35441.11,35441.12,74.92530003974045,3.9880836125053643
ab,mp,4,16,290,forward,897.11,897.11,897.11,324.11,324.11,324.11,63.87176600416894,2.7679182993428157
ab,mp,4,16,290,inverse,1026.11,1026.11,1026.11,350.11,350.11,350.11,65.87987642650397,2.9308217417383102
ab,mp,5,32,290,forward,2121.11,2121.11,2121.11,726.11,726.11,726.11,65.76745194732948,2.921196512925039
ab,mp,5,32,290,inverse,2418.11,2418.11,2418.11,743.11,743.11,743.11,69.26897452969469,3.254040451615508
ab,mp,6,64,290,forward,4852.11,4852.11,4852.11,1502.11,1502.11,1502.11,69.04212806387324,3.2301961906917604
ab,mp,6,64,290,inverse,5558.11,5558.11,5558.11,1523.11,1523.11,1523.11,72.59662007408994,3.6491848914392264
ab,mp,7,128,290,forward,11244.11,11244.11,11244.11,3485.11,3485.11,3485.11,69.0050168488213,3.226328580733463
ab,mp,7,128,290,inverse,12838.11,12838.11,12838.12,3418.11,3418.11,3418.11,73.37528654918832,3.7559089672362798
ab,mp,8,256,290,forward,25031.11,25031.11,25031.11,7594.11,7594.11,7594.11,69.66131346152848,3.2961215995027726
ab,mp,8,256,290,inverse,28666.11,28666.11,28666.11,7352.11,7352.11,7352.12,74.3526066145703,3.899031706544108
ab,mp,9,512,290,forward,56559.11,56559.11,56559.11,17099.11,17099.11,17099.11,69.76771734915914,3.307722448712243
ab,mp,9,512,290,inverse,64586.11,64586.11,64586.12,16467.11,16467.11,16467.11,74.50363553401806,3.922127805061119
ab,mp,10,1024,290,forward,123498.11,123498.11,123498.12,36960.11,36960.11,36960.12,70.07232742266258,3.341389135476058
ab,mp,10,1024,290,inverse,141342.11,141342.11,141342.12,35441.11,35441.11,35441.11,74.92530003974045,3.9880836125053643
ab,mp,4,16,291,forward,897.11,897.11,897.11,324.11,324.11,324.11,63.87176600416894,2.7679182993428157
ab,mp,4,16,291,inverse,1026.11,1026.11,1026.11,350.11,350.11,350.11,65.87987642650397,2.9308217417383102
ab,mp,5,32,291,forward,2121.11,2121.11,2121.11,726.11,726.11,726.11,65.76745194732948,2.921196512925039
ab,mp,5,32,291,inverse,2418.11,2418.11,2418.11,743.11,743.11,743.11,69.26897452969469,3.254040451615508
ab,mp,6,64,291,forward,4852.11,4852.11,4852.11,1502.11,1502.11,1502.11,69.04212806387324,3.2301961906917604
ab,mp,6,64,291,inverse,5558.11,5558.11,5558.12,1523.11,1523.11,1523.11,72.59662007408994,3.6491848914392264
ab,mp,7,128,291,forward,11244.11,11244.11,11244.11,3485.11,3485.11,3485.11,69.0050168488213,3.226328580733463
ab,mp,7,128,291,inverse,12838.11,12838.11,12838.11,3418.11,3418.11,3418.11,73.37528654918832,3.7559089672362798
ab,mp,8,256,291,forward,25031.11,25031.11,25031.11,7594.11,7594.11,7594.11,69.66131346152848,3.2961215995027726
ab,mp,8,256,291,inverse,28666.11,28666.11,28666.12,7352.11,7352.11,7352.11,74.3526066145703,3.899031706544108
ab,mp,9,512,291,forward,56559.11,56559.11,56559.12,17099.11,17099.11,17099.11,69.76771734915914,3.307722448712243
ab,mp,9,512,291,inverse,64586.11,64586.11,64586.12,16467.11,16467.11,16467.11,74.50363553401806,3.922127805061119
ab,mp,10,1024,291,forward,123498.11,123498.11,123498.12,36960.11,36960.11,36960.11,70.07232742266258,3.341389135476058
ab,mp,10,1024,291,inverse,141342.11,141342.11,141342.12,35441.11,35441.11,35441.11,74.92530003974045,3.9880836125053643
ab,mp,4,16,292,forward,897.11,897.11,897.11,324.11,324.11,324.11,63.87176600416894,2.7679182993428157
ab,mp,4,16,292,inverse,1026.11,1026.11,1026.11,350.11,350.11,350.11,65.87987642650397,2.9308217417383102
ab,mp,5,32,292,forward,2121.11,2121.11,2121.11,726.11,726.11,726.11,65.76745194732948,2.921196512925039
ab,mp,5,32,292,inverse,2418.11,2418.11,2418.11,743.11,743.11,743.11,69.26897452969469,3.254040451615508
ab,mp,6,64,292,forward,4852.11,4852.11,4852.11,1502.11,1502.11,1502.11,69.04212806387324,3.2301961906917604
ab,mp,6,64,292,inverse,5558.11,5558.11,5558.11,1523.11,1523.11,1523.11,72.59662007408994,3.6491848914392264
ab,mp,7,128,292,forward,11244.11,11244.11,11244.11,3485.11,3485.11,3485.11,69.0050168488213,3.226328580733463
ab,mp,7,128,292,inverse,12838.11,12838.11,12838.11,3418.11,3418.11,3418.11,73.37528654918832,3.7559089672362798
ab,mp,8,256,292,forward,25031.11,25031.11,25031.12,7594.11,7594.11,7594.11,69.66131346152848,3.2961215995027726
ab,mp,8,256,292,inverse,28666.11,28666.11,28666.11,7352.11,7352.11,7352.11,74.3526066145703,3.899031706544108
ab,mp,9,512,292,forward,56559.11,56559.11,56559.12,17099.11,17099.11,17099.11,69.76771734915914,3.307722448712243
ab,mp,9,512,292,inverse,64586.11,64586.11,64586.12,16467.11,16467.11,16467.11,74.50363553401806,3.922127805061119
ab,mp,10,1024,292,forward,123498.11,123498.11,123498.12,36960.11,36960.11,36960.12,70.07232742266258,3.341389135476058
ab,mp,10,1024,292,inverse,141342.11,141342.11,141342.12,35441.11,35441.11,35441.12,74.92530003974045,3.9880836125053643
ab,mp,4,16,293,forward,897.11,897.11,897.11,324.11,324.11,324.11,63.87176600416894,2.7679182993428157
ab,mp,4,16,293,inverse,1026.11,1026.11,1026.11,350.11,350.11,350.11,65.87987642650397,2.9308217417383102
ab,mp,5,32,293,forward,2121.11,2121.11,2121.11,726.11,726.11,726.11,65.76745194732948,2.921196512925039
ab,mp,5,32,293,inverse,2418.11,2418.11,2418.11,743.11,743.11,743.11,69.26897452969469,3.254040451615508
ab,mp,6,64,293,forward,4852.11,4852.11,4852.11,1502.11,1502.11,1502.11,69.04212806387324,3.2301961906917604
ab,mp,6,64,293,inverse,5558.11,5558.11,5558.11,1523.11,1523.11,1523.11,72.59662007408994,3.6491848914392264
ab,mp,7,128,293,forward,11244.11,11244.11,11244.11,3485.11,3485.11,3485.11,69.0050168488213,3.226328580733463
ab,mp,7,128,293,inverse,12838.11,12838.11,12838.12,3418.11,3418.11,3418.11,73.37528654918832,3.7559089672362798
ab,mp,8,256,293,forward,25031.11,25031.11,25031.11,7594.11,7594.11,7594.11,69.66131346152848,3.2961215995027726
ab,mp,8,256,293,inverse,28666.11,28666.11,28666.12,7352.11,7352.11,7352.11,74.3526066145703,3.899031706544108
ab,mp,9,512,293,forward,56559.11,56559.11,56559.12,17099.11,17099.11,17099.11,69.76771734915914,3.307722448712243
ab,mp,9,512,293,inverse,64586.11,64586.11,64586.11,16467.11,16467.11,16467.12,74.50363553401806,3.922127805061119
ab,mp,10,1024,293,forward,123498.11,123498.11,123498.12,36960.11,36960.11,36960.12,70.07232742266258,3.341389135476058
ab,mp,10,1024,293,inverse,141342.11,141342.11,141342.12,35441.11,35441.11,35441.11,74.92530003974045,3.9880836125053643
ab,mp,4,16,294,forward,897.11,897.11,897.11,324.11,324.11,324.11,63.87176600416894,2.7679182993428157
ab,mp,4,16,294,inverse,1026.11,1026.11,1026.11,350.11,350.11,350.11,65.87987642650397,2.9308217417383102
ab,mp,5,32,294,forward,2121.11,2121.11,2121.11,726.11,726.11,726.11,65.76745194732948,2.921196512925039
ab,mp,5,32,294,inverse,2418.11,2418.11,2418.11,743.11,743.11,743.11,69.26897452969469,3.254040451615508
ab,mp,6,64,294,forward,4852.11,4852.11,4852.11,1502.11,1502.11,1502.11,69.04212806387324,3.2301961906917604
ab,mp,6,64,294,inverse,5558.11,5558.11,5558.11,1523.11,1523.11,1523.11,72.59662007408994,3.6491848914392264
ab,mp,7,128,294,forward,11244.11,11244.11,11244.11,3485.11,3485.11,3485.11,69.0050168488213,3.226328580733463
ab,mp,7,128,294,inverse,12838.11,12838.11,12838.11,3418.11,3418.11,3418.11,73.37528654918832,3.7559089672362798
ab,mp,8,256,294,forward,25031.11,25031.11,25031.11,7594.11,7594.11,7594.11,69.66131346152848,3.2961215995027726
ab,mp,8,256,294,inverse,28666.11,28666.11,28666.11,7352.11,7352.11,7352.12,74.3526066145703,3.899031706544108
ab,mp,9,512,294,forward,56559.11,56559.11,56559.12,17099.11,17099.11,17099.11,69.76771734915914,3.307722448712243
ab,mp,9,512,294,inverse,64586.11,64586.11,64586.12,16467.11,16467.11,16467.11,74.50363553401806,3.922127805061119
ab,mp,10,1024,294,forward,123498.11,123498.11,123498.12,36960.11,36960.11,36960.11,70.07232742266258,3.341389135476058
ab,mp,10,1024,294,inverse,141342.11,141342.11,141342.12,35441.11,35441.11,35441.11,74.92530003974045,3.9880836125053643
ab,mp,4,16,295,forward,897.11,897.11,897.11,324.11,324.11,324.11,63.87176600416894,2.7679182993428157
ab,mp,4,16,295,inverse,1026.11,1026.11,1026.11,350.11,350.11,350.11,65.87987642650397,2.9308217417383102
ab,mp,5,32,295,forward,2121.11,2121.11,2121.11,726.11,726.11,726.11,65.76745194732948,2.921196512925039
ab,mp,5,32,295,inverse,2418.11,2418.11,2418.11,743.11,743.11,743.12,69.26897452969469,3.254040451615508
ab,mp,6,64,295,forward,4852.11,4852.11,4852.11,1502.11,1502.11,1502.11,69.04212806387324,3.2301961906917604
ab,mp,6,64,295,inverse,5558.11,5558.11,5558.11,1523.11,1523.11,1523.11,72.59662007408994,3.6491848914392264
ab,mp,7,128,295,forward,11244.11,11244.11,11244.11,3485.11,3485.11,3485.11,69.0050168488213,3.226328580733463
ab,mp,7,128,295,inverse,12838.11,12838.11,12838.11,3418.11,3418.11,3418.11,73.37528654918832,3.7559089672362798
ab,mp,8,256,295,forward,25031.11,25031.11,25031.11,7594.11,7594.11,7594.12,69.66131346152848,3.2961215995027726
ab,mp,8,256,295,inverse,28666.11,28666.11,28666.11,7352.11,7352.11,7352.11,74.3526066145703,3.899031706544108
ab,mp,9,512,295,forward,56559.11,56559.11,56559.12,17099.11,17099.11,17099.11,69.76771734915914,3.307722448712243
ab,mp,9,512,295,inverse,64586.11,64586.11,64586.12,16467.11,16467.11,16467.11,74.50363553401806,3.922127805061119
ab,mp,10,1024,295,forward,123498.11,123498.11,123498.12,36960.11,36960.11,36960.12,70.07232742266258,3.341389135476058
ab,mp,10,1024,295,inverse,141342.11,141342.11,141342.12,35441.11,35441.11,35441.12,74.92530003974045,3.9880836125053643
ab,mp,4,16,296,forward,897.11,897.11,897.11,324.11,324.11,324.11,63.87176600416894,2.7679182993428157
ab,mp,4,16,296,inverse,1026.11,1026.11,1026.11,350.11,350.11,350.11,65.87987642650397,2.9308217417383102
ab,mp,5,32,296,forward,2121.11,2121.11,2121.11,726.11,726.11,726.11,65.76745194732948,2.921196512925039
ab,mp,5,32,296,inverse,2418.11,2418.11,2418.11,743.11,743.11,743.11,69.26897452969469,3.254040451615508
ab,mp,6,64,296,forward,4852.11,4852.11,4852.11,1502.11,1502.11,1502.11,69.04212806387324,3.2301961906917604
ab,mp,6,64,296,inverse,5558.11,5558.11,5558.11,1523.11,1523.11,1523.11,72.59662007408994,3.6491848914392264
ab,mp,7,128,296,forward,11244.11,11244.11,11244.11,3485.11,3485.11,3485.11,69.0050168488213,3.226328580733463
ab,mp,7,128,296,inverse,12838.11,12838.11,12838.11,3418.11,3418.11,3418.11,73.37528654918832,3.7559089672362798
ab,mp,8,256,296,forward,25031.11,25031.11,25031.11,7594.11,7594.11,7594.11,69.66131346152848,3.2961215995027726
ab,mp,8,256,296,inverse,28666.11,28666.11,28666.12,7352.11,7352.11,7352.11,74.3526066145703,3.899031706544108
ab,mp,9,512,296,forward,56559.11,56559.11,56559.11,17099.11,17099.11,17099.11,69.76771734915914,3.307722448712243
ab,mp,9,512,296,inverse,64586.11,64586.11,64586.12,16467.11,16467.11,16467.11,74.50363553401806,3.922127805061119
ab,mp,10,1024,296,forward,123498.11,123498.11,123498.12,36960.11,36960.11,36960.11,70.07232742266258,3.341389135476058
ab,mp,10,1024,296,inverse,141342.11,141342.11,141342.12,35441.11,35441.11,35441.11,74.92530003974045,3.9880836125053643
ab,mp,4,16,297,forward,897.11,897.11,897.11,324.11,324.11,324.11,63.87176600416894,2.7679182993428157
ab,mp,4,16,297,inverse,1026.11,1026.11,1026.11,350.11,350.11,350.11,65.87987642650397,2.9308217417383102
ab,mp,5,32,297,forward,2121.11,2121.11,2121.11,726.11,726.11,726.11,65.76745194732948,2.921196512925039
ab,mp,5,32,297,inverse,2418.11,2418.11,2418.11,743.11,743.11,743.11,69.26897452969469,3.254040451615508
ab,mp,6,64,297,forward,4852.11,4852.11,4852.11,1502.11,1502.11,1502.11,69.04212806387324,3.2301961906917604
ab,mp,6,64,297,inverse,5558.11,5558.11,5558.11,1523.11,1523.11,1523.11,72.59662007408994,3.6491848914392264
ab,mp,7,128,297,forward,11244.11,11244.11,11244.12,3485.11,3485.11,3485.11,69.0050168488213,3.226328580733463
ab,mp,7,128,297,inverse,12838.11,12838.11,12838.11,3418.11,3418.11,3418.11,73.37528654918832,3.7559089672362798
ab,mp,8,256,297,forward,25031.11,25031.11,25031.11,7594.11,7594.11,7594.11,69.66131346152848,3.2961215995027726
ab,mp,8,256,297,inverse,28666.11,28666.11,28666.12,7352.11,7352.11,7352.11,74.3526066145703,3.899031706544108
ab,mp,9,512,297,forward,56559.11,56559.11,56559.12,17099.11,17099.11,17099.11,69.76771734915914,3.307722448712243
ab,mp,9,512,297,inverse,64586.11,64586.11,64586.12,16467.11,16467.11,16467.11,74.50363553401806,3.922127805061119
ab,mp,10,1024,297,forward,123498.11,123498.11,123498.12,36960.11,36960.11,36960.12,70.07232742266258,3.341389135476058
ab,mp,10,1024,297,inverse,141342.11,141342.11,141342.12,35441.11,35441.11,35441.11,74.92530003974045,3.9880836125053643
ab,mp,4,16,298,forward,897.11,897.11,897.11,324.11,324.11,324.11,63.87176600416894,2.7679182993428157
ab,mp,4,16,298,inverse,1026.11,1026.11,1026.11,350.11,350.11,350.11,65.87987642650397,2.9308217417383102
ab,mp,5,32,298,forward,2121.11,2121.11,2121.11,726.11,726.11,726.11,65.76745194732948,2.921196512925039
ab,mp,5,32,298,inverse,2418.11,2418.11,2418.11,743.11,743.11,743.11,69.26897452969469,3.254040451615508
ab,mp,6,64,298,forward,4852.11,4852.11,4852.11,1502.11,1502.11,1502.11,69.04212806387324,3.2301961906917604
ab,mp,6,64,298,inverse,5558.11,5558.11,5558.11,1523.11,1523.11,1523.11,72.59662007408994,3.6491848914392264
ab,mp,7,128,298,forward,11244.11,11244.11,11244.11,3485.11,3485.11,3485.11,69.0050168488213,3.226328580733463
ab,mp,7,128,298,inverse,12838.11,12838.11,12838.11,3418.11,3418.11,3418.11,73.37528654918832,3.7559089672362798
ab,mp,8,256,298,forward,25031.11,25031.11,25031.12,7594.11,7594.11,7594.11,69.66131346152848,3.2961215995027726
ab,mp,8,256,298,inverse,28666.11,28666.11,28666.11,7352.11,7352.11,7352.11,74.3526066145703,3.899031706544108
ab,mp,9,512,298,forward,56559.11,56559.11,56559.11,17099.11,17099.11,17099.12,69.76771734915914,3.307722448712243
ab,mp,9,512,298,inverse,64586.11,64586.11,64586.11,16467.11,16467.11,16467.12,74.50363553401806,3.922127805061119
ab,mp,10,1024,298,forward,123498.11,123498.11,123498.12,36960.11,36960.11,36960.12,70.07232742266258,3.341389135476058
ab,mp,10,1024,298,inverse,141342.11,141342.11,141342.12,35441.11,35441.11,35441.11,74.92530003974045,3.9880836125053643
ab,mp,4,16,299,forward,897.11,897.11,897.11,324.11,324.11,324.11,63.87176600416894,2.7679182993428157
ab,mp,4,16,299,inverse,1026.11,1026.11,1026.11,350.11,350.11,350.11,65.87987642650397,2.9308217417383102
ab,mp,5,32,299,forward,2121.11,2121.11,2121.11,726.11,726.11,726.11,65.76745194732948,2.921196512925039
ab,mp,5,32,299,inverse,2418.11,2418.11,2418.11,743.11,743.11,743.11,69.26897452969469,3.254040451615508
ab,mp,6,64,299,forward,4852.11,4852.11,4852.11,1502.11,1502.11,1502.11,69.04212806387324,3.2301961906917604
ab,mp,6,64,299,inverse,5558.11,5558.11,5558.11,1523.11,1523.11,1523.11,72.59662007408994,3.6491848914392264
ab,mp,7,128,299,forward,11244.11,11244.11,11244.11,3485.11,3485.11,3485.11,69.0050168488213,3.226328580733463
ab,mp,7,128,299,inverse,12838.11,12838.11,12838.12,3418.11,3418.11,3418.11,73.37528654918832,3.7559089672362798
ab,mp,8,256,299,forward,25031.11,25031.11,25031.11,7594.11,7594.11,7594.11,69.66131346152848,3.2961215995027726
ab,mp,8,256,299,inverse,28666.11,28666.11,28666.11,7352.11,7352.11,7352.11,74.3526066145703,3.899031706544108
ab,mp,9,512,299,forward,56559.11,56559.11,56559.11,17099.11,17099.11,17099.11,69.76771734915914,3.307722448712243
ab,mp,9,512,299,inverse,64586.11,64586.11,64586.12,16467.11,16467.11,16467.11,74.50363553401806,3.922127805061119
ab,mp,10,1024,299,forward,123498.11,123498.11,123498.12,36960.11,36960.11,36960.11,70.07232742266258,3.341389135476058
ab,mp,10,1024,299,inverse,141342.11,141342.11,141342.12,35441.11,35441.11,35441.11,74.92530003974045,3.9880836125053643
ab,mp,4,16,300,forward,897.11,897.11,897.11,324.11,324.11,324.11,63.87176600416894,2.7679182993428157
ab,mp,4,16,300,inverse,1026.11,1026.11,1026.11,350.11,350.11,350.11,65.87987642650397,2.9308217417383102
ab,mp,5,32,300,forward,2121.11,2121.11,2121.11,726.11,726.11,726.11,65.76745194732948,2.921196512925039
ab,mp,5,32,300,inverse,2418.11,2418.11,2418.11,743.11,743.11,743.11,69.26897452969469,3.254040451615508
ab,mp,6,64,300,forward,4852.11,4852.11,4852.11,1502.11,1502.11,1502.11,69.04212806387324,3.2301961906917604
ab,mp,6,64,300,inverse,5558.11,5558.11,5558.11,1523.11,1523.11,1523.11,72.59662007408994,3.6491848914392264
ab,mp,7,128,300,forward,11244.11,11244.11,11244.11,3485.11,3485.11,3485.12,69.0050168488213,3.226328580733463
ab,mp,7,128,300,inverse,12838.11,12838.11,12838.11,3418.11,3418.11,3418.11,73.37528654918832,3.7559089672362798
ab,mp,8,256,300,forward,25031.11,25031.11,25031.11,7594.11,7594.11,7594.11,69.66131346152848,3.2961215995027726
ab,mp,8,256,300,inverse,28666.11,28666.11,28666.12,7352.11,7352.11,7352.11,74.3526066145703,3.899031706544108
ab,mp,9,512,300,forward,56559.11,56559.11,56559.11,17099.11,17099.11,17099.12,69.76771734915914,3.307722448712243
ab,mp,9,512,300,inverse,64586.11,64586.11,64586.12,16467.11,16467.11,16467.11,74.50363553401806,3.922127805061119
ab,mp,10,1024,300,forward,123498.11,123498.11,123498.12,36960.11,36960.11,36960.12,70.07232742266258,3.341389135476058
ab,mp,10,1024,300,inverse,141342.11,141342.11,141342.12,35441.11,35441.11,35441.12,74.92530003974045,3.9880836125053643
ab,mp,4,16,301,forward,897.11,897.11,897.11,324.11,324.11,324.11,63.87176600416894,2.7679182993428157
ab,mp,4,16,301,inverse,1026.11,1026.11,1026.11,350.11,350.11,350.11,65.87987642650397,2.9308217417383102
ab,mp,5,32,301,forward,2121.11,2121.11,2121.11,726.11,726.11,726.11,65.76745194732948,2.921196512925039
ab,mp,5,32,301,inverse,2418.11,2418.11,2418.11,743.11,743.11,743.11,69.26897452969469,3.254040451615508
ab,mp,6,64,301,forward,4852.11,4852.11,4852.11,1502.11,1502.11,1502.11,69.04212806387324,3.2301961906917604
ab,mp,6,64,301,inverse,5558.11,5558.11,5558.11,1523.11,1523.11,1523.11,72.59662007408994,3.6491848914392264
ab,mp,7,128,301,forward,11244.11,11244.11,11244.11,3485.11,3485.11,3485.11,69.0050168488213,3.226328580733463
ab,mp,7,128,301,inverse,12838.11,12838.11,12838.11,3418.11,3418.11,3418.11,73.37528654918832,3.7559089672362798
ab,mp,8,256,301,forward,25031.11,25031.11,25031.12,7594.11,7594.11,7594.11,69.66131346152848,3.2961215995027726
ab,mp,8,256,301,inverse,28666.11,28666.11,28666.11,7352.11,7352.11,7352.11,74.3526066145703,3.899031706544108
ab,mp,9,512,301,forward,56559.11,56559.11,56559.12,17099.11,17099.11,17099.11,69.76771734915914,3.307722448712243
ab,mp,9,512,301,inverse,64586.11,64586.11,64586.12,16467.11,16467.11,16467.11,74.50363553401806,3.922127805061119
ab,mp,10,1024,301,forward,123498.11,123498.11,123498.12,36960.11,36960.11,36960.11,70.07232742266258,3.341389135476058
ab,mp,10,1024,301,inverse,141342.11,141342.11,141342.12,35441.11,35441.11,35441.11,74.92530003974045,3.9880836125053643
ab,mp,4,16,302,forward,897.11,897.11,897.11,324.11,324.11,324.11,63.87176600416894,2.7679182993428157
ab,mp,4,16,302,inverse,1026.11,1026.11,1026.11,350.11,350.11,350.11,65.87987642650397,2.9308217417383102
ab,mp,5,32,302,forward,2121.11,2121.11,2121.11,726.11,726.11,726.11,65.76745194732948,2.921196512925039
ab,mp,5,32,302,inverse,2418.11,2418.11,2418.11,743.11,743.11,743.11,69.26897452969469,3.254040451615508
ab,mp,6,64,302,forward,4852.11,4852.11,4852.11,1502.11,1502.11,1502.11,69.04212806387324,3.2301961906917604
ab,mp,6,64,302,inverse,5558.11,5558.11,5558.11,1523.11,1523.11,1523.11,72.59662007408994,3.6491848914392264
ab,mp,7,128,302,forward,11244.11,11244.11,11244.11,3485.11,3485.11,3485.11,69.0050168488213,3.226328580733463
ab,mp,7,128,302,inverse,12838.11,12838.11,12838.12,3418.11,3418.11,3418.11,73.37528654918832,3.7559089672362798
ab,mp,8,256,302,forward,25031.11,25031.11,25031.11,7594.11,7594.11,7594.11,69.66131346152848,3.2961215995027726
ab,mp,8,256,302,inverse,28666.11,28666.11,28666.11,7352.11,7352.11,7352.11,74.3526066145703,3.899031706544108
ab,mp,9,512,302,forward,56559.11,56559.11,56559.11,17099.11,17099.11,17099.11,69.76771734915914,3.307722448712243
ab,mp,9,512,302,inverse,64586.11,64586.11,64586.12,16467.11,16467.11,16467.11,74.50363553401806,3.922127805061119
ab,mp,10,1024,302,forward,123498.11,123498.11,123498.12,36960.11,36960.11,36960.11,70.07232742266258,3.341389135476058
ab,mp,10,1024,302,inverse,141342.11,141342.11,141342.12,35441.11,35441.11,35441.11,74.92530003974045,3.9880836125053643
ab,mp,4,16,303,forward,897.11,897.11,897.11,324.11,324.11,324.11,63.87176600416894,2.7679182993428157
ab,mp,4,16,303,inverse,1026.11,1026.11,1026.11,350.11,350.11,350.11,65.87987642650397,2.9308217417383102
ab,mp,5,32,303,forward,2121.11,2121.11,2121.11,726.11,726.11,726.11,65.76745194732948,2.921196512925039
ab,mp,5,32,303,inverse,2418.11,2418.11,2418.11,743.11,743.11,743.11,69.26897452969469,3.254040451615508
ab,mp,6,64,303,forward,4852.11,4852.11,4852.11,1502.11,1502.11,1502.11,69.04212806387324,3.2301961906917604
ab,mp,6,64,303,inverse,5558.11,5558.11,5558.11,1523.11,1523.11,1523.11,72.59662007408994,3.6491848914392264
ab,mp,7,128,303,forward,11244.11,11244.11,11244.12,3485.11,3485.11,3485.11,69.0050168488213,3.226328580733463
ab,mp,7,128,303,inverse,12838.11,12838.11,12838.11,3418.11,3418.11,3418.11,73.37528654918832,3.7559089672362798
ab,mp,8,256,303,forward,25031.11,25031.11,25031.11,7594.11,7594.11,7594.11,69.66131346152848,3.2961215995027726
ab,mp,8,256,303,inverse,28666.11,28666.11,28666.11,7352.11,7352.11,7352.12,74.3526066145703,3.899031706544108
ab,mp,9,512,303,forward,56559.11,56559.11,56559.12,17099.11,17099.11,17099.11,69.76771734915914,3.307722448712243
ab,mp,9,512,303,inverse,64586.11,64586.11,64586.12,16467.11,16467.11,16467.11,74.50363553401806,3.922127805061119
ab,mp,10,1024,303,forward,123498.11,123498.11,123498.12,36960.11,36960.11,36960.12,70.07232742266258,3.341389135476058
ab,mp,10,1024,303,inverse,141342.11,141342.11,141342.12,35441.11,35441.11,35441.12,74.92530003974045,3.9880836125053643
ab,mp,4,16,304,forward,897.11,897.11,897.11,324.11,324.11,324.11,63.87176600416894,2.7679182993428157
ab,mp,4,16,304,inverse,1026.11,1026.11,1026.11,350.11,350.11,350.11,65.87987642650397,2.9308217417383102
ab,mp,5,32,304,forward,2121.11,2121.11,2121.11,726.11,726.11,726.11,65.76745194732948,2.921196512925039
ab,mp,5,32,304,inverse,2418.11,2418.11,2418.11,743.11,743.11,743.11,69.26897452969469,3.254040451615508
ab,mp,6,64,304,forward,4852.11,4852.11,4852.11,1502.11,1502.11,1502.11,69.04212806387324,3.2301961906917604
ab,mp,6,64,304,inverse,5558.11,5558.11,5558.11,1523.11,1523.11,1523.11,72.59662007408994,3.6491848914392264
ab,mp,7,128,304,forward,11244.11,11244.11,11244.11,3485.11,3485.11,3485.11,69.0050168488213,3.226328580733463
ab,mp,7,128,304,inverse,12838.11,12838.11,12838.11,3418.11,3418.11,3418.11,73.37528654918832,3.7559089672362798
ab,mp,8,256,304,forward,25031.11,25031.11,25031.12,7594.11,7594.11,7594.11,69.66131346152848,3.2961215995027726
ab,mp,8,256,304,inverse,28666.11,28666.11,28666.11,7352.11,7352.11,7352.11,74.3526066145703,3.899031706544108
ab,mp,9,512,304,forward,56559.11,56559.11,56559.11,17099.11,17099.11,17099.12,69.76771734915914,3.307722448712243
ab,mp,9,512,304,inverse,64586.11,64586.11,64586.11,16467.11,16467.11,16467.12,74.50363553401806,3.922127805061119
ab,mp,10,1024,304,forward,123498.11,123498.11,123498.12,36960.11,36960.11,36960.12,70.07232742266258,3.341389135476058
ab,mp,10,1024,304,inverse,141342.11,141342.11,141342.12,35441.11,35441.11,35441.11,74.92530003974045,3.9880836125053643
ab,mp,4,16,305,forward,897.11,897.11,897.11,324.11,324.11,324.11,63.87176600416894,2.7679182993428157
ab,mp,4,16,305,inverse,1026.11,1026.11,1026.11,350.11,350.11,350.11,65.87987642650397,2.9308217417383102
ab,mp,5,32,305,forward,2121.11,2121.11,2121.11,726.11,726.11,726.11,65.76745194732948,2.921196512925039
ab,mp,5,32,305,inverse,2418.11,2418.11,2418.11,743.11,743.11,743.11,69.26897452969469,3.254040451615508
ab,mp,6,64,305,forward,4852.11,4852.11,4852.11,1502.11,1502.11,1502.11,69.04212806387324,3.2301961906917604
ab,mp,6,64,305,inverse,5558.11,5558.11,5558.11,1523.11,1523.11,1523.11,72.59662007408994,3.6491848914392264
ab,mp,7,128,305,forward,11244.11,11244.11,11244.11,3485.11,3485.11,3485.11,69.0050168488213,3.226328580733463
ab,mp,7,128,305,inverse,12838.11,12838.11,12838.12,3418.11,3418.11,3418.11,73.37528654918832,3.7559089672362798
ab,mp,8,256,305,forward,25031.11,25031.11,25031.11,7594.11,7594.11,7594.11,69.66131346152848,3.2961215995027726
ab,mp,8,256,305,inverse,28666.11,28666.11,28666.11,7352.11,7352.11,7352.11,74.3526066145703,3.899031706544108
ab,mp,9,512,305,forward,56559.11,56559.11,56559.11,17099.11,17099.11,17099.11,69.76771734915914,3.307722448712243
ab,mp,9,512,305,inverse,64586.11,64586.11,64586.12,16467.11,16467.11,16467.11,74.50363553401806,3.922127805061119
ab,mp,10,1024,305,forward,123498.11,123498.11,123498.12,36960.11,36960.11,36960.11,70.07232742266258,3.341389135476058
ab,mp,10,1024,305,inverse,141342.11,141342.11,141342.12,35441.11,35441.11,35441.11,74.92530003974045,3.9880836125053643
ab,mp,4,16,306,forward,897.11,897.11,897.11,324.11,324.11,324.11,63.87176600416894,2.7679182993428157
ab,mp,4,16,306,inverse,1026.11,1026.11,1026.11,350.11,350.11,350.11,65.87987642650397,2.9308217417383102
ab,mp,5,32,306,forward,2121.11,2121.11,2121.11,726.11,726.11,726.11,65.76745194732948,2.921196512925039
ab,mp,5,32,306,inverse,2418.11,2418.11,2418.11,743.11,743.11,743.11,69.26897452969469,3.254040451615508
ab,mp,6,64,306,forward,4852.11,4852.11,4852.11,1502.11,1502.11,1502.11,69.04212806387324,3.2301961906917604
ab,mp,6,64,306,inverse,5558.11,5558.11,5558.11,1523.11,1523.11,1523.11,72.59662007408994,3.6491848914392264
ab,mp,7,128,306,forward,11244.11,11244.11,11244.12,3485.11,3485.11,3485.11,69.0050168488213,3.226328580733463
ab,mp,7,128,306,inverse,12838.11,12838.11,12838.11,3418.11,3418.11,3418.11,73.37528654918832,3.7559089672362798
ab,mp,8,256,306,forward,25031.11,25031.11,25031.11,7594.11,7594.11,7594.11,69.66131346152848,3.2961215995027726
ab,mp,8,256,306,inverse,28666.11,28666.11,28666.12,7352.11,7352.11,7352.11,74.3526066145703,3.899031706544108
ab,mp,9,512,306,forward,56559.11,56559.11,56559.11,17099.11,17099.11,17099.12,69.76771734915914,3.307722448712243
ab,mp,9,512,306,inverse,64586.11,64586.11,64586.12,16467.11,16467.11,16467.11,74.50363553401806,3.922127805061119
ab,mp,10,1024,306,forward,123498.11,123498.11,123498.12,36960.11,36960.11,36960.12,70.07232742266258,3.341389135476058
ab,mp,10,1024,306,inverse,141342.11,141342.11,141342.12,35441.11,35441.11,35441.12,74.92530003974045,3.9880836125053643
ab,mp,4,16,307,forward,897.11,897.11,897.11,324.11,324.11,324.11,63.87176600416894,2.7679182993428157
ab,mp,4,16,307,inverse,1026.11,1026.11,1026.11,350.11,350.11,350.11,65.87987642650397,2.9308217417383102
ab,mp,5,32,307,forward,2121.11,2121.11,2121.11,726.11,726.11,726.11,65.76745194732948,2.921196512925039
ab,mp,5,32,307,inverse,2418.11,2418.11,2418.11,743.11,743.11,743.11,69.26897452969469,3.254040451615508
ab,mp,6,64,307,forward,4852.11,4852.11,4852.12,1502.11,1502.11,1502.11,69.04212806387324,3.2301961906917604
ab,mp,6,64,307,inverse,5558.11,5558.11,5558.11,1523.11,1523.11,1523.11,72.59662007408994,3.6491848914392264
ab,mp,7,128,307,forward,11244.11,11244.11,11244.11,3485.11,3485.11,3485.11,69.0050168488213,3.226328580733463
ab,mp,7,128,307,inverse,12838.11,12838.11,12838.11,3418.11,3418.11,3418.11,73.37528654918832,3.7559089672362798
ab,mp,8,256,307,forward,25031.11,25031.11,25031.12,7594.11,7594.11,7594.11,69.66131346152848,3.2961215995027726
ab,mp,8,256,307,inverse,28666.11,28666.11,28666.11,7352.11,7352.11,7352.11,74.3526066145703,3.899031706544108
ab,mp,9,512,307,forward,56559.11,56559.11,56559.12,17099.11,17099.11,17099.11,69.76771734915914,3.307722448712243
ab,mp,9,512,307,inverse,64586.11,64586.11,64586.12,16467.11,16467.11,16467.11,74.50363553401806,3.922127805061119
ab,mp,10,1024,307,forward,123498.11,123498.11,123498.12,36960.11,36960.11,36960.11,70.07232742266258,3.341389135476058
ab,mp,10,1024,307,inverse,141342.11,141342.11,141342.12,35441.11,35441.11,35441.12,74.92530003974045,3.9880836125053643
ba,mq,9,512,0,forward,33870.1,33870.1,33870.11,10318.1,10318.1,10318.1,69.536257643172,3.2825907870635094
ba,mq,9,512,0,inverse,38630.1,38630.1,38630.11,12856.1,12856.1,12856.1,66.71999295885851,3.0048070565723664
ba,mq,10,1024,0,forward,75093.1,75093.1,75093.11,25408.1,25408.1,25408.1,66.16453442460093,2.95547876464592
ba,mq,10,1024,0,inverse,85616.1,85616.1,85616.11,31024.1,31024.1,31024.1,63.76370799417399,2.7596642610099895
ba,mp,4,16,0,forward,897.11,897.11,897.11,324.11,324.11,324.11,63.87176600416894,2.7679182993428157
ba,mp,4,16,0,inverse,1026.11,1026.11,1026.11,350.11,350.11,350.11,65.87987642650397,2.9308217417383102
ba,mp,5,32,0,forward,2121.11,2121.11,2121.11,726.11,726.11,726.12,65.76745194732948,2.921196512925039
ba,mp,5,32,0,inverse,2418.11,2418.11,2418.11,743.11,743.11,743.11,69.26897452969469,3.254040451615508
ba,mp,6,64,0,forward,4852.11,4852.11,4852.11,1502.11,1502.11,1502.11,69.04212806387324,3.2301961906917604
ba,mp,6,64,0,inverse,5558.11,5558.11,5558.11,1523.11,1523.11,1523.11,72.59662007408994,3.6491848914392264
ba,mp,7,128,0,forward,11244.11,11244.11,11244.11,3485.11,3485.11,3485.11,69.0050168488213,3.226328580733463
ba,mp,7,128,0,inverse,12838.11,12838.11,12838.11,3418.11,3418.11,3418.11,73.37528654918832,3.7559089672362798
ba,mp,8,256,0,forward,25031.11,25031.11,25031.12,7594.11,7594.11,7594.11,69.66131346152848,3.2961215995027726
ba,mp,8,256,0,inverse,28666.11,28666.11,28666.11,7352.11,7352.11,7352.11,74.3526066145703,3.899031706544108
ba,mp,9,512,0,forward,56559.11,56559.11,56559.12,17099.11,17099.11,17099.11,69.76771734915914,3.307722448712243
ba,mp,9,512,0,inverse,64586.11,64586.11,64586.12,16467.11,16467.11,16467.11,74.50363553401806,3.922127805061119
ba,mp,10,1024,0,forward,123498.11,123498.11,123498.12,36960.11,36960.11,36960.11,70.07232742266258,3.341389135476058
ba,mp,10,1024,0,inverse,141342.11,141342.11,141342.12,35441.11,35441.11,35441.11,74.92530003974045,3.9880836125053643
ba,mp,4,16,1,forward,897.11,897.11,897.11,324.11,324.11,324.11,63.87176600416894,2.7679182993428157
ba,mp,4,16,1,inverse,1026.11,1026.11,1026.11,350.11,350.11,350.11,65.87987642650397,2.9308217417383102
ba,mp,5,32,1,forward,2121.11,2121.11,2121.11,726.11,726.11,726.11,65.76745194732948,2.921196512925039
ba,mp,5,32,1,inverse,2418.11,2418.11,2418.11,743.11,743.11,743.11,69.26897452969469,3.254040451615508
ba,mp,6,64,1,forward,4852.11,4852.11,4852.11,1502.11,1502.11,1502.11,69.04212806387324,3.2301961906917604
ba,mp,6,64,1,inverse,5558.11,5558.11,5558.11,1523.11,1523.11,1523.11,72.59662007408994,3.6491848914392264
ba,mp,7,128,1,forward,11244.11,11244.11,11244.11,3485.11,3485.11,3485.11,69.0050168488213,3.226328580733463
ba,mp,7,128,1,inverse,12838.11,12838.11,12838.11,3418.11,3418.11,3418.12,73.37528654918832,3.7559089672362798
ba,mp,8,256,1,forward,25031.11,25031.11,25031.11,7594.11,7594.11,7594.11,69.66131346152848,3.2961215995027726
ba,mp,8,256,1,inverse,28666.11,28666.11,28666.12,7352.11,7352.11,7352.11,74.3526066145703,3.899031706544108
ba,mp,9,512,1,forward,56559.11,56559.11,56559.12,17099.11,17099.11,17099.11,69.76771734915914,3.307722448712243
ba,mp,9,512,1,inverse,64586.11,64586.11,64586.12,16467.11,16467.11,16467.11,74.50363553401806,3.922127805061119
ba,mp,10,1024,1,forward,123498.11,123498.11,123498.12,36960.11,36960.11,36960.12,70.07232742266258,3.341389135476058
ba,mp,10,1024,1,inverse,141342.11,141342.11,141342.12,35441.11,35441.11,35441.11,74.92530003974045,3.9880836125053643
ba,mp,4,16,2,forward,897.11,897.11,897.11,324.11,324.11,324.11,63.87176600416894,2.7679182993428157
ba,mp,4,16,2,inverse,1026.11,1026.11,1026.11,350.11,350.11,350.11,65.87987642650397,2.9308217417383102
ba,mp,5,32,2,forward,2121.11,2121.11,2121.11,726.11,726.11,726.11,65.76745194732948,2.921196512925039
ba,mp,5,32,2,inverse,2418.11,2418.11,2418.11,743.11,743.11,743.11,69.26897452969469,3.254040451615508
ba,mp,6,64,2,forward,4852.11,4852.11,4852.11,1502.11,1502.11,1502.11,69.04212806387324,3.2301961906917604
ba,mp,6,64,2,inverse,5558.11,5558.11,5558.11,1523.11,1523.11,1523.11,72.59662007408994,3.6491848914392264
ba,mp,7,128,2,forward,11244.11,11244.11,11244.11,3485.11,3485.11,3485.11,69.0050168488213,3.226328580733463
ba,mp,7,128,2,inverse,12838.11,12838.11,12838.11,3418.11,3418.11,3418.11,73.37528654918832,3.7559089672362798
ba,mp,8,256,2,forward,25031.11,25031.11,25031.11,7594.11,7594.11,7594.11,69.66131346152848,3.2961215995027726
ba,mp,8,256,2,inverse,28666.11,28666.11,28666.11,7352.11,7352.11,7352.12,74.3526066145703,3.899031706544108
ba,mp,9,512,2,forward,56559.11,56559.11,56559.12,17099.11,17099.11,17099.11,69.76771734915914,3.307722448712243
ba,mp,9,512,2,inverse,64586.11,64586.11,64586.12,16467.11,16467.11,16467.11,74.50363553401806,3.922127805061119
ba,mp,10,1024,2,forward,123498.11,123498.11,123498.12,36960.11,36960.11,36960.11,70.07232742266258,3.341389135476058
ba,mp,10,1024,2,inverse,141342.11,141342.11,141342.12,35441.11,35441.11,35441.11,74.92530003974045,3.9880836125053643
ba,mp,4,16,3,forward,897.11,897.11,897.11,324.11,324.11,324.11,63.87176600416894,2.7679182993428157
ba,mp,4,16,3,inverse,1026.11,1026.11,1026.11,350.11,350.11,350.11,65.87987642650397,2.9308217417383102
ba,mp,5,32,3,forward,2121.11,2121.11,2121.11,726.11,726.11,726.11,65.76745194732948,2.921196512925039
ba,mp,5,32,3,inverse,2418.11,2418.11,2418.11,743.11,743.11,743.11,69.26897452969469,3.254040451615508
ba,mp,6,64,3,forward,4852.11,4852.11,4852.11,1502.11,1502.11,1502.11,69.04212806387324,3.2301961906917604
ba,mp,6,64,3,inverse,5558.11,5558.11,5558.11,1523.11,1523.11,1523.11,72.59662007408994,3.6491848914392264
ba,mp,7,128,3,forward,11244.11,11244.11,11244.11,3485.11,3485.11,3485.11,69.0050168488213,3.226328580733463
ba,mp,7,128,3,inverse,12838.11,12838.11,12838.11,3418.11,3418.11,3418.11,73.37528654918832,3.7559089672362798
ba,mp,8,256,3,forward,25031.11,25031.11,25031.12,7594.11,7594.11,7594.11,69.66131346152848,3.2961215995027726
ba,mp,8,256,3,inverse,28666.11,28666.11,28666.11,7352.11,7352.11,7352.11,74.3526066145703,3.899031706544108
ba,mp,9,512,3,forward,56559.11,56559.11,56559.12,17099.11,17099.11,17099.11,69.76771734915914,3.307722448712243
ba,mp,9,512,3,inverse,64586.11,64586.11,64586.12,16467.11,16467.11,16467.11,74.50363553401806,3.922127805061119
ba,mp,10,1024,3,forward,123498.11,123498.11,123498.12,36960.11,36960.11,36960.12,70.07232742266258,3.341389135476058
ba,mp,10,1024,3,inverse,141342.11,141342.11,141342.12,35441.11,35441.11,35441.12,74.92530003974045,3.9880836125053643
ba,mp,4,16,4,forward,897.11,897.11,897.11,324.11,324.11,324.11,63.87176600416894,2.7679182993428157
ba,mp,4,16,4,inverse,1026.11,1026.11,1026.11,350.11,350.11,350.11,65.87987642650397,2.9308217417383102
ba,mp,5,32,4,forward,2121.11,2121.11,2121.11,726.11,726.11,726.11,65.76745194732948,2.921196512925039
ba,mp,5,32,4,inverse,2418.11,2418.11,2418.11,743.11,743.11,743.11,69.26897452969469,3.254040451615508
ba,mp,6,64,4,forward,4852.11,4852.11,4852.11,1502.11,1502.11,1502.11,69.04212806387324,3.2301961906917604
ba,mp,6,64,4,inverse,5558.11,5558.11,5558.11,1523.11,1523.11,1523.11,72.59662007408994,3.6491848914392264
ba,mp,7,128,4,forward,11244.11,11244.11,11244.11,3485.11,3485.11,3485.11,69.0050168488213,3.226328580733463
ba,mp,7,128,4,inverse,12838.11,12838.11,12838.11,3418.11,3418.11,3418.12,73.37528654918832,3.7559089672362798
ba,mp,8,256,4,forward,25031.11,25031.11,25031.11,7594.11,7594.11,7594.11,69.66131346152848,3.2961215995027726
ba,mp,8,256,4,inverse,28666.11,28666.11,28666.12,7352.11,7352.11,7352.11,74.3526066145703,3.899031706544108
ba,mp,9,512,4,forward,56559.11,56559.11,56559.12,17099.11,17099.11,17099.11,69.76771734915914,3.307722448712243
ba,mp,9,512,4,inverse,64586.11,64586.11,64586.11,16467.11,16467.11,16467.12,74.50363553401806,3.922127805061119
ba,mp,10,1024,4,forward,123498.11,123498.11,123498.12,36960.11,36960.11,36960.12,70.07232742266258,3.341389135476058
ba,mp,10,1024,4,inverse,141342.11,141342.11,141342.12,35441.11,35441.11,35441.11,74.92530003974045,3.9880836125053643
ba,mp,4,16,5,forward,897.11,897.11,897.11,324.11,324.11,324.11,63.87176600416894,2.7679182993428157
ba,mp,4,16,5,inverse,1026.11,1026.11,1026.11,350.11,350.11,350.11,65.87987642650397,2.9308217417383102
ba,mp,5,32,5,forward,2121.11,2121.11,2121.11,726.11,726.11,726.11,65.76745194732948,2.921196512925039
ba,mp,5,32,5,inverse,2418.11,2418.11,2418.11,743.11,743.11,743.11,69.26897452969469,3.254040451615508
ba,mp,6,64,5,forward,4852.11,4852.11,4852.11,1502.11,1502.11,1502.11,69.04212806387324,3.2301961906917604
ba,mp,6,64,5,inverse,5558.11,5558.11,5558.11,1523.11,1523.11,1523.11,72.59662007408994,3.6491848914392264
ba,mp,7,128,5,forward,11244.11,11244.11,11244.12,3485.11,3485.11,3485.11,69.0050168488213,3.226328580733463
ba,mp,7,128,5,inverse,12838.11,12838.11,12838.11,3418.11,3418.11,3418.11,73.37528654918832,3.7559089672362798
ba,mp,8,256,5,forward,25031.11,25031.11,25031.11,7594.11,7594.11,7594.11,69.66131346152848,3.2961215995027726
ba,mp,8,256,5,inverse,28666.11,28666.11,28666.12,7352.11,7352.11,7352.11,74.3526066145703,3.899031706544108
ba,mp,9,512,5,forward,56559.11,56559.11,56559.12,17099.11,17099.11,17099.11,69.76771734915914,3.307722448712243
ba,mp,9,512,5,inverse,64586.11,64586.11,64586.12,16467.11,16467.11,16467.11,74.50363553401806,3.922127805061119
ba,mp,10,1024,5,forward,123498.11,123498.11,123498.12,36960.11,36960.11,36960.11,70.07232742266258,3.341389135476058
ba,mp,10,1024,5,inverse,141342.11,141342.11,141342.12,35441.11,35441.11,35441.11,74.92530003974045,3.9880836125053643
ba,mp,4,16,6,forward,897.11,897.11,897.11,324.11,324.11,324.11,63.87176600416894,2.7679182993428157
ba,mp,4,16,6,inverse,1026.11,1026.11,1026.11,350.11,350.11,350.11,65.87987642650397,2.9308217417383102
ba,mp,5,32,6,forward,2121.11,2121.11,2121.11,726.11,726.11,726.11,65.76745194732948,2.921196512925039
ba,mp,5,32,6,inverse,2418.11,2418.11,2418.11,743.11,743.11,743.12,69.26897452969469,3.254040451615508
ba,mp,6,64,6,forward,4852.11,4852.11,4852.11,1502.11,1502.11,1502.11,69.04212806387324,3.2301961906917604
ba,mp,6,64,6,inverse,5558.11,5558.11,5558.11,1523.11,1523.11,1523.11,72.59662007408994,3.6491848914392264
ba,mp,7,128,6,forward,11244.11,11244.11,11244.11,3485.11,3485.11,3485.11,69.0050168488213,3.226328580733463
ba,mp,7,128,6,inverse,12838.11,12838.11,12838.11,3418.11,3418.11,3418.11,73.37528654918832,3.7559089672362798
ba,mp,8,256,6,forward,25031.11,25031.11,25031.12,7594.11,7594.11,7594.11,69.66131346152848,3.2961215995027726
ba,mp,8,256,6,inverse,28666.11,28666.11,28666.11,7352.11,7352.11,7352.11,74.3526066145703,3.899031706544108
ba,mp,9,512,6,forward,56559.11,56559.11,56559.12,17099.11,17099.11,17099.11,69.76771734915914,3.307722448712243
ba,mp,9,512,6,inverse,64586.11,64586.11,64586.12,16467.11,16467.11,16467.11,74.50363553401806,3.922127805061119
ba,mp,10,1024,6,forward,123498.11,123498.11,123498.12,36960.11,36960.11,36960.12,70.07232742266258,3.341389135476058
ba,mp,10,1024,6,inverse,141342.11,141342.11,141342.12,35441.11,35441.11,35441.11,74.92530003974045,3.9880836125053643
ba,mp,4,16,7,forward,897.11,897.11,897.11,324.11,324.11,324.11,63.87176600416894,2.7679182993428157
ba,mp,4,16,7,inverse,1026.11,1026.11,1026.11,350.11,350.11,350.11,65.87987642650397,2.9308217417383102
ba,mp,5,32,7,forward,2121.11,2121.11,2121.11,726.11,726.11,726.11,65.76745194732948,2.921196512925039
ba,mp,5,32,7,inverse,2418.11,2418.11,2418.11,743.11,743.11,743.11,69.26897452969469,3.254040451615508
ba,mp,6,64,7,forward,4852.11,4852.11,4852.11,1502.11,1502.11,1502.11,69.04212806387324,3.2301961906917604
ba,mp,6,64,7,inverse,5558.11,5558.11,5558.11,1523.11,1523.11,1523.11,72.59662007408994,3.6491848914392264
ba,mp,7,128,7,forward,11244.11,11244.11,11244.11,3485.11,3485.11,3485.11,69.0050168488213,3.226328580733463
ba,mp,7,128,7,inverse,12838.11,12838.11,12838.12,3418.11,3418.11,3418.11,73.37528654918832,3.7559089672362798
ba,mp,8,256,7,forward,25031.11,25031.11,25031.11,7594.11,7594.11,7594.11,69.66131346152848,3.2961215995027726
ba,mp,8,256,7,inverse,28666.11,28666.11,28666.11,7352.11,7352.11,7352.12,74.3526066145703,3.899031706544108
ba,mp,9,512,7,forward,56559.11,56559.11,56559.12,17099.11,17099.11,17099.11,69.76771734915914,3.307722448712243
ba,mp,9,512,7,inverse,64586.11,64586.11,64586.11,16467.11,16467.11,16467.12,74.50363553401806,3.922127805061119
ba,mp,10,1024,7,forward,123498.11,123498.11,123498.12,36960.11,36960.11,36960.12,70.07232742266258,3.341389135476058
ba,mp,10,1024,7,inverse,141342.11,141342.11,141342.12,35441.11,35441.11,35441.11,74.92530003974045,3.9880836125053643
ba,mp,4,16,8,forward,897.11,897.11,897.11,324.11,324.11,324.11,63.87176600416894,2.7679182993428157
ba,mp,4,16,8,inverse,1026.11,1026.11,1026.11,350.11,350.11,350.11,65.87987642650397,2.9308217417383102
ba,mp,5,32,8,forward,2121.11,2121.11,2121.11,726.11,726.11,726.11,65.76745194732948,2.921196512925039
ba,mp,5,32,8,inverse,2418.11,2418.11,2418.11,743.11,743.11,743.11,69.26897452969469,3.254040451615508
ba,mp,6,64,8,forward,4852.11,4852.11,4852.11,1502.11,1502.11,1502.11,69.04212806387324,3.2301961906917604
ba,mp,6,64,8,inverse,5558.11,5558.11,5558.11,1523.11,1523.11,1523.11,72.59662007408994,3.6491848914392264
ba,mp,7,128,8,forward,11244.11,11244.11,11244.12,3485.11,3485.11,3485.11,69.0050168488213,3.226328580733463
ba,mp,7,128,8,inverse,12838.11,12838.11,12838.11,3418.11,3418.11,3418.11,73.37528654918832,3.7559089672362798
ba,mp,8,256,8,forward,25031.11,25031.11,25031.11,7594.11,7594.11,7594.11,69.66131346152848,3.2961215995027726
ba,mp,8,256,8,inverse,28666.11,28666.11,28666.12,7352.11,7352.11,7352.11,74.3526066145703,3.899031706544108
ba,mp,9,512,8,forward,56559.11,56559.11,56559.12,17099.11,17099.11,17099.11,69.76771734915914,3.307722448712243
ba,mp,9,512,8,inverse,64586.11,64586.11,64586.12,16467.11,16467.11,16467.11,74.50363553401806,3.922127805061119
ba,mp,10,1024,8,forward,123498.11,123498.11,123498.12,36960.11,36960.11,36960.12,70.07232742266258,3.341389135476058
ba,mp,10,1024,8,inverse,141342.11,141342.11,141342.12,35441.11,35441.11,35441.11,74.92530003974045,3.9880836125053643
ba,mp,4,16,9,forward,897.11,897.11,897.11,324.11,324.11,324.11,63.87176600416894,2.7679182993428157
ba,mp,4,16,9,inverse,1026.11,1026.11,1026.11,350.11,350.11,350.11,65.87987642650397,2.9308217417383102
ba,mp,5,32,9,forward,2121.11,2121.11,2121.11,726.11,726.11,726.11,65.76745194732948,2.921196512925039
ba,mp,5,32,9,inverse,2418.11,2418.11,2418.11,743.11,743.11,743.11,69.26897452969469,3.254040451615508
ba,mp,6,64,9,forward,4852.11,4852.11,4852.11,1502.11,1502.11,1502.11,69.04212806387324,3.2301961906917604
ba,mp,6,64,9,inverse,5558.11,5558.11,5558.11,1523.11,1523.11,1523.11,72.59662007408994,3.6491848914392264
ba,mp,7,128,9,forward,11244.11,11244.11,11244.11,3485.11,3485.11,3485.11,69.0050168488213,3.226328580733463
ba,mp,7,128,9,inverse,12838.11,12838.11,12838.11,3418.11,3418.11,3418.11,73.37528654918832,3.7559089672362798
ba,mp,8,256,9,forward,25031.11,25031.11,25031.12,7594.11,7594.11,7594.11,69.66131346152848,3.2961215995027726
ba,mp,8,256,9,inverse,28666.11,28666.11,28666.11,7352.11,7352.11,7352.11,74.3526066145703,3.899031706544108
ba,mp,9,512,9,forward,56559.11,56559.11,56559.11,17099.11,17099.11,17099.12,69.76771734915914,3.307722448712243
ba,mp,9,512,9,inverse,64586.11,64586.11,64586.11,16467.11,16467.11,16467.12,74.50363553401806,3.922127805061119
ba,mp,10,1024,9,forward,123498.11,123498.11,123498.12,36960.11,36960.11,36960.12,70.07232742266258,3.341389135476058
ba,mp,10,1024,9,inverse,141342.11,141342.11,141342.12,35441.11,35441.11,35441.11,74.92530003974045,3.9880836125053643
ba,mp,4,16,10,forward,897.11,897.11,897.11,324.11,324.11,324.11,63.87176600416894,2.7679182993428157
ba,mp,4,16,10,inverse,1026.11,1026.11,1026.11,350.11,350.11,350.11,65.87987642650397,2.9308217417383102
ba,mp,5,32,10,forward,2121.11,2121.11,2121.11,726.11,726.11,726.11,65.76745194732948,2.921196512925039
ba,mp,5,32,10,inverse,2418.11,2418.11,2418.11,743.11,743.11,743.11,69.26897452969469,3.254040451615508
ba,mp,6,64,10,forward,4852.11,4852.11,4852.11,1502.11,1502.11,1502.11,69.04212806387324,3.2301961906917604
ba,mp,6,64,10,inverse,5558.11,5558.11,5558.11,1523.11,1523.11,1523.11,72.59662007408994,3.6491848914392264
ba,mp,7,128,10,forward,11244.11,11244.11,11244.11,3485.11,3485.11,3485.11,69.0050168488213,3.226328580733463
ba,mp,7,128,10,inverse,12838.11,12838.11,12838.12,3418.11,3418.11,3418.11,73.37528654918832,3.7559089672362798
ba,mp,8,256,10,forward,25031.11,25031.11,25031.11,7594.11,7594.11,7594.11,69.66131346152848,3.2961215995027726
ba,mp,8,256,10,inverse,28666.11,28666.11,28666.11,7352.11,7352.11,7352.11,74.3526066145703,3.899031706544108
ba,mp,9,512,10,forward,56559.11,56559.11,56559.11,17099.11,17099.11,17099.11,69.76771734915914,3.307722448712243
ba,mp,9,512,10,inverse,64586.11,64586.11,64586.12,16467.11,16467.11,16467.11,74.50363553401806,3.922127805061119
ba,mp,10,1024,10,forward,123498.11,123498.11,123498.12,36960.11,36960.11,36960.11,70.07232742266258,3.341389135476058
ba,mp,10,1024,10,inverse,141342.11,141342.11,141342.12,35441.11,35441.11,35441.11,74.92530003974045,3.9880836125053643
ba,mp,4,16,11,forward,897.11,897.11,897.11,324.11,324.11,324.11,63.87176600416894,2.7679182993428157
ba,mp,4,16,11,inverse,1026.11,1026.11,1026.11,350.11,350.11,350.11,65.87987642650397,2.9308217417383102
ba,mp,5,32,11,forward,2121.11,2121.11,2121.11,726.11,726.11,726.11,65.76745194732948,2.921196512925039
ba,mp,5,32,11,inverse,2418.11,2418.11,2418.11,743.11,743.11,743.11,69.26897452969469,3.254040451615508
ba,mp,6,64,11,forward,4852.11,4852.11,4852.11,1502.11,1502.11,1502.11,69.04212806387324,3.2301961906917604
ba,mp,6,64,11,inverse,5558.11,5558.11,5558.11,1523.11,1523.11,1523.11,72.59662007408994,3.6491848914392264
ba,mp,7,128,11,forward,11244.11,11244.11,11244.12,3485.11,3485.11,3485.11,69.0050168488213,3.226328580733463
ba,mp,7,128,11,inverse,12838.11,12838.11,12838.11,3418.11,3418.11,3418.11,73.37528654918832,3.7559089672362798
ba,mp,8,256,11,forward,25031.11,25031.11,25031.11,7594.11,7594.11,7594.11,69.66131346152848,3.2961215995027726
ba,mp,8,256,11,inverse,28666.11,28666.11,28666.11,7352.11,7352.11,7352.12,74.3526066145703,3.899031706544108
ba,mp,9,512,11,forward,56559.11,56559.11,56559.12,17099.11,17099.11,17099.11,69.76771734915914,3.307722448712243
ba,mp,9,512,11,inverse,64586.11,64586.11,64586.12,16467.11,16467.11,16467.11,74.50363553401806,3.922127805061119
ba,mp,10,1024,11,forward,123498.11,123498.11,123498.12,36960.11,36960.11,36960.12,70.07232742266258,3.341389135476058
ba,mp,10,1024,11,inverse,141342.11,141342.11,141342.12,35441.11,35441.11,35441.11,74.92530003974045,3.9880836125053643
ba,mp,4,16,12,forward,897.11,897.11,897.11,324.11,324.11,324.11,63.87176600416894,2.7679182993428157
ba,mp,4,16,12,inverse,1026.11,1026.11,1026.11,350.11,350.11,350.11,65.87987642650397,2.9308217417383102
ba,mp,5,32,12,forward,2121.11,2121.11,2121.11,726.11,726.11,726.11,65.76745194732948,2.921196512925039
ba,mp,5,32,12,inverse,2418.11,2418.11,2418.11,743.11,743.11,743.11,69.26897452969469,3.254040451615508
ba,mp,6,64,12,forward,4852.11,4852.11,4852.11,1502.11,1502.11,1502.11,69.04212806387324,3.2301961906917604
ba,mp,6,64,12,inverse,5558.11,5558.11,5558.11,1523.11,1523.11,1523.11,72.59662007408994,3.6491848914392264
ba,mp,7,128,12,forward,11244.11,11244.11,11244.11,3485.11,3485.11,3485.11,69.0050168488213,3.226328580733463
ba,mp,7,128,12,inverse,12838.11,12838.11,12838.11,3418.11,3418.11,3418.11,73.37528654918832,3.7559089672362798
ba,mp,8,256,12,forward,25031.11,25031.11,25031.12,7594.11,7594.11,7594.11,69.66131346152848,3.2961215995027726
ba,mp,8,256,12,inverse,28666.11,28666.11,28666.11,7352.11,7352.11,7352.11,74.3526066145703,3.899031706544108
ba,mp,9,512,12,forward,56559.11,56559.11,56559.12,17099.11,17099.11,17099.11,69.76771734915914,3.307722448712243
ba,mp,9,512,12,inverse,64586.11,64586.11,64586.12,16467.11,16467.11,16467.11,74.50363553401806,3.922127805061119
ba,mp,10,1024,12,forward,123498.11,123498.11,123498.12,36960.11,36960.11,36960.11,70.07232742266258,3.341389135476058
ba,mp,10,1024,12,inverse,141342.11,141342.11,141342.12,35441.11,35441.11,35441.11,74.92530003974045,3.9880836125053643
ba,mp,4,16,13,forward,897.11,897.11,897.11,324.11,324.11,324.11,63.87176600416894,2.7679182993428157
ba,mp,4,16,13,inverse,1026.11,1026.11,1026.11,350.11,350.11,350.11,65.87987642650397,2.9308217417383102
ba,mp,5,32,13,forward,2121.11,2121.11,2121.11,726.11,726.11,726.11,65.76745194732948,2.921196512925039
ba,mp,5,32,13,inverse,2418.11,2418.11,2418.11,743.11,743.11,743.11,69.26897452969469,3.254040451615508
ba,mp,6,64,13,forward,4852.11,4852.11,4852.11,1502.11,1502.11,1502.11,69.04212806387324,3.2301961906917604
ba,mp,6,64,13,inverse,5558.11,5558.11,5558.11,1523.11,1523.11,1523.11,72.59662007408994,3.6491848914392264
ba,mp,7,128,13,forward,11244.11,11244.11,11244.11,3485.11,3485.11,3485.11,69.0050168488213,3.226328580733463
ba,mp,7,128,13,inverse,12838.11,12838.11,12838.12,3418.11,3418.11,3418.11,73.37528654918832,3.7559089672362798
ba,mp,8,256,13,forward,25031.11,25031.11,25031.11,7594.11,7594.11,7594.11,69.66131346152848,3.2961215995027726
ba,mp,8,256,13,inverse,28666.11,28666.11,28666.11,7352.11,7352.11,7352.11,74.3526066145703,3.899031706544108
ba,mp,9,512,13,forward,56559.11,56559.11,56559.11,17099.11,17099.11,17099.11,69.76771734915914,3.307722448712243
ba,mp,9,512,13,inverse,64586.11,64586.11,64586.12,16467.11,16467.11,16467.11,74.50363553401806,3.922127805061119
ba,mp,10,1024,13,forward,123498.11,123498.11,123498.12,36960.11,36960.11,36960.11,70.07232742266258,3.341389135476058
ba,mp,10,1024,13,inverse,141342.11,141342.11,141342.12,35441.11,35441.11,35441.11,74.92530003974045,3.9880836125053643
ba,mp,4,16,14,forward,897.11,897.11,897.11,324.11,324.11,324.11,63.87176600416894,2.7679182993428157
ba,mp,4,16,14,inverse,1026.11,1026.11,1026.11,350.11,350.11,350.11,65.87987642650397,2.9308217417383102
ba,mp,5,32,14,forward,2121.11,2121.11,2121.11,726.11,726.11,726.11,65.76745194732948,2.921196512925039
ba,mp,5,32,14,inverse,2418.11,2418.11,2418.11,743.11,743.11,743.11,69.26897452969469,3.254040451615508
ba,mp,6,64,14,forward,4852.11,4852.11,4852.11,1502.11,1502.11,1502.11,69.04212806387324,3.2301961906917604
ba,mp,6,64,14,inverse,5558.11,5558.11,5558.11,1523.11,1523.11,1523.11,72.59662007408994,3.6491848914392264
ba,mp,7,128,14,forward,11244.11,11244.11,11244.12,3485.11,3485.11,3485.11,69.0050168488213,3.226328580733463
ba,mp,7,128,14,inverse,12838.11,12838.11,12838.11,3418.11,3418.11,3418.11,73.37528654918832,3.7559089672362798
ba,mp,8,256,14,forward,25031.11,25031.11,25031.11,7594.11,7594.11,7594.11,69.66131346152848,3.2961215995027726
ba,mp,8,256,14,inverse,28666.11,28666.11,28666.11,7352.11,7352.11,7352.12,74.3526066145703,3.899031706544108
ba,mp,9,512,14,forward,56559.11,56559.11,56559.11,17099.11,17099.11,17099.12,69.76771734915914,3.307722448712243
ba,mp,9,512,14,inverse,64586.11,64586.11,64586.12,16467.11,16467.11,16467.11,74.50363553401806,3.922127805061119
ba,mp,10,1024,14,forward,123498.11,123498.11,123498.12,36960.11,36960.11,36960.12,70.07232742266258,3.341389135476058
ba,mp,10,1024,14,inverse,141342.11,141342.11,141342.12,35441.11,35441.11,35441.12,74.92530003974045,3.9880836125053643
ba,mp,4,16,15,forward,897.11,897.11,897.11,324.11,324.11,324.11,63.87176600416894,2.7679182993428157
ba,mp,4,16,15,inverse,1026.11,1026.11,1026.11,350.11,350.11,350.11,65.87987642650397,2.9308217417383102
ba,mp,5,32,15,forward,2121.11,2121.11,2121.11,726.11,726.11,726.11,65.76745194732948,2.921196512925039
ba,mp,5,32,15,inverse,2418.11,2418.11,2418.11,743.11,743.11,743.11,69.26897452969469,3.254040451615508
ba,mp,6,64,15,forward,4852.11,4852.11,4852.12,1502.11,1502.11,1502.11,69.04212806387324,3.2301961906917604
ba,mp,6,64,15,inverse,5558.11,5558.11,5558.11,1523.11,1523.11,1523.11,72.59662007408994,3.6491848914392264
ba,mp,7,128,15,forward,11244.11,11244.11,11244.11,3485.11,3485.11,3485.11,69.0050168488213,3.226328580733463
ba,mp,7,128,15,inverse,12838.11,12838.11,12838.11,3418.11,3418.11,3418.11,73.37528654918832,3.7559089672362798
ba,mp,8,256,15,forward,25031.11,25031.11,25031.11,7594.11,7594.11,7594.12,69.66131346152848,3.2961215995027726
ba,mp,8,256,15,inverse,28666.11,28666.11,28666.11,7352.11,7352.11,7352.11,74.3526066145703,3.899031706544108
ba,mp,9,512,15,forward,56559.11,56559.11,56559.12,17099.11,17099.11,17099.11,69.76771734915914,3.307722448712243
ba,mp,9,512,15,inverse,64586.11,64586.11,64586.12,16467.11,16467.11,16467.11,74.50363553401806,3.922127805061119
ba,mp,10,1024,15,forward,123498.11,123498.11,123498.12,36960.11,36960.11,36960.11,70.07232742266258,3.341389135476058
ba,mp,10,1024,15,inverse,141342.11,141342.11,141342.12,35441.11,35441.11,35441.12,74.92530003974045,3.9880836125053643
ba,mp,4,16,16,forward,897.11,897.11,897.11,324.11,324.11,324.11,63.87176600416894,2.7679182993428157
ba,mp,4,16,16,inverse,1026.11,1026.11,1026.11,350.11,350.11,350.11,65.87987642650397,2.9308217417383102
ba,mp,5,32,16,forward,2121.11,2121.11,2121.11,726.11,726.11,726.11,65.76745194732948,2.921196512925039
ba,mp,5,32,16,inverse,2418.11,2418.11,2418.11,743.11,743.11,743.11,69.26897452969469,3.254040451615508
ba,mp,6,64,16,forward,4852.11,4852.11,4852.11,1502.11,1502.11,1502.11,69.04212806387324,3.2301961906917604
ba,mp,6,64,16,inverse,5558.11,5558.11,5558.11,1523.11,1523.11,1523.11,72.59662007408994,3.6491848914392264
ba,mp,7,128,16,forward,11244.11,11244.11,11244.11,3485.11,3485.11,3485.11,69.0050168488213,3.226328580733463
ba,mp,7,128,16,inverse,12838.11,12838.11,12838.11,3418.11,3418.11,3418.12,73.37528654918832,3.7559089672362798
ba,mp,8,256,16,forward,25031.11,25031.11,25031.11,7594.11,7594.11,7594.11,69.66131346152848,3.2961215995027726
ba,mp,8,256,16,inverse,28666.11,28666.11,28666.11,7352.11,7352.11,7352.11,74.3526066145703,3.899031706544108
ba,mp,9,512,16,forward,56559.11,56559.11,56559.11,17099.11,17099.11,17099.11,69.76771734915914,3.307722448712243
ba,mp,9,512,16,inverse,64586.11,64586.11,64586.12,16467.11,16467.11,16467.11,74.50363553401806,3.922127805061119
ba,mp,10,1024,16,forward,123498.11,123498.11,123498.12,36960.11,36960.11,36960.11,70.07232742266258,3.341389135476058
ba,mp,10,1024,16,inverse,141342.11,141342.11,141342.12,35441.11,35441.11,35441.11,74.92530003974045,3.9880836125053643
ba,mp,4,16,17,forward,897.11,897.11,897.11,324.11,324.11,324.11,63.87176600416894,2.7679182993428157
ba,mp,4,16,17,inverse,1026.11,1026.11,1026.11,350.11,350.11,350.11,65.87987642650397,2.9308217417383102
ba,mp,5,32,17,forward,2121.11,2121.11,2121.11,726.11,726.11,726.11,65.76745194732948,2.921196512925039
ba,mp,5,32,17,inverse,2418.11,2418.11,2418.11,743.11,743.11,743.11,69.26897452969469,3.254040451615508
ba,mp,6,64,17,forward,4852.11,4852.11,4852.11,1502.11,1502.11,1502.11,69.04212806387324,3.2301961906917604
ba,mp,6,64,17,inverse,5558.11,5558.11,5558.11,1523.11,1523.11,1523.11,72.59662007408994,3.6491848914392264
ba,mp,7,128,17,forward,11244.11,11244.11,11244.12,3485.11,3485.11,3485.11,69.0050168488213,3.226328580733463
ba,mp,7,128,17,inverse,12838.11,12838.11,12838.11,3418.11,3418.11,3418.11,73.37528654918832,3.7559089672362798
ba,mp,8,256,17,forward,25031.11,25031.11,25031.11,7594.11,7594.11,7594.11,69.66131346152848,3.2961215995027726
ba,mp,8,256,17,inverse,28666.11,28666.11,28666.12,7352.11,7352.11,7352.11,74.3526066145703,3.899031706544108
ba,mp,9,512,17,forward,56559.11,56559.11,56559.12,17099.11,17099.11,17099.11,69.76771734915914,3.307722448712243
ba,mp,9,512,17,inverse,64586.11,64586.11,64586.11,16467.11,16467.11,16467.12,74.50363553401806,3.922127805061119
ba,mp,10,1024,17,forward,123498.11,123498.11,123498.12,36960.11,36960.11,36960.12,70.07232742266258,3.341389135476058
ba,mp,10,1024,17,inverse,141342.11,141342.11,141342.12,35441.11,35441.11,35441.12,74.92530003974045,3.9880836125053643
ba,mp,4,16,18,forward,897.11,897.11,897.11,324.11,324.11,324.11,63.87176600416894,2.7679182993428157
ba,mp,4,16,18,inverse,1026.11,1026.11,1026.11,350.11,350.11,350.11,65.87987642650397,2.9308217417383102
ba,mp,5,32,18,forward,2121.11,2121.11,2121.11,726.11,726.11,726.11,65.76745194732948,2.921196512925039
ba,mp,5,32,18,inverse,2418.11,2418.11,2418.11,743.11,743.11,743.11,69.26897452969469,3.254040451615508
ba,mp,6,64,18,forward,4852.11,4852.11,4852.12,1502.11,1502.11,1502.11,69.04212806387324,3.2301961906917604
ba,mp,6,64,18,inverse,5558.11,5558.11,5558.11,1523.11,1523.11,1523.11,72.59662007408994,3.6491848914392264
ba,mp,7,128,18,forward,11244.11,11244.11,11244.11,3485.11,3485.11,3485.11,69.0050168488213,3.226328580733463
ba,mp,7,128,18,inverse,12838.11,12838.11,12838.11,3418.11,3418.11,3418.11,73.37528654918832,3.7559089672362798
ba,mp,8,256,18,forward,25031.11,25031.11,25031.11,7594.11,7594.11,7594.12,69.66131346152848,3.2961215995027726
ba,mp,8,256,18,inverse,28666.11,28666.11,28666.11,7352.11,7352.11,7352.11,74.3526066145703,3.899031706544108
ba,mp,9,512,18,forward,56559.11,56559.11,56559.12,17099.11,17099.11,17099.11,69.76771734915914,3.307722448712243
ba,mp,9,512,18,inverse,64586.11,64586.11,64586.12,16467.11,16467.11,16467.11,74.50363553401806,3.922127805061119
ba,mp,10,1024,18,forward,123498.11,123498.11,123498.12,36960.11,36960.11,36960.11,70.07232742266258,3.341389135476058
ba,mp,10,1024,18,inverse,141342.11,141342.11,141342.12,35441.11,35441.11,35441.12,74.92530003974045,3.9880836125053643
ba,mp,4,16,19,forward,897.11,897.11,897.11,324.11,324.11,324.11,63.87176600416894,2.7679182993428157
ba,mp,4,16,19,inverse,1026.11,1026.11,1026.11,350.11,350.11,350.11,65.87987642650397,2.9308217417383102
ba,mp,5,32,19,forward,2121.11,2121.11,2121.11,726.11,726.11,726.11,65.76745194732948,2.921196512925039
ba,mp,5,32,19,inverse,2418.11,2418.11,2418.11,743.11,743.11,743.11,69.26897452969469,3.254040451615508
ba,mp,6,64,19,forward,4852.11,4852.11,4852.11,1502.11,1502.11,1502.11,69.04212806387324,3.2301961906917604
ba,mp,6,64,19,inverse,5558.11,5558.11,5558.11,1523.11,1523.11,1523.11,72.59662007408994,3.6491848914392264
ba,mp,7,128,19,forward,11244.11,11244.11,11244.11,3485.11,3485.11,3485.11,69.0050168488213,3.226328580733463
ba,mp,7,128,19,inverse,12838.11,12838.11,12838.11,3418.11,3418.11,3418.11,73.37528654918832,3.7559089672362798
ba,mp,8,256,19,forward,25031.11,25031.11,25031.11,7594.11,7594.11,7594.11,69.66131346152848,3.2961215995027726
ba,mp,8,256,19,inverse,28666.11,28666.11,28666.11,7352.11,7352.11,7352.11,74.3526066145703,3.899031706544108
ba,mp,9,512,19,forward,56559.11,56559.11,56559.12,17099.11,17099.11,17099.11,69.76771734915914,3.307722448712243
ba,mp,9,512,19,inverse,64586.11,64586.11,64586.12,16467.11,16467.11,16467.11,74.50363553401806,3.922127805061119
ba,mp,10,1024,19,forward,123498.11,123498.11,123498.12,36960.11,36960.11,36960.12,70.07232742266258,3.341389135476058
ba,mp,10,1024,19,inverse,141342.11,141342.11,141342.12,35441.11,35441.11,35441.11,74.92530003974045,3.9880836125053643
ba,mp,4,16,20,forward,897.11,897.11,897.11,324.11,324.11,324.11,63.87176600416894,2.7679182993428157
ba,mp,4,16,20,inverse,1026.11,1026.11,1026.11,350.11,350.11,350.11,65.87987642650397,2.9308217417383102
ba,mp,5,32,20,forward,2121.11,2121.11,2121.11,726.11,726.11,726.11,65.76745194732948,2.921196512925039
ba,mp,5,32,20,inverse,2418.11,2418.11,2418.11,743.11,743.11,743.11,69.26897452969469,3.254040451615508
ba,mp,6,64,20,forward,4852.11,4852.11,4852.11,1502.11,1502.11,1502.11,69.04212806387324,3.2301961906917604
ba,mp,6,64,20,inverse,5558.11,5558.11,5558.11,1523.11,1523.11,1523.11,72.59662007408994,3.6491848914392264
ba,mp,7,128,20,forward,11244.11,11244.11,11244.12,3485.11,3485.11,3485.11,69.0050168488213,3.226328580733463
ba,mp,7,128,20,inverse,12838.11,12838.11,12838.11,3418.11,3418.11,3418.11,73.37528654918832,3.7559089672362798
ba,mp,8,256,20,forward,25031.11,25031.11,25031.11,7594.11,7594.11,7594.11,69.66131346152848,3.2961215995027726
ba,mp,8,256,20,inverse,28666.11,28666.11,28666.12,7352.11,7352.11,7352.11,74.3526066145703,3.899031706544108
ba,mp,9,512,20,forward,56559.11,56559.11,56559.12,17099.11,17099.11,17099.11,69.76771734915914,3.307722448712243
ba,mp,9,512,20,inverse,64586.11,64586.11,64586.11,16467.11,16467.11,16467.12,74.50363553401806,3.922127805061119
ba,mp,10,1024,20,forward,123498.11,123498.11,123498.12,36960.11,36960.11,36960.11,70.07232742266258,3.341389135476058
ba,mp,10,1024,20,inverse,141342.11,141342.11,141342.12,35441.11,35441.11,35441.11,74.92530003974045,3.9880836125053643
ba,mp,4,16,21,forward,897.11,897.11,897.11,324.11,324.11,324.11,63.87176600416894,2.7679182993428157
ba,mp,4,16,21,inverse,1026.11,1026.11,1026.11,350.11,350.11,350.11,65.87987642650397,2.9308217417383102
ba,mp,5,32,21,forward,2121.11,2121.11,2121.11,726.11,726.11,726.11,65.76745194732948,2.921196512925039
ba,mp,5,32,21,inverse,2418.11,2418.11,2418.11,743.11,743.11,743.11,69.26897452969469,3.254040451615508
ba,mp,6,64,21,forward,4852.11,4852.11,4852.12,1502.11,1502.11,1502.11,69.04212806387324,3.2301961906917604
ba,mp,6,64,21,inverse,5558.11,5558.11,5558.11,1523.11,1523.11,1523.11,72.59662007408994,3.6491848914392264
ba,mp,7,128,21,forward,11244.11,11244.11,11244.11,3485.11,3485.11,3485.11,69.0050168488213,3.226328580733463
ba,mp,7,128,21,inverse,12838.11,12838.11,12838.11,3418.11,3418.11,3418.11,73.37528654918832,3.7559089672362798
ba,mp,8,256,21,forward,25031.11,25031.11,25031.12,7594.11,7594.11,7594.11,69.66131346152848,3.2961215995027726
ba,mp,8,256,21,inverse,28666.11,28666.11,28666.11,7352.11,7352.11,7352.11,74.3526066145703,3.899031706544108
ba,mp,9,512,21,forward,56559.11,56559.11,56559.12,17099.11,17099.11,17099.11,69.76771734915914,3.307722448712243
ba,mp,9,512,21,inverse,64586.11,64586.11,64586.12,16467.11,16467.11,16467.11,74.50363553401806,3.922127805061119
ba,mp,10,1024,21,forward,123498.11,123498.11,123498.12,36960.11,36960.11,36960.11,70.07232742266258,3.341389135476058
ba,mp,10,1024,21,inverse,141342.11,141342.11,141342.12,35441.11,35441.11,35441.11,74.92530003974045,3.9880836125053643
ba,mp,4,16,22,forward,897.11,897.11,897.12,324.11,324.11,324.11,63.87176600416894,2.7679182993428157
ba,mp,4,16,22,inverse,1026.11,1026.11,1026.11,350.11,350.11,350.11,65.87987642650397,2.9308217417383102
ba,mp,5,32,22,forward,2121.11,2121.11,2121.11,726.11,726.11,726.11,65.76745194732948,2.921196512925039
ba,mp,5,32,22,inverse,2418.11,2418.11,2418.11,743.11,743.11,743.11,69.26897452969469,3.254040451615508
ba,mp,6,64,22,forward,4852.11,4852.11,4852.11,1502.11,1502.11,1502.11,69.04212806387324,3.2301961906917604
ba,mp,6,64,22,inverse,5558.11,5558.11,5558.11,1523.11,1523.11,1523.11,72.59662007408994,3.6491848914392264
ba,mp,7,128,22,forward,11244.11,11244.11,11244.11,3485.11,3485.11,3485.11,69.0050168488213,3.226328580733463
ba,mp,7,128,22,inverse,12838.11,12838.11,12838.11,3418.11,3418.11,3418.11,73.37528654918832,3.7559089672362798
ba,mp,8,256,22,forward,25031.11,25031.11,25031.11,7594.11,7594.11,7594.12,69.66131346152848,3.2961215995027726
ba,mp,8,256,22,inverse,28666.11,28666.11,28666.11,7352.11,7352.11,7352.11,74.3526066145703,3.899031706544108
ba,mp,9,512,22,forward,56559.11,56559.11,56559.11,17099.11,17099.11,17099.12,69.76771734915914,3.307722448712243
ba,mp,9,512,22,inverse,64586.11,64586.11,64586.11,16467.11,16467.11,16467.12,74.50363553401806,3.922127805061119
ba,mp,10,1024,22,forward,123498.11,123498.11,123498.12,36960.11,36960.11,36960.12,70.07232742266258,3.341389135476058
ba,mp,10,1024,22,inverse,141342.11,141342.11,141342.12,35441.11,35441.11,35441.12,74.92530003974045,3.9880836125053643
ba,mp,4,16,23,forward,897.11,897.11,897.11,324.11,324.11,324.11,63.87176600416894,2.7679182993428157
ba,mp,4,16,23,inverse,1026.11,1026.11,1026.11,350.11,350.11,350.11,65.87987642650397,2.9308217417383102
ba,mp,5,32,23,forward,2121.11,2121.11,2121.11,726.11,726.11,726.11,65.76745194732948,2.921196512925039
ba,mp,5,32,23,inverse,2418.11,2418.11,2418.11,743.11,743.11,743.11,69.26897452969469,3.254040451615508
ba,mp,6,64,23,forward,4852.11,4852.11,4852.11,1502.11,1502.11,1502.11,69.04212806387324,3.2301961906917604
ba,mp,6,64,23,inverse,5558.11,5558.11,5558.11,1523.11,1523.11,1523.11,72.59662007408994,3.6491848914392264
ba,mp,7,128,23,forward,11244.11,11244.11,11244.12,3485.11,3485.11,3485.11,69.0050168488213,3.226328580733463
ba,mp,7,128,23,inverse,12838.11,12838.11,12838.11,3418.11,3418.11,3418.11,73.37528654918832,3.7559089672362798
ba,mp,8,256,23,forward,25031.11,25031.11,25031.11,7594.11,7594.11,7594.11,69.66131346152848,3.2961215995027726
ba,mp,8,256,23,inverse,28666.11,28666.11,28666.12,7352.11,7352.11,7352.11,74.3526066145703,3.899031706544108
ba,mp,9,512,23,forward,56559.11,56559.11,56559.12,17099.11,17099.11,17099.11,69.76771734915914,3.307722448712243
ba,mp,9,512,23,inverse,64586.11,64586.11,64586.12,16467.11,16467.11,16467.11,74.50363553401806,3.922127805061119
ba,mp,10,1024,23,forward,123498.11,123498.11,123498.12,36960.11,36960.11,36960.11,70.07232742266258,3.341389135476058
ba,mp,10,1024,23,inverse,141342.11,141342.11,141342.12,35441.11,35441.11,35441.11,74.92530003974045,3.9880836125053643
ba,mp,4,16,24,forward,897.11,897.11,897.11,324.11,324.11,324.11,63.87176600416894,2.7679182993428157
ba,mp,4,16,24,inverse,1026.11,1026.11,1026.11,350.11,350.11,350.11,65.87987642650397,2.9308217417383102
ba,mp,5,32,24,forward,2121.11,2121.11,2121.11,726.11,726.11,726.11,65.76745194732948,2.921196512925039
ba,mp,5,32,24,inverse,2418.11,2418.11,2418.11,743.11,743.11,743.11,69.26897452969469,3.254040451615508
ba,mp,6,64,24,forward,4852.11,4852.11,4852.11,1502.11,1502.11,1502.11,69.04212806387324,3.2301961906917604
ba,mp,6,64,24,inverse,5558.11,5558.11,5558.11,1523.11,1523.11,1523.11,72.59662007408994,3.6491848914392264
ba,mp,7,128,24,forward,11244.11,11244.11,11244.11,3485.11,3485.11,3485.11,69.0050168488213,3.226328580733463
ba,mp,7,128,24,inverse,12838.11,12838.11,12838.11,3418.11,3418.11,3418.11,73.37528654918832,3.7559089672362798
ba,mp,8,256,24,forward,25031.11,25031.11,25031.12,7594.11,7594.11,7594.11,69.66131346152848,3.2961215995027726
ba,mp,8,256,24,inverse,28666.11,28666.11,28666.11,7352.11,7352.11,7352.11,74.3526066145703,3.899031706544108
ba,mp,9,512,24,forward,56559.11,56559.11,56559.11,17099.11,17099.11,17099.12,69.76771734915914,3.307722448712243
ba,mp,9,512,24,inverse,64586.11,64586.11,64586.12,16467.11,16467.11,16467.11,74.50363553401806,3.922127805061119
ba,mp,10,1024,24,forward,123498.11,123498.11,123498.12,36960.11,36960.11,36960.12,70.07232742266258,3.341389135476058
ba,mp,10,1024,24,inverse,141342.11,141342.11,141342.12,35441.11,35441.11,35441.11,74.92530003974045,3.9880836125053643
ba,mp,4,16,25,forward,897.11,897.11,897.11,324.11,324.11,324.11,63.87176600416894,2.7679182993428157
ba,mp,4,16,25,inverse,1026.11,1026.11,1026.12,350.11,350.11,350.11,65.87987642650397,2.9308217417383102
ba,mp,5,32,25,forward,2121.11,2121.11,2121.11,726.11,726.11,726.11,65.76745194732948,2.921196512925039
ba,mp,5,32,25,inverse,2418.11,2418.11,2418.11,743.11,743.11,743.11,69.26897452969469,3.254040451615508
ba,mp,6,64,25,forward,4852.11,4852.11,4852.11,1502.11,1502.11,1502.11,69.04212806387324,3.2301961906917604
ba,mp,6,64,25,inverse,5558.11,5558.11,5558.11,1523.11,1523.11,1523.11,72.59662007408994,3.6491848914392264
ba,mp,7,128,25,forward,11244.11,11244.11,11244.11,3485.11,3485.11,3485.11,69.0050168488213,3.226328580733463
ba,mp,7,128,25,inverse,12838.11,12838.11,12838.11,3418.11,3418.11,3418.11,73.37528654918832,3.7559089672362798
ba,mp,8,256,25,forward,25031.11,25031.11,25031.12,7594.11,7594.11,7594.11,69.66131346152848,3.2961215995027726
ba,mp,8,256,25,inverse,28666.11,28666.11,28666.11,7352.11,7352.11,7352.11,74.3526066145703,3.899031706544108
ba,mp,9,512,25,forward,56559.11,56559.11,56559.12,17099.11,17099.11,17099.11,69.76771734915914,3.307722448712243
ba,mp,9,512,25,inverse,64586.11,64586.11,64586.12,16467.11,16467.11,16467.11,74.50363553401806,3.922127805061119
ba,mp,10,1024,25,forward,123498.11,123498.11,123498.12,36960.11,36960.11,36960.11,70.07232742266258,3.341389135476058
ba,mp,10,1024,25,inverse,141342.11,141342.11,141342.12,35441.11,35441.11,35441.12,74.92530003974045,3.9880836125053643
ba,mp,4,16,26,forward,897.11,897.11,897.11,324.11,324.11,324.11,63.87176600416894,2.7679182993428157
ba,mp,4,16,26,inverse,1026.11,1026.11,1026.11,350.11,350.11,350.11,65.87987642650397,2.9308217417383102
ba,mp,5,32,26,forward,2121.11,2121.11,2121.11,726.11,726.11,726.11,65.76745194732948,2.921196512925039
ba,mp,5,32,26,inverse,2418.11,2418.11,2418.11,743.11,743.11,743.11,69.26897452969469,3.254040451615508
ba,mp,6,64,26,forward,4852.11,4852.11,4852.11,1502.11,1502.11,1502.11,69.04212806387324,3.2301961906917604
ba,mp,6,64,26,inverse,5558.11,5558.11,5558.11,1523.11,1523.11,1523.11,72.59662007408994,3.6491848914392264
ba,mp,7,128,26,forward,11244.11,11244.11,11244.11,3485.11,3485.11,3485.11,69.0050168488213,3.226328580733463
ba,mp,7,128,26,inverse,12838.11,12838.11,12838.12,3418.11,3418.11,3418.11,73.37528654918832,3.7559089672362798
ba,mp,8,256,26,forward,25031.11,25031.11,25031.11,7594.11,7594.11,7594.11,69.66131346152848,3.2961215995027726
ba,mp,8,256,26,inverse,28666.11,28666.11,28666.12,7352.11,7352.11,7352.11,74.3526066145703,3.899031706544108
ba,mp,9,512,26,forward,56559.11,56559.11,56559.12,17099.11,17099.11,17099.11,69.76771734915914,3.307722448712243
ba,mp,9,512,26,inverse,64586.11,64586.11,64586.12,16467.11,16467.11,16467.11,74.50363553401806,3.922127805061119
ba,mp,10,1024,26,forward,123498.11,123498.11,123498.12,36960.11,36960.11,36960.12,70.07232742266258,3.341389135476058
ba,mp,10,1024,26,inverse,141342.11,141342.11,141342.12,35441.11,35441.11,35441.12,74.92530003974045,3.9880836125053643
ba,mp,4,16,27,forward,897.11,897.11,897.11,324.11,324.11,324.11,63.87176600416894,2.7679182993428157
ba,mp,4,16,27,inverse,1026.11,1026.11,1026.11,350.11,350.11,350.11,65.87987642650397,2.9308217417383102
ba,mp,5,32,27,forward,2121.11,2121.11,2121.11,726.11,726.11,726.11,65.76745194732948,2.921196512925039
ba,mp,5,32,27,inverse,2418.11,2418.11,2418.11,743.11,743.11,743.11,69.26897452969469,3.254040451615508
ba,mp,6,64,27,forward,4852.11,4852.11,4852.11,1502.11,1502.11,1502.11,69.04212806387324,3.2301961906917604
ba,mp,6,64,27,inverse,5558.11,5558.11,5558.12,1523.11,1523.11,1523.11,72.59662007408994,3.6491848914392264
ba,mp,7,128,27,forward,11244.11,11244.11,11244.11,3485.11,3485.11,3485.11,69.0050168488213,3.226328580733463
ba,mp,7,128,27,inverse,12838.11,12838.11,12838.11,3418.11,3418.11,3418.11,73.37528654918832,3.7559089672362798
ba,mp,8,256,27,forward,25031.11,25031.11,25031.11,7594.11,7594.11,7594.11,69.66131346152848,3.2961215995027726
ba,mp,8,256,27,inverse,28666.11,28666.11,28666.12,7352.11,7352.11,7352.11,74.3526066145703,3.899031706544108
ba,mp,9,512,27,forward,56559.11,56559.11,56559.12,17099.11,17099.11,17099.11,69.76771734915914,3.307722448712243
ba,mp,9,512,27,inverse,64586.11,64586.11,64586.12,16467.11,16467.11,16467.11,74.50363553401806,3.922127805061119
ba,mp,10,1024,27,forward,123498.11,123498.11,123498.12,36960.11,36960.11,36960.11,70.07232742266258,3.341389135476058
ba,mp,10,1024,27,inverse,141342.11,141342.11,141342.12,35441.11,35441.11,35441.11,74.92530003974045,3.9880836125053643
ba,mp,4,16,28,forward,897.11,897.11,897.11,324.11,324.11,324.11,63.87176600416894,2.7679182993428157
ba,mp,4,16,28,inverse,1026.11,1026.11,1026.11,350.11,350.11,350.11,65.87987642650397,2.9308217417383102
ba,mp,5,32,28,forward,2121.11,2121.11,2121.11,726.11,726.11,726.12,65.76745194732948,2.921196512925039
ba,mp,5,32,28,inverse,2418.11,2418.11,2418.11,743.11,743.11,743.11,69.26897452969469,3.254040451615508
ba,mp,6,64,28,forward,4852.11,4852.11,4852.11,1502.11,1502.11,1502.11,69.04212806387324,3.2301961906917604
ba,mp,6,64,28,inverse,5558.11,5558.11,5558.11,1523.11,1523.11,1523.11,72.59662007408994,3.6491848914392264
ba,mp,7,128,28,forward,11244.11,11244.11,11244.11,3485.11,3485.11,3485.11,69.0050168488213,3.226328580733463
ba,mp,7,128,28,inverse,12838.11,12838.11,12838.11,3418.11,3418.11,3418.11,73.37528654918832,3.7559089672362798
ba,mp,8,256,28,forward,25031.11,25031.11,25031.12,7594.11,7594.11,7594.11,69.66131346152848,3.2961215995027726
ba,mp,8,256,28,inverse,28666.11,28666.11,28666.11,7352.11,7352.11,7352.11,74.3526066145703,3.899031706544108
ba,mp,9,512,28,forward,56559.11,56559.11,56559.12,17099.11,17099.11,17099.11,69.76771734915914,3.307722448712243
ba,mp,9,512,28,inverse,64586.11,64586.11,64586.12,16467.11,16467.11,16467.11,74.50363553401806,3.922127805061119
ba,mp,10,1024,28,forward,123498.11,123498.11,123498.12,36960.11,36960.11,36960.11,70.07232742266258,3.341389135476058
ba,mp,10,1024,28,inverse,141342.11,141342.11,141342.12,35441.11,35441.11,35441.12,74.92530003974045,3.9880836125053643
ba,mp,4,16,29,forward,897.11,897.11,897.11,324.11,324.11,324.11,63.87176600416894,2.7679182993428157
ba,mp,4,16,29,inverse,1026.11,1026.11,1026.11,350.11,350.11,350.11,65.87987642650397,2.9308217417383102
ba,mp,5,32,29,forward,2121.11,2121.11,2121.11,726.11,726.11,726.11,65.76745194732948,2.921196512925039
ba,mp,5,32,29,inverse,2418.11,2418.11,2418.11,743.11,743.11,743.11,69.26897452969469,3.254040451615508
ba,mp,6,64,29,forward,4852.11,4852.11,4852.11,1502.11,1502.11,1502.11,69.04212806387324,3.2301961906917604
ba,mp,6,64,29,inverse,5558.11,5558.11,5558.11,1523.11,1523.11,1523.11,72.59662007408994,3.6491848914392264
ba,mp,7,128,29,forward,11244.11,11244.11,11244.11,3485.11,3485.11,3485.11,69.0050168488213,3.226328580733463
ba,mp,7,128,29,inverse,12838.11,12838.11,12838.11,3418.11,3418.11,3418.12,73.37528654918832,3.7559089672362798
ba,mp,8,256,29,forward,25031.11,25031.11,25031.11,7594.11,7594.11,7594.11,69.66131346152848,3.2961215995027726
ba,mp,8,256,29,inverse,28666.11,28666.11,28666.12,7352.11,7352.11,7352.11,74.3526066145703,3.899031706544108
ba,mp,9,512,29,forward,56559.11,56559.11,56559.12,17099.11,17099.11,17099.11,69.76771734915914,3.307722448712243
ba,mp,9,512,29,inverse,64586.11,64586.11,64586.11,16467.11,16467.11,16467.12,74.50363553401806,3.922127805061119
ba,mp,10,1024,29,forward,123498.11,123498.11,123498.12,36960.11,36960.11,36960.12,70.07232742266258,3.341389135476058
ba,mp,10,1024,29,inverse,141342.11,141342.11,141342.12,35441.11,35441.11,35441.11,74.92530003974045,3.9880836125053643
ba,mp,4,16,30,forward,897.11,897.11,897.11,324.11,324.11,324.11,63.87176600416894,2.7679182993428157
ba,mp,4,16,30,inverse,1026.11,1026.11,1026.11,350.11,350.11,350.11,65.87987642650397,2.9308217417383102
ba,mp,5,32,30,forward,2121.11,2121.11,2121.11,726.11,726.11,726.11,65.76745194732948,2.921196512925039
ba,mp,5,32,30,inverse,2418.11,2418.11,2418.11,743.11,743.11,743.11,69.26897452969469,3.254040451615508
ba,mp,6,64,30,forward,4852.11,4852.11,4852.11,1502.11,1502.11,1502.11,69.04212806387324,3.2301961906917604
ba,mp,6,64,30,inverse,5558.11,5558.11,5558.11,1523.11,1523.11,1523.11,72.59662007408994,3.6491848914392264
ba,mp,7,128,30,forward,11244.11,11244.11,11244.11,3485.11,3485.11,3485.11,69.0050168488213,3.226328580733463
ba,mp,7,128,30,inverse,12838.11,12838.11,12838.11,3418.11,3418.11,3418.11,73.37528654918832,3.7559089672362798
ba,mp,8,256,30,forward,25031.11,25031.11,25031.11,7594.11,7594.11,7594.11,69.66131346152848,3.2961215995027726
ba,mp,8,256,30,inverse,28666.11,28666.11,28666.12,7352.11,7352.11,7352.11,74.3526066145703,3.899031706544108
ba,mp,9,512,30,forward,56559.11,56559.11,56559.12,17099.11,17099.11,17099.11,69.76771734915914,3.307722448712243
ba,mp,9,512,30,inverse,64586.11,64586.11,64586.12,16467.11,16467.11,16467.11,74.50363553401806,3.922127805061119
ba,mp,10,1024,30,forward,123498.11,123498.11,123498.12,36960.11,36960.11,36960.11,70.07232742266258,3.341389135476058
ba,mp,10,1024,30,inverse,141342.11,141342.11,141342.12,35441.11,35441.11,35441.11,74.92530003974045,3.9880836125053643
ba,mp,4,16,31,forward,897.11,897.11,897.11,324.11,324.11,324.11,63.87176600416894,2.7679182993428157
ba,mp,4,16,31,inverse,1026.11,1026.11,1026.11,350.11,350.11,350.11,65.87987642650397,2.9308217417383102
ba,mp,5,32,31,forward,2121.11,2121.11,2121.11,726.11,726.11,726.11,65.76745194732948,2.921196512925039
ba,mp,5,32,31,inverse,2418.11,2418.11,2418.11,743.11,743.11,743.11,69.26897452969469,3.254040451615508
ba,mp,6,64,31,forward,4852.11,4852.11,4852.11,1502.11,1502.11,1502.11,69.04212806387324,3.2301961906917604
ba,mp,6,64,31,inverse,5558.11,5558.11,5558.11,1523.11,1523.11,1523.11,72.59662007408994,3.6491848914392264
ba,mp,7,128,31,forward,11244.11,11244.11,11244.11,3485.11,3485.11,3485.11,69.0050168488213,3.226328580733463
ba,mp,7,128,31,inverse,12838.11,12838.11,12838.11,3418.11,3418.11,3418.11,73.37528654918832,3.7559089672362798
ba,mp,8,256,31,forward,25031.11,25031.11,25031.12,7594.11,7594.11,7594.11,69.66131346152848,3.2961215995027726
ba,mp,8,256,31,inverse,28666.11,28666.11,28666.11,7352.11,7352.11,7352.11,74.3526066145703,3.899031706544108
ba,mp,9,512,31,forward,56559.11,56559.11,56559.12,17099.11,17099.11,17099.11,69.76771734915914,3.307722448712243
ba,mp,9,512,31,inverse,64586.11,64586.11,64586.12,16467.11,16467.11,16467.11,74.50363553401806,3.922127805061119
ba,mp,10,1024,31,forward,123498.11,123498.11,123498.12,36960.11,36960.11,36960.12,70.07232742266258,3.341389135476058
ba,mp,10,1024,31,inverse,141342.11,141342.11,141342.12,35441.11,35441.11,35441.12,74.92530003974045,3.9880836125053643
ba,mp,4,16,32,forward,897.11,897.11,897.11,324.11,324.11,324.11,63.87176600416894,2.7679182993428157
ba,mp,4,16,32,inverse,1026.11,1026.11,1026.11,350.11,350.11,350.11,65.87987642650397,2.9308217417383102
ba,mp,5,32,32,forward,2121.11,2121.11,2121.11,726.11,726.11,726.11,65.76745194732948,2.921196512925039
ba,mp,5,32,32,inverse,2418.11,2418.11,2418.11,743.11,743.11,743.11,69.26897452969469,3.254040451615508
ba,mp,6,64,32,forward,4852.11,4852.11,4852.11,1502.11,1502.11,1502.11,69.04212806387324,3.2301961906917604
ba,mp,6,64,32,inverse,5558.11,5558.11,5558.11,1523.11,1523.11,1523.11,72.59662007408994,3.6491848914392264
ba,mp,7,128,32,forward,11244.11,11244.11,11244.11,3485.11,3485.11,3485.11,69.0050168488213,3.226328580733463
ba,mp,7,128,32,inverse,12838.11,12838.11,12838.12,3418.11,3418.11,3418.11,73.37528654918832,3.7559089672362798
ba,mp,8,256,32,forward,25031.11,25031.11,25031.11,7594.11,7594.11,7594.11,69.66131346152848,3.2961215995027726
ba,mp,8,256,32,inverse,28666.11,28666.11,28666.11,7352.11,7352.11,7352.12,74.3526066145703,3.899031706544108
ba,mp,9,512,32,forward,56559.11,56559.11,56559.12,17099.11,17099.11,17099.11,69.76771734915914,3.307722448712243
ba,mp,9,512,32,inverse,64586.11,64586.11,64586.12,16467.11,16467.11,16467.11,74.50363553401806,3.922127805061119
ba,mp,10,1024,32,forward,123498.11,123498.11,123498.12,36960.11,36960.11,36960.11,70.07232742266258,3.341389135476058
ba,mp,10,1024,32,inverse,141342.11,141342.11,141342.12,35441.11,35441.11,35441.11,74.92530003974045,3.9880836125053643
ba,mp,4,16,33,forward,897.11,897.11,897.11,324.11,324.11,324.11,63.87176600416894,2.7679182993428157
ba,mp,4,16,33,inverse,1026.11,1026.11,1026.11,350.11,350.11,350.11,65.87987642650397,2.9308217417383102
ba,mp,5,32,33,forward,2121.11,2121.11,2121.11,726.11,726.11,726.11,65.76745194732948,2.921196512925039
ba,mp,5,32,33,inverse,2418.11,2418.11,2418.11,743.11,743.11,743.11,69.26897452969469,3.254040451615508
ba,mp,6,64,33,forward,4852.11,4852.11,4852.11,1502.11,1502.11,1502.11,69.04212806387324,3.2301961906917604
ba,mp,6,64,33,inverse,5558.11,5558.11,5558.11,1523.11,1523.11,1523.11,72.59662007408994,3.6491848914392264
ba,mp,7,128,33,forward,11244.11,11244.11,11244.11,3485.11,3485.11,3485.12,69.0050168488213,3.226328580733463
ba,mp,7,128,33,inverse,12838.11,12838.11,12838.11,3418.11,3418.11,3418.11,73.37528654918832,3.7559089672362798
ba,mp,8,256,33,forward,25031.11,25031.11,25031.11,7594.11,7594.11,7594.11,69.66131346152848,3.2961215995027726
ba,mp,8,256,33,inverse,28666.11,28666.11,28666.12,7352.11,7352.11,7352.11,74.3526066145703,3.899031706544108
ba,mp,9,512,33,forward,56559.11,56559.11,56559.12,17099.11,17099.11,17099.11,69.76771734915914,3.307722448712243
ba,mp,9,512,33,inverse,64586.11,64586.11,64586.12,16467.11,16467.11,16467.11,74.50363553401806,3.922127805061119
ba,mp,10,1024,33,forward,123498.11,123498.11,123498.12,36960.11,36960.11,36960.11,70.07232742266258,3.341389135476058
ba,mp,10,1024,33,inverse,141342.11,141342.11,141342.12,35441.11,35441.11,35441.11,74.92530003974045,3.9880836125053643
ba,mp,4,16,34,forward,897.11,897.11,897.11,324.11,324.11,324.11,63.87176600416894,2.7679182993428157
ba,mp,4,16,34,inverse,1026.11,1026.11,1026.11,350.11,350.11,350.11,65.87987642650397,2.9308217417383102
ba,mp,5,32,34,forward,2121.11,2121.11,2121.11,726.11,726.11,726.11,65.76745194732948,2.921196512925039
ba,mp,5,32,34,inverse,2418.11,2418.11,2418.12,743.11,743.11,743.11,69.26897452969469,3.254040451615508
ba,mp,6,64,34,forward,4852.11,4852.11,4852.11,1502.11,1502.11,1502.11,69.04212806387324,3.2301961906917604
ba,mp,6,64,34,inverse,5558.11,5558.11,5558.11,1523.11,1523.11,1523.11,72.59662007408994,3.6491848914392264
ba,mp,7,128,34,forward,11244.11,11244.11,11244.11,3485.11,3485.11,3485.11,69.0050168488213,3.226328580733463
ba,mp,7,128,34,inverse,12838.11,12838.11,12838.11,3418.11,3418.11,3418.11,73.37528654918832,3.7559089672362798
ba,mp,8,256,34,forward,25031.11,25031.11,25031.12,7594.11,7594.11,7594.11,69.66131346152848,3.2961215995027726
ba,mp,8,256,34,inverse,28666.11,28666.11,28666.11,7352.11,7352.11,7352.11,74.3526066145703,3.899031706544108
ba,mp,9,512,34,forward,56559.11,56559.11,56559.11,17099.11,17099.11,17099.12,69.76771734915914,3.307722448712243
ba,mp,9,512,34,inverse,64586.11,64586.11,64586.11,16467.11,16467.11,16467.12,74.50363553401806,3.922127805061119
ba,mp,10,1024,34,forward,123498.11,123498.11,123498.12,36960.11,36960.11,36960.12,70.07232742266258,3.341389135476058
ba,mp,10,1024,34,inverse,141342.11,141342.11,141342.12,35441.11,35441.11,35441.12,74.92530003974045,3.9880836125053643
ba,mp,4,16,35,forward,897.11,897.11,897.11,324.11,324.11,324.11,63.87176600416894,2.7679182993428157
ba,mp,4,16,35,inverse,1026.11,1026.11,1026.11,350.11,350.11,350.11,65.87987642650397,2.9308217417383102
ba,mp,5,32,35,forward,2121.11,2121.11,2121.11,726.11,726.11,726.11,65.76745194732948,2.921196512925039
ba,mp,5,32,35,inverse,2418.11,2418.11,2418.11,743.11,743.11,743.11,69.26897452969469,3.254040451615508
ba,mp,6,64,35,forward,4852.11,4852.11,4852.11,1502.11,1502.11,1502.11,69.04212806387324,3.2301961906917604
ba,mp,6,64,35,inverse,5558.11,5558.11,5558.11,1523.11,1523.11,1523.11,72.59662007408994,3.6491848914392264
ba,mp,7,128,35,forward,11244.11,11244.11,11244.11,3485.11,3485.11,3485.11,69.0050168488213,3.226328580733463
ba,mp,7,128,35,inverse,12838.11,12838.11,12838.12,3418.11,3418.11,3418.11,73.37528654918832,3.7559089672362798
ba,mp,8,256,35,forward,25031.11,25031.11,25031.11,7594.11,7594.11,7594.11,69.66131346152848,3.2961215995027726
ba,mp,8,256,35,inverse,28666.11,28666.11,28666.11,7352.11,7352.11,7352.11,74.3526066145703,3.899031706544108
ba,mp,9,512,35,forward,56559.11,56559.11,56559.11,17099.11,17099.11,17099.11,69.76771734915914,3.307722448712243
ba,mp,9,512,35,inverse,64586.11,64586.11,64586.12,16467.11,16467.11,16467.11,74.50363553401806,3.922127805061119
ba,mp,10,1024,35,forward,123498.11,123498.11,123498.12,36960.11,36960.11,36960.11,70.07232742266258,3.341389135476058
ba,mp,10,1024,35,inverse,141342.11,141342.11,141342.12,35441.11,35441.11,35441.11,74.92530003974045,3.9880836125053643
ba,mp,4,16,36,forward,897.11,897.11,897.11,324.11,324.11,324.11,63.87176600416894,2.7679182993428157
ba,mp,4,16,36,inverse,1026.11,1026.11,1026.11,350.11,350.11,350.11,65.87987642650397,2.9308217417383102
ba,mp,5,32,36,forward,2121.11,2121.11,2121.11,726.11,726.11,726.11,65.76745194732948,2.921196512925039
ba,mp,5,32,36,inverse,2418.11,2418.11,2418.11,743.11,743.11,743.11,69.26897452969469,3.254040451615508
ba,mp,6,64,36,forward,4852.11,4852.11,4852.11,1502.11,1502.11,1502.11,69.04212806387324,3.2301961906917604
ba,mp,6,64,36,inverse,5558.11,5558.11,5558.11,1523.11,1523.11,1523.11,72.59662007408994,3.6491848914392264
ba,mp,7,128,36,forward,11244.11,11244.11,11244.12,3485.11,3485.11,3485.11,69.0050168488213,3.226328580733463
ba,mp,7,128,36,inverse,12838.11,12838.11,12838.11,3418.11,3418.11,3418.11,73.37528654918832,3.7559089672362798
ba,mp,8,256,36,forward,25031.11,25031.11,25031.11,7594.11,7594.11,7594.11,69.66131346152848,3.2961215995027726
ba,mp,8,256,36,inverse,28666.11,28666.11,28666.11,7352.11,7352.11,7352.12,74.3526066145703,3.899031706544108
ba,mp,9,512,36,forward,56559.11,56559.11,56559.11,17099.11,17099.11,17099.12,69.76771734915914,3.307722448712243
ba,mp,9,512,36,inverse,64586.11,64586.11,64586.12,16467.11,16467.11,16467.11,74.50363553401806,3.922127805061119
ba,mp,10,1024,36,forward,123498.11,123498.11,123498.12,36960.11,36960.11,36960.12,70.07232742266258,3.341389135476058
ba,mp,10,1024,36,inverse,141342.11,141342.11,141342.12,35441.11,35441.11,35441.12,74.92530003974045,3.9880836125053643
ba,mp,4,16,37,forward,897.11,897.11,897.11,324.11,324.11,324.11,63.87176600416894,2.7679182993428157
ba,mp,4,16,37,inverse,1026.11,1026.11,1026.11,350.11,350.11,350.11,65.87987642650397,2.9308217417383102
ba,mp,5,32,37,forward,2121.11,2121.11,2121.11,726.11,726.11,726.11,65.76745194732948,2.921196512925039
ba,mp,5,32,37,inverse,2418.11,2418.11,2418.11,743.11,743.11,743.11,69.26897452969469,3.254040451615508
ba,mp,6,64,37,forward,4852.11,4852.11,4852.11,1502.11,1502.11,1502.11,69.04212806387324,3.2301961906917604
ba,mp,6,64,37,inverse,5558.11,5558.11,5558.11,1523.11,1523.11,1523.11,72.59662007408994,3.6491848914392264
ba,mp,7,128,37,forward,11244.11,11244.11,11244.11,3485.11,3485.11,3485.11,69.0050168488213,3.226328580733463
ba,mp,7,128,37,inverse,12838.11,12838.11,12838.11,3418.11,3418.11,3418.11,73.37528654918832,3.7559089672362798
ba,mp,8,256,37,forward,25031.11,25031.11,25031.12,7594.11,7594.11,7594.11,69.66131346152848,3.2961215995027726
ba,mp,8,256,37,inverse,28666.11,28666.11,28666.11,7352.11,7352.11,7352.11,74.3526066145703,3.899031706544108
ba,mp,9,512,37,forward,56559.11,56559.11,56559.12,17099.11,17099.11,17099.11,69.76771734915914,3.307722448712243
ba,mp,9,512,37,inverse,64586.11,64586.11,64586.12,16467.11,16467.11,16467.11,74.50363553401806,3.922127805061119
ba,mp,10,1024,37,forward,123498.11,123498.11,123498.12,36960.11,36960.11,36960.11,70.07232742266258,3.341389135476058
ba,mp,10,1024,37,inverse,141342.11,141342.11,141342.12,35441.11,35441.11,35441.12,74.92530003974045,3.9880836125053643
ba,mp,4,16,38,forward,897.11,897.11,897.11,324.11,324.11,324.11,63.87176600416894,2.7679182993428157
ba,mp,4,16,38,inverse,1026.11,1026.11,1026.11,350.11,350.11,350.11,65.87987642650397,2.9308217417383102
ba,mp,5,32,38,forward,2121.11,2121.11,2121.11,726.11,726.11,726.11,65.76745194732948,2.921196512925039
ba,mp,5,32,38,inverse,2418.11,2418.11,2418.11,743.11,743.11,743.11,69.26897452969469,3.254040451615508
ba,mp,6,64,38,forward,4852.11,4852.11,4852.11,1502.11,1502.11,1502.11,69.04212806387324,3.2301961906917604
ba,mp,6,64,38,inverse,5558.11,5558.11,5558.11,1523.11,1523.11,1523.11,72.59662007408994,3.6491848914392264
ba,mp,7,128,38,forward,11244.11,11244.11,11244.11,3485.11,3485.11,3485.11,69.0050168488213,3.226328580733463
ba,mp,7,128,38,inverse,12838.11,12838.11,12838.11,3418.11,3418.11,3418.12,73.37528654918832,3.7559089672362798
ba,mp,8,256,38,forward,25031.11,25031.11,25031.11,7594.11,7594.11,7594.11,69.66131346152848,3.2961215995027726
ba,mp,8,256,38,inverse,28666.11,28666.11,28666.11,7352.11,7352.11,7352.11,74.3526066145703,3.899031706544108
ba,mp,9,512,38,forward,56559.11,56559.11,56559.11,17099.11,17099.11,17099.11,69.76771734915914,3.307722448712243
ba,mp,9,512,38,inverse,64586.11,64586.11,64586.12,16467.11,16467.11,16467.11,74.50363553401806,3.922127805061119
ba,mp,10,1024,38,forward,123498.11,123498.11,123498.12,36960.11,36960.11,36960.11,70.07232742266258,3.341389135476058
ba,mp,10,1024,38,inverse,141342.11,141342.11,141342.12,35441.11,35441.11,35441.11,74.92530003974045,3.9880836125053643
ba,mp,4,16,39,forward,897.11,897.11,897.11,324.11,324.11,324.11,63.87176600416894,2.7679182993428157
ba,mp,4,16,39,inverse,1026.11,1026.11,1026.11,350.11,350.11,350.11,65.87987642650397,2.9308217417383102
ba,mp,5,32,39,forward,2121.11,2121.11,2121.11,726.11,726.11,726.11,65.76745194732948,2.921196512925039
ba,mp,5,32,39,inverse,2418.11,2418.11,2418.11,743.11,743.11,743.11,69.26897452969469,3.254040451615508
ba,mp,6,64,39,forward,4852.11,4852.11,4852.11,1502.11,1502.11,1502.11,69.04212806387324,3.2301961906917604
ba,mp,6,64,39,inverse,5558.11,5558.11,5558.11,1523.11,1523.11,1523.11,72.59662007408994,3.6491848914392264
ba,mp,7,128,39,forward,11244.11,11244.11,11244.11,3485.11,3485.11,3485.12,69.0050168488213,3.226328580733463
ba,mp,7,128,39,inverse,12838.11,12838.11,12838.11,3418.11,3418.11,3418.11,73.37528654918832,3.7559089672362798
ba,mp,8,256,39,forward,25031.11,25031.11,25031.11,7594.11,7594.11,7594.11,69.66131346152848,3.2961215995027726
ba,mp,8,256,39,inverse,28666.11,28666.11,28666.12,7352.11,7352.11,7352.11,74.3526066145703,3.899031706544108
ba,mp,9,512,39,forward,56559.11,56559.11,56559.12,17099.11,17099.11,17099.11,69.76771734915914,3.307722448712243
ba,mp,9,512,39,inverse,64586.11,64586.11,64586.11,16467.11,16467.11,16467.12,74.50363553401806,3.922127805061119
ba,mp,10,1024,39,forward,123498.11,123498.11,123498.12,36960.11,36960.11,36960.12,70.07232742266258,3.341389135476058
ba,mp,10,1024,39,inverse,141342.11,141342.11,141342.12,35441.11,35441.11,35441.12,74.92530003974045,3.9880836125053643
ba,mp,4,16,40,forward,897.11,897.11,897.11,324.11,324.11,324.11,63.87176600416894,2.7679182993428157
ba,mp,4,16,40,inverse,1026.11,1026.11,1026.11,350.11,350.11,350.11,65.87987642650397,2.9308217417383102
ba,mp,5,32,40,forward,2121.11,2121.11,2121.11,726.11,726.11,726.11,65.76745194732948,2.921196512925039
ba,mp,5,32,40,inverse,2418.11,2418.11,2418.11,743.11,743.11,743.11,69.26897452969469,3.254040451615508
ba,mp,6,64,40,forward,4852.11,4852.11,4852.12,1502.11,1502.11,1502.11,69.04212806387324,3.2301961906917604
ba,mp,6,64,40,inverse,5558.11,5558.11,5558.11,1523.11,1523.11,1523.11,72.59662007408994,3.6491848914392264
ba,mp,7,128,40,forward,11244.11,11244.11,11244.11,3485.11,3485.11,3485.11,69.0050168488213,3.226328580733463
ba,mp,7,128,40,inverse,12838.11,12838.11,12838.11,3418.11,3418.11,3418.11,73.37528654918832,3.7559089672362798
ba,mp,8,256,40,forward,25031.11,25031.11,25031.11,7594.11,7594.11,7594.12,69.66131346152848,3.2961215995027726
ba,mp,8,256,40,inverse,28666.11,28666.11,28666.11,7352.11,7352.11,7352.11,74.3526066145703,3.899031706544108
ba,mp,9,512,40,forward,56559.11,56559.11,56559.12,17099.11,17099.11,17099.11,69.76771734915914,3.307722448712243
ba,mp,9,512,40,inverse,64586.11,64586.11,64586.12,16467.11,16467.11,16467.11,74.50363553401806,3.922127805061119
ba,mp,10,1024,40,forward,123498.11,123498.11,123498.12,36960.11,36960.11,36960.11,70.07232742266258,3.341389135476058
ba,mp,10,1024,40,inverse,141342.11,141342.11,141342.12,35441.11,35441.11,35441.12,74.92530003974045,3.9880836125053643
ba,mp,4,16,41,forward,897.11,897.11,897.11,324.11,324.11,324.11,63.87176600416894,2.7679182993428157
ba,mp,4,16,41,inverse,1026.11,1026.11,1026.11,350.11,350.11,350.11,65.87987642650397,2.9308217417383102
ba,mp,5,32,41,forward,2121.11,2121.11,2121.11,726.11,726.11,726.11,65.76745194732948,2.921196512925039
ba,mp,5,32,41,inverse,2418.11,2418.11,2418.11,743.11,743.11,743.11,69.26897452969469,3.254040451615508
ba,mp,6,64,41,forward,4852.11,4852.11,4852.11,1502.11,1502.11,1502.11,69.04212806387324,3.2301961906917604
ba,mp,6,64,41,inverse,5558.11,5558.11,5558.11,1523.11,1523.11,1523.11,72.59662007408994,3.6491848914392264
ba,mp,7,128,41,forward,11244.11,11244.11,11244.11,3485.11,3485.11,3485.11,69.0050168488213,3.226328580733463
ba,mp,7,128,41,inverse,12838.11,12838.11,12838.11,3418.11,3418.11,3418.11,73.37528654918832,3.7559089672362798
ba,mp,8,256,41,forward,25031.11,25031.11,25031.11,7594.11,7594.11,7594.11,69.66131346152848,3.2961215995027726
ba,mp,8,256,41,inverse,28666.11,28666.11,28666.11,7352.11,7352.11,7352.11,74.3526066145703,3.899031706544108
ba,mp,9,512,41,forward,56559.11,56559.11,56559.12,17099.11,17099.11,17099.11,69.76771734915914,3.307722448712243
ba,mp,9,512,41,inverse,64586.11,64586.11,64586.12,16467.11,16467.11,16467.11,74.50363553401806,3.922127805061119
ba,mp,10,1024,41,forward,123498.11,123498.11,123498.12,36960.11,36960.11,36960.12,70.07232742266258,3.341389135476058
ba,mp,10,1024,41,inverse,141342.11,141342.11,141342.12,35441.11,35441.11,35441.11,74.92530003974045,3.9880836125053643
ba,mp,4,16,42,forward,897.11,897.11,897.11,324.11,324.11,324.11,63.87176600416894,2.7679182993428157
ba,mp,4,16,42,inverse,1026.11,1026.11,1026.11,350.11,350.11,350.11,65.87987642650397,2.9308217417383102
ba,mp,5,32,42,forward,2121.11,2121.11,2121.11,726.11,726.11,726.11,65.76745194732948,2.921196512925039
ba,mp,5,32,42,inverse,2418.11,2418.11,2418.11,743.11,743.11,743.11,69.26897452969469,3.254040451615508
ba,mp,6,64,42,forward,4852.11,4852.11,4852.11,1502.11,1502.11,1502.11,69.04212806387324,3.2301961906917604
ba,mp,6,64,42,inverse,5558.11,5558.11,5558.11,1523.11,1523.11,1523.11,72.59662007408994,3.6491848914392264
ba,mp,7,128,42,forward,11244.11,11244.11,11244.12,3485.11,3485.11,3485.11,69.0050168488213,3.226328580733463
ba,mp,7,128,42,inverse,12838.11,12838.11,12838.11,3418.11,3418.11,3418.11,73.37528654918832,3.7559089672362798
ba,mp,8,256,42,forward,25031.11,25031.11,25031.11,7594.11,7594.11,7594.11,69.66131346152848,3.2961215995027726
ba,mp,8,256,42,inverse,28666.11,28666.11,28666.12,7352.11,7352.11,7352.11,74.3526066145703,3.899031706544108
ba,mp,9,512,42,forward,56559.11,56559.11,56559.12,17099.11,17099.11,17099.11,69.76771734915914,3.307722448712243
ba,mp,9,512,42,inverse,64586.11,64586.11,64586.12,16467.11,16467.11,16467.11,74.50363553401806,3.922127805061119
ba,mp,10,1024,42,forward,123498.11,123498.11,123498.12,36960.11,36960.11,36960.11,70.07232742266258,3.341389135476058
ba,mp,10,1024,42,inverse,141342.11,141342.11,141342.12,35441.11,35441.11,35441.11,74.92530003974045,3.9880836125053643
ba,mp,4,16,43,forward,897.11,897.11,897.11,324.11,324.11,324.11,63.87176600416894,2.7679182993428157
ba,mp,4,16,43,inverse,1026.11,1026.11,1026.11,350.11,350.11,350.11,65.87987642650397,2.9308217417383102
ba,mp,5,32,43,forward,2121.11,2121.11,2121.11,726.11,726.11,726.11,65.76745194732948,2.921196512925039
ba,mp,5,32,43,inverse,2418.11,2418.11,2418.11,743.11,743.11,743.11,69.26897452969469,3.254040451615508
ba,mp,6,64,43,forward,4852.11,4852.11,4852.11,1502.11,1502.11,1502.11,69.04212806387324,3.2301961906917604
ba,mp,6,64,43,inverse,5558.11,5558.11,5558.11,1523.11,1523.11,1523.11,72.59662007408994,3.6491848914392264
ba,mp,7,128,43,forward,11244.11,11244.11,11244.11,3485.11,3485.11,3485.11,69.0050168488213,3.226328580733463
ba,mp,7,128,43,inverse,12838.11,12838.11,12838.11,3418.11,3418.11,3418.11,73.37528654918832,3.7559089672362798
ba,mp,8,256,43,forward,25031.11,25031.11,25031.12,7594.11,7594.11,7594.11,69.66131346152848,3.2961215995027726
ba,mp,8,256,43,inverse,28666.11,28666.11,28666.11,7352.11,7352.11,7352.11,74.3526066145703,3.899031706544108
ba,mp,9,512,43,forward,56559.11,56559.11,56559.12,17099.11,17099.11,17099.11,69.76771734915914,3.307722448712243
ba,mp,9,512,43,inverse,64586.11,64586.11,64586.12,16467.11,16467.11,16467.11,74.50363553401806,3.922127805061119
ba,mp,10,1024,43,forward,123498.11,123498.11,123498.12,36960.11,36960.11,36960.12,70.07232742266258,3.341389135476058
ba,mp,10,1024,43,inverse,141342.11,141342.11,141342.12,35441.11,35441.11,35441.11,74.92530003974045,3.9880836125053643
ba,mp,4,16,44,forward,897.11,897.11,897.11,324.11,324.11,324.11,63.87176600416894,2.7679182993428157
ba,mp,4,16,44,inverse,1026.11,1026.11,1026.11,350.11,350.11,350.11,65.87987642650397,2.9308217417383102
ba,mp,5,32,44,forward,2121.11,2121.11,2121.11,726.11,726.11,726.11,65.76745194732948,2.921196512925039
ba,mp,5,32,44,inverse,2418.11,2418.11,2418.11,743.11,743.11,743.11,69.26897452969469,3.254040451615508
ba,mp,6,64,44,forward,4852.11,4852.11,4852.11,1502.11,1502.11,1502.11,69.04212806387324,3.2301961906917604
ba,mp,6,64,44,inverse,5558.11,5558.11,5558.11,1523.11,1523.11,1523.11,72.59662007408994,3.6491848914392264
ba,mp,7,128,44,forward,11244.11,11244.11,11244.11,3485.11,3485.11,3485.11,69.0050168488213,3.226328580733463
ba,mp,7,128,44,inverse,12838.11,12838.11,12838.11,3418.11,3418.11,3418.11,73.37528654918832,3.7559089672362798
ba,mp,8,256,44,forward,25031.11,25031.11,25031.11,7594.11,7594.11,7594.12,69.66131346152848,3.2961215995027726
ba,mp,8,256,44,inverse,28666.11,28666.11,28666.11,7352.11,7352.11,7352.11,74.3526066145703,3.899031706544108
ba,mp,9,512,44,forward,56559.11,56559.11,56559.11,17099.11,17099.11,17099.12,69.76771734915914,3.307722448712243
ba,mp,9,512,44,inverse,64586.11,64586.11,64586.11,16467.11,16467.11,16467.12,74.50363553401806,3.922127805061119
ba,mp,10,1024,44,forward,123498.11,123498.11,123498.12,36960.11,36960.11,36960.12,70.07232742266258,3.341389135476058
ba,mp,10,1024,44,inverse,141342.11,141342.11,141342.12,35441.11,35441.11,35441.12,74.92530003974045,3.9880836125053643
ba,mp,4,16,45,forward,897.11,897.11,897.11,324.11,324.11,324.11,63.87176600416894,2.7679182993428157
ba,mp,4,16,45,inverse,1026.11,1026.11,1026.11,350.11,350.11,350.11,65.87987642650397,2.9308217417383102
ba,mp,5,32,45,forward,2121.11,2121.11,2121.11,726.11,726.11,726.11,65.76745194732948,2.921196512925039
ba,mp,5,32,45,inverse,2418.11,2418.11,2418.11,743.11,743.11,743.11,69.26897452969469,3.254040451615508
ba,mp,6,64,45,forward,4852.11,4852.11,4852.11,1502.11,1502.11,1502.11,69.04212806387324,3.2301961906917604
ba,mp,6,64,45,inverse,5558.11,5558.11,5558.11,1523.11,1523.11,1523.11,72.59662007408994,3.6491848914392264
ba,mp,7,128,45,forward,11244.11,11244.11,11244.11,3485.11,3485.11,3485.11,69.0050168488213,3.226328580733463
ba,mp,7,128,45,inverse,12838.11,12838.11,12838.11,3418.11,3418.11,3418.11,73.37528654918832,3.7559089672362798
ba,mp,8,256,45,forward,25031.11,25031.11,25031.11,7594.11,7594.11,7594.11,69.66131346152848,3.2961215995027726
ba,mp,8,256,45,inverse,28666.11,28666.11,28666.12,7352.11,7352.11,7352.11,74.3526066145703,3.899031706544108
ba,mp,9,512,45,forward,56559.11,56559.11,56559.12,17099.11,17099.11,17099.11,69.76771734915914,3.307722448712243
ba,mp,9,512,45,inverse,64586.11,64586.11,64586.12,16467.11,16467.11,16467.11,74.50363553401806,3.922127805061119
ba,mp,10,1024,45,forward,123498.11,123498.11,123498.12,36960.11,36960.11,36960.11,70.07232742266258,3.341389135476058
ba,mp,10,1024,45,inverse,141342.11,141342.11,141342.12,35441.11,35441.11,35441.12,74.92530003974045,3.9880836125053643
ba,mp,4,16,46,forward,897.11,897.11,897.11,324.11,324.11,324.11,63.87176600416894,2.7679182993428157
ba,mp,4,16,46,inverse,1026.11,1026.11,1026.11,350.11,350.11,350.11,65.87987642650397,2.9308217417383102
ba,mp,5,32,46,forward,2121.11,2121.11,2121.11,726.11,726.11,726.11,65.76745194732948,2.921196512925039
ba,mp,5,32,46,inverse,2418.11,2418.11,2418.11,743.11,743.11,743.11,69.26897452969469,3.254040451615508
ba,mp,6,64,46,forward,4852.11,4852.11,4852.11,1502.11,1502.11,1502.11,69.04212806387324,3.2301961906917604
ba,mp,6,64,46,inverse,5558.11,5558.11,5558.12,1523.11,1523.11,1523.11,72.59662007408994,3.6491848914392264
ba,mp,7,128,46,forward,11244.11,11244.11,11244.11,3485.11,3485.11,3485.11,69.0050168488213,3.226328580733463
ba,mp,7,128,46,inverse,12838.11,12838.11,12838.11,3418.11,3418.11,3418.11,73.37528654918832,3.7559089672362798
ba,mp,8,256,46,forward,25031.11,25031.11,25031.12,7594.11,7594.11,7594.11,69.66131346152848,3.2961215995027726
ba,mp,8,256,46,inverse,28666.11,28666.11,28666.11,7352.11,7352.11,7352.11,74.3526066145703,3.899031706544108
ba,mp,9,512,46,forward,56559.11,56559.11,56559.11,17099.11,17099.11,17099.12,69.76771734915914,3.307722448712243
ba,mp,9,512,46,inverse,64586.11,64586.11,64586.12,16467.11,16467.11,16467.11,74.50363553401806,3.922127805061119
ba,mp,10,1024,46,forward,123498.11,123498.11,123498.12,36960.11,36960.11,36960.12,70.07232742266258,3.341389135476058
ba,mp,10,1024,46,inverse,141342.11,141342.11,141342.12,35441.11,35441.11,35441.11,74.92530003974045,3.9880836125053643
ba,mp,4,16,47,forward,897.11,897.11,897.11,324.11,324.11,324.11,63.87176600416894,2.7679182993428157
ba,mp,4,16,47,inverse,1026.11,1026.11,1026.11,350.11,350.11,350.11,65.87987642650397,2.9308217417383102
ba,mp,5,32,47,forward,2121.11,2121.11,2121.11,726.11,726.11,726.11,65.76745194732948,2.921196512925039
ba,mp,5,32,47,inverse,2418.11,2418.11,2418.11,743.11,743.11,743.11,69.26897452969469,3.254040451615508
ba,mp,6,64,47,forward,4852.11,4852.11,4852.11,1502.11,1502.11,1502.11,69.04212806387324,3.2301961906917604
ba,mp,6,64,47,inverse,5558.11,5558.11,5558.11,1523.11,1523.11,1523.11,72.59662007408994,3.6491848914392264
ba,mp,7,128,47,forward,11244.11,11244.11,11244.11,3485.11,3485.11,3485.11,69.0050168488213,3.226328580733463
ba,mp,7,128,47,inverse,12838.11,12838.11,12838.11,3418.11,3418.11,3418.11,73.37528654918832,3.7559089672362798
ba,mp,8,256,47,forward,25031.11,25031.11,25031.12,7594.11,7594.11,7594.11,69.66131346152848,3.2961215995027726
ba,mp,8,256,47,inverse,28666.11,28666.11,28666.11,7352.11,7352.11,7352.11,74.3526066145703,3.899031706544108
ba,mp,9,512,47,forward,56559.11,56559.11,56559.12,17099.11,17099.11,17099.11,69.76771734915914,3.307722448712243
ba,mp,9,512,47,inverse,64586.11,64586.11,64586.12,16467.11,16467.11,16467.11,74.50363553401806,3.922127805061119
ba,mp,10,1024,47,forward,123498.11,123498.11,123498.12,36960.11,36960.11,36960.11,70.07232742266258,3.341389135476058
ba,mp,10,1024,47,inverse,141342.11,141342.11,141342.12,35441.11,35441.11,35441.12,74.92530003974045,3.9880836125053643
ba,mp,4,16,48,forward,897.11,897.11,897.11,324.11,324.11,324.11,63.87176600416894,2.7679182993428157
ba,mp,4,16,48,inverse,1026.11,1026.11,1026.11,350.11,350.11,350.11,65.87987642650397,2.9308217417383102
ba,mp,5,32,48,forward,2121.11,2121.11,2121.11,726.11,726.11,726.11,65.76745194732948,2.921196512925039
ba,mp,5,32,48,inverse,2418.11,2418.11,2418.11,743.11,743.11,743.11,69.26897452969469,3.254040451615508
ba,mp,6,64,48,forward,4852.11,4852.11,4852.11,1502.11,1502.11,1502.11,69.04212806387324,3.2301961906917604
ba,mp,6,64,48,inverse,5558.11,5558.11,5558.11,1523.11,1523.11,1523.11,72.59662007408994,3.6491848914392264
ba,mp,7,128,48,forward,11244.11,11244.11,11244.11,3485.11,3485.11,3485.11,69.0050168488213,3.226328580733463
ba,mp,7,128,48,inverse,12838.11,12838.11,12838.12,3418.11,3418.11,3418.11,73.37528654918832,3.7559089672362798
ba,mp,8,256,48,forward,25031.11,25031.11,25031.11,7594.11,7594.11,7594.11,69.66131346152848,3.2961215995027726
ba,mp,8,256,48,inverse,28666.11,28666.11,28666.12,7352.11,7352.11,7352.11,74.3526066145703,3.899031706544108
ba,mp,9,512,48,forward,56559.11,56559.11,56559.11,17099.11,17099.11,17099.11,69.76771734915914,3.307722448712243
ba,mp,9,512,48,inverse,64586.11,64586.11,64586.12,16467.11,16467.11,16467.11,74.50363553401806,3.922127805061119
ba,mp,10,1024,48,forward,123498.11,123498.11,123498.12,36960.11,36960.11,36960.12,70.07232742266258,3.341389135476058
ba,mp,10,1024,48,inverse,141342.11,141342.11,141342.12,35441.11,35441.11,35441.12,74.92530003974045,3.9880836125053643
ba,mp,4,16,49,forward,897.11,897.11,897.11,324.11,324.11,324.11,63.87176600416894,2.7679182993428157
ba,mp,4,16,49,inverse,1026.11,1026.11,1026.11,350.11,350.11,350.11,65.87987642650397,2.9308217417383102
ba,mp,5,32,49,forward,2121.11,2121.11,2121.11,726.11,726.11,726.11,65.76745194732948,2.921196512925039
ba,mp,5,32,49,inverse,2418.11,2418.11,2418.11,743.11,743.11,743.11,69.26897452969469,3.254040451615508
ba,mp,6,64,49,forward,4852.11,4852.11,4852.11,1502.11,1502.11,1502.11,69.04212806387324,3.2301961906917604
ba,mp,6,64,49,inverse,5558.11,5558.11,5558.12,1523.11,1523.11,1523.11,72.59662007408994,3.6491848914392264
ba,mp,7,128,49,forward,11244.11,11244.11,11244.11,3485.11,3485.11,3485.11,69.0050168488213,3.226328580733463
ba,mp,7,128,49,inverse,12838.11,12838.11,12838.11,3418.11,3418.11,3418.11,73.37528654918832,3.7559089672362798
ba,mp,8,256,49,forward,25031.11,25031.11,25031.11,7594.11,7594.11,7594.11,69.66131346152848,3.2961215995027726
ba,mp,8,256,49,inverse,28666.11,28666.11,28666.11,7352.11,7352.11,7352.11,74.3526066145703,3.899031706544108
ba,mp,9,512,49,forward,56559.11,56559.11,56559.11,17099.11,17099.11,17099.12,69.76771734915914,3.307722448712243
ba,mp,9,512,49,inverse,64586.11,64586.11,64586.11,16467.11,16467.11,16467.12,74.50363553401806,3.922127805061119
ba,mp,10,1024,49,forward,123498.11,123498.11,123498.12,36960.11,36960.11,36960.12,70.07232742266258,3.341389135476058
ba,mp,10,1024,49,inverse,141342.11,141342.11,141342.12,35441.11,35441.11,35441.11,74.92530003974045,3.9880836125053643
ba,mp,4,16,50,forward,897.11,897.11,897.11,324.11,324.11,324.11,63.87176600416894,2.7679182993428157
ba,mp,4,16,50,inverse,1026.11,1026.11,1026.11,350.11,350.11,350.11,65.87987642650397,2.9308217417383102
ba,mp,5,32,50,forward,2121.11,2121.11,2121.11,726.11,726.11,726.11,65.76745194732948,2.921196512925039
ba,mp,5,32,50,inverse,2418.11,2418.11,2418.11,743.11,743.11,743.11,69.26897452969469,3.254040451615508
ba,mp,6,64,50,forward,4852.11,4852.11,4852.11,1502.11,1502.11,1502.11,69.04212806387324,3.2301961906917604
ba,mp,6,64,50,inverse,5558.11,5558.11,5558.11,1523.11,1523.11,1523.11,72.59662007408994,3.6491848914392264
ba,mp,7,128,50,forward,11244.11,11244.11,11244.11,3485.11,3485.11,3485.11,69.0050168488213,3.226328580733463
ba,mp,7,128,50,inverse,12838.11,12838.11,12838.11,3418.11,3418.11,3418.11,73.37528654918832,3.7559089672362798
ba,mp,8,256,50,forward,25031.11,25031.11,25031.11,7594.11,7594.11,7594.12,69.66131346152848,3.2961215995027726
ba,mp,8,256,50,inverse,28666.11,28666.11,28666.11,7352.11,7352.11,7352.11,74.3526066145703,3.899031706544108
ba,mp,9,512,50,forward,56559.11,56559.11,56559.12,17099.11,17099.11,17099.11,69.76771734915914,3.307722448712243
ba,mp,9,512,50,inverse,64586.11,64586.11,64586.12,16467.11,16467.11,16467.11,74.50363553401806,3.922127805061119
ba,mp,10,1024,50,forward,123498.11,123498.11,123498.12,36960.11,36960.11,36960.11,70.07232742266258,3.341389135476058
ba,mp,10,1024,50,inverse,141342.11,141342.11,141342.12,35441.11,35441.11,35441.12,74.92530003974045,3.9880836125053643
ba,mp,4,16,51,forward,897.11,897.11,897.11,324.11,324.11,324.11,63.87176600416894,2.7679182993428157
ba,mp,4,16,51,inverse,1026.11,1026.11,1026.11,350.11,350.11,350.11,65.87987642650397,2.9308217417383102
ba,mp,5,32,51,forward,2121.11,2121.11,2121.11,726.11,726.11,726.11,65.76745194732948,2.921196512925039
ba,mp,5,32,51,inverse,2418.11,2418.11,2418.11,743.11,743.11,743.11,69.26897452969469,3.254040451615508
ba,mp,6,64,51,forward,4852.11,4852.11,4852.11,1502.11,1502.11,1502.11,69.04212806387324,3.2301961906917604
ba,mp,6,64,51,inverse,5558.11,5558.11,5558.11,1523.11,1523.11,1523.11,72.59662007408994,3.6491848914392264
ba,mp,7,128,51,forward,11244.11,11244.11,11244.11,3485.11,3485.11,3485.11,69.0050168488213,3.226328580733463
ba,mp,7,128,51,inverse,12838.11,12838.11,12838.12,3418.11,3418.11,3418.11,73.37528654918832,3.7559089672362798
ba,mp,8,256,51,forward,25031.11,25031.11,25031.11,7594.11,7594.11,7594.11,69.66131346152848,3.2961215995027726
ba,mp,8,256,51,inverse,28666.11,28666.11,28666.12,7352.11,7352.11,7352.11,74.3526066145703,3.899031706544108
ba,mp,9,512,51,forward,56559.11,56559.11,56559.11,17099.11,17099.11,17099.12,69.76771734915914,3.307722448712243
ba,mp,9,512,51,inverse,64586.11,64586.11,64586.12,16467.11,16467.11,16467.11,74.50363553401806,3.922127805061119
ba,mp,10,1024,51,forward,123498.11,123498.11,123498.12,36960.11,36960.11,36960.12,70.07232742266258,3.341389135476058
ba,mp,10,1024,51,inverse,141342.11,141342.11,141342.12,35441.11,35441.11,35441.11,74.92530003974045,3.9880836125053643
ba,mp,4,16,52,forward,897.11,897.11,897.11,324.11,324.11,324.11,63.87176600416894,2.7679182993428157
ba,mp,4,16,52,inverse,1026.11,1026.11,1026.11,350.11,350.11,350.11,65.87987642650397,2.9308217417383102
ba,mp,5,32,52,forward,2121.11,2121.11,2121.11,726.11,726.11,726.11,65.76745194732948,2.921196512925039
ba,mp,5,32,52,inverse,2418.11,2418.11,2418.11,743.11,743.11,743.11,69.26897452969469,3.254040451615508
ba,mp,6,64,52,forward,4852.11,4852.11,4852.11,1502.11,1502.11,1502.11,69.04212806387324,3.2301961906917604
ba,mp,6,64,52,inverse,5558.11,5558.11,5558.12,1523.11,1523.11,1523.11,72.59662007408994,3.6491848914392264
ba,mp,7,128,52,forward,11244.11,11244.11,11244.11,3485.11,3485.11,3485.11,69.0050168488213,3.226328580733463
ba,mp,7,128,52,inverse,12838.11,12838.11,12838.11,3418.11,3418.11,3418.11,73.37528654918832,3.7559089672362798
ba,mp,8,256,52,forward,25031.11,25031.11,25031.11,7594.11,7594.11,7594.11,69.66131346152848,3.2961215995027726
ba,mp,8,256,52,inverse,28666.11,28666.11,28666.12,7352.11,7352.11,7352.11,74.3526066145703,3.899031706544108
ba,mp,9,512,52,forward,56559.11,56559.11,56559.12,17099.11,17099.11,17099.11,69.76771734915914,3.307722448712243
ba,mp,9,512,52,inverse,64586.11,64586.11,64586.11,16467.11,16467.11,16467.12,74.50363553401806,3.922127805061119
ba,mp,10,1024,52,forward,123498.11,123498.11,123498.12,36960.11,36960.11,36960.12,70.07232742266258,3.341389135476058
ba,mp,10,1024,52,inverse,141342.11,141342.11,141342.12,35441.11,35441.11,35441.11,74.92530003974045,3.9880836125053643
ba,mp,4,16,53,forward,897.11,897.11,897.11,324.11,324.11,324.11,63.87176600416894,2.7679182993428157
ba,mp,4,16,53,inverse,1026.11,1026.11,1026.11,350.11,350.11,350.11,65.87987642650397,2.9308217417383102
ba,mp,5,32,53,forward,2121.11,2121.11,2121.12,726.11,726.11,726.11,65.76745194732948,2.921196512925039
ba,mp,5,32,53,inverse,2418.11,2418.11,2418.11,743.11,743.11,743.11,69.26897452969469,3.254040451615508
ba,mp,6,64,53,forward,4852.11,4852.11,4852.11,1502.11,1502.11,1502.11,69.04212806387324,3.2301961906917604
ba,mp,6,64,53,inverse,5558.11,5558.11,5558.11,1523.11,1523.11,1523.11,72.59662007408994,3.6491848914392264
ba,mp,7,128,53,forward,11244.11,11244.11,11244.11,3485.11,3485.11,3485.11,69.0050168488213,3.226328580733463
ba,mp,7,128,53,inverse,12838.11,12838.11,12838.11,3418.11,3418.11,3418.11,73.37528654918832,3.7559089672362798
ba,mp,8,256,53,forward,25031.11,25031.11,25031.11,7594.11,7594.11,7594.12,69.66131346152848,3.2961215995027726
ba,mp,8,256,53,inverse,28666.11,28666.11,28666.11,7352.11,7352.11,7352.11,74.3526066145703,3.899031706544108
ba,mp,9,512,53,forward,56559.11,56559.11,56559.12,17099.11,17099.11,17099.11,69.76771734915914,3.307722448712243
ba,mp,9,512,53,inverse,64586.11,64586.11,64586.12,16467.11,16467.11,16467.11,74.50363553401806,3.922127805061119
ba,mp,10,1024,53,forward,123498.11,123498.11,123498.12,36960.11,36960.11,36960.11,70.07232742266258,3.341389135476058
ba,mp,10,1024,53,inverse,141342.11,141342.11,141342.12,35441.11,35441.11,35441.11,74.92530003974045,3.9880836125053643
ba,mp,4,16,54,forward,897.11,897.11,897.11,324.11,324.11,324.11,63.87176600416894,2.7679182993428157
ba,mp,4,16,54,inverse,1026.11,1026.11,1026.11,350.11,350.11,350.11,65.87987642650397,2.9308217417383102
ba,mp,5,32,54,forward,2121.11,2121.11,2121.11,726.11,726.11,726.11,65.76745194732948,2.921196512925039
ba,mp,5,32,54,inverse,2418.11,2418.11,2418.11,743.11,743.11,743.11,69.26897452969469,3.254040451615508
ba,mp,6,64,54,forward,4852.11,4852.11,4852.11,1502.11,1502.11,1502.11,69.04212806387324,3.2301961906917604
ba,mp,6,64,54,inverse,5558.11,5558.11,5558.11,1523.11,1523.11,1523.11,72.59662007408994,3.6491848914392264
ba,mp,7,128,54,forward,11244.11,11244.11,11244.11,3485.11,3485.11,3485.11,69.0050168488213,3.226328580733463
ba,mp,7,128,54,inverse,12838.11,12838.11,12838.11,3418.11,3418.11,3418.12,73.37528654918832,3.7559089672362798
ba,mp,8,256,54,forward,25031.11,25031.11,25031.11,7594.11,7594.11,7594.11,69.66131346152848,3.2961215995027726
ba,mp,8,256,54,inverse,28666.11,28666.11,28666.12,7352.11,7352.11,7352.11,74.3526066145703,3.899031706544108
ba,mp,9,512,54,forward,56559.11,56559.11,56559.12,17099.11,17099.11,17099.11,69.76771734915914,3.307722448712243
ba,mp,9,512,54,inverse,64586.11,64586.11,64586.12,16467.11,16467.11,16467.11,74.50363553401806,3.922127805061119
ba,mp,10,1024,54,forward,123498.11,123498.11,123498.12,36960.11,36960.11,36960.12,70.07232742266258,3.341389135476058
ba,mp,10,1024,54,inverse,141342.11,141342.11,141342.12,35441.11,35441.11,35441.11,74.92530003974045,3.9880836125053643
ba,mp,4,16,55,forward,897.11,897.11,897.11,324.11,324.11,324.11,63.87176600416894,2.7679182993428157
ba,mp,4,16,55,inverse,1026.11,1026.11,1026.11,350.11,350.11,350.11,65.87987642650397,2.9308217417383102
ba,mp,5,32,55,forward,2121.11,2121.11,2121.11,726.11,726.11,726.11,65.76745194732948,2.921196512925039
ba,mp,5,32,55,inverse,2418.11,2418.11,2418.11,743.11,743.11,743.11,69.26897452969469,3.254040451615508
ba,mp,6,64,55,forward,4852.11,4852.11,4852.11,1502.11,1502.11,1502.11,69.04212806387324,3.2301961906917604
ba,mp,6,64,55,inverse,5558.11,5558.11,5558.11,1523.11,1523.11,1523.11,72.59662007408994,3.6491848914392264
ba,mp,7,128,55,forward,11244.11,11244.11,11244.11,3485.11,3485.11,3485.11,69.0050168488213,3.226328580733463
ba,mp,7,128,55,inverse,12838.11,12838.11,12838.11,3418.11,3418.11,3418.11,73.37528654918832,3.7559089672362798
ba,mp,8,256,55,forward,25031.11,25031.11,25031.11,7594.11,7594.11,7594.11,69.66131346152848,3.2961215995027726
ba,mp,8,256,55,inverse,28666.11,28666.11,28666.12,7352.11,7352.11,7352.11,74.3526066145703,3.899031706544108
ba,mp,9,512,55,forward,56559.11,56559.11,56559.12,17099.11,17099.11,17099.11,69.76771734915914,3.307722448712243
ba,mp,9,512,55,inverse,64586.11,64586.11,64586.12,16467.11,16467.11,16467.11,74.50363553401806,3.922127805061119
ba,mp,10,1024,55,forward,123498.11,123498.11,123498.12,36960.11,36960.11,36960.11,70.07232742266258,3.341389135476058
ba,mp,10,1024,55,inverse,141342.11,141342.11,141342.12,35441.11,35441.11,35441.11,74.92530003974045,3.9880836125053643
ba,mp,4,16,56,forward,897.11,897.11,897.11,324.11,324.11,324.11,63.87176600416894,2.7679182993428157
ba,mp,4,16,56,inverse,1026.11,1026.11,1026.11,350.11,350.11,350.11,65.87987642650397,2.9308217417383102
ba,mp,5,32,56,forward,2121.11,2121.11,2121.11,726.11,726.11,726.11,65.76745194732948,2.921196512925039
ba,mp,5,32,56,inverse,2418.11,2418.11,2418.11,743.11,743.11,743.12,69.26897452969469,3.254040451615508
ba,mp,6,64,56,forward,4852.11,4852.11,4852.11,1502.11,1502.11,1502.11,69.04212806387324,3.2301961906917604
ba,mp,6,64,56,inverse,5558.11,5558.11,5558.11,1523.11,1523.11,1523.11,72.59662007408994,3.6491848914392264
ba,mp,7,128,56,forward,11244.11,11244.11,11244.11,3485.11,3485.11,3485.11,69.0050168488213,3.226328580733463
ba,mp,7,128,56,inverse,12838.11,12838.11,12838.11,3418.11,3418.11,3418.11,73.37528654918832,3.7559089672362798
ba,mp,8,256,56,forward,25031.11,25031.11,25031.12,7594.11,7594.11,7594.11,69.66131346152848,3.2961215995027726
ba,mp,8,256,56,inverse,28666.11,28666.11,28666.11,7352.11,7352.11,7352.11,74.3526066145703,3.899031706544108
ba,mp,9,512,56,forward,56559.11,56559.11,56559.11,17099.11,17099.11,17099.12,69.76771734915914,3.307722448712243
ba,mp,9,512,56,inverse,64586.11,64586.11,64586.11,16467.11,16467.11,16467.12,74.50363553401806,3.922127805061119
ba,mp,10,1024,56,forward,123498.11,123498.11,123498.12,36960.11,36960.11,36960.12,70.07232742266258,3.341389135476058
ba,mp,10,1024,56,inverse,141342.11,141342.11,141342.12,35441.11,35441.11,35441.12,74.92530003974045,3.9880836125053643
ba,mp,4,16,57,forward,897.11,897.11,897.11,324.11,324.11,324.11,63.87176600416894,2.7679182993428157
ba,mp,4,16,57,inverse,1026.11,1026.11,1026.11,350.11,350.11,350.11,65.87987642650397,2.9308217417383102
ba,mp,5,32,57,forward,2121.11,2121.11,2121.11,726.11,726.11,726.11,65.76745194732948,2.921196512925039
ba,mp,5,32,57,inverse,2418.11,2418.11,2418.11,743.11,743.11,743.11,69.26897452969469,3.254040451615508
ba,mp,6,64,57,forward,4852.11,4852.11,4852.11,1502.11,1502.11,1502.11,69.04212806387324,3.2301961906917604
ba,mp,6,64,57,inverse,5558.11,5558.11,5558.11,1523.11,1523.11,1523.11,72.59662007408994,3.6491848914392264
ba,mp,7,128,57,forward,11244.11,11244.11,11244.11,3485.11,3485.11,3485.11,69.0050168488213,3.226328580733463
ba,mp,7,128,57,inverse,12838.11,12838.11,12838.11,3418.11,3418.11,3418.12,73.37528654918832,3.7559089672362798
ba,mp,8,256,57,forward,25031.11,25031.11,25031.11,7594.11,7594.11,7594.11,69.66131346152848,3.2961215995027726
ba,mp,8,256,57,inverse,28666.11,28666.11,28666.12,7352.11,7352.11,7352.11,74.3526066145703,3.899031706544108
ba,mp,9,512,57,forward,56559.11,56559.11,56559.11,17099.11,17099.11,17099.11,69.76771734915914,3.307722448712243
ba,mp,9,512,57,inverse,64586.11,64586.11,64586.12,16467.11,16467.11,16467.11,74.50363553401806,3.922127805061119
ba,mp,10,1024,57,forward,123498.11,123498.11,123498.12,36960.11,36960.11,36960.11,70.07232742266258,3.341389135476058
ba,mp,10,1024,57,inverse,141342.11,141342.11,141342.12,35441.11,35441.11,35441.11,74.92530003974045,3.9880836125053643
ba,mp,4,16,58,forward,897.11,897.11,897.11,324.11,324.11,324.11,63.87176600416894,2.7679182993428157
ba,mp,4,16,58,inverse,1026.11,1026.11,1026.11,350.11,350.11,350.11,65.87987642650397,2.9308217417383102
ba,mp,5,32,58,forward,2121.11,2121.11,2121.11,726.11,726.11,726.11,65.76745194732948,2.921196512925039
ba,mp,5,32,58,inverse,2418.11,2418.11,2418.11,743.11,743.11,743.11,69.26897452969469,3.254040451615508
ba,mp,6,64,58,forward,4852.11,4852.11,4852.11,1502.11,1502.11,1502.11,69.04212806387324,3.2301961906917604
ba,mp,6,64,58,inverse,5558.11,5558.11,5558.11,1523.11,1523.11,1523.11,72.59662007408994,3.6491848914392264
ba,mp,7,128,58,forward,11244.11,11244.11,11244.12,3485.11,3485.11,3485.11,69.0050168488213,3.226328580733463
ba,mp,7,128,58,inverse,12838.11,12838.11,12838.11,3418.11,3418.11,3418.11,73.37528654918832,3.7559089672362798
ba,mp,8,256,58,forward,25031.11,25031.11,25031.11,7594.11,7594.11,7594.11,69.66131346152848,3.2961215995027726
ba,mp,8,256,58,inverse,28666.11,28666.11,28666.12,7352.11,7352.11,7352.11,74.3526066145703,3.899031706544108
ba,mp,9,512,58,forward,56559.11,56559.11,56559.12,17099.11,17099.11,17099.11,69.76771734915914,3.307722448712243
ba,mp,9,512,58,inverse,64586.11,64586.11,64586.12,16467.11,16467.11,16467.11,74.50363553401806,3.922127805061119
ba,mp,10,1024,58,forward,123498.11,123498.11,123498.12,36960.11,36960.11,36960.12,70.07232742266258,3.341389135476058
ba,mp,10,1024,58,inverse,141342.11,141342.11,141342.12,35441.11,35441.11,35441.11,74.92530003974045,3.9880836125053643
ba,mp,4,16,59,forward,897.11,897.11,897.11,324.11,324.11,324.11,63.87176600416894,2.7679182993428157
ba,mp,4,16,59,inverse,1026.11,1026.11,1026.11,350.11,350.11,350.11,65.87987642650397,2.9308217417383102
ba,mp,5,32,59,forward,2121.11,2121.11,2121.11,726.11,726.11,726.11,65.76745194732948,2.921196512925039
ba,mp,5,32,59,inverse,2418.11,2418.11,2418.11,743.11,743.11,743.11,69.26897452969469,3.254040451615508
ba,mp,6,64,59,forward,4852.11,4852.11,4852.11,1502.11,1502.11,1502.11,69.04212806387324,3.2301961906917604
ba,mp,6,64,59,inverse,5558.11,5558.11,5558.11,1523.11,1523.11,1523.11,72.59662007408994,3.6491848914392264
ba,mp,7,128,59,forward,11244.11,11244.11,11244.11,3485.11,3485.11,3485.11,69.0050168488213,3.226328580733463
ba,mp,7,128,59,inverse,12838.11,12838.11,12838.11,3418.11,3418.11,3418.11,73.37528654918832,3.7559089672362798
ba,mp,8,256,59,forward,25031.11,25031.11,25031.12,7594.11,7594.11,7594.11,69.66131346152848,3.2961215995027726
ba,mp,8,256,59,inverse,28666.11,28666.11,28666.11,7352.11,7352.11,7352.11,74.3526066145703,3.899031706544108
ba,mp,9,512,59,forward,56559.11,56559.11,56559.11,17099.11,17099.11,17099.12,69.76771734915914,3.307722448712243
ba,mp,9,512,59,inverse,64586.11,64586.11,64586.11,16467.11,16467.11,16467.12,74.50363553401806,3.922127805061119
ba,mp,10,1024,59,forward,123498.11,123498.11,123498.12,36960.11,36960.11,36960.12,70.07232742266258,3.341389135476058
ba,mp,10,1024,59,inverse,141342.11,141342.11,141342.12,35441.11,35441.11,35441.11,74.92530003974045,3.9880836125053643
ba,mp,4,16,60,forward,897.11,897.11,897.11,324.11,324.11,324.11,63.87176600416894,2.7679182993428157
ba,mp,4,16,60,inverse,1026.11,1026.11,1026.11,350.11,350.11,350.11,65.87987642650397,2.9308217417383102
ba,mp,5,32,60,forward,2121.11,2121.11,2121.11,726.11,726.11,726.11,65.76745194732948,2.921196512925039
ba,mp,5,32,60,inverse,2418.11,2418.11,2418.11,743.11,743.11,743.11,69.26897452969469,3.254040451615508
ba,mp,6,64,60,forward,4852.11,4852.11,4852.11,1502.11,1502.11,1502.11,69.04212806387324,3.2301961906917604
ba,mp,6,64,60,inverse,5558.11,5558.11,5558.11,1523.11,1523.11,1523.11,72.59662007408994,3.6491848914392264
ba,mp,7,128,60,forward,11244.11,11244.11,11244.11,3485.11,3485.11,3485.11,69.0050168488213,3.226328580733463
ba,mp,7,128,60,inverse,12838.11,12838.11,12838.12,3418.11,3418.11,3418.11,73.37528654918832,3.7559089672362798
ba,mp,8,256,60,forward,25031.11,25031.11,25031.11,7594.11,7594.11,7594.11,69.66131346152848,3.2961215995027726
ba,mp,8,256,60,inverse,28666.11,28666.11,28666.11,7352.11,7352.11,7352.11,74.3526066145703,3.899031706544108
ba,mp,9,512,60,forward,56559.11,56559.11,56559.11,17099.11,17099.11,17099.11,69.76771734915914,3.307722448712243
ba,mp,9,512,60,inverse,64586.11,64586.11,64586.12,16467.11,16467.11,16467.11,74.50363553401806,3.922127805061119
ba,mp,10,1024,60,forward,123498.11,123498.11,123498.12,36960.11,36960.11,36960.11,70.07232742266258,3.341389135476058
ba,mp,10,1024,60,inverse,141342.11,141342.11,141342.12,35441.11,35441.11,35441.11,74.92530003974045,3.9880836125053643
ba,mp,4,16,61,forward,897.11,897.11,897.11,324.11,324.11,324.11,63.87176600416894,2.7679182993428157
ba,mp,4,16,61,inverse,1026.11,1026.11,1026.11,350.11,350.11,350.11,65.87987642650397,2.9308217417383102
ba,mp,5,32,61,forward,2121.11,2121.11,2121.11,726.11,726.11,726.11,65.76745194732948,2.921196512925039
ba,mp,5,32,61,inverse,2418.11,2418.11,2418.11,743.11,743.11,743.11,69.26897452969469,3.254040451615508
ba,mp,6,64,61,forward,4852.11,4852.11,4852.11,1502.11,1502.11,1502.11,69.04212806387324,3.2301961906917604
ba,mp,6,64,61,inverse,5558.11,5558.11,5558.11,1523.11,1523.11,1523.11,72.59662007408994,3.6491848914392264
ba,mp,7,128,61,forward,11244.11,11244.11,11244.12,3485.11,3485.11,3485.11,69.0050168488213,3.226328580733463
ba,mp,7,128,61,inverse,12838.11,12838.11,12838.11,3418.11,3418.11,3418.11,73.37528654918832,3.7559089672362798
ba,mp,8,256,61,forward,25031.11,25031.11,25031.11,7594.11,7594.11,7594.11,69.66131346152848,3.2961215995027726
ba,mp,8,256,61,inverse,28666.11,28666.11,28666.12,7352.11,7352.11,7352.11,74.3526066145703,3.899031706544108
ba,mp,9,512,61,forward,56559.11,56559.11,56559.11,17099.11,17099.11,17099.12,69.76771734915914,3.307722448712243
ba,mp,9,512,61,inverse,64586.11,64586.11,64586.12,16467.11,16467.11,16467.11,74.50363553401806,3.922127805061119
ba,mp,10,1024,61,forward,123498.11,123498.11,123498.12,36960.11,36960.11,36960.12,70.07232742266258,3.341389135476058
ba,mp,10,1024,61,inverse,141342.11,141342.11,141342.12,35441.11,35441.11,35441.12,74.92530003974045,3.9880836125053643
ba,mp,4,16,62,forward,897.11,897.11,897.11,324.11,324.11,324.11,63.87176600416894,2.7679182993428157
ba,mp,4,16,62,inverse,1026.11,1026.11,1026.11,350.11,350.11,350.11,65.87987642650397,2.9308217417383102
ba,mp,5,32,62,forward,2121.11,2121.11,2121.11,726.11,726.11,726.11,65.76745194732948,2.921196512925039
ba,mp,5,32,62,inverse,2418.11,2418.11,2418.11,743.11,743.11,743.11,69.26897452969469,3.254040451615508
ba,mp,6,64,62,forward,4852.11,4852.11,4852.12,1502.11,1502.11,1502.11,69.04212806387324,3.2301961906917604
ba,mp,6,64,62,inverse,5558.11,5558.11,5558.11,1523.11,1523.11,1523.11,72.59662007408994,3.6491848914392264
ba,mp,7,128,62,forward,11244.11,11244.11,11244.11,3485.11,3485.11,3485.11,69.0050168488213,3.226328580733463
ba,mp,7,128,62,inverse,12838.11,12838.11,12838.11,3418.11,3418.11,3418.11,73.37528654918832,3.7559089672362798
ba,mp,8,256,62,forward,25031.11,25031.11,25031.11,7594.11,7594.11,7594.12,69.66131346152848,3.2961215995027726
ba,mp,8,256,62,inverse,28666.11,28666.11,28666.11,7352.11,7352.11,7352.11,74.3526066145703,3.899031706544108
ba,mp,9,512,62,forward,56559.11,56559.11,56559.12,17099.11,17099.11,17099.11,69.76771734915914,3.307722448712243
ba,mp,9,512,62,inverse,64586.11,64586.11,64586.12,16467.11,16467.11,16467.11,74.50363553401806,3.922127805061119
ba,mp,10,1024,62,forward,123498.11,123498.11,123498.12,36960.11,36960.11,36960.11,70.07232742266258,3.341389135476058
ba,mp,10,1024,62,inverse,141342.11,141342.11,141342.12,35441.11,35441.11,35441.12,74.92530003974045,3.9880836125053643
ba,mp,4,16,63,forward,897.11,897.11,897.11,324.11,324.11,324.11,63.87176600416894,2.7679182993428157
ba,mp,4,16,63,inverse,1026.11,1026.11,1026.11,350.11,350.11,350.11,65.87987642650397,2.9308217417383102
ba,mp,5,32,63,forward,2121.11,2121.11,2121.11,726.11,726.11,726.11,65.76745194732948,2.921196512925039
ba,mp,5,32,63,inverse,2418.11,2418.11,2418.11,743.11,743.11,743.11,69.26897452969469,3.254040451615508
ba,mp,6,64,63,forward,4852.11,4852.11,4852.11,1502.11,1502.11,1502.11,69.04212806387324,3.2301961906917604
ba,mp,6,64,63,inverse,5558.11,5558.11,5558.11,1523.11,1523.11,1523.11,72.59662007408994,3.6491848914392264
ba,mp,7,128,63,forward,11244.11,11244.11,11244.11,3485.11,3485.11,3485.11,69.0050168488213,3.226328580733463
ba,mp,7,128,63,inverse,12838.11,12838.11,12838.11,3418.11,3418.11,3418.11,73.37528654918832,3.7559089672362798
ba,mp,8,256,63,forward,25031.11,25031.11,25031.11,7594.11,7594.11,7594.11,69.66131346152848,3.2961215995027726
ba,mp,8,256,63,inverse,28666.11,28666.11,28666.11,7352.11,7352.11,7352.11,74.3526066145703,3.899031706544108
ba,mp,9,512,63,forward,56559.11,56559.11,56559.12,17099.11,17099.11,17099.11,69.76771734915914,3.307722448712243
ba,mp,9,512,63,inverse,64586.11,64586.11,64586.12,16467.11,16467.11,16467.11,74.50363553401806,3.922127805061119
ba,mp,10,1024,63,forward,123498.11,123498.11,123498.12,36960.11,36960.11,36960.12,70.07232742266258,3.341389135476058
ba,mp,10,1024,63,inverse,141342.11,141342.11,141342.12,35441.11,35441.11,35441.11,74.92530003974045,3.9880836125053643
ba,mp,4,16,64,forward,897.11,897.11,897.11,324.11,324.11,324.11,63.87176600416894,2.7679182993428157
ba,mp,4,16,64,inverse,1026.11,1026.11,1026.11,350.11,350.11,350.11,65.87987642650397,2.9308217417383102
ba,mp,5,32,64,forward,2121.11,2121.11,2121.11,726.11,726.11,726.11,65.76745194732948,2.921196512925039
ba,mp,5,32,64,inverse,2418.11,2418.11,2418.11,743.11,743.11,743.11,69.26897452969469,3.254040451615508
ba,mp,6,64,64,forward,4852.11,4852.11,4852.11,1502.11,1502.11,1502.11,69.04212806387324,3.2301961906917604
ba,mp,6,64,64,inverse,5558.11,5558.11,5558.11,1523.11,1523.11,1523.11,72.59662007408994,3.6491848914392264
ba,mp,7,128,64,forward,11244.11,11244.11,11244.11,3485.11,3485.11,3485.12,69.0050168488213,3.226328580733463
ba,mp,7,128,64,inverse,12838.11,12838.11,12838.11,3418.11,3418.11,3418.11,73.37528654918832,3.7559089672362798
ba,mp,8,256,64,forward,25031.11,25031.11,25031.11,7594.11,7594.11,7594.11,69.66131346152848,3.2961215995027726
ba,mp,8,256,64,inverse,28666.11,28666.11,28666.12,7352.11,7352.11,7352.11,74.3526066145703,3.899031706544108
ba,mp,9,512,64,forward,56559.11,56559.11,56559.12,17099.11,17099.11,17099.11,69.76771734915914,3.307722448712243
ba,mp,9,512,64,inverse,64586.11,64586.11,64586.11,16467.11,16467.11,16467.12,74.50363553401806,3.922127805061119
ba,mp,10,1024,64,forward,123498.11,123498.11,123498.12,36960.11,36960.11,36960.12,70.07232742266258,3.341389135476058
ba,mp,10,1024,64,inverse,141342.11,141342.11,141342.12,35441.11,35441.11,35441.12,74.92530003974045,3.9880836125053643
ba,mp,4,16,65,forward,897.11,897.11,897.11,324.11,324.11,324.11,63.87176600416894,2.7679182993428157
ba,mp,4,16,65,inverse,1026.11,1026.11,1026.11,350.11,350.11,350.11,65.87987642650397,2.9308217417383102
ba,mp,5,32,65,forward,2121.11,2121.11,2121.11,726.11,726.11,726.11,65.76745194732948,2.921196512925039
ba,mp,5,32,65,inverse,2418.11,2418.11,2418.11,743.11,743.11,743.11,69.26897452969469,3.254040451615508
ba,mp,6,64,65,forward,4852.11,4852.11,4852.12,1502.11,1502.11,1502.11,69.04212806387324,3.2301961906917604
ba,mp,6,64,65,inverse,5558.11,5558.11,5558.11,1523.11,1523.11,1523.11,72.59662007408994,3.6491848914392264
ba,mp,7,128,65,forward,11244.11,11244.11,11244.11,3485.11,3485.11,3485.11,69.0050168488213,3.226328580733463
ba,mp,7,128,65,inverse,12838.11,12838.11,12838.11,3418.11,3418.11,3418.11,73.37528654918832,3.7559089672362798
ba,mp,8,256,65,forward,25031.11,25031.11,25031.12,7594.11,7594.11,7594.11,69.66131346152848,3.2961215995027726
ba,mp,8,256,65,inverse,28666.11,28666.11,28666.11,7352.11,7352.11,7352.11,74.3526066145703,3.899031706544108
ba,mp,9,512,65,forward,56559.11,56559.11,56559.12,17099.11,17099.11,17099.11,69.76771734915914,3.307722448712243
ba,mp,9,512,65,inverse,64586.11,64586.11,64586.12,16467.11,16467.11,16467.11,74.50363553401806,3.922127805061119
ba,mp,10,1024,65,forward,123498.11,123498.11,123498.12,36960.11,36960.11,36960.11,70.07232742266258,3.341389135476058
ba,mp,10,1024,65,inverse,141342.11,141342.11,141342.12,35441.11,35441.11,35441.11,74.92530003974045,3.9880836125053643
ba,mp,4,16,66,forward,897.11,897.11,897.11,324.11,324.11,324.11,63.87176600416894,2.7679182993428157
ba,mp,4,16,66,inverse,1026.11,1026.11,1026.11,350.11,350.11,350.11,65.87987642650397,2.9308217417383102
ba,mp,5,32,66,forward,2121.11,2121.11,2121.11,726.11,726.11,726.11,65.76745194732948,2.921196512925039
ba,mp,5,32,66,inverse,2418.11,2418.11,2418.11,743.11,743.11,743.11,69.26897452969469,3.254040451615508
ba,mp,6,64,66,forward,4852.11,4852.11,4852.11,1502.11,1502.11,1502.11,69.04212806387324,3.2301961906917604
ba,mp,6,64,66,inverse,5558.11,5558.11,5558.11,1523.11,1523.11,1523.11,72.59662007408994,3.6491848914392264
ba,mp,7,128,66,forward,11244.11,11244.11,11244.11,3485.11,3485.11,3485.11,69.0050168488213,3.226328580733463
ba,mp,7,128,66,inverse,12838.11,12838.11,12838.11,3418.11,3418.11,3418.11,73.37528654918832,3.7559089672362798
ba,mp,8,256,66,forward,25031.11,25031.11,25031.11,7594.11,7594.11,7594.12,69.66131346152848,3.2961215995027726
ba,mp,8,256,66,inverse,28666.11,28666.11,28666.11,7352.11,7352.11,7352.11,74.3526066145703,3.899031706544108
ba,mp,9,512,66,forward,56559.11,56559.11,56559.11,17099.11,17099.11,17099.12,69.76771734915914,3.307722448712243
ba,mp,9,512,66,inverse,64586.11,64586.11,64586.11,16467.11,16467.11,16467.12,74.50363553401806,3.922127805061119
ba,mp,10,1024,66,forward,123498.11,123498.11,123498.12,36960.11,36960.11,36960.12,70.07232742266258,3.341389135476058
ba,mp,10,1024,66,inverse,141342.11,141342.11,141342.12,35441.11,35441.11,35441.12,74.92530003974045,3.9880836125053643
ba,mp,4,16,67,forward,897.11,897.11,897.11,324.11,324.11,324.11,63.87176600416894,2.7679182993428157
ba,mp,4,16,67,inverse,1026.11,1026.11,1026.11,350.11,350.11,350.11,65.87987642650397,2.9308217417383102
ba,mp,5,32,67,forward,2121.11,2121.11,2121.11,726.11,726.11,726.11,65.76745194732948,2.921196512925039
ba,mp,5,32,67,inverse,2418.11,2418.11,2418.11,743.11,743.11,743.11,69.26897452969469,3.254040451615508
ba,mp,6,64,67,forward,4852.11,4852.11,4852.11,1502.11,1502.11,1502.11,69.04212806387324,3.2301961906917604
ba,mp,6,64,67,inverse,5558.11,5558.11,5558.11,1523.11,1523.11,1523.11,72.59662007408994,3.6491848914392264
ba,mp,7,128,67,forward,11244.11,11244.11,11244.11,3485.11,3485.11,3485.11,69.0050168488213,3.226328580733463
ba,mp,7,128,67,inverse,12838.11,12838.11,12838.11,3418.11,3418.11,3418.11,73.37528654918832,3.7559089672362798
ba,mp,8,256,67,forward,25031.11,25031.11,25031.11,7594.11,7594.11,7594.11,69.66131346152848,3.2961215995027726
ba,mp,8,256,67,inverse,28666.11,28666.11,28666.12,7352.11,7352.11,7352.11,74.3526066145703,3.899031706544108
ba,mp,9,512,67,forward,56559.11,56559.11,56559.12,17099.11,17099.11,17099.11,69.76771734915914,3.307722448712243
ba,mp,9,512,67,inverse,64586.11,64586.11,64586.12,16467.11,16467.11,16467.11,74.50363553401806,3.922127805061119
ba,mp,10,1024,67,forward,123498.11,123498.11,123498.12,36960.11,36960.11,36960.11,70.07232742266258,3.341389135476058
ba,mp,10,1024,67,inverse,141342.11,141342.11,141342.12,35441.11,35441.11,35441.12,74.92530003974045,3.9880836125053643
ba,mp,4,16,68,forward,897.11,897.11,897.11,324.11,324.11,324.11,63.87176600416894,2.7679182993428157
ba,mp,4,16,68,inverse,1026.11,1026.11,1026.11,350.11,350.11,350.11,65.87987642650397,2.9308217417383102
ba,mp,5,32,68,forward,2121.11,2121.11,2121.11,726.11,726.11,726.11,65.76745194732948,2.921196512925039
ba,mp,5,32,68,inverse,2418.11,2418.11,2418.11,743.11,743.11,743.11,69.26897452969469,3.254040451615508
ba,mp,6,64,68,forward,4852.11,4852.11,4852.11,1502.11,1502.11,1502.11,69.04212806387324,3.2301961906917604
ba,mp,6,64,68,inverse,5558.11,5558.11,5558.12,1523.11,1523.11,1523.11,72.59662007408994,3.6491848914392264
ba,mp,7,128,68,forward,11244.11,11244.11,11244.11,3485.11,3485.11,3485.11,69.0050168488213,3.226328580733463
ba,mp,7,128,68,inverse,12838.11,12838.11,12838.11,3418.11,3418.11,3418.11,73.37528654918832,3.7559089672362798
ba,mp,8,256,68,forward,25031.11,25031.11,25031.11,7594.11,7594.11,7594.11,69.66131346152848,3.2961215995027726
ba,mp,8,256,68,inverse,28666.11,28666.11,28666.11,7352.11,7352.11,7352.11,74.3526066145703,3.899031706544108
ba,mp,9,512,68,forward,56559.11,56559.11,56559.11,17099.11,17099.11,17099.12,69.76771734915914,3.307722448712243
ba,mp,9,512,68,inverse,64586.11,64586.11,64586.12,16467.11,16467.11,16467.11,74.50363553401806,3.922127805061119
ba,mp,10,1024,68,forward,123498.11,123498.11,123498.12,36960.11,36960.11,36960.12,70.07232742266258,3.341389135476058
ba,mp,10,1024,68,inverse,141342.11,141342.11,141342.12,35441.11,35441.11,35441.11,74.92530003974045,3.9880836125053643
ba,mp,4,16,69,forward,897.11,897.11,897.11,324.11,324.11,324.11,63.87176600416894,2.7679182993428157
ba,mp,4,16,69,inverse,1026.11,1026.11,1026.11,350.11,350.11,350.11,65.87987642650397,2.9308217417383102
ba,mp,5,32,69,forward,2121.11,2121.11,2121.11,726.11,726.11,726.11,65.76745194732948,2.921196512925039
ba,mp,5,32,69,inverse,2418.11,2418.11,2418.11,743.11,743.11,743.11,69.26897452969469,3.254040451615508
ba,mp,6,64,69,forward,4852.11,4852.11,4852.11,1502.11,1502.11,1502.11,69.04212806387324,3.2301961906917604
ba,mp,6,64,69,inverse,5558.11,5558.11,5558.11,1523.11,1523.11,1523.11,72.59662007408994,3.6491848914392264
ba,mp,7,128,69,forward,11244.11,11244.11,11244.11,3485.11,3485.11,3485.11,69.0050168488213,3.226328580733463
ba,mp,7,128,69,inverse,12838.11,12838.11,12838.11,3418.11,3418.11,3418.11,73.37528654918832,3.7559089672362798
ba,mp,8,256,69,forward,25031.11,25031.11,25031.12,7594.11,7594.11,7594.11,69.66131346152848,3.2961215995027726
ba,mp,8,256,69,inverse,28666.11,28666.11,28666.11,7352.11,7352.11,7352.11,74.3526066145703,3.899031706544108
ba,mp,9,512,69,forward,56559.11,56559.11,56559.12,17099.11,17099.11,17099.11,69.76771734915914,3.307722448712243
ba,mp,9,512,69,inverse,64586.11,64586.11,64586.12,16467.11,16467.11,16467.11,74.50363553401806,3.922127805061119
ba,mp,10,1024,69,forward,123498.11,123498.11,123498.12,36960.11,36960.11,36960.11,70.07232742266258,3.341389135476058
ba,mp,10,1024,69,inverse,141342.11,141342.11,141342.12,35441.11,35441.11,35441.12,74.92530003974045,3.9880836125053643
ba,mp,4,16,70,forward,897.11,897.11,897.11,324.11,324.11,324.11,63.87176600416894,2.7679182993428157
ba,mp,4,16,70,inverse,1026.11,1026.11,1026.11,350.11,350.11,350.11,65.87987642650397,2.9308217417383102
ba,mp,5,32,70,forward,2121.11,2121.11,2121.11,726.11,726.11,726.11,65.76745194732948,2.921196512925039
ba,mp,5,32,70,inverse,2418.11,2418.11,2418.11,743.11,743.11,743.11,69.26897452969469,3.254040451615508
ba,mp,6,64,70,forward,4852.11,4852.11,4852.11,1502.11,1502.11,1502.11,69.04212806387324,3.2301961906917604
ba,mp,6,64,70,inverse,5558.11,5558.11,5558.11,1523.11,1523.11,1523.11,72.59662007408994,3.6491848914392264
ba,mp,7,128,70,forward,11244.11,11244.11,11244.11,3485.11,3485.11,3485.11,69.0050168488213,3.226328580733463
ba,mp,7,128,70,inverse,12838.11,12838.11,12838.11,3418.11,3418.11,3418.11,73.37528654918832,3.7559089672362798
ba,mp,8,256,70,forward,25031.11,25031.11,25031.11,7594.11,7594.11,7594.11,69.66131346152848,3.2961215995027726
ba,mp,8,256,70,inverse,28666.11,28666.11,28666.12,7352.11,7352.11,7352.11,74.3526066145703,3.899031706544108
ba,mp,9,512,70,forward,56559.11,56559.11,56559.12,17099.11,17099.11,17099.11,69.76771734915914,3.307722448712243
ba,mp,9,512,70,inverse,64586.11,64586.11,64586.12,16467.11,16467.11,16467.11,74.50363553401806,3.922127805061119
ba,mp,10,1024,70,forward,123498.11,123498.11,123498.12,36960.11,36960.11,36960.11,70.07232742266258,3.341389135476058
ba,mp,10,1024,70,inverse,141342.11,141342.11,141342.12,35441.11,35441.11,35441.12,74.92530003974045,3.9880836125053643
ba,mp,4,16,71,forward,897.11,897.11,897.11,324.11,324.11,324.11,63.87176600416894,2.7679182993428157
ba,mp,4,16,71,inverse,1026.11,1026.11,1026.11,350.11,350.11,350.11,65.87987642650397,2.9308217417383102
ba,mp,5,32,71,forward,2121.11,2121.11,2121.11,726.11,726.11,726.11,65.76745194732948,2.921196512925039
ba,mp,5,32,71,inverse,2418.11,2418.11,2418.11,743.11,743.11,743.11,69.26897452969469,3.254040451615508
ba,mp,6,64,71,forward,4852.11,4852.11,4852.11,1502.11,1502.11,1502.11,69.04212806387324,3.2301961906917604
ba,mp,6,64,71,inverse,5558.11,5558.11,5558.12,1523.11,1523.11,1523.11,72.59662007408994,3.6491848914392264
ba,mp,7,128,71,forward,11244.11,11244.11,11244.11,3485.11,3485.11,3485.11,69.0050168488213,3.226328580733463
ba,mp,7,128,71,inverse,12838.11,12838.11,12838.11,3418.11,3418.11,3418.11,73.37528654918832,3.7559089672362798
ba,mp,8,256,71,forward,25031.11,25031.11,25031.11,7594.11,7594.11,7594.11,69.66131346152848,3.2961215995027726
ba,mp,8,256,71,inverse,28666.11,28666.11,28666.11,7352.11,7352.11,7352.11,74.3526066145703,3.899031706544108
ba,mp,9,512,71,forward,56559.11,56559.11,56559.11,17099.11,17099.11,17099.12,69.76771734915914,3.307722448712243
ba,mp,9,512,71,inverse,64586.11,64586.11,64586.11,16467.11,16467.11,16467.12,74.50363553401806,3.922127805061119
ba,mp,10,1024,71,forward,123498.11,123498.11,123498.12,36960.11,36960.11,36960.12,70.07232742266258,3.341389135476058
ba,mp,10,1024,71,inverse,141342.11,141342.11,141342.12,35441.11,35441.11,35441.11,74.92530003974045,3.9880836125053643
ba,mp,4,16,72,forward,897.11,897.11,897.11,324.11,324.11,324.11,63.87176600416894,2.7679182993428157
ba,mp,4,16,72,inverse,1026.11,1026.11,1026.11,350.11,350.11,350.11,65.87987642650397,2.9308217417383102
ba,mp,5,32,72,forward,2121.11,2121.11,2121.11,726.11,726.11,726.11,65.76745194732948,2.921196512925039
ba,mp,5,32,72,inverse,2418.11,2418.11,2418.11,743.11,743.11,743.11,69.26897452969469,3.254040451615508
ba,mp,6,64,72,forward,4852.11,4852.11,4852.11,1502.11,1502.11,1502.11,69.04212806387324,3.2301961906917604
ba,mp,6,64,72,inverse,5558.11,5558.11,5558.11,1523.11,1523.11,1523.11,72.59662007408994,3.6491848914392264
ba,mp,7,128,72,forward,11244.11,11244.11,11244.11,3485.11,3485.11,3485.11,69.0050168488213,3.226328580733463
ba,mp,7,128,72,inverse,12838.11,12838.11,12838.11,3418.11,3418.11,3418.11,73.37528654918832,3.7559089672362798
ba,mp,8,256,72,forward,25031.11,25031.11,25031.12,7594.11,7594.11,7594.11,69.66131346152848,3.2961215995027726
ba,mp,8,256,72,inverse,28666.11,28666.11,28666.11,7352.11,7352.11,7352.11,74.3526066145703,3.899031706544108
ba,mp,9,512,72,forward,56559.11,56559.11,56559.12,17099.11,17099.11,17099.11,69.76771734915914,3.307722448712243
ba,mp,9,512,72,inverse,64586.11,64586.11,64586.12,16467.11,16467.11,16467.11,74.50363553401806,3.922127805061119
ba,mp,10,1024,72,forward,123498.11,123498.11,123498.12,36960.11,36960.11,36960.11,70.07232742266258,3.341389135476058
ba,mp,10,1024,72,inverse,141342.11,141342.11,141342.12,35441.11,35441.11,35441.12,74.92530003974045,3.9880836125053643
ba,mp,4,16,73,forward,897.11,897.11,897.11,324.11,324.11,324.11,63.87176600416894,2.7679182993428157
ba,mp,4,16,73,inverse,1026.11,1026.11,1026.11,350.11,350.11,350.11,65.87987642650397,2.9308217417383102
ba,mp,5,32,73,forward,2121.11,2121.11,2121.11,726.11,726.11,726.11,65.76745194732948,2.921196512925039
ba,mp,5,32,73,inverse,2418.11,2418.11,2418.11,743.11,743.11,743.11,69.26897452969469,3.254040451615508
ba,mp,6,64,73,forward,4852.11,4852.11,4852.11,1502.11,1502.11,1502.11,69.04212806387324,3.2301961906917604
ba,mp,6,64,73,inverse,5558.11,5558.11,5558.11,1523.11,1523.11,1523.11,72.59662007408994,3.6491848914392264
ba,mp,7,128,73,forward,11244.11,11244.11,11244.11,3485.11,3485.11,3485.11,69.0050168488213,3.226328580733463
ba,mp,7,128,73,inverse,12838.11,12838.11,12838.12,3418.11,3418.11,3418.11,73.37528654918832,3.7559089672362798
ba,mp,8,256,73,forward,25031.11,25031.11,25031.11,7594.11,7594.11,7594.11,69.66131346152848,3.2961215995027726
ba,mp,8,256,73,inverse,28666.11,28666.11,28666.11,7352.11,7352.11,7352.12,74.3526066145703,3.899031706544108
ba,mp,9,512,73,forward,56559.11,56559.11,56559.11,17099.11,17099.11,17099.12,69.76771734915914,3.307722448712243
ba,mp,9,512,73,inverse,64586.11,64586.11,64586.12,16467.11,16467.11,16467.11,74.50363553401806,3.922127805061119
ba,mp,10,1024,73,forward,123498.11,123498.11,123498.12,36960.11,36960.11,36960.12,70.07232742266258,3.341389135476058
ba,mp,10,1024,73,inverse,141342.11,141342.11,141342.12,35441.11,35441.11,35441.12,74.92530003974045,3.9880836125053643
ba,mp,4,16,74,forward,897.11,897.11,897.11,324.11,324.11,324.11,63.87176600416894,2.7679182993428157
ba,mp,4,16,74,inverse,1026.11,1026.11,1026.11,350.11,350.11,350.11,65.87987642650397,2.9308217417383102
ba,mp,5,32,74,forward,2121.11,2121.11,2121.11,726.11,726.11,726.11,65.76745194732948,2.921196512925039
ba,mp,5,32,74,inverse,2418.11,2418.11,2418.11,743.11,743.11,743.11,69.26897452969469,3.254040451615508
ba,mp,6,64,74,forward,4852.11,4852.11,4852.11,1502.11,1502.11,1502.11,69.04212806387324,3.2301961906917604
ba,mp,6,64,74,inverse,5558.11,5558.11,5558.11,1523.11,1523.11,1523.12,72.59662007408994,3.6491848914392264
ba,mp,7,128,74,forward,11244.11,11244.11,11244.11,3485.11,3485.11,3485.11,69.0050168488213,3.226328580733463
ba,mp,7,128,74,inverse,12838.11,12838.11,12838.11,3418.11,3418.11,3418.11,73.37528654918832,3.7559089672362798
ba,mp,8,256,74,forward,25031.11,25031.11,25031.11,7594.11,7594.11,7594.11,69.66131346152848,3.2961215995027726
ba,mp,8,256,74,inverse,28666.11,28666.11,28666.11,7352.11,7352.11,7352.11,74.3526066145703,3.899031706544108
ba,mp,9,512,74,forward,56559.11,56559.11,56559.12,17099.11,17099.11,17099.11,69.76771734915914,3.307722448712243
ba,mp,9,512,74,inverse,64586.11,64586.11,64586.11,16467.11,16467.11,16467.12,74.50363553401806,3.922127805061119
ba,mp,10,1024,74,forward,123498.11,123498.11,123498.12,36960.11,36960.11,36960.12,70.07232742266258,3.341389135476058
ba,mp,10,1024,74,inverse,141342.11,141342.11,141342.12,35441.11,35441.11,35441.11,74.92530003974045,3.9880836125053643
ba,mp,4,16,75,forward,897.11,897.11,897.11,324.11,324.11,324.11,63.87176600416894,2.7679182993428157
ba,mp,4,16,75,inverse,1026.11,1026.11,1026.11,350.11,350.11,350.11,65.87987642650397,2.9308217417383102
ba,mp,5,32,75,forward,2121.11,2121.11,2121.11,726.11,726.11,726.11,65.76745194732948,2.921196512925039
ba,mp,5,32,75,inverse,2418.11,2418.11,2418.11,743.11,743.11,743.11,69.26897452969469,3.254040451615508
ba,mp,6,64,75,forward,4852.11,4852.11,4852.11,1502.11,1502.11,1502.11,69.04212806387324,3.2301961906917604
ba,mp,6,64,75,inverse,5558.11,5558.11,5558.11,1523.11,1523.11,1523.11,72.59662007408994,3.6491848914392264
ba,mp,7,128,75,forward,11244.11,11244.11,11244.11,3485.11,3485.11,3485.11,69.0050168488213,3.226328580733463
ba,mp,7,128,75,inverse,12838.11,12838.11,12838.11,3418.11,3418.11,3418.11,73.37528654918832,3.7559089672362798
ba,mp,8,256,75,forward,25031.11,25031.11,25031.12,7594.11,7594.11,7594.11,69.66131346152848,3.2961215995027726
ba,mp,8,256,75,inverse,28666.11,28666.11,28666.11,7352.11,7352.11,7352.11,74.3526066145703,3.899031706544108
ba,mp,9,512,75,forward,56559.11,56559.11,56559.12,17099.11,17099.11,17099.11,69.76771734915914,3.307722448712243
ba,mp,9,512,75,inverse,64586.11,64586.11,64586.12,16467.11,16467.11,16467.11,74.50363553401806,3.922127805061119
ba,mp,10,1024,75,forward,123498.11,123498.11,123498.12,36960.11,36960.11,36960.11,70.07232742266258,3.341389135476058
ba,mp,10,1024,75,inverse,141342.11,141342.11,141342.12,35441.11,35441.11,35441.12,74.92530003974045,3.9880836125053643
ba,mp,4,16,76,forward,897.11,897.11,897.11,324.11,324.11,324.11,63.87176600416894,2.7679182993428157
ba,mp,4,16,76,inverse,1026.11,1026.11,1026.11,350.11,350.11,350.11,65.87987642650397,2.9308217417383102
ba,mp,5,32,76,forward,2121.11,2121.11,2121.11,726.11,726.11,726.11,65.76745194732948,2.921196512925039
ba,mp,5,32,76,inverse,2418.11,2418.11,2418.11,743.11,743.11,743.11,69.26897452969469,3.254040451615508
ba,mp,6,64,76,forward,4852.11,4852.11,4852.11,1502.11,1502.11,1502.11,69.04212806387324,3.2301961906917604
ba,mp,6,64,76,inverse,5558.11,5558.11,5558.11,1523.11,1523.11,1523.11,72.59662007408994,3.6491848914392264
ba,mp,7,128,76,forward,11244.11,11244.11,11244.11,3485.11,3485.11,3485.11,69.0050168488213,3.226328580733463
ba,mp,7,128,76,inverse,12838.11,12838.11,12838.11,3418.11,3418.11,3418.12,73.37528654918832,3.7559089672362798
ba,mp,8,256,76,forward,25031.11,25031.11,25031.11,7594.11,7594.11,7594.11,69.66131346152848,3.2961215995027726
ba,mp,8,256,76,inverse,28666.11,28666.11,28666.11,7352.11,7352.11,7352.12,74.3526066145703,3.899031706544108
ba,mp,9,512,76,forward,56559.11,56559.11,56559.11,17099.11,17099.11,17099.12,69.76771734915914,3.307722448712243
ba,mp,9,512,76,inverse,64586.11,64586.11,64586.12,16467.11,16467.11,16467.11,74.50363553401806,3.922127805061119
ba,mp,10,1024,76,forward,123498.11,123498.11,123498.12,36960.11,36960.11,36960.12,70.07232742266258,3.341389135476058
ba,mp,10,1024,76,inverse,141342.11,141342.11,141342.12,35441.11,35441.11,35441.12,74.92530003974045,3.9880836125053643
ba,mp,4,16,77,forward,897.11,897.11,897.11,324.11,324.11,324.11,63.87176600416894,2.7679182993428157
ba,mp,4,16,77,inverse,1026.11,1026.11,1026.11,350.11,350.11,350.11,65.87987642650397,2.9308217417383102
ba,mp,5,32,77,forward,2121.11,2121.11,2121.11,726.11,726.11,726.11,65.76745194732948,2.921196512925039
ba,mp,5,32,77,inverse,2418.11,2418.11,2418.11,743.11,743.11,743.11,69.26897452969469,3.254040451615508
ba,mp,6,64,77,forward,4852.11,4852.11,4852.11,1502.11,1502.11,1502.11,69.04212806387324,3.2301961906917604
ba,mp,6,64,77,inverse,5558.11,5558.11,5558.11,1523.11,1523.11,1523.12,72.59662007408994,3.6491848914392264
ba,mp,7,128,77,forward,11244.11,11244.11,11244.11,3485.11,3485.11,3485.11,69.0050168488213,3.226328580733463
ba,mp,7,128,77,inverse,12838.11,12838.11,12838.11,3418.11,3418.11,3418.11,73.37528654918832,3.7559089672362798
ba,mp,8,256,77,forward,25031.11,25031.11,25031.11,7594.11,7594.11,7594.11,69.66131346152848,3.2961215995027726
ba,mp,8,256,77,inverse,28666.11,28666.11,28666.11,7352.11,7352.11,7352.11,74.3526066145703,3.899031706544108
ba,mp,9,512,77,forward,56559.11,56559.11,56559.11,17099.11,17099.11,17099.12,69.76771734915914,3.307722448712243
ba,mp,9,512,77,inverse,64586.11,64586.11,64586.11,16467.11,16467.11,16467.12,74.50363553401806,3.922127805061119
ba,mp,10,1024,77,forward,123498.11,123498.11,123498.12,36960.11,36960.11,36960.12,70.07232742266258,3.341389135476058
ba,mp,10,1024,77,inverse,141342.11,141342.11,141342.12,35441.11,35441.11,35441.11,74.92530003974045,3.9880836125053643
ba,mp,4,16,78,forward,897.11,897.11,897.11,324.11,324.11,324.11,63.87176600416894,2.7679182993428157
ba,mp,4,16,78,inverse,1026.11,1026.11,1026.11,350.11,350.11,350.11,65.87987642650397,2.9308217417383102
ba,mp,5,32,78,forward,2121.11,2121.11,2121.11,726.11,726.11,726.11,65.76745194732948,2.921196512925039
ba,mp,5,32,78,inverse,2418.11,2418.11,2418.11,743.11,743.11,743.11,69.26897452969469,3.254040451615508
ba,mp,6,64,78,forward,4852.11,4852.11,4852.11,1502.11,1502.11,1502.11,69.04212806387324,3.2301961906917604
ba,mp,6,64,78,inverse,5558.11,5558.11,5558.11,1523.11,1523.11,1523.11,72.59662007408994,3.6491848914392264
ba,mp,7,128,78,forward,11244.11,11244.11,11244.11,3485.11,3485.11,3485.11,69.0050168488213,3.226328580733463
ba,mp,7,128,78,inverse,12838.11,12838.11,12838.11,3418.11,3418.11,3418.11,73.37528654918832,3.7559089672362798
ba,mp,8,256,78,forward,25031.11,25031.11,25031.12,7594.11,7594.11,7594.11,69.66131346152848,3.2961215995027726
ba,mp,8,256,78,inverse,28666.11,28666.11,28666.11,7352.11,7352.11,7352.11,74.3526066145703,3.899031706544108
ba,mp,9,512,78,forward,56559.11,56559.11,56559.12,17099.11,17099.11,17099.11,69.76771734915914,3.307722448712243
ba,mp,9,512,78,inverse,64586.11,64586.11,64586.12,16467.11,16467.11,16467.11,74.50363553401806,3.922127805061119
ba,mp,10,1024,78,forward,123498.11,123498.11,123498.12,36960.11,36960.11,36960.11,70.07232742266258,3.341389135476058
ba,mp,10,1024,78,inverse,141342.11,141342.11,141342.12,35441.11,35441.11,35441.12,74.92530003974045,3.9880836125053643
ba,mp,4,16,79,forward,897.11,897.11,897.11,324.11,324.11,324.11,63.87176600416894,2.7679182993428157
ba,mp,4,16,79,inverse,1026.11,1026.11,1026.11,350.11,350.11,350.11,65.87987642650397,2.9308217417383102
ba,mp,5,32,79,forward,2121.11,2121.11,2121.11,726.11,726.11,726.11,65.76745194732948,2.921196512925039
ba,mp,5,32,79,inverse,2418.11,2418.11,2418.11,743.11,743.11,743.11,69.26897452969469,3.254040451615508
ba,mp,6,64,79,forward,4852.11,4852.11,4852.11,1502.11,1502.11,1502.11,69.04212806387324,3.2301961906917604
ba,mp,6,64,79,inverse,5558.11,5558.11,5558.11,1523.11,1523.11,1523.11,72.59662007408994,3.6491848914392264
ba,mp,7,128,79,forward,11244.11,11244.11,11244.11,3485.11,3485.11,3485.11,69.0050168488213,3.226328580733463
ba,mp,7,128,79,inverse,12838.11,12838.11,12838.12,3418.11,3418.11,3418.11,73.37528654918832,3.7559089672362798
ba,mp,8,256,79,forward,25031.11,25031.11,25031.11,7594.11,7594.11,7594.11,69.66131346152848,3.2961215995027726
ba,mp,8,256,79,inverse,28666.11,28666.11,28666.11,7352.11,7352.11,7352.12,74.3526066145703,3.899031706544108
ba,mp,9,512,79,forward,56559.11,56559.11,56559.11,17099.11,17099.11,17099.12,69.76771734915914,3.307722448712243
ba,mp,9,512,79,inverse,64586.11,64586.11,64586.12,16467.11,16467.11,16467.11,74.50363553401806,3.922127805061119
ba,mp,10,1024,79,forward,123498.11,123498.11,123498.12,36960.11,36960.11,36960.12,70.07232742266258,3.341389135476058
ba,mp,10,1024,79,inverse,141342.11,141342.11,141342.12,35441.11,35441.11,35441.11,74.92530003974045,3.9880836125053643
ba,mp,4,16,80,forward,897.11,897.11,897.11,324.11,324.11,324.11,63.87176600416894,2.7679182993428157
ba,mp,4,16,80,inverse,1026.11,1026.11,1026.11,350.11,350.11,350.11,65.87987642650397,2.9308217417383102
ba,mp,5,32,80,forward,2121.11,2121.11,2121.11,726.11,726.11,726.11,65.76745194732948,2.921196512925039
ba,mp,5,32,80,inverse,2418.11,2418.11,2418.11,743.11,743.11,743.11,69.26897452969469,3.254040451615508
ba,mp,6,64,80,forward,4852.11,4852.11,4852.11,1502.11,1502.11,1502.11,69.04212806387324,3.2301961906917604
ba,mp,6,64,80,inverse,5558.11,5558.11,5558.11,1523.11,1523.11,1523.12,72.59662007408994,3.6491848914392264
ba,mp,7,128,80,forward,11244.11,11244.11,11244.11,3485.11,3485.11,3485.11,69.0050168488213,3.226328580733463
ba,mp,7,128,80,inverse,12838.11,12838.11,12838.11,3418.11,3418.11,3418.11,73.37528654918832,3.7559089672362798
ba,mp,8,256,80,forward,25031.11,25031.11,25031.11,7594.11,7594.11,7594.11,69.66131346152848,3.2961215995027726
ba,mp,8,256,80,inverse,28666.11,28666.11,28666.12,7352.11,7352.11,7352.11,74.3526066145703,3.899031706544108
ba,mp,9,512,80,forward,56559.11,56559.11,56559.12,17099.11,17099.11,17099.11,69.76771734915914,3.307722448712243
ba,mp,9,512,80,inverse,64586.11,64586.11,64586.12,16467.11,16467.11,16467.11,74.50363553401806,3.922127805061119
ba,mp,10,1024,80,forward,123498.11,123498.11,123498.12,36960.11,36960.11,36960.11,70.07232742266258,3.341389135476058
ba,mp,10,1024,80,inverse,141342.11,141342.11,141342.12,35441.11,35441.11,35441.11,74.92530003974045,3.9880836125053643
ba,mp,4,16,81,forward,897.11,897.11,897.11,324.11,324.11,324.11,63.87176600416894,2.7679182993428157
ba,mp,4,16,81,inverse,1026.11,1026.11,1026.11,350.11,350.11,350.11,65.87987642650397,2.9308217417383102
ba,mp,5,32,81,forward,2121.11,2121.11,2121.11,726.11,726.11,726.12,65.76745194732948,2.921196512925039
ba,mp,5,32,81,inverse,2418.11,2418.11,2418.11,743.11,743.11,743.11,69.26897452969469,3.254040451615508
ba,mp,6,64,81,forward,4852.11,4852.11,4852.11,1502.11,1502.11,1502.11,69.04212806387324,3.2301961906917604
ba,mp,6,64,81,inverse,5558.11,5558.11,5558.11,1523.11,1523.11,1523.11,72.59662007408994,3.6491848914392264
ba,mp,7,128,81,forward,11244.11,11244.11,11244.11,3485.11,3485.11,3485.11,69.0050168488213,3.226328580733463
ba,mp,7,128,81,inverse,12838.11,12838.11,12838.11,3418.11,3418.11,3418.11,73.37528654918832,3.7559089672362798
ba,mp,8,256,81,forward,25031.11,25031.11,25031.12,7594.11,7594.11,7594.11,69.66131346152848,3.2961215995027726
ba,mp,8,256,81,inverse,28666.11,28666.11,28666.11,7352.11,7352.11,7352.11,74.3526066145703,3.899031706544108
ba,mp,9,512,81,forward,56559.11,56559.11,56559.12,17099.11,17099.11,17099.11,69.76771734915914,3.307722448712243
ba,mp,9,512,81,inverse,64586.11,64586.11,64586.12,16467.11,16467.11,16467.11,74.50363553401806,3.922127805061119
ba,mp,10,1024,81,forward,123498.11,123498.11,123498.12,36960.11,36960.11,36960.11,70.07232742266258,3.341389135476058
ba,mp,10,1024,81,inverse,141342.11,141342.11,141342.12,35441.11,35441.11,35441.12,74.92530003974045,3.9880836125053643
ba,mp,4,16,82,forward,897.11,897.11,897.11,324.11,324.11,324.11,63.87176600416894,2.7679182993428157
ba,mp,4,16,82,inverse,1026.11,1026.11,1026.11,350.11,350.11,350.11,65.87987642650397,2.9308217417383102
ba,mp,5,32,82,forward,2121.11,2121.11,2121.11,726.11,726.11,726.11,65.76745194732948,2.921196512925039
ba,mp,5,32,82,inverse,2418.11,2418.11,2418.11,743.11,743.11,743.11,69.26897452969469,3.254040451615508
ba,mp,6,64,82,forward,4852.11,4852.11,4852.11,1502.11,1502.11,1502.11,69.04212806387324,3.2301961906917604
ba,mp,6,64,82,inverse,5558.11,5558.11,5558.11,1523.11,1523.11,1523.11,72.59662007408994,3.6491848914392264
ba,mp,7,128,82,forward,11244.11,11244.11,11244.11,3485.11,3485.11,3485.11,69.0050168488213,3.226328580733463
ba,mp,7,128,82,inverse,12838.11,12838.11,12838.12,3418.11,3418.11,3418.11,73.37528654918832,3.7559089672362798
ba,mp,8,256,82,forward,25031.11,25031.11,25031.11,7594.11,7594.11,7594.11,69.66131346152848,3.2961215995027726
ba,mp,8,256,82,inverse,28666.11,28666.11,28666.12,7352.11,7352.11,7352.11,74.3526066145703,3.899031706544108
ba,mp,9,512,82,forward,56559.11,56559.11,56559.12,17099.11,17099.11,17099.11,69.76771734915914,3.307722448712243
ba,mp,9,512,82,inverse,64586.11,64586.11,64586.11,16467.11,16467.11,16467.12,74.50363553401806,3.922127805061119
ba,mp,10,1024,82,forward,123498.11,123498.11,123498.12,36960.11,36960.11,36960.12,70.07232742266258,3.341389135476058
ba,mp,10,1024,82,inverse,141342.11,141342.11,141342.12,35441.11,35441.11,35441.11,74.92530003974045,3.9880836125053643
ba,mp,4,16,83,forward,897.11,897.11,897.11,324.11,324.11,324.11,63.87176600416894,2.7679182993428157
ba,mp,4,16,83,inverse,1026.11,1026.11,1026.11,350.11,350.11,350.11,65.87987642650397,2.9308217417383102
ba,mp,5,32,83,forward,2121.11,2121.11,2121.11,726.11,726.11,726.11,65.76745194732948,2.921196512925039
ba,mp,5,32,83,inverse,2418.11,2418.11,2418.11,743.11,743.11,743.11,69.26897452969469,3.254040451615508
ba,mp,6,64,83,forward,4852.11,4852.11,4852.11,1502.11,1502.11,1502.11,69.04212806387324,3.2301961906917604
ba,mp,6,64,83,inverse,5558.11,5558.11,5558.11,1523.11,1523.11,1523.11,72.59662007408994,3.6491848914392264
ba,mp,7,128,83,forward,11244.11,11244.11,11244.11,3485.11,3485.11,3485.11,69.0050168488213,3.226328580733463
ba,mp,7,128,83,inverse,12838.11,12838.11,12838.11,3418.11,3418.11,3418.11,73.37528654918832,3.7559089672362798
ba,mp,8,256,83,forward,25031.11,25031.11,25031.11,7594.11,7594.11,7594.11,69.66131346152848,3.2961215995027726
ba,mp,8,256,83,inverse,28666.11,28666.11,28666.11,7352.11,7352.11,7352.12,74.3526066145703,3.899031706544108
ba,mp,9,512,83,forward,56559.11,56559.11,56559.12,17099.11,17099.11,17099.11,69.76771734915914,3.307722448712243
ba,mp,9,512,83,inverse,64586.11,64586.11,64586.12,16467.11,16467.11,16467.11,74.50363553401806,3.922127805061119
ba,mp,10,1024,83,forward,123498.11,123498.11,123498.12,36960.11,36960.11,36960.11,70.07232742266258,3.341389135476058
ba,mp,10,1024,83,inverse,141342.11,141342.11,141342.12,35441.11,35441.11,35441.11,74.92530003974045,3.9880836125053643
ba,mp,4,16,84,forward,897.11,897.11,897.11,324.11,324.11,324.11,63.87176600416894,2.7679182993428157
ba,mp,4,16,84,inverse,1026.11,1026.11,1026.11,350.11,350.11,350.11,65.87987642650397,2.9308217417383102
ba,mp,5,32,84,forward,2121.11,2121.11,2121.11,726.11,726.11,726.11,65.76745194732948,2.921196512925039
ba,mp,5,32,84,inverse,2418.11,2418.11,2418.11,743.11,743.11,743.11,69.26897452969469,3.254040451615508
ba,mp,6,64,84,forward,4852.11,4852.11,4852.11,1502.11,1502.11,1502.11,69.04212806387324,3.2301961906917604
ba,mp,6,64,84,inverse,5558.11,5558.11,5558.11,1523.11,1523.11,1523.11,72.59662007408994,3.6491848914392264
ba,mp,7,128,84,forward,11244.11,11244.11,11244.11,3485.11,3485.11,3485.11,69.0050168488213,3.226328580733463
ba,mp,7,128,84,inverse,12838.11,12838.11,12838.11,3418.11,3418.11,3418.11,73.37528654918832,3.7559089672362798
ba,mp,8,256,84,forward,25031.11,25031.11,25031.12,7594.11,7594.11,7594.11,69.66131346152848,3.2961215995027726
ba,mp,8,256,84,inverse,28666.11,28666.11,28666.11,7352.11,7352.11,7352.11,74.3526066145703,3.899031706544108
ba,mp,9,512,84,forward,56559.11,56559.11,56559.12,17099.11,17099.11,17099.11,69.76771734915914,3.307722448712243
ba,mp,9,512,84,inverse,64586.11,64586.11,64586.12,16467.11,16467.11,16467.11,74.50363553401806,3.922127805061119
ba,mp,10,1024,84,forward,123498.11,123498.11,123498.12,36960.11,36960.11,36960.12,70.07232742266258,3.341389135476058
ba,mp,10,1024,84,inverse,141342.11,141342.11,141342.12,35441.11,35441.11,35441.12,74.92530003974045,3.9880836125053643
ba,mp,4,16,85,forward,897.11,897.11,897.11,324.11,324.11,324.11,63.87176600416894,2.7679182993428157
ba,mp,4,16,85,inverse,1026.11,1026.11,1026.11,350.11,350.11,350.11,65.87987642650397,2.9308217417383102
ba,mp,5,32,85,forward,2121.11,2121.11,2121.11,726.11,726.11,726.11,65.76745194732948,2.921196512925039
ba,mp,5,32,85,inverse,2418.11,2418.11,2418.11,743.11,743.11,743.11,69.26897452969469,3.254040451615508
ba,mp,6,64,85,forward,4852.11,4852.11,4852.11,1502.11,1502.11,1502.11,69.04212806387324,3.2301961906917604
ba,mp,6,64,85,inverse,5558.11,5558.11,5558.11,1523.11,1523.11,1523.11,72.59662007408994,3.6491848914392264
ba,mp,7,128,85,forward,11244.11,11244.11,11244.11,3485.11,3485.11,3485.11,69.0050168488213,3.226328580733463
ba,mp,7,128,85,inverse,12838.11,12838.11,12838.12,3418.11,3418.11,3418.11,73.37528654918832,3.7559089672362798
ba,mp,8,256,85,forward,25031.11,25031.11,25031.11,7594.11,7594.11,7594.11,69.66131346152848,3.2961215995027726
ba,mp,8,256,85,inverse,28666.11,28666.11,28666.12,7352.11,7352.11,7352.11,74.3526066145703,3.899031706544108
ba,mp,9,512,85,forward,56559.11,56559.11,56559.12,17099.11,17099.11,17099.11,69.76771734915914,3.307722448712243
ba,mp,9,512,85,inverse,64586.11,64586.11,64586.11,16467.11,16467.11,16467.12,74.50363553401806,3.922127805061119
ba,mp,10,1024,85,forward,123498.11,123498.11,123498.12,36960.11,36960.11,36960.12,70.07232742266258,3.341389135476058
ba,mp,10,1024,85,inverse,141342.11,141342.11,141342.12,35441.11,35441.11,35441.11,74.92530003974045,3.9880836125053643
ba,mp,4,16,86,forward,897.11,897.11,897.11,324.11,324.11,324.11,63.87176600416894,2.7679182993428157
ba,mp,4,16,86,inverse,1026.11,1026.11,1026.11,350.11,350.11,350.11,65.87987642650397,2.9308217417383102
ba,mp,5,32,86,forward,2121.11,2121.11,2121.11,726.11,726.11,726.11,65.76745194732948,2.921196512925039
ba,mp,5,32,86,inverse,2418.11,2418.11,2418.11,743.11,743.11,743.11,69.26897452969469,3.254040451615508
ba,mp,6,64,86,forward,4852.11,4852.11,4852.11,1502.11,1502.11,1502.11,69.04212806387324,3.2301961906917604
ba,mp,6,64,86,inverse,5558.11,5558.11,5558.11,1523.11,1523.11,1523.11,72.59662007408994,3.6491848914392264
ba,mp,7,128,86,forward,11244.11,11244.11,11244.11,3485.11,3485.11,3485.11,69.0050168488213,3.226328580733463
ba,mp,7,128,86,inverse,12838.11,12838.11,12838.11,3418.11,3418.11,3418.11,73.37528654918832,3.7559089672362798
ba,mp,8,256,86,forward,25031.11,25031.11,25031.11,7594.11,7594.11,7594.11,69.66131346152848,3.2961215995027726
ba,mp,8,256,86,inverse,28666.11,28666.11,28666.12,7352.11,7352.11,7352.11,74.3526066145703,3.899031706544108
ba,mp,9,512,86,forward,56559.11,56559.11,56559.12,17099.11,17099.11,17099.11,69.76771734915914,3.307722448712243
ba,mp,9,512,86,inverse,64586.11,64586.11,64586.12,16467.11,16467.11,16467.11,74.50363553401806,3.922127805061119
ba,mp,10,1024,86,forward,123498.11,123498.11,123498.12,36960.11,36960.11,36960.11,70.07232742266258,3.341389135476058
ba,mp,10,1024,86,inverse,141342.11,141342.11,141342.12,35441.11,35441.11,35441.11,74.92530003974045,3.9880836125053643
ba,mp,4,16,87,forward,897.11,897.11,897.11,324.11,324.11,324.11,63.87176600416894,2.7679182993428157
ba,mp,4,16,87,inverse,1026.11,1026.11,1026.11,350.11,350.11,350.11,65.87987642650397,2.9308217417383102
ba,mp,5,32,87,forward,2121.11,2121.11,2121.11,726.11,726.11,726.11,65.76745194732948,2.921196512925039
ba,mp,5,32,87,inverse,2418.11,2418.11,2418.11,743.11,743.11,743.11,69.26897452969469,3.254040451615508
ba,mp,6,64,87,forward,4852.11,4852.11,4852.11,1502.11,1502.11,1502.11,69.04212806387324,3.2301961906917604
ba,mp,6,64,87,inverse,5558.11,5558.11,5558.11,1523.11,1523.11,1523.11,72.59662007408994,3.6491848914392264
ba,mp,7,128,87,forward,11244.11,11244.11,11244.11,3485.11,3485.11,3485.11,69.0050168488213,3.226328580733463
ba,mp,7,128,87,inverse,12838.11,12838.11,12838.11,3418.11,3418.11,3418.11,73.37528654918832,3.7559089672362798
ba,mp,8,256,87,forward,25031.11,25031.11,25031.12,7594.11,7594.11,7594.11,69.66131346152848,3.2961215995027726
ba,mp,8,256,87,inverse,28666.11,28666.11,28666.11,7352.11,7352.11,7352.11,74.3526066145703,3.899031706544108
ba,mp,9,512,87,forward,56559.11,56559.11,56559.12,17099.11,17099.11,17099.11,69.76771734915914,3.307722448712243
ba,mp,9,512,87,inverse,64586.11,64586.11,64586.12,16467.11,16467.11,16467.11,74.50363553401806,3.922127805061119
ba,mp,10,1024,87,forward,123498.11,123498.11,123498.12,36960.11,36960.11,36960.12,70.07232742266258,3.341389135476058
ba,mp,10,1024,87,inverse,141342.11,141342.11,141342.12,35441.11,35441.11,35441.12,74.92530003974045,3.9880836125053643
ba,mp,4,16,88,forward,897.11,897.11,897.11,324.11,324.11,324.11,63.87176600416894,2.7679182993428157
ba,mp,4,16,88,inverse,1026.11,1026.11,1026.11,350.11,350.11,350.11,65.87987642650397,2.9308217417383102
ba,mp,5,32,88,forward,2121.11,2121.11,2121.11,726.11,726.11,726.11,65.76745194732948,2.921196512925039
ba,mp,5,32,88,inverse,2418.11,2418.11,2418.11,743.11,743.11,743.11,69.26897452969469,3.254040451615508
ba,mp,6,64,88,forward,4852.11,4852.11,4852.11,1502.11,1502.11,1502.11,69.04212806387324,3.2301961906917604
ba,mp,6,64,88,inverse,5558.11,5558.11,5558.11,1523.11,1523.11,1523.11,72.59662007408994,3.6491848914392264
ba,mp,7,128,88,forward,11244.11,11244.11,11244.11,3485.11,3485.11,3485.11,69.0050168488213,3.226328580733463
ba,mp,7,128,88,inverse,12838.11,12838.11,12838.12,3418.11,3418.11,3418.11,73.37528654918832,3.7559089672362798
ba,mp,8,256,88,forward,25031.11,25031.11,25031.11,7594.11,7594.11,7594.11,69.66131346152848,3.2961215995027726
ba,mp,8,256,88,inverse,28666.11,28666.11,28666.11,7352.11,7352.11,7352.12,74.3526066145703,3.899031706544108
ba,mp,9,512,88,forward,56559.11,56559.11,56559.12,17099.11,17099.11,17099.11,69.76771734915914,3.307722448712243
ba,mp,9,512,88,inverse,64586.11,64586.11,64586.11,16467.11,16467.11,16467.12,74.50363553401806,3.922127805061119
ba,mp,10,1024,88,forward,123498.11,123498.11,123498.12,36960.11,36960.11,36960.12,70.07232742266258,3.341389135476058
ba,mp,10,1024,88,inverse,141342.11,141342.11,141342.12,35441.11,35441.11,35441.11,74.92530003974045,3.9880836125053643
ba,mp,4,16,89,forward,897.11,897.11,897.11,324.11,324.11,324.11,63.87176600416894,2.7679182993428157
ba,mp,4,16,89,inverse,1026.11,1026.11,1026.11,350.11,350.11,350.11,65.87987642650397,2.9308217417383102
ba,mp,5,32,89,forward,2121.11,2121.11,2121.11,726.11,726.11,726.11,65.76745194732948,2.921196512925039
ba,mp,5,32,89,inverse,2418.11,2418.11,2418.11,743.11,743.11,743.11,69.26897452969469,3.254040451615508
ba,mp,6,64,89,forward,4852.11,4852.11,4852.11,1502.11,1502.11,1502.11,69.04212806387324,3.2301961906917604
ba,mp,6,64,89,inverse,5558.11,5558.11,5558.11,1523.11,1523.11,1523.11,72.59662007408994,3.6491848914392264
ba,mp,7,128,89,forward,11244.11,11244.11,11244.12,3485.11,3485.11,3485.11,69.0050168488213,3.226328580733463
ba,mp,7,128,89,inverse,12838.11,12838.11,12838.11,3418.11,3418.11,3418.11,73.37528654918832,3.7559089672362798
ba,mp,8,256,89,forward,25031.11,25031.11,25031.11,7594.11,7594.11,7594.11,69.66131346152848,3.2961215995027726
ba,mp,8,256,89,inverse,28666.11,28666.11,28666.12,7352.11,7352.11,7352.11,74.3526066145703,3.899031706544108
ba,mp,9,512,89,forward,56559.11,56559.11,56559.12,17099.11,17099.11,17099.11,69.76771734915914,3.307722448712243
ba,mp,9,512,89,inverse,64586.11,64586.11,64586.12,16467.11,16467.11,16467.11,74.50363553401806,3.922127805061119
ba,mp,10,1024,89,forward,123498.11,123498.11,123498.12,36960.11,36960.11,36960.11,70.07232742266258,3.341389135476058
ba,mp,10,1024,89,inverse,141342.11,141342.11,141342.12,35441.11,35441.11,35441.11,74.92530003974045,3.9880836125053643
ba,mp,4,16,90,forward,897.11,897.11,897.11,324.11,324.11,324.11,63.87176600416894,2.7679182993428157
ba,mp,4,16,90,inverse,1026.11,1026.11,1026.11,350.11,350.11,350.11,65.87987642650397,2.9308217417383102
ba,mp,5,32,90,forward,2121.11,2121.11,2121.11,726.11,726.11,726.11,65.76745194732948,2.921196512925039
ba,mp,5,32,90,inverse,2418.11,2418.11,2418.12,743.11,743.11,743.11,69.26897452969469,3.254040451615508
ba,mp,6,64,90,forward,4852.11,4852.11,4852.11,1502.11,1502.11,1502.11,69.04212806387324,3.2301961906917604
ba,mp,6,64,90,inverse,5558.11,5558.11,5558.11,1523.11,1523.11,1523.11,72.59662007408994,3.6491848914392264
ba,mp,7,128,90,forward,11244.11,11244.11,11244.11,3485.11,3485.11,3485.11,69.0050168488213,3.226328580733463
ba,mp,7,128,90,inverse,12838.11,12838.11,12838.11,3418.11,3418.11,3418.11,73.37528654918832,3.7559089672362798
ba,mp,8,256,90,forward,25031.11,25031.11,25031.11,7594.11,7594.11,7594.12,69.66131346152848,3.2961215995027726
ba,mp,8,256,90,inverse,28666.11,28666.11,28666.11,7352.11,7352.11,7352.11,74.3526066145703,3.899031706544108
ba,mp,9,512,90,forward,56559.11,56559.11,56559.11,17099.11,17099.11,17099.12,69.76771734915914,3.307722448712243
ba,mp,9,512,90,inverse,64586.11,64586.11,64586.12,16467.11,16467.11,16467.11,74.50363553401806,3.922127805061119
ba,mp,10,1024,90,forward,123498.11,123498.11,123498.12,36960.11,36960.11,36960.12,70.07232742266258,3.341389135476058
ba,mp,10,1024,90,inverse,141342.11,141342.11,141342.12,35441.11,35441.11,35441.12,74.92530003974045,3.9880836125053643
ba,mp,4,16,91,forward,897.11,897.11,897.11,324.11,324.11,324.11,63.87176600416894,2.7679182993428157
ba,mp,4,16,91,inverse,1026.11,1026.11,1026.11,350.11,350.11,350.11,65.87987642650397,2.9308217417383102
ba,mp,5,32,91,forward,2121.11,2121.11,2121.11,726.11,726.11,726.11,65.76745194732948,2.921196512925039
ba,mp,5,32,91,inverse,2418.11,2418.11,2418.11,743.11,743.11,743.11,69.26897452969469,3.254040451615508
ba,mp,6,64,91,forward,4852.11,4852.11,4852.11,1502.11,1502.11,1502.11,69.04212806387324,3.2301961906917604
ba,mp,6,64,91,inverse,5558.11,5558.11,5558.11,1523.11,1523.11,1523.11,72.59662007408994,3.6491848914392264
ba,mp,7,128,91,forward,11244.11,11244.11,11244.11,3485.11,3485.11,3485.11,69.0050168488213,3.226328580733463
ba,mp,7,128,91,inverse,12838.11,12838.11,12838.12,3418.11,3418.11,3418.11,73.37528654918832,3.7559089672362798
ba,mp,8,256,91,forward,25031.11,25031.11,25031.11,7594.11,7594.11,7594.11,69.66131346152848,3.2961215995027726
ba,mp,8,256,91,inverse,28666.11,28666.11,28666.11,7352.11,7352.11,7352.11,74.3526066145703,3.899031706544108
ba,mp,9,512,91,forward,56559.11,56559.11,56559.11,17099.11,17099.11,17099.11,69.76771734915914,3.307722448712243
ba,mp,9,512,91,inverse,64586.11,64586.11,64586.12,16467.11,16467.11,16467.11,74.50363553401806,3.922127805061119
ba,mp,10,1024,91,forward,123498.11,123498.11,123498.12,36960.11,36960.11,36960.11,70.07232742266258,3.341389135476058
ba,mp,10,1024,91,inverse,141342.11,141342.11,141342.12,35441.11,35441.11,35441.11,74.92530003974045,3.9880836125053643
ba,mp,4,16,92,forward,897.11,897.11,897.11,324.11,324.11,324.11,63.87176600416894,2.7679182993428157
ba,mp,4,16,92,inverse,1026.11,1026.11,1026.11,350.11,350.11,350.11,65.87987642650397,2.9308217417383102
ba,mp,5,32,92,forward,2121.11,2121.11,2121.11,726.11,726.11,726.11,65.76745194732948,2.921196512925039
ba,mp,5,32,92,inverse,2418.11,2418.11,2418.11,743.11,743.11,743.11,69.26897452969469,3.254040451615508
ba,mp,6,64,92,forward,4852.11,4852.11,4852.11,1502.11,1502.11,1502.11,69.04212806387324,3.2301961906917604
ba,mp,6,64,92,inverse,5558.11,5558.11,5558.11,1523.11,1523.11,1523.11,72.59662007408994,3.6491848914392264
ba,mp,7,128,92,forward,11244.11,11244.11,11244.12,3485.11,3485.11,3485.11,69.0050168488213,3.226328580733463
ba,mp,7,128,92,inverse,12838.11,12838.11,12838.11,3418.11,3418.11,3418.11,73.37528654918832,3.7559089672362798
ba,mp,8,256,92,forward,25031.11,25031.11,25031.11,7594.11,7594.11,7594.11,69.66131346152848,3.2961215995027726
ba,mp,8,256,92,inverse,28666.11,28666.11,28666.11,7352.11,7352.11,7352.12,74.3526066145703,3.899031706544108
ba,mp,9,512,92,forward,56559.11,56559.11,56559.12,17099.11,17099.11,17099.11,69.76771734915914,3.307722448712243
ba,mp,9,512,92,inverse,64586.11,64586.11,64586.12,16467.11,16467.11,16467.11,74.50363553401806,3.922127805061119
ba,mp,10,1024,92,forward,123498.11,123498.11,123498.12,36960.11,36960.11,36960.12,70.07232742266258,3.341389135476058
ba,mp,10,1024,92,inverse,141342.11,141342.11,141342.12,35441.11,35441.11,35441.12,74.92530003974045,3.9880836125053643
ba,mp,4,16,93,forward,897.11,897.11,897.11,324.11,324.11,324.11,63.87176600416894,2.7679182993428157
ba,mp,4,16,93,inverse,1026.11,1026.11,1026.11,350.11,350.11,350.11,65.87987642650397,2.9308217417383102
ba,mp,5,32,93,forward,2121.11,2121.11,2121.11,726.11,726.11,726.11,65.76745194732948,2.921196512925039
ba,mp,5,32,93,inverse,2418.11,2418.11,2418.11,743.11,743.11,743.11,69.26897452969469,3.254040451615508
ba,mp,6,64,93,forward,4852.11,4852.11,4852.11,1502.11,1502.11,1502.11,69.04212806387324,3.2301961906917604
ba,mp,6,64,93,inverse,5558.11,5558.11,5558.11,1523.11,1523.11,1523.11,72.59662007408994,3.6491848914392264
ba,mp,7,128,93,forward,11244.11,11244.11,11244.11,3485.11,3485.11,3485.11,69.0050168488213,3.226328580733463
ba,mp,7,128,93,inverse,12838.11,12838.11,12838.11,3418.11,3418.11,3418.11,73.37528654918832,3.7559089672362798
ba,mp,8,256,93,forward,25031.11,25031.11,25031.12,7594.11,7594.11,7594.11,69.66131346152848,3.2961215995027726
ba,mp,8,256,93,inverse,28666.11,28666.11,28666.11,7352.11,7352.11,7352.11,74.3526066145703,3.899031706544108
ba,mp,9,512,93,forward,56559.11,56559.11,56559.12,17099.11,17099.11,17099.11,69.76771734915914,3.307722448712243
ba,mp,9,512,93,inverse,64586.11,64586.11,64586.12,16467.11,16467.11,16467.11,74.50363553401806,3.922127805061119
ba,mp,10,1024,93,forward,123498.11,123498.11,123498.12,36960.11,36960.11,36960.11,70.07232742266258,3.341389135476058
ba,mp,10,1024,93,inverse,141342.11,141342.11,141342.12,35441.11,35441.11,35441.12,74.92530003974045,3.9880836125053643
ba,mp,4,16,94,forward,897.11,897.11,897.11,324.11,324.11,324.11,63.87176600416894,2.7679182993428157
ba,mp,4,16,94,inverse,1026.11,1026.11,1026.11,350.11,350.11,350.11,65.87987642650397,2.9308217417383102
ba,mp,5,32,94,forward,2121.11,2121.11,2121.11,726.11,726.11,726.11,65.76745194732948,2.921196512925039
ba,mp,5,32,94,inverse,2418.11,2418.11,2418.11,743.11,743.11,743.11,69.26897452969469,3.254040451615508
ba,mp,6,64,94,forward,4852.11,4852.11,4852.11,1502.11,1502.11,1502.11,69.04212806387324,3.2301961906917604
ba,mp,6,64,94,inverse,5558.11,5558.11,5558.11,1523.11,1523.11,1523.11,72.59662007408994,3.6491848914392264
ba,mp,7,128,94,forward,11244.11,11244.11,11244.11,3485.11,3485.11,3485.11,69.0050168488213,3.226328580733463
ba,mp,7,128,94,inverse,12838.11,12838.11,12838.12,3418.11,3418.11,3418.11,73.37528654918832,3.7559089672362798
ba,mp,8,256,94,forward,25031.11,25031.11,25031.11,7594.11,7594.11,7594.11,69.66131346152848,3.2961215995027726
ba,mp,8,256,94,inverse,28666.11,28666.11,28666.11,7352.11,7352.11,7352.11,74.3526066145703,3.899031706544108
ba,mp,9,512,94,forward,56559.11,56559.11,56559.11,17099.11,17099.11,17099.11,69.76771734915914,3.307722448712243
ba,mp,9,512,94,inverse,64586.11,64586.11,64586.12,16467.11,16467.11,16467.11,74.50363553401806,3.922127805061119
ba,mp,10,1024,94,forward,123498.11,123498.11,123498.12,36960.11,36960.11,36960.11,70.07232742266258,3.341389135476058
ba,mp,10,1024,94,inverse,141342.11,141342.11,141342.12,35441.11,35441.11,35441.11,74.92530003974045,3.9880836125053643
ba,mp,4,16,95,forward,897.11,897.11,897.11,324.11,324.11,324.11,63.87176600416894,2.7679182993428157
ba,mp,4,16,95,inverse,1026.11,1026.11,1026.11,350.11,350.11,350.11,65.87987642650397,2.9308217417383102
ba,mp,5,32,95,forward,2121.11,2121.11,2121.11,726.11,726.11,726.11,65.76745194732948,2.921196512925039
ba,mp,5,32,95,inverse,2418.11,2418.11,2418.11,743.11,743.11,743.11,69.26897452969469,3.254040451615508
ba,mp,6,64,95,forward,4852.11,4852.11,4852.11,1502.11,1502.11,1502.11,69.04212806387324,3.2301961906917604
ba,mp,6,64,95,inverse,5558.11,5558.11,5558.11,1523.11,1523.11,1523.11,72.59662007408994,3.6491848914392264
ba,mp,7,128,95,forward,11244.11,11244.11,11244.12,3485.11,3485.11,3485.11,69.0050168488213,3.226328580733463
ba,mp,7,128,95,inverse,12838.11,12838.11,12838.11,3418.11,3418.11,3418.11,73.37528654918832,3.7559089672362798
ba,mp,8,256,95,forward,25031.11,25031.11,25031.11,7594.11,7594.11,7594.11,69.66131346152848,3.2961215995027726
ba,mp,8,256,95,inverse,28666.11,28666.11,28666.12,7352.11,7352.11,7352.11,74.3526066145703,3.899031706544108
ba,mp,9,512,95,forward,56559.11,56559.11,56559.12,17099.11,17099.11,17099.11,69.76771734915914,3.307722448712243
ba,mp,9,512,95,inverse,64586.11,64586.11,64586.11,16467.11,16467.11,16467.12,74.50363553401806,3.922127805061119
ba,mp,10,1024,95,forward,123498.11,123498.11,123498.12,36960.11,36960.11,36960.12,70.07232742266258,3.341389135476058
ba,mp,10,1024,95,inverse,141342.11,141342.11,141342.12,35441.11,35441.11,35441.12,74.92530003974045,3.9880836125053643
ba,mp,4,16,96,forward,897.11,897.11,897.11,324.11,324.11,324.11,63.87176600416894,2.7679182993428157
ba,mp,4,16,96,inverse,1026.11,1026.11,1026.11,350.11,350.11,350.11,65.87987642650397,2.9308217417383102
ba,mp,5,32,96,forward,2121.11,2121.11,2121.11,726.11,726.11,726.11,65.76745194732948,2.921196512925039
ba,mp,5,32,96,inverse,2418.11,2418.11,2418.11,743.11,743.11,743.11,69.26897452969469,3.254040451615508
ba,mp,6,64,96,forward,4852.11,4852.11,4852.12,1502.11,1502.11,1502.11,69.04212806387324,3.2301961906917604
ba,mp,6,64,96,inverse,5558.11,5558.11,5558.11,1523.11,1523.11,1523.11,72.59662007408994,3.6491848914392264
ba,mp,7,128,96,forward,11244.11,11244.11,11244.11,3485.11,3485.11,3485.11,69.0050168488213,3.226328580733463
ba,mp,7,128,96,inverse,12838.11,12838.11,12838.11,3418.11,3418.11,3418.11,73.37528654918832,3.7559089672362798
ba,mp,8,256,96,forward,25031.11,25031.11,25031.12,7594.11,7594.11,7594.11,69.66131346152848,3.2961215995027726
ba,mp,8,256,96,inverse,28666.11,28666.11,28666.11,7352.11,7352.11,7352.11,74.3526066145703,3.899031706544108
ba,mp,9,512,96,forward,56559.11,56559.11,56559.12,17099.11,17099.11,17099.11,69.76771734915914,3.307722448712243
ba,mp,9,512,96,inverse,64586.11,64586.11,64586.12,16467.11,16467.11,16467.11,74.50363553401806,3.922127805061119
ba,mp,10,1024,96,forward,123498.11,123498.11,123498.12,36960.11,36960.11,36960.11,70.07232742266258,3.341389135476058
ba,mp,10,1024,96,inverse,141342.11,141342.11,141342.12,35441.11,35441.11,35441.12,74.92530003974045,3.9880836125053643
ba,mp,4,16,97,forward,897.11,897.11,897.11,324.11,324.11,324.11,63.87176600416894,2.7679182993428157
ba,mp,4,16,97,inverse,1026.11,1026.11,1026.11,350.11,350.11,350.11,65.87987642650397,2.9308217417383102
ba,mp,5,32,97,forward,2121.11,2121.11,2121.11,726.11,726.11,726.11,65.76745194732948,2.921196512925039
ba,mp,5,32,97,inverse,2418.11,2418.11,2418.11,743.11,743.11,743.11,69.26897452969469,3.254040451615508
ba,mp,6,64,97,forward,4852.11,4852.11,4852.11,1502.11,1502.11,1502.11,69.04212806387324,3.2301961906917604
ba,mp,6,64,97,inverse,5558.11,5558.11,5558.11,1523.11,1523.11,1523.11,72.59662007408994,3.6491848914392264
ba,mp,7,128,97,forward,11244.11,11244.11,11244.11,3485.11,3485.11,3485.11,69.0050168488213,3.226328580733463
ba,mp,7,128,97,inverse,12838.11,12838.11,12838.11,3418.11,3418.11,3418.11,73.37528654918832,3.7559089672362798
ba,mp,8,256,97,forward,25031.11,25031.11,25031.11,7594.11,7594.11,7594.11,69.66131346152848,3.2961215995027726
ba,mp,8,256,97,inverse,28666.11,28666.11,28666.11,7352.11,7352.11,7352.11,74.3526066145703,3.899031706544108
ba,mp,9,512,97,forward,56559.11,56559.11,56559.12,17099.11,17099.11,17099.11,69.76771734915914,3.307722448712243
ba,mp,9,512,97,inverse,64586.11,64586.11,64586.12,16467.11,16467.11,16467.11,74.50363553401806,3.922127805061119
ba,mp,10,1024,97,forward,123498.11,123498.11,123498.12,36960.11,36960.11,36960.11,70.07232742266258,3.341389135476058
ba,mp,10,1024,97,inverse,141342.11,141342.11,141342.12,35441.11,35441.11,35441.11,74.92530003974045,3.9880836125053643
ba,mp,4,16,98,forward,897.11,897.11,897.11,324.11,324.11,324.11,63.87176600416894,2.7679182993428157
ba,mp,4,16,98,inverse,1026.11,1026.11,1026.11,350.11,350.11,350.11,65.87987642650397,2.9308217417383102
ba,mp,5,32,98,forward,2121.11,2121.11,2121.11,726.11,726.11,726.11,65.76745194732948,2.921196512925039
ba,mp,5,32,98,inverse,2418.11,2418.11,2418.11,743.11,743.11,743.11,69.26897452969469,3.254040451615508
ba,mp,6,64,98,forward,4852.11,4852.11,4852.11,1502.11,1502.11,1502.11,69.04212806387324,3.2301961906917604
ba,mp,6,64,98,inverse,5558.11,5558.11,5558.11,1523.11,1523.11,1523.11,72.59662007408994,3.6491848914392264
ba,mp,7,128,98,forward,11244.11,11244.11,11244.12,3485.11,3485.11,3485.11,69.0050168488213,3.226328580733463
ba,mp,7,128,98,inverse,12838.11,12838.11,12838.11,3418.11,3418.11,3418.11,73.37528654918832,3.7559089672362798
ba,mp,8,256,98,forward,25031.11,25031.11,25031.11,7594.11,7594.11,7594.11,69.66131346152848,3.2961215995027726
ba,mp,8,256,98,inverse,28666.11,28666.11,28666.12,7352.11,7352.11,7352.11,74.3526066145703,3.899031706544108
ba,mp,9,512,98,forward,56559.11,56559.11,56559.12,17099.11,17099.11,17099.11,69.76771734915914,3.307722448712243
ba,mp,9,512,98,inverse,64586.11,64586.11,64586.11,16467.11,16467.11,16467.12,74.50363553401806,3.922127805061119
ba,mp,10,1024,98,forward,123498.11,123498.11,123498.12,36960.11,36960.11,36960.12,70.07232742266258,3.341389135476058
ba,mp,10,1024,98,inverse,141342.11,141342.11,141342.12,35441.11,35441.11,35441.12,74.92530003974045,3.9880836125053643
ba,mp,4,16,99,forward,897.11,897.11,897.11,324.11,324.11,324.11,63.87176600416894,2.7679182993428157
ba,mp,4,16,99,inverse,1026.11,1026.11,1026.11,350.11,350.11,350.11,65.87987642650397,2.9308217417383102
ba,mp,5,32,99,forward,2121.11,2121.11,2121.11,726.11,726.11,726.11,65.76745194732948,2.921196512925039
ba,mp,5,32,99,inverse,2418.11,2418.11,2418.11,743.11,743.11,743.11,69.26897452969469,3.254040451615508
ba,mp,6,64,99,forward,4852.11,4852.11,4852.12,1502.11,1502.11,1502.11,69.04212806387324,3.2301961906917604
ba,mp,6,64,99,inverse,5558.11,5558.11,5558.11,1523.11,1523.11,1523.11,72.59662007408994,3.6491848914392264
ba,mp,7,128,99,forward,11244.11,11244.11,11244.11,3485.11,3485.11,3485.11,69.0050168488213,3.226328580733463
ba,mp,7,128,99,inverse,12838.11,12838.11,12838.11,3418.11,3418.11,3418.11,73.37528654918832,3.7559089672362798
ba,mp,8,256,99,forward,25031.11,25031.11,25031.12,7594.11,7594.11,7594.11,69.66131346152848,3.2961215995027726
ba,mp,8,256,99,inverse,28666.11,28666.11,28666.11,7352.11,7352.11,7352.11,74.3526066145703,3.899031706544108
ba,mp,9,512,99,forward,56559.11,56559.11,56559.12,17099.11,17099.11,17099.11,69.76771734915914,3.307722448712243
ba,mp,9,512,99,inverse,64586.11,64586.11,64586.12,16467.11,16467.11,16467.11,74.50363553401806,3.922127805061119
ba,mp,10,1024,99,forward,123498.11,123498.11,123498.12,36960.11,36960.11,36960.11,70.07232742266258,3.341389135476058
ba,mp,10,1024,99,inverse,141342.11,141342.11,141342.12,35441.11,35441.11,35441.12,74.92530003974045,3.9880836125053643
ba,mp,4,16,100,forward,897.11,897.11,897.11,324.11,324.11,324.11,63.87176600416894,2.7679182993428157
ba,mp,4,16,100,inverse,1026.11,1026.11,1026.11,350.11,350.11,350.11,65.87987642650397,2.9308217417383102
ba,mp,5,32,100,forward,2121.11,2121.11,2121.11,726.11,726.11,726.11,65.76745194732948,2.921196512925039
ba,mp,5,32,100,inverse,2418.11,2418.11,2418.11,743.11,743.11,743.11,69.26897452969469,3.254040451615508
ba,mp,6,64,100,forward,4852.11,4852.11,4852.11,1502.11,1502.11,1502.11,69.04212806387324,3.2301961906917604
ba,mp,6,64,100,inverse,5558.11,5558.11,5558.11,1523.11,1523.11,1523.11,72.59662007408994,3.6491848914392264
ba,mp,7,128,100,forward,11244.11,11244.11,11244.11,3485.11,3485.11,3485.11,69.0050168488213,3.226328580733463
ba,mp,7,128,100,inverse,12838.11,12838.11,12838.11,3418.11,3418.11,3418.11,73.37528654918832,3.7559089672362798
ba,mp,8,256,100,forward,25031.11,25031.11,25031.11,7594.11,7594.11,7594.11,69.66131346152848,3.2961215995027726
ba,mp,8,256,100,inverse,28666.11,28666.11,28666.11,7352.11,7352.11,7352.11,74.3526066145703,3.899031706544108
ba,mp,9,512,100,forward,56559.11,56559.11,56559.12,17099.11,17099.11,17099.11,69.76771734915914,3.307722448712243
ba,mp,9,512,100,inverse,64586.11,64586.11,64586.12,16467.11,16467.11,16467.11,74.50363553401806,3.922127805061119
ba,mp,10,1024,100,forward,123498.11,123498.11,123498.12,36960.11,36960.11,36960.12,70.07232742266258,3.341389135476058
ba,mp,10,1024,100,inverse,141342.11,141342.11,141342.12,35441.11,35441.11,35441.11,74.92530003974045,3.9880836125053643
ba,mp,4,16,101,forward,897.11,897.11,897.11,324.11,324.11,324.11,63.87176600416894,2.7679182993428157
ba,mp,4,16,101,inverse,1026.11,1026.11,1026.11,350.11,350.11,350.11,65.87987642650397,2.9308217417383102
ba,mp,5,32,101,forward,2121.11,2121.11,2121.11,726.11,726.11,726.11,65.76745194732948,2.921196512925039
ba,mp,5,32,101,inverse,2418.11,2418.11,2418.11,743.11,743.11,743.11,69.26897452969469,3.254040451615508
ba,mp,6,64,101,forward,4852.11,4852.11,4852.11,1502.11,1502.11,1502.11,69.04212806387324,3.2301961906917604
ba,mp,6,64,101,inverse,5558.11,5558.11,5558.11,1523.11,1523.11,1523.11,72.59662007408994,3.6491848914392264
ba,mp,7,128,101,forward,11244.11,11244.11,11244.11,3485.11,3485.11,3485.12,69.0050168488213,3.226328580733463
ba,mp,7,128,101,inverse,12838.11,12838.11,12838.11,3418.11,3418.11,3418.11,73.37528654918832,3.7559089672362798
ba,mp,8,256,101,forward,25031.11,25031.11,25031.11,7594.11,7594.11,7594.11,69.66131346152848,3.2961215995027726
ba,mp,8,256,101,inverse,28666.11,28666.11,28666.12,7352.11,7352.11,7352.11,74.3526066145703,3.899031706544108
ba,mp,9,512,101,forward,56559.11,56559.11,56559.12,17099.11,17099.11,17099.11,69.76771734915914,3.307722448712243
ba,mp,9,512,101,inverse,64586.11,64586.11,64586.12,16467.11,16467.11,16467.11,74.50363553401806,3.922127805061119
ba,mp,10,1024,101,forward,123498.11,123498.11,123498.12,36960.11,36960.11,36960.11,70.07232742266258,3.341389135476058
ba,mp,10,1024,101,inverse,141342.11,141342.11,141342.12,35441.11,35441.11,35441.12,74.92530003974045,3.9880836125053643
ba,mp,4,16,102,forward,897.11,897.11,897.11,324.11,324.11,324.11,63.87176600416894,2.7679182993428157
ba,mp,4,16,102,inverse,1026.11,1026.11,1026.11,350.11,350.11,350.11,65.87987642650397,2.9308217417383102
ba,mp,5,32,102,forward,2121.11,2121.11,2121.11,726.11,726.11,726.11,65.76745194732948,2.921196512925039
ba,mp,5,32,102,inverse,2418.11,2418.11,2418.11,743.11,743.11,743.11,69.26897452969469,3.254040451615508
ba,mp,6,64,102,forward,4852.11,4852.11,4852.11,1502.11,1502.11,1502.11,69.04212806387324,3.2301961906917604
ba,mp,6,64,102,inverse,5558.11,5558.11,5558.12,1523.11,1523.11,1523.11,72.59662007408994,3.6491848914392264
ba,mp,7,128,102,forward,11244.11,11244.11,11244.11,3485.11,3485.11,3485.11,69.0050168488213,3.226328580733463
ba,mp,7,128,102,inverse,12838.11,12838.11,12838.11,3418.11,3418.11,3418.11,73.37528654918832,3.7559089672362798
ba,mp,8,256,102,forward,25031.11,25031.11,25031.12,7594.11,7594.11,7594.11,69.66131346152848,3.2961215995027726
ba,mp,8,256,102,inverse,28666.11,28666.11,28666.11,7352.11,7352.11,7352.11,74.3526066145703,3.899031706544108
ba,mp,9,512,102,forward,56559.11,56559.11,56559.12,17099.11,17099.11,17099.11,69.76771734915914,3.307722448712243
ba,mp,9,512,102,inverse,64586.11,64586.11,64586.12,16467.11,16467.11,16467.11,74.50363553401806,3.922127805061119
ba,mp,10,1024,102,forward,123498.11,123498.11,123498.12,36960.11,36960.11,36960.12,70.07232742266258,3.341389135476058
ba,mp,10,1024,102,inverse,141342.11,141342.11,141342.12,35441.11,35441.11,35441.11,74.92530003974045,3.9880836125053643
ba,mp,4,16,103,forward,897.11,897.11,897.11,324.11,324.11,324.11,63.87176600416894,2.7679182993428157
ba,mp,4,16,103,inverse,1026.11,1026.11,1026.12,350.11,350.11,350.11,65.87987642650397,2.9308217417383102
ba,mp,5,32,103,forward,2121.11,2121.11,2121.11,726.11,726.11,726.11,65.76745194732948,2.921196512925039
ba,mp,5,32,103,inverse,2418.11,2418.11,2418.11,743.11,743.11,743.11,69.26897452969469,3.254040451615508
ba,mp,6,64,103,forward,4852.11,4852.11,4852.11,1502.11,1502.11,1502.11,69.04212806387324,3.2301961906917604
ba,mp,6,64,103,inverse,5558.11,5558.11,5558.11,1523.11,1523.11,1523.11,72.59662007408994,3.6491848914392264
ba,mp,7,128,103,forward,11244.11,11244.11,11244.11,3485.11,3485.11,3485.11,69.0050168488213,3.226328580733463
ba,mp,7,128,103,inverse,12838.11,12838.11,12838.11,3418.11,3418.11,3418.11,73.37528654918832,3.7559089672362798
ba,mp,8,256,103,forward,25031.11,25031.11,25031.12,7594.11,7594.11,7594.11,69.66131346152848,3.2961215995027726
ba,mp,8,256,103,inverse,28666.11,28666.11,28666.11,7352.11,7352.11,7352.11,74.3526066145703,3.899031706544108
ba,mp,9,512,103,forward,56559.11,56559.11,56559.12,17099.11,17099.11,17099.11,69.76771734915914,3.307722448712243
ba,mp,9,512,103,inverse,64586.11,64586.11,64586.12,16467.11,16467.11,16467.11,74.50363553401806,3.922127805061119
ba,mp,10,1024,103,forward,123498.11,123498.11,123498.12,36960.11,36960.11,36960.11,70.07232742266258,3.341389135476058
ba,mp,10,1024,103,inverse,141342.11,141342.11,141342.12,35441.11,35441.11,35441.12,74.92530003974045,3.9880836125053643
ba,mp,4,16,104,forward,897.11,897.11,897.11,324.11,324.11,324.11,63.87176600416894,2.7679182993428157
ba,mp,4,16,104,inverse,1026.11,1026.11,1026.11,350.11,350.11,350.11,65.87987642650397,2.9308217417383102
ba,mp,5,32,104,forward,2121.11,2121.11,2121.11,726.11,726.11,726.11,65.76745194732948,2.921196512925039
ba,mp,5,32,104,inverse,2418.11,2418.11,2418.11,743.11,743.11,743.11,69.26897452969469,3.254040451615508
ba,mp,6,64,104,forward,4852.11,4852.11,4852.11,1502.11,1502.11,1502.11,69.04212806387324,3.2301961906917604
ba,mp,6,64,104,inverse,5558.11,5558.11,5558.11,1523.11,1523.11,1523.11,72.59662007408994,3.6491848914392264
ba,mp,7,128,104,forward,11244.11,11244.11,11244.11,3485.11,3485.11,3485.11,69.0050168488213,3.226328580733463
ba,mp,7,128,104,inverse,12838.11,12838.11,12838.12,3418.11,3418.11,3418.11,73.37528654918832,3.7559089672362798
ba,mp,8,256,104,forward,25031.11,25031.11,25031.11,7594.11,7594.11,7594.11,69.66131346152848,3.2961215995027726
ba,mp,8,256,104,inverse,28666.11,28666.11,28666.12,7352.11,7352.11,7352.11,74.3526066145703,3.899031706544108
ba,mp,9,512,104,forward,56559.11,56559.11,56559.12,17099.11,17099.11,17099.11,69.76771734915914,3.307722448712243
ba,mp,9,512,104,inverse,64586.11,64586.11,64586.12,16467.11,16467.11,16467.11,74.50363553401806,3.922127805061119
ba,mp,10,1024,104,forward,123498.11,123498.11,123498.12,36960.11,36960.11,36960.11,70.07232742266258,3.341389135476058
ba,mp,10,1024,104,inverse,141342.11,141342.11,141342.12,35441.11,35441.11,35441.12,74.92530003974045,3.9880836125053643
ba,mp,4,16,105,forward,897.11,897.11,897.11,324.11,324.11,324.11,63.87176600416894,2.7679182993428157
ba,mp,4,16,105,inverse,1026.11,1026.11,1026.11,350.11,350.11,350.11,65.87987642650397,2.9308217417383102
ba,mp,5,32,105,forward,2121.11,2121.11,2121.11,726.11,726.11,726.11,65.76745194732948,2.921196512925039
ba,mp,5,32,105,inverse,2418.11,2418.11,2418.11,743.11,743.11,743.11,69.26897452969469,3.254040451615508
ba,mp,6,64,105,forward,4852.11,4852.11,4852.11,1502.11,1502.11,1502.11,69.04212806387324,3.2301961906917604
ba,mp,6,64,105,inverse,5558.11,5558.11,5558.12,1523.11,1523.11,1523.11,72.59662007408994,3.6491848914392264
ba,mp,7,128,105,forward,11244.11,11244.11,11244.11,3485.11,3485.11,3485.11,69.0050168488213,3.226328580733463
ba,mp,7,128,105,inverse,12838.11,12838.11,12838.11,3418.11,3418.11,3418.11,73.37528654918832,3.7559089672362798
ba,mp,8,256,105,forward,25031.11,25031.11,25031.11,7594.11,7594.11,7594.11,69.66131346152848,3.2961215995027726
ba,mp,8,256,105,inverse,28666.11,28666.11,28666.11,7352.11,7352.11,7352.11,74.3526066145703,3.899031706544108
ba,mp,9,512,105,forward,56559.11,56559.11,56559.11,17099.11,17099.11,17099.12,69.76771734915914,3.307722448712243
ba,mp,9,512,105,inverse,64586.11,64586.11,64586.11,16467.11,16467.11,16467.12,74.50363553401806,3.922127805061119
ba,mp,10,1024,105,forward,123498.11,123498.11,123498.12,36960.11,36960.11,36960.12,70.07232742266258,3.341389135476058
ba,mp,10,1024,105,inverse,141342.11,141342.11,141342.12,35441.11,35441.11,35441.11,74.92530003974045,3.9880836125053643
ba,mp,4,16,106,forward,897.11,897.11,897.11,324.11,324.11,324.11,63.87176600416894,2.7679182993428157
ba,mp,4,16,106,inverse,1026.11,1026.11,1026.11,350.11,350.11,350.11,65.87987642650397,2.9308217417383102
ba,mp,5,32,106,forward,2121.11,2121.11,2121.11,726.11,726.11,726.11,65.76745194732948,2.921196512925039
ba,mp,5,32,106,inverse,2418.11,2418.11,2418.11,743.11,743.11,743.11,69.26897452969469,3.254040451615508
ba,mp,6,64,106,forward,4852.11,4852.11,4852.11,1502.11,1502.11,1502.11,69.04212806387324,3.2301961906917604
ba,mp,6,64,106,inverse,5558.11,5558.11,5558.11,1523.11,1523.11,1523.11,72.59662007408994,3.6491848914392264
ba,mp,7,128,106,forward,11244.11,11244.11,11244.11,3485.11,3485.11,3485.11,69.0050168488213,3.226328580733463
ba,mp,7,128,106,inverse,12838.11,12838.11,12838.11,3418.11,3418.11,3418.11,73.37528654918832,3.7559089672362798
ba,mp,8,256,106,forward,25031.11,25031.11,25031.12,7594.11,7594.11,7594.11,69.66131346152848,3.2961215995027726
ba,mp,8,256,106,inverse,28666.11,28666.11,28666.11,7352.11,7352.11,7352.11,74.3526066145703,3.899031706544108
ba,mp,9,512,106,forward,56559.11,56559.11,56559.12,17099.11,17099.11,17099.11,69.76771734915914,3.307722448712243
ba,mp,9,512,106,inverse,64586.11,64586.11,64586.12,16467.11,16467.11,16467.11,74.50363553401806,3.922127805061119
ba,mp,10,1024,106,forward,123498.11,123498.11,123498.12,36960.11,36960.11,36960.11,70.07232742266258,3.341389135476058
ba,mp,10,1024,106,inverse,141342.11,141342.11,141342.12,35441.11,35441.11,35441.12,74.92530003974045,3.9880836125053643
ba,mp,4,16,107,forward,897.11,897.11,897.11,324.11,324.11,324.11,63.87176600416894,2.7679182993428157
ba,mp,4,16,107,inverse,1026.11,1026.11,1026.11,350.11,350.11,350.11,65.87987642650397,2.9308217417383102
ba,mp,5,32,107,forward,2121.11,2121.11,2121.11,726.11,726.11,726.11,65.76745194732948,2.921196512925039
ba,mp,5,32,107,inverse,2418.11,2418.11,2418.11,743.11,743.11,743.11,69.26897452969469,3.254040451615508
ba,mp,6,64,107,forward,4852.11,4852.11,4852.11,1502.11,1502.11,1502.11,69.04212806387324,3.2301961906917604
ba,mp,6,64,107,inverse,5558.11,5558.11,5558.11,1523.11,1523.11,1523.11,72.59662007408994,3.6491848914392264
ba,mp,7,128,107,forward,11244.11,11244.11,11244.11,3485.11,3485.11,3485.11,69.0050168488213,3.226328580733463
ba,mp,7,128,107,inverse,12838.11,12838.11,12838.12,3418.11,3418.11,3418.11,73.37528654918832,3.7559089672362798
ba,mp,8,256,107,forward,25031.11,25031.11,25031.11,7594.11,7594.11,7594.11,69.66131346152848,3.2961215995027726
ba,mp,8,256,107,inverse,28666.11,28666.11,28666.12,7352.11,7352.11,7352.11,74.3526066145703,3.899031706544108
ba,mp,9,512,107,forward,56559.11,56559.11,56559.11,17099.11,17099.11,17099.12,69.76771734915914,3.307722448712243
ba,mp,9,512,107,inverse,64586.11,64586.11,64586.12,16467.11,16467.11,16467.11,74.50363553401806,3.922127805061119
ba,mp,10,1024,107,forward,123498.11,123498.11,123498.12,36960.11,36960.11,36960.12,70.07232742266258,3.341389135476058
ba,mp,10,1024,107,inverse,141342.11,141342.11,141342.12,35441.11,35441.11,35441.12,74.92530003974045,3.9880836125053643
ba,mp,4,16,108,forward,897.11,897.11,897.11,324.11,324.11,324.11,63.87176600416894,2.7679182993428157
ba,mp,4,16,108,inverse,1026.11,1026.11,1026.11,350.11,350.11,350.11,65.87987642650397,2.9308217417383102
ba,mp,5,32,108,forward,2121.11,2121.11,2121.11,726.11,726.11,726.11,65.76745194732948,2.921196512925039
ba,mp,5,32,108,inverse,2418.11,2418.11,2418.11,743.11,743.11,743.11,69.26897452969469,3.254040451615508
ba,mp,6,64,108,forward,4852.11,4852.11,4852.11,1502.11,1502.11,1502.11,69.04212806387324,3.2301961906917604
ba,mp,6,64,108,inverse,5558.11,5558.11,5558.12,1523.11,1523.11,1523.11,72.59662007408994,3.6491848914392264
ba,mp,7,128,108,forward,11244.11,11244.11,11244.11,3485.11,3485.11,3485.11,69.0050168488213,3.226328580733463
ba,mp,7,128,108,inverse,12838.11,12838.11,12838.11,3418.11,3418.11,3418.11,73.37528654918832,3.7559089672362798
ba,mp,8,256,108,forward,25031.11,25031.11,25031.11,7594.11,7594.11,7594.11,69.66131346152848,3.2961215995027726
ba,mp,8,256,108,inverse,28666.11,28666.11,28666.11,7352.11,7352.11,7352.11,74.3526066145703,3.899031706544108
ba,mp,9,512,108,forward,56559.11,56559.11,56559.12,17099.11,17099.11,17099.11,69.76771734915914,3.307722448712243
ba,mp,9,512,108,inverse,64586.11,64586.11,64586.11,16467.11,16467.11,16467.12,74.50363553401806,3.922127805061119
ba,mp,10,1024,108,forward,123498.11,123498.11,123498.12,36960.11,36960.11,36960.12,70.07232742266258,3.341389135476058
ba,mp,10,1024,108,inverse,141342.11,141342.11,141342.12,35441.11,35441.11,35441.11,74.92530003974045,3.9880836125053643
ba,mp,4,16,109,forward,897.11,897.11,897.11,324.11,324.11,324.11,63.87176600416894,2.7679182993428157
ba,mp,4,16,109,inverse,1026.11,1026.11,1026.11,350.11,350.11,350.11,65.87987642650397,2.9308217417383102
ba,mp,5,32,109,forward,2121.11,2121.11,2121.11,726.11,726.11,726.11,65.76745194732948,2.921196512925039
ba,mp,5,32,109,inverse,2418.11,2418.11,2418.11,743.11,743.11,743.11,69.26897452969469,3.254040451615508
ba,mp,6,64,109,forward,4852.11,4852.11,4852.11,1502.11,1502.11,1502.11,69.04212806387324,3.2301961906917604
ba,mp,6,64,109,inverse,5558.11,5558.11,5558.11,1523.11,1523.11,1523.11,72.59662007408994,3.6491848914392264
ba,mp,7,128,109,forward,11244.11,11244.11,11244.11,3485.11,3485.11,3485.11,69.0050168488213,3.226328580733463
ba,mp,7,128,109,inverse,12838.11,12838.11,12838.11,3418.11,3418.11,3418.11,73.37528654918832,3.7559089672362798
ba,mp,8,256,109,forward,25031.11,25031.11,25031.11,7594.11,7594.11,7594.12,69.66131346152848,3.2961215995027726
ba,mp,8,256,109,inverse,28666.11,28666.11,28666.11,7352.11,7352.11,7352.11,74.3526066145703,3.899031706544108
ba,mp,9,512,109,forward,56559.11,56559.11,56559.12,17099.11,17099.11,17099.11,69.76771734915914,3.307722448712243
ba,mp,9,512,109,inverse,64586.11,64586.11,64586.12,16467.11,16467.11,16467.11,74.50363553401806,3.922127805061119
ba,mp,10,1024,109,forward,123498.11,123498.11,123498.12,36960.11,36960.11,36960.11,70.07232742266258,3.341389135476058
ba,mp,10,1024,109,inverse,141342.11,141342.11,141342.12,35441.11,35441.11,35441.11,74.92530003974045,3.9880836125053643
ba,mp,4,16,110,forward,897.11,897.11,897.11,324.11,324.11,324.11,63.87176600416894,2.7679182993428157
ba,mp,4,16,110,inverse,1026.11,1026.11,1026.11,350.11,350.11,350.11,65.87987642650397,2.9308217417383102
ba,mp,5,32,110,forward,2121.11,2121.11,2121.11,726.11,726.11,726.11,65.76745194732948,2.921196512925039
ba,mp,5,32,110,inverse,2418.11,2418.11,2418.11,743.11,743.11,743.11,69.26897452969469,3.254040451615508
ba,mp,6,64,110,forward,4852.11,4852.11,4852.11,1502.11,1502.11,1502.11,69.04212806387324,3.2301961906917604
ba,mp,6,64,110,inverse,5558.11,5558.11,5558.11,1523.11,1523.11,1523.11,72.59662007408994,3.6491848914392264
ba,mp,7,128,110,forward,11244.11,11244.11,11244.11,3485.11,3485.11,3485.11,69.0050168488213,3.226328580733463
ba,mp,7,128,110,inverse,12838.11,12838.11,12838.12,3418.11,3418.11,3418.11,73.37528654918832,3.7559089672362798
ba,mp,8,256,110,forward,25031.11,25031.11,25031.11,7594.11,7594.11,7594.11,69.66131346152848,3.2961215995027726
ba,mp,8,256,110,inverse,28666.11,28666.11,28666.12,7352.11,7352.11,7352.11,74.3526066145703,3.899031706544108
ba,mp,9,512,110,forward,56559.11,56559.11,56559.11,17099.11,17099.11,17099.12,69.76771734915914,3.307722448712243
ba,mp,9,512,110,inverse,64586.11,64586.11,64586.12,16467.11,16467.11,16467.11,74.50363553401806,3.922127805061119
ba,mp,10,1024,110,forward,123498.11,123498.11,123498.12,36960.11,36960.11,36960.12,70.07232742266258,3.341389135476058
ba,mp,10,1024,110,inverse,141342.11,141342.11,141342.12,35441.11,35441.11,35441.12,74.92530003974045,3.9880836125053643
ba,mp,4,16,111,forward,897.11,897.11,897.11,324.11,324.11,324.11,63.87176600416894,2.7679182993428157
ba,mp,4,16,111,inverse,1026.11,1026.11,1026.11,350.11,350.11,350.11,65.87987642650397,2.9308217417383102
ba,mp,5,32,111,forward,2121.11,2121.11,2121.11,726.11,726.11,726.11,65.76745194732948,2.921196512925039
ba,mp,5,32,111,inverse,2418.11,2418.11,2418.11,743.11,743.11,743.11,69.26897452969469,3.254040451615508
ba,mp,6,64,111,forward,4852.11,4852.11,4852.11,1502.11,1502.11,1502.11,69.04212806387324,3.2301961906917604
ba,mp,6,64,111,inverse,5558.11,5558.11,5558.12,1523.11,1523.11,1523.11,72.59662007408994,3.6491848914392264
ba,mp,7,128,111,forward,11244.11,11244.11,11244.11,3485.11,3485.11,3485.11,69.0050168488213,3.226328580733463
ba,mp,7,128,111,inverse,12838.11,12838.11,12838.11,3418.11,3418.11,3418.11,73.37528654918832,3.7559089672362798
ba,mp,8,256,111,forward,25031.11,25031.11,25031.11,7594.11,7594.11,7594.11,69.66131346152848,3.2961215995027726
ba,mp,8,256,111,inverse,28666.11,28666.11,28666.12,7352.11,7352.11,7352.11,74.3526066145703,3.899031706544108
ba,mp,9,512,111,forward,56559.11,56559.11,56559.12,17099.11,17099.11,17099.11,69.76771734915914,3.307722448712243
ba,mp,9,512,111,inverse,64586.11,64586.11,64586.12,16467.11,16467.11,16467.11,74.50363553401806,3.922127805061119
ba,mp,10,1024,111,forward,123498.11,123498.11,123498.12,36960.11,36960.11,36960.11,70.07232742266258,3.341389135476058
ba,mp,10,1024,111,inverse,141342.11,141342.11,141342.12,35441.11,35441.11,35441.11,74.92530003974045,3.9880836125053643
ba,mp,4,16,112,forward,897.11,897.11,897.11,324.11,324.11,324.11,63.87176600416894,2.7679182993428157
ba,mp,4,16,112,inverse,1026.11,1026.11,1026.11,350.11,350.11,350.11,65.87987642650397,2.9308217417383102
ba,mp,5,32,112,forward,2121.11,2121.11,2121.11,726.11,726.11,726.11,65.76745194732948,2.921196512925039
ba,mp,5,32,112,inverse,2418.11,2418.11,2418.11,743.11,743.11,743.11,69.26897452969469,3.254040451615508
ba,mp,6,64,112,forward,4852.11,4852.11,4852.11,1502.11,1502.11,1502.11,69.04212806387324,3.2301961906917604
ba,mp,6,64,112,inverse,5558.11,5558.11,5558.11,1523.11,1523.11,1523.11,72.59662007408994,3.6491848914392264
ba,mp,7,128,112,forward,11244.11,11244.11,11244.11,3485.11,3485.11,3485.11,69.0050168488213,3.226328580733463
ba,mp,7,128,112,inverse,12838.11,12838.11,12838.11,3418.11,3418.11,3418.11,73.37528654918832,3.7559089672362798
ba,mp,8,256,112,forward,25031.11,25031.11,25031.12,7594.11,7594.11,7594.11,69.66131346152848,3.2961215995027726
ba,mp,8,256,112,inverse,28666.11,28666.11,28666.11,7352.11,7352.11,7352.11,74.3526066145703,3.899031706544108
ba,mp,9,512,112,forward,56559.11,56559.11,56559.12,17099.11,17099.11,17099.11,69.76771734915914,3.307722448712243
ba,mp,9,512,112,inverse,64586.11,64586.11,64586.12,16467.11,16467.11,16467.11,74.50363553401806,3.922127805061119
ba,mp,10,1024,112,forward,123498.11,123498.11,123498.12,36960.11,36960.11,36960.11,70.07232742266258,3.341389135476058
ba,mp,10,1024,112,inverse,141342.11,141342.11,141342.12,35441.11,35441.11,35441.12,74.92530003974045,3.9880836125053643
ba,mp,4,16,113,forward,897.11,897.11,897.11,324.11,324.11,324.11,63.87176600416894,2.7679182993428157
ba,mp,4,16,113,inverse,1026.11,1026.11,1026.11,350.11,350.11,350.11,65.87987642650397,2.9308217417383102
ba,mp,5,32,113,forward,2121.11,2121.11,2121.11,726.11,726.11,726.11,65.76745194732948,2.921196512925039
ba,mp,5,32,113,inverse,2418.11,2418.11,2418.11,743.11,743.11,743.11,69.26897452969469,3.254040451615508
ba,mp,6,64,113,forward,4852.11,4852.11,4852.11,1502.11,1502.11,1502.11,69.04212806387324,3.2301961906917604
ba,mp,6,64,113,inverse,5558.11,5558.11,5558.11,1523.11,1523.11,1523.11,72.59662007408994,3.6491848914392264
ba,mp,7,128,113,forward,11244.11,11244.11,11244.11,3485.11,3485.11,3485.11,69.0050168488213,3.226328580733463
ba,mp,7,128,113,inverse,12838.11,12838.11,12838.11,3418.11,3418.11,3418.12,73.37528654918832,3.7559089672362798
ba,mp,8,256,113,forward,25031.11,25031.11,25031.11,7594.11,7594.11,7594.11,69.66131346152848,3.2961215995027726
ba,mp,8,256,113,inverse,28666.11,28666.11,28666.12,7352.11,7352.11,7352.11,74.3526066145703,3.899031706544108
ba,mp,9,512,113,forward,56559.11,56559.11,56559.12,17099.11,17099.11,17099.11,69.76771734915914,3.307722448712243
ba,mp,9,512,113,inverse,64586.11,64586.11,64586.12,16467.11,16467.11,16467.11,74.50363553401806,3.922127805061119
ba,mp,10,1024,113,forward,123498.11,123498.11,123498.12,36960.11,36960.11,36960.12,70.07232742266258,3.341389135476058
ba,mp,10,1024,113,inverse,141342.11,141342.11,141342.12,35441.11,35441.11,35441.11,74.92530003974045,3.9880836125053643
ba,mp,4,16,114,forward,897.11,897.11,897.11,324.11,324.11,324.11,63.87176600416894,2.7679182993428157
ba,mp,4,16,114,inverse,1026.11,1026.11,1026.11,350.11,350.11,350.11,65.87987642650397,2.9308217417383102
ba,mp,5,32,114,forward,2121.11,2121.11,2121.11,726.11,726.11,726.11,65.76745194732948,2.921196512925039
ba,mp,5,32,114,inverse,2418.11,2418.11,2418.11,743.11,743.11,743.11,69.26897452969469,3.254040451615508
ba,mp,6,64,114,forward,4852.11,4852.11,4852.11,1502.11,1502.11,1502.11,69.04212806387324,3.2301961906917604
ba,mp,6,64,114,inverse,5558.11,5558.11,5558.11,1523.11,1523.11,1523.11,72.59662007408994,3.6491848914392264
ba,mp,7,128,114,forward,11244.11,11244.11,11244.11,3485.11,3485.11,3485.11,69.0050168488213,3.226328580733463
ba,mp,7,128,114,inverse,12838.11,12838.11,12838.11,3418.11,3418.11,3418.11,73.37528654918832,3.7559089672362798
ba,mp,8,256,114,forward,25031.11,25031.11,25031.11,7594.11,7594.11,7594.11,69.66131346152848,3.2961215995027726
ba,mp,8,256,114,inverse,28666.11,28666.11,28666.12,7352.11,7352.11,7352.11,74.3526066145703,3.899031706544108
ba,mp,9,512,114,forward,56559.11,56559.11,56559.12,17099.11,17099.11,17099.11,69.76771734915914,3.307722448712243
ba,mp,9,512,114,inverse,64586.11,64586.11,64586.12,16467.11,16467.11,16467.11,74.50363553401806,3.922127805061119
ba,mp,10,1024,114,forward,123498.11,123498.11,123498.12,36960.11,36960.11,36960.11,70.07232742266258,3.341389135476058
ba,mp,10,1024,114,inverse,141342.11,141342.11,141342.12,35441.11,35441.11,35441.11,74.92530003974045,3.9880836125053643
ba,mp,4,16,115,forward,897.11,897.11,897.11,324.11,324.11,324.11,63.87176600416894,2.7679182993428157
ba,mp,4,16,115,inverse,1026.11,1026.11,1026.11,350.11,350.11,350.11,65.87987642650397,2.9308217417383102
ba,mp,5,32,115,forward,2121.11,2121.11,2121.11,726.11,726.11,726.12,65.76745194732948,2.921196512925039
ba,mp,5,32,115,inverse,2418.11,2418.11,2418.11,743.11,743.11,743.11,69.26897452969469,3.254040451615508
ba,mp,6,64,115,forward,4852.11,4852.11,4852.11,1502.11,1502.11,1502.11,69.04212806387324,3.2301961906917604
ba,mp,6,64,115,inverse,5558.11,5558.11,5558.11,1523.11,1523.11,1523.11,72.59662007408994,3.6491848914392264
ba,mp,7,128,115,forward,11244.11,11244.11,11244.11,3485.11,3485.11,3485.11,69.0050168488213,3.226328580733463
ba,mp,7,128,115,inverse,12838.11,12838.11,12838.11,3418.11,3418.11,3418.11,73.37528654918832,3.7559089672362798
ba,mp,8,256,115,forward,25031.11,25031.11,25031.12,7594.11,7594.11,7594.11,69.66131346152848,3.2961215995027726
ba,mp,8,256,115,inverse,28666.11,28666.11,28666.11,7352.11,7352.11,7352.11,74.3526066145703,3.899031706544108
ba,mp,9,512,115,forward,56559.11,56559.11,56559.12,17099.11,17099.11,17099.11,69.76771734915914,3.307722448712243
ba,mp,9,512,115,inverse,64586.11,64586.11,64586.12,16467.11,16467.11,16467.11,74.50363553401806,3.922127805061119
ba,mp,10,1024,115,forward,123498.11,123498.11,123498.12,36960.11,36960.11,36960.11,70.07232742266258,3.341389135476058
ba,mp,10,1024,115,inverse,141342.11,141342.11,141342.12,35441.11,35441.11,35441.11,74.92530003974045,3.9880836125053643
ba,mp,4,16,116,forward,897.11,897.11,897.11,324.11,324.11,324.11,63.87176600416894,2.7679182993428157
ba,mp,4,16,116,inverse,1026.11,1026.11,1026.11,350.11,350.11,350.11,65.87987642650397,2.9308217417383102
ba,mp,5,32,116,forward,2121.11,2121.11,2121.11,726.11,726.11,726.11,65.76745194732948,2.921196512925039
ba,mp,5,32,116,inverse,2418.11,2418.11,2418.11,743.11,743.11,743.11,69.26897452969469,3.254040451615508
ba,mp,6,64,116,forward,4852.11,4852.11,4852.11,1502.11,1502.11,1502.11,69.04212806387324,3.2301961906917604
ba,mp,6,64,116,inverse,5558.11,5558.11,5558.11,1523.11,1523.11,1523.11,72.59662007408994,3.6491848914392264
ba,mp,7,128,116,forward,11244.11,11244.11,11244.11,3485.11,3485.11,3485.11,69.0050168488213,3.226328580733463
ba,mp,7,128,116,inverse,12838.11,12838.11,12838.12,3418.11,3418.11,3418.11,73.37528654918832,3.7559089672362798
ba,mp,8,256,116,forward,25031.11,25031.11,25031.11,7594.11,7594.11,7594.11,69.66131346152848,3.2961215995027726
ba,mp,8,256,116,inverse,28666.11,28666.11,28666.12,7352.11,7352.11,7352.11,74.3526066145703,3.899031706544108
ba,mp,9,512,116,forward,56559.11,56559.11,56559.11,17099.11,17099.11,17099.12,69.76771734915914,3.307722448712243
ba,mp,9,512,116,inverse,64586.11,64586.11,64586.12,16467.11,16467.11,16467.11,74.50363553401806,3.922127805061119
ba,mp,10,1024,116,forward,123498.11,123498.11,123498.12,36960.11,36960.11,36960.12,70.07232742266258,3.341389135476058
ba,mp,10,1024,116,inverse,141342.11,141342.11,141342.12,35441.11,35441.11,35441.12,74.92530003974045,3.9880836125053643
ba,mp,4,16,117,forward,897.11,897.11,897.11,324.11,324.11,324.11,63.87176600416894,2.7679182993428157
ba,mp,4,16,117,inverse,1026.11,1026.11,1026.11,350.11,350.11,350.11,65.87987642650397,2.9308217417383102
ba,mp,5,32,117,forward,2121.11,2121.11,2121.11,726.11,726.11,726.11,65.76745194732948,2.921196512925039
ba,mp,5,32,117,inverse,2418.11,2418.11,2418.11,743.11,743.11,743.11,69.26897452969469,3.254040451615508
ba,mp,6,64,117,forward,4852.11,4852.11,4852.11,1502.11,1502.11,1502.11,69.04212806387324,3.2301961906917604
ba,mp,6,64,117,inverse,5558.11,5558.11,5558.12,1523.11,1523.11,1523.11,72.59662007408994,3.6491848914392264
ba,mp,7,128,117,forward,11244.11,11244.11,11244.11,3485.11,3485.11,3485.11,69.0050168488213,3.226328580733463
ba,mp,7,128,117,inverse,12838.11,12838.11,12838.11,3418.11,3418.11,3418.11,73.37528654918832,3.7559089672362798
ba,mp,8,256,117,forward,25031.11,25031.11,25031.11,7594.11,7594.11,7594.11,69.66131346152848,3.2961215995027726
ba,mp,8,256,117,inverse,28666.11,28666.11,28666.12,7352.11,7352.11,7352.11,74.3526066145703,3.899031706544108
ba,mp,9,512,117,forward,56559.11,56559.11,56559.12,17099.11,17099.11,17099.11,69.76771734915914,3.307722448712243
ba,mp,9,512,117,inverse,64586.11,64586.11,64586.12,16467.11,16467.11,16467.11,74.50363553401806,3.922127805061119
ba,mp,10,1024,117,forward,123498.11,123498.11,123498.12,36960.11,36960.11,36960.11,70.07232742266258,3.341389135476058
ba,mp,10,1024,117,inverse,141342.11,141342.11,141342.12,35441.11,35441.11,35441.11,74.92530003974045,3.9880836125053643
ba,mp,4,16,118,forward,897.11,897.11,897.11,324.11,324.11,324.11,63.87176600416894,2.7679182993428157
ba,mp,4,16,118,inverse,1026.11,1026.11,1026.11,350.11,350.11,350.11,65.87987642650397,2.9308217417383102
ba,mp,5,32,118,forward,2121.11,2121.11,2121.11,726.11,726.11,726.12,65.76745194732948,2.921196512925039
ba,mp,5,32,118,inverse,2418.11,2418.11,2418.11,743.11,743.11,743.11,69.26897452969469,3.254040451615508
ba,mp,6,64,118,forward,4852.11,4852.11,4852.11,1502.11,1502.11,1502.11,69.04212806387324,3.2301961906917604
ba,mp,6,64,118,inverse,5558.11,5558.11,5558.11,1523.11,1523.11,1523.11,72.59662007408994,3.6491848914392264
ba,mp,7,128,118,forward,11244.11,11244.11,11244.11,3485.11,3485.11,3485.11,69.0050168488213,3.226328580733463
ba,mp,7,128,118,inverse,12838.11,12838.11,12838.11,3418.11,3418.11,3418.11,73.37528654918832,3.7559089672362798
ba,mp,8,256,118,forward,25031.11,25031.11,25031.11,7594.11,7594.11,7594.12,69.66131346152848,3.2961215995027726
ba,mp,8,256,118,inverse,28666.11,28666.11,28666.11,7352.11,7352.11,7352.11,74.3526066145703,3.899031706544108
ba,mp,9,512,118,forward,56559.11,56559.11,56559.12,17099.11,17099.11,17099.11,69.76771734915914,3.307722448712243
ba,mp,9,512,118,inverse,64586.11,64586.11,64586.12,16467.11,16467.11,16467.11,74.50363553401806,3.922127805061119
ba,mp,10,1024,118,forward,123498.11,123498.11,123498.12,36960.11,36960.11,36960.11,70.07232742266258,3.341389135476058
ba,mp,10,1024,118,inverse,141342.11,141342.11,141342.12,35441.11,35441.11,35441.11,74.92530003974045,3.9880836125053643
ba,mp,4,16,119,forward,897.11,897.11,897.11,324.11,324.11,324.11,63.87176600416894,2.7679182993428157
ba,mp,4,16,119,inverse,1026.11,1026.11,1026.11,350.11,350.11,350.11,65.87987642650397,2.9308217417383102
ba,mp,5,32,119,forward,2121.11,2121.11,2121.11,726.11,726.11,726.11,65.76745194732948,2.921196512925039
ba,mp,5,32,119,inverse,2418.11,2418.11,2418.11,743.11,743.11,743.11,69.26897452969469,3.254040451615508
ba,mp,6,64,119,forward,4852.11,4852.11,4852.11,1502.11,1502.11,1502.11,69.04212806387324,3.2301961906917604
ba,mp,6,64,119,inverse,5558.11,5558.11,5558.11,1523.11,1523.11,1523.11,72.59662007408994,3.6491848914392264
ba,mp,7,128,119,forward,11244.11,11244.11,11244.11,3485.11,3485.11,3485.11,69.0050168488213,3.226328580733463
ba,mp,7,128,119,inverse,12838.11,12838.11,12838.11,3418.11,3418.11,3418.12,73.37528654918832,3.7559089672362798
ba,mp,8,256,119,forward,25031.11,25031.11,25031.11,7594.11,7594.11,7594.11,69.66131346152848,3.2961215995027726
ba,mp,8,256,119,inverse,28666.11,28666.11,28666.12,7352.11,7352.11,7352.11,74.3526066145703,3.899031706544108
ba,mp,9,512,119,forward,56559.11,56559.11,56559.11,17099.11,17099.11,17099.12,69.76771734915914,3.307722448712243
ba,mp,9,512,119,inverse,64586.11,64586.11,64586.12,16467.11,16467.11,16467.11,74.50363553401806,3.922127805061119
ba,mp,10,1024,119,forward,123498.11,123498.11,123498.12,36960.11,36960.11,36960.12,70.07232742266258,3.341389135476058
ba,mp,10,1024,119,inverse,141342.11,141342.11,141342.12,35441.11,35441.11,35441.11,74.92530003974045,3.9880836125053643
ba,mp,4,16,120,forward,897.11,897.11,897.11,324.11,324.11,324.11,63.87176600416894,2.7679182993428157
ba,mp,4,16,120,inverse,1026.11,1026.11,1026.11,350.11,350.11,350.11,65.87987642650397,2.9308217417383102
ba,mp,5,32,120,forward,2121.11,2121.11,2121.11,726.11,726.11,726.11,65.76745194732948,2.921196512925039
ba,mp,5,32,120,inverse,2418.11,2418.11,2418.11,743.11,743.11,743.11,69.26897452969469,3.254040451615508
ba,mp,6,64,120,forward,4852.11,4852.11,4852.11,1502.11,1502.11,1502.11,69.04212806387324,3.2301961906917604
ba,mp,6,64,120,inverse,5558.11,5558.11,5558.11,1523.11,1523.11,1523.11,72.59662007408994,3.6491848914392264
ba,mp,7,128,120,forward,11244.11,11244.11,11244.11,3485.11,3485.11,3485.11,69.0050168488213,3.226328580733463
ba,mp,7,128,120,inverse,12838.11,12838.11,12838.11,3418.11,3418.11,3418.11,73.37528654918832,3.7559089672362798
ba,mp,8,256,120,forward,25031.11,25031.11,25031.11,7594.11,7594.11,7594.11,69.66131346152848,3.2961215995027726
ba,mp,8,256,120,inverse,28666.11,28666.11,28666.11,7352.11,7352.11,7352.12,74.3526066145703,3.899031706544108
ba,mp,9,512,120,forward,56559.11,56559.11,56559.12,17099.11,17099.11,17099.11,69.76771734915914,3.307722448712243
ba,mp,9,512,120,inverse,64586.11,64586.11,64586.12,16467.11,16467.11,16467.11,74.50363553401806,3.922127805061119
ba,mp,10,1024,120,forward,123498.11,123498.11,123498.12,36960.11,36960.11,36960.11,70.07232742266258,3.341389135476058
ba,mp,10,1024,120,inverse,141342.11,141342.11,141342.12,35441.11,35441.11,35441.11,74.92530003974045,3.9880836125053643
ba,mp,4,16,121,forward,897.11,897.11,897.11,324.11,324.11,324.11,63.87176600416894,2.7679182993428157
ba,mp,4,16,121,inverse,1026.11,1026.11,1026.11,350.11,350.11,350.11,65.87987642650397,2.9308217417383102
ba,mp,5,32,121,forward,2121.11,2121.11,2121.11,726.11,726.11,726.11,65.76745194732948,2.921196512925039
ba,mp,5,32,121,inverse,2418.11,2418.11,2418.11,743.11,743.11,743.11,69.26897452969469,3.254040451615508
ba,mp,6,64,121,forward,4852.11,4852.11,4852.11,1502.11,1502.11,1502.11,69.04212806387324,3.2301961906917604
ba,mp,6,64,121,inverse,5558.11,5558.11,5558.11,1523.11,1523.11,1523.11,72.59662007408994,3.6491848914392264
ba,mp,7,128,121,forward,11244.11,11244.11,11244.11,3485.11,3485.11,3485.11,69.0050168488213,3.226328580733463
ba,mp,7,128,121,inverse,12838.11,12838.11,12838.11,3418.11,3418.11,3418.11,73.37528654918832,3.7559089672362798
ba,mp,8,256,121,forward,25031.11,25031.11,25031.12,7594.11,7594.11,7594.11,69.66131346152848,3.2961215995027726
ba,mp,8,256,121,inverse,28666.11,28666.11,28666.11,7352.11,7352.11,7352.11,74.3526066145703,3.899031706544108
ba,mp,9,512,121,forward,56559.11,56559.11,56559.12,17099.11,17099.11,17099.11,69.76771734915914,3.307722448712243
ba,mp,9,512,121,inverse,64586.11,64586.11,64586.12,16467.11,16467.11,16467.11,74.50363553401806,3.922127805061119
ba,mp,10,1024,121,forward,123498.11,123498.11,123498.12,36960.11,36960.11,36960.12,70.07232742266258,3.341389135476058
ba,mp,10,1024,121,inverse,141342.11,141342.11,141342.12,35441.11,35441.11,35441.12,74.92530003974045,3.9880836125053643
ba,mp,4,16,122,forward,897.11,897.11,897.11,324.11,324.11,324.11,63.87176600416894,2.7679182993428157
ba,mp,4,16,122,inverse,1026.11,1026.11,1026.11,350.11,350.11,350.11,65.87987642650397,2.9308217417383102
ba,mp,5,32,122,forward,2121.11,2121.11,2121.11,726.11,726.11,726.11,65.76745194732948,2.921196512925039
ba,mp,5,32,122,inverse,2418.11,2418.11,2418.11,743.11,743.11,743.11,69.26897452969469,3.254040451615508
ba,mp,6,64,122,forward,4852.11,4852.11,4852.11,1502.11,1502.11,1502.11,69.04212806387324,3.2301961906917604
ba,mp,6,64,122,inverse,5558.11,5558.11,5558.11,1523.11,1523.11,1523.11,72.59662007408994,3.6491848914392264
ba,mp,7,128,122,forward,11244.11,11244.11,11244.11,3485.11,3485.11,3485.11,69.0050168488213,3.226328580733463
ba,mp,7,128,122,inverse,12838.11,12838.11,12838.12,3418.11,3418.11,3418.11,73.37528654918832,3.7559089672362798
ba,mp,8,256,122,forward,25031.11,25031.11,25031.11,7594.11,7594.11,7594.11,69.66131346152848,3.2961215995027726
ba,mp,8,256,122,inverse,28666.11,28666.11,28666.12,7352.11,7352.11,7352.11,74.3526066145703,3.899031706544108
ba,mp,9,512,122,forward,56559.11,56559.11,56559.12,17099.11,17099.11,17099.11,69.76771734915914,3.307722448712243
ba,mp,9,512,122,inverse,64586.11,64586.11,64586.11,16467.11,16467.11,16467.12,74.50363553401806,3.922127805061119
ba,mp,10,1024,122,forward,123498.11,123498.11,123498.12,36960.11,36960.11,36960.12,70.07232742266258,3.341389135476058
ba,mp,10,1024,122,inverse,141342.11,141342.11,141342.12,35441.11,35441.11,35441.11,74.92530003974045,3.9880836125053643
ba,mp,4,16,123,forward,897.11,897.11,897.11,324.11,324.11,324.11,63.87176600416894,2.7679182993428157
ba,mp,4,16,123,inverse,1026.11,1026.11,1026.11,350.11,350.11,350.11,65.87987642650397,2.9308217417383102
ba,mp,5,32,123,forward,2121.11,2121.11,2121.11,726.11,726.11,726.11,65.76745194732948,2.921196512925039
ba,mp,5,32,123,inverse,2418.11,2418.11,2418.11,743.11,743.11,743.11,69.26897452969469,3.254040451615508
ba,mp,6,64,123,forward,4852.11,4852.11,4852.11,1502.11,1502.11,1502.11,69.04212806387324,3.2301961906917604
ba,mp,6,64,123,inverse,5558.11,5558.11,5558.11,1523.11,1523.11,1523.11,72.59662007408994,3.6491848914392264
ba,mp,7,128,123,forward,11244.11,11244.11,11244.11,3485.11,3485.11,3485.11,69.0050168488213,3.226328580733463
ba,mp,7,128,123,inverse,12838.11,12838.11,12838.11,3418.11,3418.11,3418.11,73.37528654918832,3.7559089672362798
ba,mp,8,256,123,forward,25031.11,25031.11,25031.11,7594.11,7594.11,7594.11,69.66131346152848,3.2961215995027726
ba,mp,8,256,123,inverse,28666.11,28666.11,28666.12,7352.11,7352.11,7352.11,74.3526066145703,3.899031706544108
ba,mp,9,512,123,forward,56559.11,56559.11,56559.12,17099.11,17099.11,17099.11,69.76771734915914,3.307722448712243
ba,mp,9,512,123,inverse,64586.11,64586.11,64586.12,16467.11,16467.11,16467.11,74.50363553401806,3.922127805061119
ba,mp,10,1024,123,forward,123498.11,123498.11,123498.12,36960.11,36960.11,36960.11,70.07232742266258,3.341389135476058
ba,mp,10,1024,123,inverse,141342.11,141342.11,141342.12,35441.11,35441.11,35441.11,74.92530003974045,3.9880836125053643
ba,mp,4,16,124,forward,897.11,897.11,897.11,324.11,324.11,324.11,63.87176600416894,2.7679182993428157
ba,mp,4,16,124,inverse,1026.11,1026.11,1026.11,350.11,350.11,350.11,65.87987642650397,2.9308217417383102
ba,mp,5,32,124,forward,2121.11,2121.11,2121.11,726.11,726.11,726.11,65.76745194732948,2.921196512925039
ba,mp,5,32,124,inverse,2418.11,2418.11,2418.11,743.11,743.11,743.12,69.26897452969469,3.254040451615508
ba,mp,6,64,124,forward,4852.11,4852.11,4852.11,1502.11,1502.11,1502.11,69.04212806387324,3.2301961906917604
ba,mp,6,64,124,inverse,5558.11,5558.11,5558.11,1523.11,1523.11,1523.11,72.59662007408994,3.6491848914392264
ba,mp,7,128,124,forward,11244.11,11244.11,11244.11,3485.11,3485.11,3485.11,69.0050168488213,3.226328580733463
ba,mp,7,128,124,inverse,12838.11,12838.11,12838.11,3418.11,3418.11,3418.11,73.37528654918832,3.7559089672362798
ba,mp,8,256,124,forward,25031.11,25031.11,25031.12,7594.11,7594.11,7594.11,69.66131346152848,3.2961215995027726
ba,mp,8,256,124,inverse,28666.11,28666.11,28666.11,7352.11,7352.11,7352.11,74.3526066145703,3.899031706544108
ba,mp,9,512,124,forward,56559.11,56559.11,56559.12,17099.11,17099.11,17099.11,69.76771734915914,3.307722448712243
ba,mp,9,512,124,inverse,64586.11,64586.11,64586.12,16467.11,16467.11,16467.11,74.50363553401806,3.922127805061119
ba,mp,10,1024,124,forward,123498.11,123498.11,123498.12,36960.11,36960.11,36960.12,70.07232742266258,3.341389135476058
ba,mp,10,1024,124,inverse,141342.11,141342.11,141342.12,35441.11,35441.11,35441.12,74.92530003974045,3.9880836125053643
ba,mp,4,16,125,forward,897.11,897.11,897.11,324.11,324.11,324.11,63.87176600416894,2.7679182993428157
ba,mp,4,16,125,inverse,1026.11,1026.11,1026.11,350.11,350.11,350.11,65.87987642650397,2.9308217417383102
ba,mp,5,32,125,forward,2121.11,2121.11,2121.11,726.11,726.11,726.11,65.76745194732948,2.921196512925039
ba,mp,5,32,125,inverse,2418.11,2418.11,2418.11,743.11,743.11,743.11,69.26897452969469,3.254040451615508
ba,mp,6,64,125,forward,4852.11,4852.11,4852.11,1502.11,1502.11,1502.11,69.04212806387324,3.2301961906917604
ba,mp,6,64,125,inverse,5558.11,5558.11,5558.11,1523.11,1523.11,1523.11,72.59662007408994,3.6491848914392264
ba,mp,7,128,125,forward,11244.11,11244.11,11244.11,3485.11,3485.11,3485.11,69.0050168488213,3.226328580733463
ba,mp,7,128,125,inverse,12838.11,12838.11,12838.12,3418.11,3418.11,3418.11,73.37528654918832,3.7559089672362798
ba,mp,8,256,125,forward,25031.11,25031.11,25031.11,7594.11,7594.11,7594.11,69.66131346152848,3.2961215995027726
ba,mp,8,256,125,inverse,28666.11,28666.11,28666.11,7352.11,7352.11,7352.12,74.3526066145703,3.899031706544108
ba,mp,9,512,125,forward,56559.11,56559.11,56559.12,17099.11,17099.11,17099.11,69.76771734915914,3.307722448712243
ba,mp,9,512,125,inverse,64586.11,64586.11,64586.11,16467.11,16467.11,16467.12,74.50363553401806,3.922127805061119
ba,mp,10,1024,125,forward,123498.11,123498.11,123498.12,36960.11,36960.11,36960.12,70.07232742266258,3.341389135476058
ba,mp,10,1024,125,inverse,141342.11,141342.11,141342.12,35441.11,35441.11,35441.11,74.92530003974045,3.9880836125053643
ba,mp,4,16,126,forward,897.11,897.11,897.11,324.11,324.11,324.11,63.87176600416894,2.7679182993428157
ba,mp,4,16,126,inverse,1026.11,1026.11,1026.11,350.11,350.11,350.11,65.87987642650397,2.9308217417383102
ba,mp,5,32,126,forward,2121.11,2121.11,2121.11,726.11,726.11,726.11,65.76745194732948,2.921196512925039
ba,mp,5,32,126,inverse,2418.11,2418.11,2418.11,743.11,743.11,743.11,69.26897452969469,3.254040451615508
ba,mp,6,64,126,forward,4852.11,4852.11,4852.11,1502.11,1502.11,1502.11,69.04212806387324,3.2301961906917604
ba,mp,6,64,126,inverse,5558.11,5558.11,5558.11,1523.11,1523.11,1523.11,72.59662007408994,3.6491848914392264
ba,mp,7,128,126,forward,11244.11,11244.11,11244.11,3485.11,3485.11,3485.11,69.0050168488213,3.226328580733463
ba,mp,7,128,126,inverse,12838.11,12838.11,12838.11,3418.11,3418.11,3418.11,73.37528654918832,3.7559089672362798
ba,mp,8,256,126,forward,25031.11,25031.11,25031.11,7594.11,7594.11,7594.11,69.66131346152848,3.2961215995027726
ba,mp,8,256,126,inverse,28666.11,28666.11,28666.11,7352.11,7352.11,7352.12,74.3526066145703,3.899031706544108
ba,mp,9,512,126,forward,56559.11,56559.11,56559.12,17099.11,17099.11,17099.11,69.76771734915914,3.307722448712243
ba,mp,9,512,126,inverse,64586.11,64586.11,64586.12,16467.11,16467.11,16467.11,74.50363553401806,3.922127805061119
ba,mp,10,1024,126,forward,123498.11,123498.11,123498.12,36960.11,36960.11,36960.11,70.07232742266258,3.341389135476058
ba,mp,10,1024,126,inverse,141342.11,141342.11,141342.12,35441.11,35441.11,35441.11,74.92530003974045,3.9880836125053643
ba,mp,4,16,127,forward,897.11,897.11,897.11,324.11,324.11,324.11,63.87176600416894,2.7679182993428157
ba,mp,4,16,127,inverse,1026.11,1026.11,1026.11,350.11,350.11,350.11,65.87987642650397,2.9308217417383102
ba,mp,5,32,127,forward,2121.11,2121.11,2121.11,726.11,726.11,726.11,65.76745194732948,2.921196512925039
ba,mp,5,32,127,inverse,2418.11,2418.11,2418.11,743.11,743.11,743.11,69.26897452969469,3.254040451615508
ba,mp,6,64,127,forward,4852.11,4852.11,4852.11,1502.11,1502.11,1502.11,69.04212806387324,3.2301961906917604
ba,mp,6,64,127,inverse,5558.11,5558.11,5558.11,1523.11,1523.11,1523.11,72.59662007408994,3.6491848914392264
ba,mp,7,128,127,forward,11244.11,11244.11,11244.11,3485.11,3485.11,3485.11,69.0050168488213,3.226328580733463
ba,mp,7,128,127,inverse,12838.11,12838.11,12838.11,3418.11,3418.11,3418.11,73.37528654918832,3.7559089672362798
ba,mp,8,256,127,forward,25031.11,25031.11,25031.12,7594.11,7594.11,7594.11,69.66131346152848,3.2961215995027726
ba,mp,8,256,127,inverse,28666.11,28666.11,28666.11,7352.11,7352.11,7352.11,74.3526066145703,3.899031706544108
ba,mp,9,512,127,forward,56559.11,56559.11,56559.12,17099.11,17099.11,17099.11,69.76771734915914,3.307722448712243
ba,mp,9,512,127,inverse,64586.11,64586.11,64586.12,16467.11,16467.11,16467.11,74.50363553401806,3.922127805061119
ba,mp,10,1024,127,forward,123498.11,123498.11,123498.12,36960.11,36960.11,36960.12,70.07232742266258,3.341389135476058
ba,mp,10,1024,127,inverse,141342.11,141342.11,141342.12,35441.11,35441.11,35441.12,74.92530003974045,3.9880836125053643
ba,mp,4,16,128,forward,897.11,897.11,897.11,324.11,324.11,324.11,63.87176600416894,2.7679182993428157
ba,mp,4,16,128,inverse,1026.11,1026.11,1026.11,350.11,350.11,350.11,65.87987642650397,2.9308217417383102
ba,mp,5,32,128,forward,2121.11,2121.11,2121.11,726.11,726.11,726.11,65.76745194732948,2.921196512925039
ba,mp,5,32,128,inverse,2418.11,2418.11,2418.11,743.11,743.11,743.11,69.26897452969469,3.254040451615508
ba,mp,6,64,128,forward,4852.11,4852.11,4852.11,1502.11,1502.11,1502.11,69.04212806387324,3.2301961906917604
ba,mp,6,64,128,inverse,5558.11,5558.11,5558.11,1523.11,1523.11,1523.11,72.59662007408994,3.6491848914392264
ba,mp,7,128,128,forward,11244.11,11244.11,11244.11,3485.11,3485.11,3485.11,69.0050168488213,3.226328580733463
ba,mp,7,128,128,inverse,12838.11,12838.11,12838.12,3418.11,3418.11,3418.11,73.37528654918832,3.7559089672362798
ba,mp,8,256,128,forward,25031.11,25031.11,25031.11,7594.11,7594.11,7594.11,69.66131346152848,3.2961215995027726
ba,mp,8,256,128,inverse,28666.11,28666.11,28666.11,7352.11,7352.11,7352.12,74.3526066145703,3.899031706544108
ba,mp,9,512,128,forward,56559.11,56559.11,56559.12,17099.11,17099.11,17099.11,69.76771734915914,3.307722448712243
ba,mp,9,512,128,inverse,64586.11,64586.11,64586.11,16467.11,16467.11,16467.12,74.50363553401806,3.922127805061119
ba,mp,10,1024,128,forward,123498.11,123498.11,123498.12,36960.11,36960.11,36960.12,70.07232742266258,3.341389135476058
ba,mp,10,1024,128,inverse,141342.11,141342.11,141342.12,35441.11,35441.11,35441.11,74.92530003974045,3.9880836125053643
ba,mp,4,16,129,forward,897.11,897.11,897.11,324.11,324.11,324.11,63.87176600416894,2.7679182993428157
ba,mp,4,16,129,inverse,1026.11,1026.11,1026.11,350.11,350.11,350.11,65.87987642650397,2.9308217417383102
ba,mp,5,32,129,forward,2121.11,2121.11,2121.11,726.11,726.11,726.11,65.76745194732948,2.921196512925039
ba,mp,5,32,129,inverse,2418.11,2418.11,2418.11,743.11,743.11,743.11,69.26897452969469,3.254040451615508
ba,mp,6,64,129,forward,4852.11,4852.11,4852.11,1502.11,1502.11,1502.11,69.04212806387324,3.2301961906917604
ba,mp,6,64,129,inverse,5558.11,5558.11,5558.11,1523.11,1523.11,1523.11,72.59662007408994,3.6491848914392264
ba,mp,7,128,129,forward,11244.11,11244.11,11244.12,3485.11,3485.11,3485.11,69.0050168488213,3.226328580733463
ba,mp,7,128,129,inverse,12838.11,12838.11,12838.11,3418.11,3418.11,3418.11,73.37528654918832,3.7559089672362798
ba,mp,8,256,129,forward,25031.11,25031.11,25031.11,7594.11,7594.11,7594.11,69.66131346152848,3.2961215995027726
ba,mp,8,256,129,inverse,28666.11,28666.11,28666.12,7352.11,7352.11,7352.11,74.3526066145703,3.899031706544108
ba,mp,9,512,129,forward,56559.11,56559.11,56559.12,17099.11,17099.11,17099.11,69.76771734915914,3.307722448712243
ba,mp,9,512,129,inverse,64586.11,64586.11,64586.12,16467.11,16467.11,16467.11,74.50363553401806,3.922127805061119
ba,mp,10,1024,129,forward,123498.11,123498.11,123498.12,36960.11,36960.11,36960.11,70.07232742266258,3.341389135476058
ba,mp,10,1024,129,inverse,141342.11,141342.11,141342.12,35441.11,35441.11,35441.11,74.92530003974045,3.9880836125053643
ba,mp,4,16,130,forward,897.11,897.11,897.11,324.11,324.11,324.11,63.87176600416894,2.7679182993428157
ba,mp,4,16,130,inverse,1026.11,1026.11,1026.11,350.11,350.11,350.11,65.87987642650397,2.9308217417383102
ba,mp,5,32,130,forward,2121.11,2121.11,2121.11,726.11,726.11,726.11,65.76745194732948,2.921196512925039
ba,mp,5,32,130,inverse,2418.11,2418.11,2418.11,743.11,743.11,743.12,69.26897452969469,3.254040451615508
ba,mp,6,64,130,forward,4852.11,4852.11,4852.11,1502.11,1502.11,1502.11,69.04212806387324,3.2301961906917604
ba,mp,6,64,130,inverse,5558.11,5558.11,5558.11,1523.11,1523.11,1523.11,72.59662007408994,3.6491848914392264
ba,mp,7,128,130,forward,11244.11,11244.11,11244.11,3485.11,3485.11,3485.11,69.0050168488213,3.226328580733463
ba,mp,7,128,130,inverse,12838.11,12838.11,12838.11,3418.11,3418.11,3418.11,73.37528654918832,3.7559089672362798
ba,mp,8,256,130,forward,25031.11,25031.11,25031.12,7594.11,7594.11,7594.11,69.66131346152848,3.2961215995027726
ba,mp,8,256,130,inverse,28666.11,28666.11,28666.11,7352.11,7352.11,7352.11,74.3526066145703,3.899031706544108
ba,mp,9,512,130,forward,56559.11,56559.11,56559.11,17099.11,17099.11,17099.12,69.76771734915914,3.307722448712243
ba,mp,9,512,130,inverse,64586.11,64586.11,64586.11,16467.11,16467.11,16467.12,74.50363553401806,3.922127805061119
ba,mp,10,1024,130,forward,123498.11,123498.11,123498.12,36960.11,36960.11,36960.12,70.07232742266258,3.341389135476058
ba,mp,10,1024,130,inverse,141342.11,141342.11,141342.12,35441.11,35441.11,35441.11,74.92530003974045,3.9880836125053643
ba,mp,4,16,131,forward,897.11,897.11,897.11,324.11,324.11,324.11,63.87176600416894,2.7679182993428157
ba,mp,4,16,131,inverse,1026.11,1026.11,1026.11,350.11,350.11,350.11,65.87987642650397,2.9308217417383102
ba,mp,5,32,131,forward,2121.11,2121.11,2121.11,726.11,726.11,726.11,65.76745194732948,2.921196512925039
ba,mp,5,32,131,inverse,2418.11,2418.11,2418.11,743.11,743.11,743.11,69.26897452969469,3.254040451615508
ba,mp,6,64,131,forward,4852.11,4852.11,4852.11,1502.11,1502.11,1502.11,69.04212806387324,3.2301961906917604
ba,mp,6,64,131,inverse,5558.11,5558.11,5558.11,1523.11,1523.11,1523.11,72.59662007408994,3.6491848914392264
ba,mp,7,128,131,forward,11244.11,11244.11,11244.11,3485.11,3485.11,3485.11,69.0050168488213,3.226328580733463
ba,mp,7,128,131,inverse,12838.11,12838.11,12838.12,3418.11,3418.11,3418.11,73.37528654918832,3.7559089672362798
ba,mp,8,256,131,forward,25031.11,25031.11,25031.11,7594.11,7594.11,7594.11,69.66131346152848,3.2961215995027726
ba,mp,8,256,131,inverse,28666.11,28666.11,28666.12,7352.11,7352.11,7352.11,74.3526066145703,3.899031706544108
ba,mp,9,512,131,forward,56559.11,56559.11,56559.11,17099.11,17099.11,17099.11,69.76771734915914,3.307722448712243
ba,mp,9,512,131,inverse,64586.11,64586.11,64586.12,16467.11,16467.11,16467.11,74.50363553401806,3.922127805061119
ba,mp,10,1024,131,forward,123498.11,123498.11,123498.12,36960.11,36960.11,36960.11,70.07232742266258,3.341389135476058
ba,mp,10,1024,131,inverse,141342.11,141342.11,141342.12,35441.11,35441.11,35441.11,74.92530003974045,3.9880836125053643
ba,mp,4,16,132,forward,897.11,897.11,897.11,324.11,324.11,324.11,63.87176600416894,2.7679182993428157
ba,mp,4,16,132,inverse,1026.11,1026.11,1026.11,350.11,350.11,350.11,65.87987642650397,2.9308217417383102
ba,mp,5,32,132,forward,2121.11,2121.11,2121.11,726.11,726.11,726.11,65.76745194732948,2.921196512925039
ba,mp,5,32,132,inverse,2418.11,2418.11,2418.11,743.11,743.11,743.11,69.26897452969469,3.254040451615508
ba,mp,6,64,132,forward,4852.11,4852.11,4852.11,1502.11,1502.11,1502.11,69.04212806387324,3.2301961906917604
ba,mp,6,64,132,inverse,5558.11,5558.11,5558.11,1523.11,1523.11,1523.11,72.59662007408994,3.6491848914392264
ba,mp,7,128,132,forward,11244.11,11244.11,11244.11,3485.11,3485.11,3485.12,69.0050168488213,3.226328580733463
ba,mp,7,128,132,inverse,12838.11,12838.11,12838.11,3418.11,3418.11,3418.11,73.37528654918832,3.7559089672362798
ba,mp,8,256,132,forward,25031.11,25031.11,25031.11,7594.11,7594.11,7594.11,69.66131346152848,3.2961215995027726
ba,mp,8,256,132,inverse,28666.11,28666.11,28666.12,7352.11,7352.11,7352.11,74.3526066145703,3.899031706544108
ba,mp,9,512,132,forward,56559.11,56559.11,56559.12,17099.11,17099.11,17099.11,69.76771734915914,3.307722448712243
ba,mp,9,512,132,inverse,64586.11,64586.11,64586.12,16467.11,16467.11,16467.11,74.50363553401806,3.922127805061119
ba,mp,10,1024,132,forward,123498.11,123498.11,123498.12,36960.11,36960.11,36960.12,70.07232742266258,3.341389135476058
ba,mp,10,1024,132,inverse,141342.11,141342.11,141342.12,35441.11,35441.11,35441.12,74.92530003974045,3.9880836125053643
ba,mp,4,16,133,forward,897.11,897.11,897.11,324.11,324.11,324.11,63.87176600416894,2.7679182993428157
ba,mp,4,16,133,inverse,1026.11,1026.11,1026.11,350.11,350.11,350.11,65.87987642650397,2.9308217417383102
ba,mp,5,32,133,forward,2121.11,2121.11,2121.11,726.11,726.11,726.11,65.76745194732948,2.921196512925039
ba,mp,5,32,133,inverse,2418.11,2418.11,2418.11,743.11,743.11,743.11,69.26897452969469,3.254040451615508
ba,mp,6,64,133,forward,4852.11,4852.11,4852.11,1502.11,1502.11,1502.11,69.04212806387324,3.2301961906917604
ba,mp,6,64,133,inverse,5558.11,5558.11,5558.11,1523.11,1523.11,1523.11,72.59662007408994,3.6491848914392264
ba,mp,7,128,133,forward,11244.11,11244.11,11244.11,3485.11,3485.11,3485.11,69.0050168488213,3.226328580733463
ba,mp,7,128,133,inverse,12838.11,12838.11,12838.11,3418.11,3418.11,3418.11,73.37528654918832,3.7559089672362798
ba,mp,8,256,133,forward,25031.11,25031.11,25031.12,7594.11,7594.11,7594.11,69.66131346152848,3.2961215995027726
ba,mp,8,256,133,inverse,28666.11,28666.11,28666.11,7352.11,7352.11,7352.11,74.3526066145703,3.899031706544108
ba,mp,9,512,133,forward,56559.11,56559.11,56559.12,17099.11,17099.11,17099.11,69.76771734915914,3.307722448712243
ba,mp,9,512,133,inverse,64586.11,64586.11,64586.12,16467.11,16467.11,16467.11,74.50363553401806,3.922127805061119
ba,mp,10,1024,133,forward,123498.11,123498.11,123498.12,36960.11,36960.11,36960.11,70.07232742266258,3.341389135476058
ba,mp,10,1024,133,inverse,141342.11,141342.11,141342.12,35441.11,35441.11,35441.12,74.92530003974045,3.9880836125053643
ba,mp,4,16,134,forward,897.11,897.11,897.11,324.11,324.11,324.11,63.87176600416894,2.7679182993428157
ba,mp,4,16,134,inverse,1026.11,1026.11,1026.11,350.11,350.11,350.11,65.87987642650397,2.9308217417383102
ba,mp,5,32,134,forward,2121.11,2121.11,2121.11,726.11,726.11,726.11,65.76745194732948,2.921196512925039
ba,mp,5,32,134,inverse,2418.11,2418.11,2418.11,743.11,743.11,743.11,69.26897452969469,3.254040451615508
ba,mp,6,64,134,forward,4852.11,4852.11,4852.11,1502.11,1502.11,1502.11,69.04212806387324,3.2301961906917604
ba,mp,6,64,134,inverse,5558.11,5558.11,5558.11,1523.11,1523.11,1523.11,72.59662007408994,3.6491848914392264
ba,mp,7,128,134,forward,11244.11,11244.11,11244.11,3485.11,3485.11,3485.11,69.0050168488213,3.226328580733463
ba,mp,7,128,134,inverse,12838.11,12838.11,12838.12,3418.11,3418.11,3418.11,73.37528654918832,3.7559089672362798
ba,mp,8,256,134,forward,25031.11,25031.11,25031.11,7594.11,7594.11,7594.11,69.66131346152848,3.2961215995027726
ba,mp,8,256,134,inverse,28666.11,28666.11,28666.11,7352.11,7352.11,7352.11,74.3526066145703,3.899031706544108
ba,mp,9,512,134,forward,56559.11,56559.11,56559.11,17099.11,17099.11,17099.11,69.76771734915914,3.307722448712243
ba,mp,9,512,134,inverse,64586.11,64586.11,64586.12,16467.11,16467.11,16467.11,74.50363553401806,3.922127805061119
ba,mp,10,1024,134,forward,123498.11,123498.11,123498.12,36960.11,36960.11,36960.11,70.07232742266258,3.341389135476058
ba,mp,10,1024,134,inverse,141342.11,141342.11,141342.12,35441.11,35441.11,35441.11,74.92530003974045,3.9880836125053643
ba,mp,4,16,135,forward,897.11,897.11,897.11,324.11,324.11,324.11,63.87176600416894,2.7679182993428157
ba,mp,4,16,135,inverse,1026.11,1026.11,1026.11,350.11,350.11,350.11,65.87987642650397,2.9308217417383102
ba,mp,5,32,135,forward,2121.11,2121.11,2121.11,726.11,726.11,726.11,65.76745194732948,2.921196512925039
ba,mp,5,32,135,inverse,2418.11,2418.11,2418.11,743.11,743.11,743.11,69.26897452969469,3.254040451615508
ba,mp,6,64,135,forward,4852.11,4852.11,4852.11,1502.11,1502.11,1502.11,69.04212806387324,3.2301961906917604
ba,mp,6,64,135,inverse,5558.11,5558.11,5558.11,1523.11,1523.11,1523.11,72.59662007408994,3.6491848914392264
ba,mp,7,128,135,forward,11244.11,11244.11,11244.12,3485.11,3485.11,3485.11,69.0050168488213,3.226328580733463
ba,mp,7,128,135,inverse,12838.11,12838.11,12838.11,3418.11,3418.11,3418.11,73.37528654918832,3.7559089672362798
ba,mp,8,256,135,forward,25031.11,25031.11,25031.11,7594.11,7594.11,7594.11,69.66131346152848,3.2961215995027726
ba,mp,8,256,135,inverse,28666.11,28666.11,28666.12,7352.11,7352.11,7352.11,74.3526066145703,3.899031706544108
ba,mp,9,512,135,forward,56559.11,56559.11,56559.12,17099.11,17099.11,17099.11,69.76771734915914,3.307722448712243
ba,mp,9,512,135,inverse,64586.11,64586.11,64586.11,16467.11,16467.11,16467.12,74.50363553401806,3.922127805061119
ba,mp,10,1024,135,forward,123498.11,123498.11,123498.12,36960.11,36960.11,36960.12,70.07232742266258,3.341389135476058
ba,mp,10,1024,135,inverse,141342.11,141342.11,141342.12,35441.11,35441.11,35441.12,74.92530003974045,3.9880836125053643
ba,mp,4,16,136,forward,897.11,897.11,897.11,324.11,324.11,324.11,63.87176600416894,2.7679182993428157
ba,mp,4,16,136,inverse,1026.11,1026.11,1026.11,350.11,350.11,350.11,65.87987642650397,2.9308217417383102
ba,mp,5,32,136,forward,2121.11,2121.11,2121.11,726.11,726.11,726.11,65.76745194732948,2.921196512925039
ba,mp,5,32,136,inverse,2418.11,2418.11,2418.11,743.11,743.11,743.11,69.26897452969469,3.254040451615508
ba,mp,6,64,136,forward,4852.11,4852.11,4852.12,1502.11,1502.11,1502.11,69.04212806387324,3.2301961906917604
ba,mp,6,64,136,inverse,5558.11,5558.11,5558.11,1523.11,1523.11,1523.11,72.59662007408994,3.6491848914392264
ba,mp,7,128,136,forward,11244.11,11244.11,11244.11,3485.11,3485.11,3485.11,69.0050168488213,3.226328580733463
ba,mp,7,128,136,inverse,12838.11,12838.11,12838.11,3418.11,3418.11,3418.11,73.37528654918832,3.7559089672362798
ba,mp,8,256,136,forward,25031.11,25031.11,25031.12,7594.11,7594.11,7594.11,69.66131346152848,3.2961215995027726
ba,mp,8,256,136,inverse,28666.11,28666.11,28666.11,7352.11,7352.11,7352.11,74.3526066145703,3.899031706544108
ba,mp,9,512,136,forward,56559.11,56559.11,56559.12,17099.11,17099.11,17099.11,69.76771734915914,3.307722448712243
ba,mp,9,512,136,inverse,64586.11,64586.11,64586.12,16467.11,16467.11,16467.11,74.50363553401806,3.922127805061119
ba,mp,10,1024,136,forward,123498.11,123498.11,123498.12,36960.11,36960.11,36960.11,70.07232742266258,3.341389135476058
ba,mp,10,1024,136,inverse,141342.11,141342.11,141342.12,35441.11,35441.11,35441.12,74.92530003974045,3.9880836125053643
ba,mp,4,16,137,forward,897.11,897.11,897.11,324.11,324.11,324.11,63.87176600416894,2.7679182993428157
ba,mp,4,16,137,inverse,1026.11,1026.11,1026.11,350.11,350.11,350.11,65.87987642650397,2.9308217417383102
ba,mp,5,32,137,forward,2121.11,2121.11,2121.11,726.11,726.11,726.11,65.76745194732948,2.921196512925039
ba,mp,5,32,137,inverse,2418.11,2418.11,2418.11,743.11,743.11,743.11,69.26897452969469,3.254040451615508
ba,mp,6,64,137,forward,4852.11,4852.11,4852.11,1502.11,1502.11,1502.11,69.04212806387324,3.2301961906917604
ba,mp,6,64,137,inverse,5558.11,5558.11,5558.11,1523.11,1523.11,1523.11,72.59662007408994,3.6491848914392264
ba,mp,7,128,137,forward,11244.11,11244.11,11244.11,3485.11,3485.11,3485.11,69.0050168488213,3.226328580733463
ba,mp,7,128,137,inverse,12838.11,12838.11,12838.11,3418.11,3418.11,3418.11,73.37528654918832,3.7559089672362798
ba,mp,8,256,137,forward,25031.11,25031.11,25031.11,7594.11,7594.11,7594.11,69.66131346152848,3.2961215995027726
ba,mp,8,256,137,inverse,28666.11,28666.11,28666.11,7352.11,7352.11,7352.11,74.3526066145703,3.899031706544108
ba,mp,9,512,137,forward,56559.11,56559.11,56559.12,17099.11,17099.11,17099.11,69.76771734915914,3.307722448712243
ba,mp,9,512,137,inverse,64586.11,64586.11,64586.12,16467.11,16467.11,16467.11,74.50363553401806,3.922127805061119
ba,mp,10,1024,137,forward,123498.11,123498.11,123498.12,36960.11,36960.11,36960.12,70.07232742266258,3.341389135476058
ba,mp,10,1024,137,inverse,141342.11,141342.11,141342.12,35441.11,35441.11,35441.11,74.92530003974045,3.9880836125053643
ba,mp,4,16,138,forward,897.11,897.11,897.11,324.11,324.11,324.11,63.87176600416894,2.7679182993428157
ba,mp,4,16,138,inverse,1026.11,1026.11,1026.11,350.11,350.11,350.11,65.87987642650397,2.9308217417383102
ba,mp,5,32,138,forward,2121.11,2121.11,2121.11,726.11,726.11,726.11,65.76745194732948,2.921196512925039
ba,mp,5,32,138,inverse,2418.11,2418.11,2418.11,743.11,743.11,743.11,69.26897452969469,3.254040451615508
ba,mp,6,64,138,forward,4852.11,4852.11,4852.11,1502.11,1502.11,1502.11,69.04212806387324,3.2301961906917604
ba,mp,6,64,138,inverse,5558.11,5558.11,5558.11,1523.11,1523.11,1523.11,72.59662007408994,3.6491848914392264
ba,mp,7,128,138,forward,11244.11,11244.11,11244.11,3485.11,3485.11,3485.12,69.0050168488213,3.226328580733463
ba,mp,7,128,138,inverse,12838.11,12838.11,12838.11,3418.11,3418.11,3418.11,73.37528654918832,3.7559089672362798
ba,mp,8,256,138,forward,25031.11,25031.11,25031.11,7594.11,7594.11,7594.11,69.66131346152848,3.2961215995027726
ba,mp,8,256,138,inverse,28666.11,28666.11,28666.12,7352.11,7352.11,7352.11,74.3526066145703,3.899031706544108
ba,mp,9,512,138,forward,56559.11,56559.11,56559.12,17099.11,17099.11,17099.11,69.76771734915914,3.307722448712243
ba,mp,9,512,138,inverse,64586.11,64586.11,64586.12,16467.11,16467.11,16467.11,74.50363553401806,3.922127805061119
ba,mp,10,1024,138,forward,123498.11,123498.11,123498.12,36960.11,36960.11,36960.11,70.07232742266258,3.341389135476058
ba,mp,10,1024,138,inverse,141342.11,141342.11,141342.12,35441.11,35441.11,35441.12,74.92530003974045,3.9880836125053643
ba,mp,4,16,139,forward,897.11,897.11,897.11,324.11,324.11,324.11,63.87176600416894,2.7679182993428157
ba,mp,4,16,139,inverse,1026.11,1026.11,1026.11,350.11,350.11,350.11,65.87987642650397,2.9308217417383102
ba,mp,5,32,139,forward,2121.11,2121.11,2121.11,726.11,726.11,726.11,65.76745194732948,2.921196512925039
ba,mp,5,32,139,inverse,2418.11,2418.11,2418.11,743.11,743.11,743.11,69.26897452969469,3.254040451615508
ba,mp,6,64,139,forward,4852.11,4852.11,4852.11,1502.11,1502.11,1502.12,69.04212806387324,3.2301961906917604
ba,mp,6,64,139,inverse,5558.11,5558.11,5558.11,1523.11,1523.11,1523.11,72.59662007408994,3.6491848914392264
ba,mp,7,128,139,forward,11244.11,11244.11,11244.11,3485.11,3485.11,3485.11,69.0050168488213,3.226328580733463
ba,mp,7,128,139,inverse,12838.11,12838.11,12838.11,3418.11,3418.11,3418.11,73.37528654918832,3.7559089672362798
ba,mp,8,256,139,forward,25031.11,25031.11,25031.12,7594.11,7594.11,7594.11,69.66131346152848,3.2961215995027726
ba,mp,8,256,139,inverse,28666.11,28666.11,28666.11,7352.11,7352.11,7352.11,74.3526066145703,3.899031706544108
ba,mp,9,512,139,forward,56559.11,56559.11,56559.12,17099.11,17099.11,17099.11,69.76771734915914,3.307722448712243
ba,mp,9,512,139,inverse,64586.11,64586.11,64586.12,16467.11,16467.11,16467.11,74.50363553401806,3.922127805061119
ba,mp,10,1024,139,forward,123498.11,123498.11,123498.12,36960.11,36960.11,36960.11,70.07232742266258,3.341389135476058
ba,mp,10,1024,139,inverse,141342.11,141342.11,141342.12,35441.11,35441.11,35441.11,74.92530003974045,3.9880836125053643
ba,mp,4,16,140,forward,897.11,897.11,897.11,324.11,324.11,324.11,63.87176600416894,2.7679182993428157
ba,mp,4,16,140,inverse,1026.11,1026.11,1026.11,350.11,350.11,350.11,65.87987642650397,2.9308217417383102
ba,mp,5,32,140,forward,2121.11,2121.11,2121.11,726.11,726.11,726.11,65.76745194732948,2.921196512925039
ba,mp,5,32,140,inverse,2418.11,2418.11,2418.11,743.11,743.11,743.11,69.26897452969469,3.254040451615508
ba,mp,6,64,140,forward,4852.11,4852.11,4852.11,1502.11,1502.11,1502.11,69.04212806387324,3.2301961906917604
ba,mp,6,64,140,inverse,5558.11,5558.11,5558.11,1523.11,1523.11,1523.11,72.59662007408994,3.6491848914392264
ba,mp,7,128,140,forward,11244.11,11244.11,11244.11,3485.11,3485.11,3485.11,69.0050168488213,3.226328580733463
ba,mp,7,128,140,inverse,12838.11,12838.11,12838.11,3418.11,3418.11,3418.11,73.37528654918832,3.7559089672362798
ba,mp,8,256,140,forward,25031.11,25031.11,25031.12,7594.11,7594.11,7594.11,69.66131346152848,3.2961215995027726
ba,mp,8,256,140,inverse,28666.11,28666.11,28666.11,7352.11,7352.11,7352.11,74.3526066145703,3.899031706544108
ba,mp,9,512,140,forward,56559.11,56559.11,56559.12,17099.11,17099.11,17099.11,69.76771734915914,3.307722448712243
ba,mp,9,512,140,inverse,64586.11,64586.11,64586.11,16467.11,16467.11,16467.12,74.50363553401806,3.922127805061119
ba,mp,10,1024,140,forward,123498.11,123498.11,123498.12,36960.11,36960.11,36960.12,70.07232742266258,3.341389135476058
ba,mp,10,1024,140,inverse,141342.11,141342.11,141342.12,35441.11,35441.11,35441.12,74.92530003974045,3.9880836125053643
ba,mp,4,16,141,forward,897.11,897.11,897.11,324.11,324.11,324.11,63.87176600416894,2.7679182993428157
ba,mp,4,16,141,inverse,1026.11,1026.11,1026.11,350.11,350.11,350.11,65.87987642650397,2.9308217417383102
ba,mp,5,32,141,forward,2121.11,2121.11,2121.11,726.11,726.11,726.11,65.76745194732948,2.921196512925039
ba,mp,5,32,141,inverse,2418.11,2418.11,2418.11,743.11,743.11,743.11,69.26897452969469,3.254040451615508
ba,mp,6,64,141,forward,4852.11,4852.11,4852.11,1502.11,1502.11,1502.11,69.04212806387324,3.2301961906917604
ba,mp,6,64,141,inverse,5558.11,5558.11,5558.11,1523.11,1523.11,1523.11,72.59662007408994,3.6491848914392264
ba,mp,7,128,141,forward,11244.11,11244.11,11244.12,3485.11,3485.11,3485.11,69.0050168488213,3.226328580733463
ba,mp,7,128,141,inverse,12838.11,12838.11,12838.11,3418.11,3418.11,3418.11,73.37528654918832,3.7559089672362798
ba,mp,8,256,141,forward,25031.11,25031.11,25031.11,7594.11,7594.11,7594.11,69.66131346152848,3.2961215995027726
ba,mp,8,256,141,inverse,28666.11,28666.11,28666.12,7352.11,7352.11,7352.11,74.3526066145703,3.899031706544108
ba,mp,9,512,141,forward,56559.11,56559.11,56559.12,17099.11,17099.11,17099.11,69.76771734915914,3.307722448712243
ba,mp,9,512,141,inverse,64586.11,64586.11,64586.12,16467.11,16467.11,16467.11,74.50363553401806,3.922127805061119
ba,mp,10,1024,141,forward,123498.11,123498.11,123498.12,36960.11,36960.11,36960.11,70.07232742266258,3.341389135476058
ba,mp,10,1024,141,inverse,141342.11,141342.11,141342.12,35441.11,35441.11,35441.12,74.92530003974045,3.9880836125053643
ba,mp,4,16,142,forward,897.11,897.11,897.11,324.11,324.11,324.11,63.87176600416894,2.7679182993428157
ba,mp,4,16,142,inverse,1026.11,1026.11,1026.11,350.11,350.11,350.11,65.87987642650397,2.9308217417383102
ba,mp,5,32,142,forward,2121.11,2121.11,2121.11,726.11,726.11,726.11,65.76745194732948,2.921196512925039
ba,mp,5,32,142,inverse,2418.11,2418.11,2418.11,743.11,743.11,743.11,69.26897452969469,3.254040451615508
ba,mp,6,64,142,forward,4852.11,4852.11,4852.11,1502.11,1502.11,1502.11,69.04212806387324,3.2301961906917604
ba,mp,6,64,142,inverse,5558.11,5558.11,5558.11,1523.11,1523.11,1523.11,72.59662007408994,3.6491848914392264
ba,mp,7,128,142,forward,11244.11,11244.11,11244.11,3485.11,3485.11,3485.11,69.0050168488213,3.226328580733463
ba,mp,7,128,142,inverse,12838.11,12838.11,12838.11,3418.11,3418.11,3418.11,73.37528654918832,3.7559089672362798
ba,mp,8,256,142,forward,25031.11,25031.11,25031.11,7594.11,7594.11,7594.12,69.66131346152848,3.2961215995027726
ba,mp,8,256,142,inverse,28666.11,28666.11,28666.11,7352.11,7352.11,7352.11,74.3526066145703,3.899031706544108
ba,mp,9,512,142,forward,56559.11,56559.11,56559.12,17099.11,17099.11,17099.11,69.76771734915914,3.307722448712243
ba,mp,9,512,142,inverse,64586.11,64586.11,64586.12,16467.11,16467.11,16467.11,74.50363553401806,3.922127805061119
ba,mp,10,1024,142,forward,123498.11,123498.11,123498.12,36960.11,36960.11,36960.12,70.07232742266258,3.341389135476058
ba,mp,10,1024,142,inverse,141342.11,141342.11,141342.12,35441.11,35441.11,35441.11,74.92530003974045,3.9880836125053643
ba,mp,4,16,143,forward,897.11,897.11,897.11,324.11,324.11,324.11,63.87176600416894,2.7679182993428157
ba,mp,4,16,143,inverse,1026.11,1026.11,1026.11,350.11,350.11,350.11,65.87987642650397,2.9308217417383102
ba,mp,5,32,143,forward,2121.11,2121.11,2121.11,726.11,726.11,726.11,65.76745194732948,2.921196512925039
ba,mp,5,32,143,inverse,2418.11,2418.11,2418.11,743.11,743.11,743.11,69.26897452969469,3.254040451615508
ba,mp,6,64,143,forward,4852.11,4852.11,4852.11,1502.11,1502.11,1502.11,69.04212806387324,3.2301961906917604
ba,mp,6,64,143,inverse,5558.11,5558.11,5558.11,1523.11,1523.11,1523.11,72.59662007408994,3.6491848914392264
ba,mp,7,128,143,forward,11244.11,11244.11,11244.11,3485.11,3485.11,3485.11,69.0050168488213,3.226328580733463
ba,mp,7,128,143,inverse,12838.11,12838.11,12838.11,3418.11,3418.11,3418.11,73.37528654918832,3.7559089672362798
ba,mp,8,256,143,forward,25031.11,25031.11,25031.11,7594.11,7594.11,7594.12,69.66131346152848,3.2961215995027726
ba,mp,8,256,143,inverse,28666.11,28666.11,28666.11,7352.11,7352.11,7352.11,74.3526066145703,3.899031706544108
ba,mp,9,512,143,forward,56559.11,56559.11,56559.11,17099.11,17099.11,17099.12,69.76771734915914,3.307722448712243
ba,mp,9,512,143,inverse,64586.11,64586.11,64586.11,16467.11,16467.11,16467.12,74.50363553401806,3.922127805061119
ba,mp,10,1024,143,forward,123498.11,123498.11,123498.12,36960.11,36960.11,36960.12,70.07232742266258,3.341389135476058
ba,mp,10,1024,143,inverse,141342.11,141342.11,141342.12,35441.11,35441.11,35441.12,74.92530003974045,3.9880836125053643
ba,mp,4,16,144,forward,897.11,897.11,897.11,324.11,324.11,324.11,63.87176600416894,2.7679182993428157
ba,mp,4,16,144,inverse,1026.11,1026.11,1026.11,350.11,350.11,350.11,65.87987642650397,2.9308217417383102
ba,mp,5,32,144,forward,2121.11,2121.11,2121.11,726.11,726.11,726.11,65.76745194732948,2.921196512925039
ba,mp,5,32,144,inverse,2418.11,2418.11,2418.11,743.11,743.11,743.11,69.26897452969469,3.254040451615508
ba,mp,6,64,144,forward,4852.11,4852.11,4852.11,1502.11,1502.11,1502.11,69.04212806387324,3.2301961906917604
ba,mp,6,64,144,inverse,5558.11,5558.11,5558.11,1523.11,1523.11,1523.11,72.59662007408994,3.6491848914392264
ba,mp,7,128,144,forward,11244.11,11244.11,11244.11,3485.11,3485.11,3485.11,69.0050168488213,3.226328580733463
ba,mp,7,128,144,inverse,12838.11,12838.11,12838.11,3418.11,3418.11,3418.11,73.37528654918832,3.7559089672362798
ba,mp,8,256,144,forward,25031.11,25031.11,25031.11,7594.11,7594.11,7594.11,69.66131346152848,3.2961215995027726
ba,mp,8,256,144,inverse,28666.11,28666.11,28666.12,7352.11,7352.11,7352.11,74.3526066145703,3.899031706544108
ba,mp,9,512,144,forward,56559.11,56559.11,56559.12,17099.11,17099.11,17099.11,69.76771734915914,3.307722448712243
ba,mp,9,512,144,inverse,64586.11,64586.11,64586.12,16467.11,16467.11,16467.11,74.50363553401806,3.922127805061119
ba,mp,10,1024,144,forward,123498.11,123498.11,123498.12,36960.11,36960.11,36960.11,70.07232742266258,3.341389135476058
ba,mp,10,1024,144,inverse,141342.11,141342.11,141342.12,35441.11,35441.11,35441.12,74.92530003974045,3.9880836125053643
ba,mp,4,16,145,forward,897.11,897.11,897.11,324.11,324.11,324.11,63.87176600416894,2.7679182993428157
ba,mp,4,16,145,inverse,1026.11,1026.11,1026.11,350.11,350.11,350.11,65.87987642650397,2.9308217417383102
ba,mp,5,32,145,forward,2121.11,2121.11,2121.11,726.11,726.11,726.11,65.76745194732948,2.921196512925039
ba,mp,5,32,145,inverse,2418.11,2418.11,2418.11,743.11,743.11,743.11,69.26897452969469,3.254040451615508
ba,mp,6,64,145,forward,4852.11,4852.11,4852.11,1502.11,1502.11,1502.11,69.04212806387324,3.2301961906917604
ba,mp,6,64,145,inverse,5558.11,5558.11,5558.11,1523.11,1523.11,1523.11,72.59662007408994,3.6491848914392264
ba,mp,7,128,145,forward,11244.11,11244.11,11244.11,3485.11,3485.11,3485.11,69.0050168488213,3.226328580733463
ba,mp,7,128,145,inverse,12838.11,12838.11,12838.11,3418.11,3418.11,3418.11,73.37528654918832,3.7559089672362798
ba,mp,8,256,145,forward,25031.11,25031.11,25031.12,7594.11,7594.11,7594.11,69.66131346152848,3.2961215995027726
ba,mp,8,256,145,inverse,28666.11,28666.11,28666.11,7352.11,7352.11,7352.11,74.3526066145703,3.899031706544108
ba,mp,9,512,145,forward,56559.11,56559.11,56559.12,17099.11,17099.11,17099.11,69.76771734915914,3.307722448712243
ba,mp,9,512,145,inverse,64586.11,64586.11,64586.12,16467.11,16467.11,16467.11,74.50363553401806,3.922127805061119
ba,mp,10,1024,145,forward,123498.11,123498.11,123498.12,36960.11,36960.11,36960.12,70.07232742266258,3.341389135476058
ba,mp,10,1024,145,inverse,141342.11,141342.11,141342.12,35441.11,35441.11,35441.11,74.92530003974045,3.9880836125053643
ba,mp,4,16,146,forward,897.11,897.11,897.11,324.11,324.11,324.11,63.87176600416894,2.7679182993428157
ba,mp,4,16,146,inverse,1026.11,1026.11,1026.12,350.11,350.11,350.11,65.87987642650397,2.9308217417383102
ba,mp,5,32,146,forward,2121.11,2121.11,2121.11,726.11,726.11,726.11,65.76745194732948,2.921196512925039
ba,mp,5,32,146,inverse,2418.11,2418.11,2418.11,743.11,743.11,743.11,69.26897452969469,3.254040451615508
ba,mp,6,64,146,forward,4852.11,4852.11,4852.11,1502.11,1502.11,1502.11,69.04212806387324,3.2301961906917604
ba,mp,6,64,146,inverse,5558.11,5558.11,5558.11,1523.11,1523.11,1523.11,72.59662007408994,3.6491848914392264
ba,mp,7,128,146,forward,11244.11,11244.11,11244.11,3485.11,3485.11,3485.11,69.0050168488213,3.226328580733463
ba,mp,7,128,146,inverse,12838.11,12838.11,12838.11,3418.11,3418.11,3418.11,73.37528654918832,3.7559089672362798
ba,mp,8,256,146,forward,25031.11,25031.11,25031.12,7594.11,7594.11,7594.11,69.66131346152848,3.2961215995027726
ba,mp,8,256,146,inverse,28666.11,28666.11,28666.11,7352.11,7352.11,7352.11,74.3526066145703,3.899031706544108
ba,mp,9,512,146,forward,56559.11,56559.11,56559.11,17099.11,17099.11,17099.12,69.76771734915914,3.307722448712243
ba,mp,9,512,146,inverse,64586.11,64586.11,64586.12,16467.11,16467.11,16467.11,74.50363553401806,3.922127805061119
ba,mp,10,1024,146,forward,123498.11,123498.11,123498.12,36960.11,36960.11,36960.11,70.07232742266258,3.341389135476058
ba,mp,10,1024,146,inverse,141342.11,141342.11,141342.12,35441.11,35441.11,35441.12,74.92530003974045,3.9880836125053643
ba,mp,4,16,147,forward,897.11,897.11,897.11,324.11,324.11,324.11,63.87176600416894,2.7679182993428157
ba,mp,4,16,147,inverse,1026.11,1026.11,1026.11,350.11,350.11,350.11,65.87987642650397,2.9308217417383102
ba,mp,5,32,147,forward,2121.11,2121.11,2121.11,726.11,726.11,726.11,65.76745194732948,2.921196512925039
ba,mp,5,32,147,inverse,2418.11,2418.11,2418.11,743.11,743.11,743.11,69.26897452969469,3.254040451615508
ba,mp,6,64,147,forward,4852.11,4852.11,4852.11,1502.11,1502.11,1502.11,69.04212806387324,3.2301961906917604
ba,mp,6,64,147,inverse,5558.11,5558.11,5558.11,1523.11,1523.11,1523.11,72.59662007408994,3.6491848914392264
ba,mp,7,128,147,forward,11244.11,11244.11,11244.11,3485.11,3485.11,3485.11,69.0050168488213,3.226328580733463
ba,mp,7,128,147,inverse,12838.11,12838.11,12838.11,3418.11,3418.11,3418.11,73.37528654918832,3.7559089672362798
ba,mp,8,256,147,forward,25031.11,25031.11,25031.11,7594.11,7594.11,7594.11,69.66131346152848,3.2961215995027726
ba,mp,8,256,147,inverse,28666.11,28666.11,28666.12,7352.11,7352.11,7352.11,74.3526066145703,3.899031706544108
ba,mp,9,512,147,forward,56559.11,56559.11,56559.12,17099.11,17099.11,17099.11,69.76771734915914,3.307722448712243
ba,mp,9,512,147,inverse,64586.11,64586.11,64586.12,16467.11,16467.11,16467.11,74.50363553401806,3.922127805061119
ba,mp,10,1024,147,forward,123498.11,123498.11,123498.12,36960.11,36960.11,36960.11,70.07232742266258,3.341389135476058
ba,mp,10,1024,147,inverse,141342.11,141342.11,141342.12,35441.11,35441.11,35441.11,74.92530003974045,3.9880836125053643
ba,mp,4,16,148,forward,897.11,897.11,897.11,324.11,324.11,324.11,63.87176600416894,2.7679182993428157
ba,mp,4,16,148,inverse,1026.11,1026.11,1026.11,350.11,350.11,350.11,65.87987642650397,2.9308217417383102
ba,mp,5,32,148,forward,2121.11,2121.11,2121.11,726.11,726.11,726.11,65.76745194732948,2.921196512925039
ba,mp,5,32,148,inverse,2418.11,2418.11,2418.11,743.11,743.11,743.11,69.26897452969469,3.254040451615508
ba,mp,6,64,148,forward,4852.11,4852.11,4852.11,1502.11,1502.11,1502.11,69.04212806387324,3.2301961906917604
ba,mp,6,64,148,inverse,5558.11,5558.11,5558.12,1523.11,1523.11,1523.11,72.59662007408994,3.6491848914392264
ba,mp,7,128,148,forward,11244.11,11244.11,11244.11,3485.11,3485.11,3485.11,69.0050168488213,3.226328580733463
ba,mp,7,128,148,inverse,12838.11,12838.11,12838.11,3418.11,3418.11,3418.11,73.37528654918832,3.7559089672362798
ba,mp,8,256,148,forward,25031.11,25031.11,25031.12,7594.11,7594.11,7594.11,69.66131346152848,3.2961215995027726
ba,mp,8,256,148,inverse,28666.11,28666.11,28666.11,7352.11,7352.11,7352.11,74.3526066145703,3.899031706544108
ba,mp,9,512,148,forward,56559.11,56559.11,56559.11,17099.11,17099.11,17099.12,69.76771734915914,3.307722448712243
ba,mp,9,512,148,inverse,64586.11,64586.11,64586.12,16467.11,16467.11,16467.11,74.50363553401806,3.922127805061119
ba,mp,10,1024,148,forward,123498.11,123498.11,123498.12,36960.11,36960.11,36960.12,70.07232742266258,3.341389135476058
ba,mp,10,1024,148,inverse,141342.11,141342.11,141342.12,35441.11,35441.11,35441.11,74.92530003974045,3.9880836125053643
ba,mp,4,16,149,forward,897.11,897.11,897.11,324.11,324.11,324.11,63.87176600416894,2.7679182993428157
ba,mp,4,16,149,inverse,1026.11,1026.11,1026.11,350.11,350.11,350.11,65.87987642650397,2.9308217417383102
ba,mp,5,32,149,forward,2121.11,2121.11,2121.11,726.11,726.11,726.11,65.76745194732948,2.921196512925039
ba,mp,5,32,149,inverse,2418.11,2418.11,2418.11,743.11,743.11,743.11,69.26897452969469,3.254040451615508
ba,mp,6,64,149,forward,4852.11,4852.11,4852.11,1502.11,1502.11,1502.11,69.04212806387324,3.2301961906917604
ba,mp,6,64,149,inverse,5558.11,5558.11,5558.11,1523.11,1523.11,1523.11,72.59662007408994,3.6491848914392264
ba,mp,7,128,149,forward,11244.11,11244.11,11244.11,3485.11,3485.11,3485.11,69.0050168488213,3.226328580733463
ba,mp,7,128,149,inverse,12838.11,12838.11,12838.11,3418.11,3418.11,3418.11,73.37528654918832,3.7559089672362798
ba,mp,8,256,149,forward,25031.11,25031.11,25031.12,7594.11,7594.11,7594.11,69.66131346152848,3.2961215995027726
ba,mp,8,256,149,inverse,28666.11,28666.11,28666.11,7352.11,7352.11,7352.11,74.3526066145703,3.899031706544108
ba,mp,9,512,149,forward,56559.11,56559.11,56559.12,17099.11,17099.11,17099.11,69.76771734915914,3.307722448712243
ba,mp,9,512,149,inverse,64586.11,64586.11,64586.12,16467.11,16467.11,16467.11,74.50363553401806,3.922127805061119
ba,mp,10,1024,149,forward,123498.11,123498.11,123498.12,36960.11,36960.11,36960.11,70.07232742266258,3.341389135476058
ba,mp,10,1024,149,inverse,141342.11,141342.11,141342.12,35441.11,35441.11,35441.12,74.92530003974045,3.9880836125053643
ba,mp,4,16,150,forward,897.11,897.11,897.11,324.11,324.11,324.11,63.87176600416894,2.7679182993428157
ba,mp,4,16,150,inverse,1026.11,1026.11,1026.11,350.11,350.11,350.11,65.87987642650397,2.9308217417383102
ba,mp,5,32,150,forward,2121.11,2121.11,2121.11,726.11,726.11,726.11,65.76745194732948,2.921196512925039
ba,mp,5,32,150,inverse,2418.11,2418.11,2418.11,743.11,743.11,743.11,69.26897452969469,3.254040451615508
ba,mp,6,64,150,forward,4852.11,4852.11,4852.11,1502.11,1502.11,1502.11,69.04212806387324,3.2301961906917604
ba,mp,6,64,150,inverse,5558.11,5558.11,5558.11,1523.11,1523.11,1523.11,72.59662007408994,3.6491848914392264
ba,mp,7,128,150,forward,11244.11,11244.11,11244.11,3485.11,3485.11,3485.11,69.0050168488213,3.226328580733463
ba,mp,7,128,150,inverse,12838.11,12838.11,12838.12,3418.11,3418.11,3418.11,73.37528654918832,3.7559089672362798
ba,mp,8,256,150,forward,25031.11,25031.11,25031.11,7594.11,7594.11,7594.11,69.66131346152848,3.2961215995027726
ba,mp,8,256,150,inverse,28666.11,28666.11,28666.12,7352.11,7352.11,7352.11,74.3526066145703,3.899031706544108
ba,mp,9,512,150,forward,56559.11,56559.11,56559.12,17099.11,17099.11,17099.11,69.76771734915914,3.307722448712243
ba,mp,9,512,150,inverse,64586.11,64586.11,64586.12,16467.11,16467.11,16467.11,74.50363553401806,3.922127805061119
ba,mp,10,1024,150,forward,123498.11,123498.11,123498.12,36960.11,36960.11,36960.11,70.07232742266258,3.341389135476058
ba,mp,10,1024,150,inverse,141342.11,141342.11,141342.12,35441.11,35441.11,35441.12,74.92530003974045,3.9880836125053643
ba,mp,4,16,151,forward,897.11,897.11,897.11,324.11,324.11,324.11,63.87176600416894,2.7679182993428157
ba,mp,4,16,151,inverse,1026.11,1026.11,1026.11,350.11,350.11,350.11,65.87987642650397,2.9308217417383102
ba,mp,5,32,151,forward,2121.11,2121.11,2121.11,726.11,726.11,726.11,65.76745194732948,2.921196512925039
ba,mp,5,32,151,inverse,2418.11,2418.11,2418.11,743.11,743.11,743.11,69.26897452969469,3.254040451615508
ba,mp,6,64,151,forward,4852.11,4852.11,4852.11,1502.11,1502.11,1502.11,69.04212806387324,3.2301961906917604
ba,mp,6,64,151,inverse,5558.11,5558.11,5558.12,1523.11,1523.11,1523.11,72.59662007408994,3.6491848914392264
ba,mp,7,128,151,forward,11244.11,11244.11,11244.11,3485.11,3485.11,3485.11,69.0050168488213,3.226328580733463
ba,mp,7,128,151,inverse,12838.11,12838.11,12838.11,3418.11,3418.11,3418.11,73.37528654918832,3.7559089672362798
ba,mp,8,256,151,forward,25031.11,25031.11,25031.12,7594.11,7594.11,7594.11,69.66131346152848,3.2961215995027726
ba,mp,8,256,151,inverse,28666.11,28666.11,28666.11,7352.11,7352.11,7352.11,74.3526066145703,3.899031706544108
ba,mp,9,512,151,forward,56559.11,56559.11,56559.11,17099.11,17099.11,17099.12,69.76771734915914,3.307722448712243
ba,mp,9,512,151,inverse,64586.11,64586.11,64586.12,16467.11,16467.11,16467.11,74.50363553401806,3.922127805061119
ba,mp,10,1024,151,forward,123498.11,123498.11,123498.12,36960.11,36960.11,36960.12,70.07232742266258,3.341389135476058
ba,mp,10,1024,151,inverse,141342.11,141342.11,141342.12,35441.11,35441.11,35441.11,74.92530003974045,3.9880836125053643
ba,mp,4,16,152,forward,897.11,897.11,897.11,324.11,324.11,324.11,63.87176600416894,2.7679182993428157
ba,mp,4,16,152,inverse,1026.11,1026.11,1026.11,350.11,350.11,350.11,65.87987642650397,2.9308217417383102
ba,mp,5,32,152,forward,2121.11,2121.11,2121.11,726.11,726.11,726.11,65.76745194732948,2.921196512925039
ba,mp,5,32,152,inverse,2418.11,2418.11,2418.11,743.11,743.11,743.11,69.26897452969469,3.254040451615508
ba,mp,6,64,152,forward,4852.11,4852.11,4852.11,1502.11,1502.11,1502.11,69.04212806387324,3.2301961906917604
ba,mp,6,64,152,inverse,5558.11,5558.11,5558.11,1523.11,1523.11,1523.11,72.59662007408994,3.6491848914392264
ba,mp,7,128,152,forward,11244.11,11244.11,11244.11,3485.11,3485.11,3485.11,69.0050168488213,3.226328580733463
ba,mp,7,128,152,inverse,12838.11,12838.11,12838.11,3418.11,3418.11,3418.11,73.37528654918832,3.7559089672362798
ba,mp,8,256,152,forward,25031.11,25031.11,25031.12,7594.11,7594.11,7594.11,69.66131346152848,3.2961215995027726
ba,mp,8,256,152,inverse,28666.11,28666.11,28666.11,7352.11,7352.11,7352.11,74.3526066145703,3.899031706544108
ba,mp,9,512,152,forward,56559.11,56559.11,56559.12,17099.11,17099.11,17099.11,69.76771734915914,3.307722448712243
ba,mp,9,512,152,inverse,64586.11,64586.11,64586.12,16467.11,16467.11,16467.11,74.50363553401806,3.922127805061119
ba,mp,10,1024,152,forward,123498.11,123498.11,123498.12,36960.11,36960.11,36960.11,70.07232742266258,3.341389135476058
ba,mp,10,1024,152,inverse,141342.11,141342.11,141342.12,35441.11,35441.11,35441.12,74.92530003974045,3.9880836125053643
ba,mp,4,16,153,forward,897.11,897.11,897.11,324.11,324.11,324.11,63.87176600416894,2.7679182993428157
ba,mp,4,16,153,inverse,1026.11,1026.11,1026.11,350.11,350.11,350.11,65.87987642650397,2.9308217417383102
ba,mp,5,32,153,forward,2121.11,2121.11,2121.11,726.11,726.11,726.11,65.76745194732948,2.921196512925039
ba,mp,5,32,153,inverse,2418.11,2418.11,2418.11,743.11,743.11,743.11,69.26897452969469,3.254040451615508
ba,mp,6,64,153,forward,4852.11,4852.11,4852.11,1502.11,1502.11,1502.11,69.04212806387324,3.2301961906917604
ba,mp,6,64,153,inverse,5558.11,5558.11,5558.11,1523.11,1523.11,1523.11,72.59662007408994,3.6491848914392264
ba,mp,7,128,153,forward,11244.11,11244.11,11244.11,3485.11,3485.11,3485.11,69.0050168488213,3.226328580733463
ba,mp,7,128,153,inverse,12838.11,12838.11,12838.12,3418.11,3418.11,3418.11,73.37528654918832,3.7559089672362798
ba,mp,8,256,153,forward,25031.11,25031.11,25031.11,7594.11,7594.11,7594.11,69.66131346152848,3.2961215995027726
ba,mp,8,256,153,inverse,28666.11,28666.11,28666.12,7352.11,7352.11,7352.11,74.3526066145703,3.899031706544108
ba,mp,9,512,153,forward,56559.11,56559.11,56559.12,17099.11,17099.11,17099.11,69.76771734915914,3.307722448712243
ba,mp,9,512,153,inverse,64586.11,64586.11,64586.12,16467.11,16467.11,16467.11,74.50363553401806,3.922127805061119
ba,mp,10,1024,153,forward,123498.11,123498.11,123498.12,36960.11,36960.11,36960.11,70.07232742266258,3.341389135476058
ba,mp,10,1024,153,inverse,141342.11,141342.11,141342.12,35441.11,35441.11,35441.12,74.92530003974045,3.9880836125053643
ba,mp,4,16,154,forward,897.11,897.11,897.11,324.11,324.11,324.11,63.87176600416894,2.7679182993428157
ba,mp,4,16,154,inverse,1026.11,1026.11,1026.11,350.11,350.11,350.11,65.87987642650397,2.9308217417383102
ba,mp,5,32,154,forward,2121.11,2121.11,2121.11,726.11,726.11,726.11,65.76745194732948,2.921196512925039
ba,mp,5,32,154,inverse,2418.11,2418.11,2418.11,743.11,743.11,743.11,69.26897452969469,3.254040451615508
ba,mp,6,64,154,forward,4852.11,4852.11,4852.11,1502.11,1502.11,1502.11,69.04212806387324,3.2301961906917604
ba,mp,6,64,154,inverse,5558.11,5558.11,5558.12,1523.11,1523.11,1523.11,72.59662007408994,3.6491848914392264
ba,mp,7,128,154,forward,11244.11,11244.11,11244.11,3485.11,3485.11,3485.11,69.0050168488213,3.226328580733463
ba,mp,7,128,154,inverse,12838.11,12838.11,12838.11,3418.11,3418.11,3418.11,73.37528654918832,3.7559089672362798
ba,mp,8,256,154,forward,25031.11,25031.11,25031.11,7594.11,7594.11,7594.11,69.66131346152848,3.2961215995027726
ba,mp,8,256,154,inverse,28666.11,28666.11,28666.11,7352.11,7352.11,7352.11,74.3526066145703,3.899031706544108
ba,mp,9,512,154,forward,56559.11,56559.11,56559.11,17099.11,17099.11,17099.12,69.76771734915914,3.307722448712243
ba,mp,9,512,154,inverse,64586.11,64586.11,64586.11,16467.11,16467.11,16467.12,74.50363553401806,3.922127805061119
ba,mp,10,1024,154,forward,123498.11,123498.11,123498.12,36960.11,36960.11,36960.12,70.07232742266258,3.341389135476058
ba,mp,10,1024,154,inverse,141342.11,141342.11,141342.12,35441.11,35441.11,35441.11,74.92530003974045,3.9880836125053643
ba,mp,4,16,155,forward,897.11,897.11,897.11,324.11,324.11,324.11,63.87176600416894,2.7679182993428157
ba,mp,4,16,155,inverse,1026.11,1026.11,1026.11,350.11,350.11,350.11,65.87987642650397,2.9308217417383102
ba,mp,5,32,155,forward,2121.11,2121.11,2121.11,726.11,726.11,726.11,65.76745194732948,2.921196512925039
ba,mp,5,32,155,inverse,2418.11,2418.11,2418.11,743.11,743.11,743.11,69.26897452969469,3.254040451615508
ba,mp,6,64,155,forward,4852.11,4852.11,4852.11,1502.11,1502.11,1502.11,69.04212806387324,3.2301961906917604
ba,mp,6,64,155,inverse,5558.11,5558.11,5558.11,1523.11,1523.11,1523.11,72.59662007408994,3.6491848914392264
ba,mp,7,128,155,forward,11244.11,11244.11,11244.11,3485.11,3485.11,3485.11,69.0050168488213,3.226328580733463
ba,mp,7,128,155,inverse,12838.11,12838.11,12838.11,3418.11,3418.11,3418.11,73.37528654918832,3.7559089672362798
ba,mp,8,256,155,forward,25031.11,25031.11,25031.12,7594.11,7594.11,7594.11,69.66131346152848,3.2961215995027726
ba,mp,8,256,155,inverse,28666.11,28666.11,28666.11,7352.11,7352.11,7352.11,74.3526066145703,3.899031706544108
ba,mp,9,512,155,forward,56559.11,56559.11,56559.12,17099.11,17099.11,17099.11,69.76771734915914,3.307722448712243
ba,mp,9,512,155,inverse,64586.11,64586.11,64586.12,16467.11,16467.11,16467.11,74.50363553401806,3.922127805061119
ba,mp,10,1024,155,forward,123498.11,123498.11,123498.12,36960.11,36960.11,36960.11,70.07232742266258,3.341389135476058
ba,mp,10,1024,155,inverse,141342.11,141342.11,141342.12,35441.11,35441.11,35441.12,74.92530003974045,3.9880836125053643
ba,mp,4,16,156,forward,897.11,897.11,897.11,324.11,324.11,324.11,63.87176600416894,2.7679182993428157
ba,mp,4,16,156,inverse,1026.11,1026.11,1026.11,350.11,350.11,350.11,65.87987642650397,2.9308217417383102
ba,mp,5,32,156,forward,2121.11,2121.11,2121.11,726.11,726.11,726.11,65.76745194732948,2.921196512925039
ba,mp,5,32,156,inverse,2418.11,2418.11,2418.11,743.11,743.11,743.11,69.26897452969469,3.254040451615508
ba,mp,6,64,156,forward,4852.11,4852.11,4852.11,1502.11,1502.11,1502.11,69.04212806387324,3.2301961906917604
ba,mp,6,64,156,inverse,5558.11,5558.11,5558.11,1523.11,1523.11,1523.11,72.59662007408994,3.6491848914392264
ba,mp,7,128,156,forward,11244.11,11244.11,11244.11,3485.11,3485.11,3485.11,69.0050168488213,3.226328580733463
ba,mp,7,128,156,inverse,12838.11,12838.11,12838.12,3418.11,3418.11,3418.11,73.37528654918832,3.7559089672362798
ba,mp,8,256,156,forward,25031.11,25031.11,25031.11,7594.11,7594.11,7594.11,69.66131346152848,3.2961215995027726
ba,mp,8,256,156,inverse,28666.11,28666.11,28666.11,7352.11,7352.11,7352.12,74.3526066145703,3.899031706544108
ba,mp,9,512,156,forward,56559.11,56559.11,56559.12,17099.11,17099.11,17099.11,69.76771734915914,3.307722448712243
ba,mp,9,512,156,inverse,64586.11,64586.11,64586.12,16467.11,16467.11,16467.11,74.50363553401806,3.922127805061119
ba,mp,10,1024,156,forward,123498.11,123498.11,123498.12,36960.11,36960.11,36960.11,70.07232742266258,3.341389135476058
ba,mp,10,1024,156,inverse,141342.11,141342.11,141342.12,35441.11,35441.11,35441.12,74.92530003974045,3.9880836125053643
ba,mp,4,16,157,forward,897.11,897.11,897.11,324.11,324.11,324.11,63.87176600416894,2.7679182993428157
ba,mp,4,16,157,inverse,1026.11,1026.11,1026.11,350.11,350.11,350.11,65.87987642650397,2.9308217417383102
ba,mp,5,32,157,forward,2121.11,2121.11,2121.11,726.11,726.11,726.11,65.76745194732948,2.921196512925039
ba,mp,5,32,157,inverse,2418.11,2418.11,2418.11,743.11,743.11,743.11,69.26897452969469,3.254040451615508
ba,mp,6,64,157,forward,4852.11,4852.11,4852.11,1502.11,1502.11,1502.11,69.04212806387324,3.2301961906917604
ba,mp,6,64,157,inverse,5558.11,5558.11,5558.12,1523.11,1523.11,1523.11,72.59662007408994,3.6491848914392264
ba,mp,7,128,157,forward,11244.11,11244.11,11244.11,3485.11,3485.11,3485.11,69.0050168488213,3.226328580733463
ba,mp,7,128,157,inverse,12838.11,12838.11,12838.11,3418.11,3418.11,3418.11,73.37528654918832,3.7559089672362798
ba,mp,8,256,157,forward,25031.11,25031.11,25031.11,7594.11,7594.11,7594.11,69.66131346152848,3.2961215995027726
ba,mp,8,256,157,inverse,28666.11,28666.11,28666.11,7352.11,7352.11,7352.11,74.3526066145703,3.899031706544108
ba,mp,9,512,157,forward,56559.11,56559.11,56559.11,17099.11,17099.11,17099.12,69.76771734915914,3.307722448712243
ba,mp,9,512,157,inverse,64586.11,64586.11,64586.11,16467.11,16467.11,16467.12,74.50363553401806,3.922127805061119
ba,mp,10,1024,157,forward,123498.11,123498.11,123498.12,36960.11,36960.11,36960.12,70.07232742266258,3.341389135476058
ba,mp,10,1024,157,inverse,141342.11,141342.11,141342.12,35441.11,35441.11,35441.11,74.92530003974045,3.9880836125053643
ba,mp,4,16,158,forward,897.11,897.11,897.11,324.11,324.11,324.11,63.87176600416894,2.7679182993428157
ba,mp,4,16,158,inverse,1026.11,1026.11,1026.11,350.11,350.11,350.11,65.87987642650397,2.9308217417383102
ba,mp,5,32,158,forward,2121.11,2121.11,2121.11,726.11,726.11,726.11,65.76745194732948,2.921196512925039
ba,mp,5,32,158,inverse,2418.11,2418.11,2418.11,743.11,743.11,743.11,69.26897452969469,3.254040451615508
ba,mp,6,64,158,forward,4852.11,4852.11,4852.11,1502.11,1502.11,1502.11,69.04212806387324,3.2301961906917604
ba,mp,6,64,158,inverse,5558.11,5558.11,5558.11,1523.11,1523.11,1523.11,72.59662007408994,3.6491848914392264
ba,mp,7,128,158,forward,11244.11,11244.11,11244.11,3485.11,3485.11,3485.11,69.0050168488213,3.226328580733463
ba,mp,7,128,158,inverse,12838.11,12838.11,12838.11,3418.11,3418.11,3418.11,73.37528654918832,3.7559089672362798
ba,mp,8,256,158,forward,25031.11,25031.11,25031.12,7594.11,7594.11,7594.11,69.66131346152848,3.2961215995027726
ba,mp,8,256,158,inverse,28666.11,28666.11,28666.11,7352.11,7352.11,7352.11,74.3526066145703,3.899031706544108
ba,mp,9,512,158,forward,56559.11,56559.11,56559.12,17099.11,17099.11,17099.11,69.76771734915914,3.307722448712243
ba,mp,9,512,158,inverse,64586.11,64586.11,64586.12,16467.11,16467.11,16467.11,74.50363553401806,3.922127805061119
ba,mp,10,1024,158,forward,123498.11,123498.11,123498.12,36960.11,36960.11,36960.11,70.07232742266258,3.341389135476058
ba,mp,10,1024,158,inverse,141342.11,141342.11,141342.12,35441.11,35441.11,35441.12,74.92530003974045,3.9880836125053643
ba,mp,4,16,159,forward,897.11,897.11,897.11,324.11,324.11,324.11,63.87176600416894,2.7679182993428157
ba,mp,4,16,159,inverse,1026.11,1026.11,1026.11,350.11,350.11,350.11,65.87987642650397,2.9308217417383102
ba,mp,5,32,159,forward,2121.11,2121.11,2121.11,726.11,726.11,726.11,65.76745194732948,2.921196512925039
ba,mp,5,32,159,inverse,2418.11,2418.11,2418.11,743.11,743.11,743.11,69.26897452969469,3.254040451615508
ba,mp,6,64,159,forward,4852.11,4852.11,4852.11,1502.11,1502.11,1502.11,69.04212806387324,3.2301961906917604
ba,mp,6,64,159,inverse,5558.11,5558.11,5558.11,1523.11,1523.11,1523.11,72.59662007408994,3.6491848914392264
ba,mp,7,128,159,forward,11244.11,11244.11,11244.11,3485.11,3485.11,3485.11,69.0050168488213,3.226328580733463
ba,mp,7,128,159,inverse,12838.11,12838.11,12838.12,3418.11,3418.11,3418.11,73.37528654918832,3.7559089672362798
ba,mp,8,256,159,forward,25031.11,25031.11,25031.11,7594.11,7594.11,7594.11,69.66131346152848,3.2961215995027726
ba,mp,8,256,159,inverse,28666.11,28666.11,28666.12,7352.11,7352.11,7352.11,74.3526066145703,3.899031706544108
ba,mp,9,512,159,forward,56559.11,56559.11,56559.11,17099.11,17099.11,17099.11,69.76771734915914,3.307722448712243
ba,mp,9,512,159,inverse,64586.11,64586.11,64586.12,16467.11,16467.11,16467.11,74.50363553401806,3.922127805061119
ba,mp,10,1024,159,forward,123498.11,123498.11,123498.12,36960.11,36960.11,36960.12,70.07232742266258,3.341389135476058
ba,mp,10,1024,159,inverse,141342.11,141342.11,141342.12,35441.11,35441.11,35441.12,74.92530003974045,3.9880836125053643
ba,mp,4,16,160,forward,897.11,897.11,897.11,324.11,324.11,324.11,63.87176600416894,2.7679182993428157
ba,mp,4,16,160,inverse,1026.11,1026.11,1026.11,350.11,350.11,350.11,65.87987642650397,2.9308217417383102
ba,mp,5,32,160,forward,2121.11,2121.11,2121.11,726.11,726.11,726.11,65.76745194732948,2.921196512925039
ba,mp,5,32,160,inverse,2418.11,2418.11,2418.11,743.11,743.11,743.11,69.26897452969469,3.254040451615508
ba,mp,6,64,160,forward,4852.11,4852.11,4852.11,1502.11,1502.11,1502.11,69.04212806387324,3.2301961906917604
ba,mp,6,64,160,inverse,5558.11,5558.11,5558.11,1523.11,1523.11,1523.12,72.59662007408994,3.6491848914392264
ba,mp,7,128,160,forward,11244.11,11244.11,11244.11,3485.11,3485.11,3485.11,69.0050168488213,3.226328580733463
ba,mp,7,128,160,inverse,12838.11,12838.11,12838.11,3418.11,3418.11,3418.11,73.37528654918832,3.7559089672362798
ba,mp,8,256,160,forward,25031.11,25031.11,25031.11,7594.11,7594.11,7594.11,69.66131346152848,3.2961215995027726
ba,mp,8,256,160,inverse,28666.11,28666.11,28666.11,7352.11,7352.11,7352.11,74.3526066145703,3.899031706544108
ba,mp,9,512,160,forward,56559.11,56559.11,56559.12,17099.11,17099.11,17099.11,69.76771734915914,3.307722448712243
ba,mp,9,512,160,inverse,64586.11,64586.11,64586.11,16467.11,16467.11,16467.12,74.50363553401806,3.922127805061119
ba,mp,10,1024,160,forward,123498.11,123498.11,123498.12,36960.11,36960.11,36960.12,70.07232742266258,3.341389135476058
ba,mp,10,1024,160,inverse,141342.11,141342.11,141342.12,35441.11,35441.11,35441.11,74.92530003974045,3.9880836125053643
ba,mp,4,16,161,forward,897.11,897.11,897.11,324.11,324.11,324.11,63.87176600416894,2.7679182993428157
ba,mp,4,16,161,inverse,1026.11,1026.11,1026.11,350.11,350.11,350.11,65.87987642650397,2.9308217417383102
ba,mp,5,32,161,forward,2121.11,2121.11,2121.12,726.11,726.11,726.11,65.76745194732948,2.921196512925039
ba,mp,5,32,161,inverse,2418.11,2418.11,2418.11,743.11,743.11,743.11,69.26897452969469,3.254040451615508
ba,mp,6,64,161,forward,4852.11,4852.11,4852.11,1502.11,1502.11,1502.11,69.04212806387324,3.2301961906917604
ba,mp,6,64,161,inverse,5558.11,5558.11,5558.11,1523.11,1523.11,1523.11,72.59662007408994,3.6491848914392264
ba,mp,7,128,161,forward,11244.11,11244.11,11244.11,3485.11,3485.11,3485.11,69.0050168488213,3.226328580733463
ba,mp,7,128,161,inverse,12838.11,12838.11,12838.11,3418.11,3418.11,3418.11,73.37528654918832,3.7559089672362798
ba,mp,8,256,161,forward,25031.11,25031.11,25031.12,7594.11,7594.11,7594.11,69.66131346152848,3.2961215995027726
ba,mp,8,256,161,inverse,28666.11,28666.11,28666.11,7352.11,7352.11,7352.11,74.3526066145703,3.899031706544108
ba,mp,9,512,161,forward,56559.11,56559.11,56559.12,17099.11,17099.11,17099.11,69.76771734915914,3.307722448712243
ba,mp,9,512,161,inverse,64586.11,64586.11,64586.12,16467.11,16467.11,16467.11,74.50363553401806,3.922127805061119
ba,mp,10,1024,161,forward,123498.11,123498.11,123498.12,36960.11,36960.11,36960.11,70.07232742266258,3.341389135476058
ba,mp,10,1024,161,inverse,141342.11,141342.11,141342.12,35441.11,35441.11,35441.12,74.92530003974045,3.9880836125053643
ba,mp,4,16,162,forward,897.11,897.11,897.11,324.11,324.11,324.11,63.87176600416894,2.7679182993428157
ba,mp,4,16,162,inverse,1026.11,1026.11,1026.11,350.11,350.11,350.11,65.87987642650397,2.9308217417383102
ba,mp,5,32,162,forward,2121.11,2121.11,2121.11,726.11,726.11,726.11,65.76745194732948,2.921196512925039
ba,mp,5,32,162,inverse,2418.11,2418.11,2418.11,743.11,743.11,743.11,69.26897452969469,3.254040451615508
ba,mp,6,64,162,forward,4852.11,4852.11,4852.11,1502.11,1502.11,1502.11,69.04212806387324,3.2301961906917604
ba,mp,6,64,162,inverse,5558.11,5558.11,5558.11,1523.11,1523.11,1523.11,72.59662007408994,3.6491848914392264
ba,mp,7,128,162,forward,11244.11,11244.11,11244.11,3485.11,3485.11,3485.11,69.0050168488213,3.226328580733463
ba,mp,7,128,162,inverse,12838.11,12838.11,12838.12,3418.11,3418.11,3418.11,73.37528654918832,3.7559089672362798
ba,mp,8,256,162,forward,25031.11,25031.11,25031.11,7594.11,7594.11,7594.11,69.66131346152848,3.2961215995027726
ba,mp,8,256,162,inverse,28666.11,28666.11,28666.12,7352.11,7352.11,7352.11,74.3526066145703,3.899031706544108
ba,mp,9,512,162,forward,56559.11,56559.11,56559.12,17099.11,17099.11,17099.11,69.76771734915914,3.307722448712243
ba,mp,9,512,162,inverse,64586.11,64586.11,64586.11,16467.11,16467.11,16467.12,74.50363553401806,3.922127805061119
ba,mp,10,1024,162,forward,123498.11,123498.11,123498.12,36960.11,36960.11,36960.12,70.07232742266258,3.341389135476058
ba,mp,10,1024,162,inverse,141342.11,141342.11,141342.12,35441.11,35441.11,35441.11,74.92530003974045,3.9880836125053643
ba,mp,4,16,163,forward,897.11,897.11,897.11,324.11,324.11,324.11,63.87176600416894,2.7679182993428157
ba,mp,4,16,163,inverse,1026.11,1026.11,1026.11,350.11,350.11,350.11,65.87987642650397,2.9308217417383102
ba,mp,5,32,163,forward,2121.11,2121.11,2121.11,726.11,726.11,726.11,65.76745194732948,2.921196512925039
ba,mp,5,32,163,inverse,2418.11,2418.11,2418.11,743.11,743.11,743.11,69.26897452969469,3.254040451615508
ba,mp,6,64,163,forward,4852.11,4852.11,4852.11,1502.11,1502.11,1502.11,69.04212806387324,3.2301961906917604
ba,mp,6,64,163,inverse,5558.11,5558.11,5558.11,1523.11,1523.11,1523.11,72.59662007408994,3.6491848914392264
ba,mp,7,128,163,forward,11244.11,11244.11,11244.11,3485.11,3485.11,3485.11,69.0050168488213,3.226328580733463
ba,mp,7,128,163,inverse,12838.11,12838.11,12838.11,3418.11,3418.11,3418.11,73.37528654918832,3.7559089672362798
ba,mp,8,256,163,forward,25031.11,25031.11,25031.11,7594.11,7594.11,7594.11,69.66131346152848,3.2961215995027726
ba,mp,8,256,163,inverse,28666.11,28666.11,28666.11,7352.11,7352.11,7352.12,74.3526066145703,3.899031706544108
ba,mp,9,512,163,forward,56559.11,56559.11,56559.12,17099.11,17099.11,17099.11,69.76771734915914,3.307722448712243
ba,mp,9,512,163,inverse,64586.11,64586.11,64586.12,16467.11,16467.11,16467.11,74.50363553401806,3.922127805061119
ba,mp,10,1024,163,forward,123498.11,123498.11,123498.12,36960.11,36960.11,36960.11,70.07232742266258,3.341389135476058
ba,mp,10,1024,163,inverse,141342.11,141342.11,141342.12,35441.11,35441.11,35441.11,74.92530003974045,3.9880836125053643
ba,mp,4,16,164,forward,897.11,897.11,897.11,324.11,324.11,324.11,63.87176600416894,2.7679182993428157
ba,mp,4,16,164,inverse,1026.11,1026.11,1026.11,350.11,350.11,350.11,65.87987642650397,2.9308217417383102
ba,mp,5,32,164,forward,2121.11,2121.11,2121.11,726.11,726.11,726.11,65.76745194732948,2.921196512925039
ba,mp,5,32,164,inverse,2418.11,2418.11,2418.11,743.11,743.11,743.11,69.26897452969469,3.254040451615508
ba,mp,6,64,164,forward,4852.11,4852.11,4852.11,1502.11,1502.11,1502.11,69.04212806387324,3.2301961906917604
ba,mp,6,64,164,inverse,5558.11,5558.11,5558.11,1523.11,1523.11,1523.11,72.59662007408994,3.6491848914392264
ba,mp,7,128,164,forward,11244.11,11244.11,11244.11,3485.11,3485.11,3485.11,69.0050168488213,3.226328580733463
ba,mp,7,128,164,inverse,12838.11,12838.11,12838.11,3418.11,3418.11,3418.11,73.37528654918832,3.7559089672362798
ba,mp,8,256,164,forward,25031.11,25031.11,25031.12,7594.11,7594.11,7594.11,69.66131346152848,3.2961215995027726
ba,mp,8,256,164,inverse,28666.11,28666.11,28666.11,7352.11,7352.11,7352.11,74.3526066145703,3.899031706544108
ba,mp,9,512,164,forward,56559.11,56559.11,56559.12,17099.11,17099.11,17099.11,69.76771734915914,3.307722448712243
ba,mp,9,512,164,inverse,64586.11,64586.11,64586.12,16467.11,16467.11,16467.11,74.50363553401806,3.922127805061119
ba,mp,10,1024,164,forward,123498.11,123498.11,123498.12,36960.11,36960.11,36960.12,70.07232742266258,3.341389135476058
ba,mp,10,1024,164,inverse,141342.11,141342.11,141342.12,35441.11,35441.11,35441.12,74.92530003974045,3.9880836125053643
ba,mp,4,16,165,forward,897.11,897.11,897.11,324.11,324.11,324.11,63.87176600416894,2.7679182993428157
ba,mp,4,16,165,inverse,1026.11,1026.11,1026.11,350.11,350.11,350.11,65.87987642650397,2.9308217417383102
ba,mp,5,32,165,forward,2121.11,2121.11,2121.11,726.11,726.11,726.11,65.76745194732948,2.921196512925039
ba,mp,5,32,165,inverse,2418.11,2418.11,2418.11,743.11,743.11,743.11,69.26897452969469,3.254040451615508
ba,mp,6,64,165,forward,4852.11,4852.11,4852.11,1502.11,1502.11,1502.11,69.04212806387324,3.2301961906917604
ba,mp,6,64,165,inverse,5558.11,5558.11,5558.11,1523.11,1523.11,1523.11,72.59662007408994,3.6491848914392264
ba,mp,7,128,165,forward,11244.11,11244.11,11244.11,3485.11,3485.11,3485.11,69.0050168488213,3.226328580733463
ba,mp,7,128,165,inverse,12838.11,12838.11,12838.11,3418.11,3418.11,3418.12,73.37528654918832,3.7559089672362798
ba,mp,8,256,165,forward,25031.11,25031.11,25031.11,7594.11,7594.11,7594.11,69.66131346152848,3.2961215995027726
ba,mp,8,256,165,inverse,28666.11,28666.11,28666.11,7352.11,7352.11,7352.12,74.3526066145703,3.899031706544108
ba,mp,9,512,165,forward,56559.11,56559.11,56559.12,17099.11,17099.11,17099.11,69.76771734915914,3.307722448712243
ba,mp,9,512,165,inverse,64586.11,64586.11,64586.11,16467.11,16467.11,16467.12,74.50363553401806,3.922127805061119
ba,mp,10,1024,165,forward,123498.11,123498.11,123498.12,36960.11,36960.11,36960.12,70.07232742266258,3.341389135476058
ba,mp,10,1024,165,inverse,141342.11,141342.11,141342.12,35441.11,35441.11,35441.11,74.92530003974045,3.9880836125053643
ba,mp,4,16,166,forward,897.11,897.11,897.11,324.11,324.11,324.11,63.87176600416894,2.7679182993428157
ba,mp,4,16,166,inverse,1026.11,1026.11,1026.11,350.11,350.11,350.11,65.87987642650397,2.9308217417383102
ba,mp,5,32,166,forward,2121.11,2121.11,2121.11,726.11,726.11,726.11,65.76745194732948,2.921196512925039
ba,mp,5,32,166,inverse,2418.11,2418.11,2418.11,743.11,743.11,743.11,69.26897452969469,3.254040451615508
ba,mp,6,64,166,forward,4852.11,4852.11,4852.11,1502.11,1502.11,1502.11,69.04212806387324,3.2301961906917604
ba,mp,6,64,166,inverse,5558.11,5558.11,5558.11,1523.11,1523.11,1523.11,72.59662007408994,3.6491848914392264
ba,mp,7,128,166,forward,11244.11,11244.11,11244.12,3485.11,3485.11,3485.11,69.0050168488213,3.226328580733463
ba,mp,7,128,166,inverse,12838.11,12838.11,12838.11,3418.11,3418.11,3418.11,73.37528654918832,3.7559089672362798
ba,mp,8,256,166,forward,25031.11,25031.11,25031.11,7594.11,7594.11,7594.11,69.66131346152848,3.2961215995027726
ba,mp,8,256,166,inverse,28666.11,28666.11,28666.12,7352.11,7352.11,7352.11,74.3526066145703,3.899031706544108
ba,mp,9,512,166,forward,56559.11,56559.11,56559.12,17099.11,17099.11,17099.11,69.76771734915914,3.307722448712243
ba,mp,9,512,166,inverse,64586.11,64586.11,64586.12,16467.11,16467.11,16467.11,74.50363553401806,3.922127805061119
ba,mp,10,1024,166,forward,123498.11,123498.11,123498.12,36960.11,36960.11,36960.11,70.07232742266258,3.341389135476058
ba,mp,10,1024,166,inverse,141342.11,141342.11,141342.12,35441.11,35441.11,35441.11,74.92530003974045,3.9880836125053643
ba,mp,4,16,167,forward,897.11,897.11,897.11,324.11,324.11,324.11,63.87176600416894,2.7679182993428157
ba,mp,4,16,167,inverse,1026.11,1026.11,1026.11,350.11,350.11,350.11,65.87987642650397,2.9308217417383102
ba,mp,5,32,167,forward,2121.11,2121.11,2121.11,726.11,726.11,726.11,65.76745194732948,2.921196512925039
ba,mp,5,32,167,inverse,2418.11,2418.11,2418.11,743.11,743.11,743.12,69.26897452969469,3.254040451615508
ba,mp,6,64,167,forward,4852.11,4852.11,4852.11,1502.11,1502.11,1502.11,69.04212806387324,3.2301961906917604
ba,mp,6,64,167,inverse,5558.11,5558.11,5558.11,1523.11,1523.11,1523.11,72.59662007408994,3.6491848914392264
ba,mp,7,128,167,forward,11244.11,11244.11,11244.11,3485.11,3485.11,3485.11,69.0050168488213,3.226328580733463
ba,mp,7,128,167,inverse,12838.11,12838.11,12838.11,3418.11,3418.11,3418.11,73.37528654918832,3.7559089672362798
ba,mp,8,256,167,forward,25031.11,25031.11,25031.11,7594.11,7594.11,7594.12,69.66131346152848,3.2961215995027726
ba,mp,8,256,167,inverse,28666.11,28666.11,28666.11,7352.11,7352.11,7352.11,74.3526066145703,3.899031706544108
ba,mp,9,512,167,forward,56559.11,56559.11,56559.12,17099.11,17099.11,17099.11,69.76771734915914,3.307722448712243
ba,mp,9,512,167,inverse,64586.11,64586.11,64586.12,16467.11,16467.11,16467.11,74.50363553401806,3.922127805061119
ba,mp,10,1024,167,forward,123498.11,123498.11,123498.12,36960.11,36960.11,36960.12,70.07232742266258,3.341389135476058
ba,mp,10,1024,167,inverse,141342.11,141342.11,141342.12,35441.11,35441.11,35441.12,74.92530003974045,3.9880836125053643
ba,mp,4,16,168,forward,897.11,897.11,897.11,324.11,324.11,324.11,63.87176600416894,2.7679182993428157
ba,mp,4,16,168,inverse,1026.11,1026.11,1026.11,350.11,350.11,350.11,65.87987642650397,2.9308217417383102
ba,mp,5,32,168,forward,2121.11,2121.11,2121.11,726.11,726.11,726.11,65.76745194732948,2.921196512925039
ba,mp,5,32,168,inverse,2418.11,2418.11,2418.11,743.11,743.11,743.11,69.26897452969469,3.254040451615508
ba,mp,6,64,168,forward,4852.11,4852.11,4852.11,1502.11,1502.11,1502.11,69.04212806387324,3.2301961906917604
ba,mp,6,64,168,inverse,5558.11,5558.11,5558.11,1523.11,1523.11,1523.11,72.59662007408994,3.6491848914392264
ba,mp,7,128,168,forward,11244.11,11244.11,11244.11,3485.11,3485.11,3485.11,69.0050168488213,3.226328580733463
ba,mp,7,128,168,inverse,12838.11,12838.11,12838.12,3418.11,3418.11,3418.11,73.37528654918832,3.7559089672362798
ba,mp,8,256,168,forward,25031.11,25031.11,25031.11,7594.11,7594.11,7594.11,69.66131346152848,3.2961215995027726
ba,mp,8,256,168,inverse,28666.11,28666.11,28666.11,7352.11,7352.11,7352.12,74.3526066145703,3.899031706544108
ba,mp,9,512,168,forward,56559.11,56559.11,56559.12,17099.11,17099.11,17099.11,69.76771734915914,3.307722448712243
ba,mp,9,512,168,inverse,64586.11,64586.11,64586.11,16467.11,16467.11,16467.12,74.50363553401806,3.922127805061119
ba,mp,10,1024,168,forward,123498.11,123498.11,123498.12,36960.11,36960.11,36960.11,70.07232742266258,3.341389135476058
ba,mp,10,1024,168,inverse,141342.11,141342.11,141342.12,35441.11,35441.11,35441.11,74.92530003974045,3.9880836125053643
ba,mp,4,16,169,forward,897.11,897.11,897.11,324.11,324.11,324.11,63.87176600416894,2.7679182993428157
ba,mp,4,16,169,inverse,1026.11,1026.11,1026.11,350.11,350.11,350.11,65.87987642650397,2.9308217417383102
ba,mp,5,32,169,forward,2121.11,2121.11,2121.11,726.11,726.11,726.11,65.76745194732948,2.921196512925039
ba,mp,5,32,169,inverse,2418.11,2418.11,2418.11,743.11,743.11,743.11,69.26897452969469,3.254040451615508
ba,mp,6,64,169,forward,4852.11,4852.11,4852.11,1502.11,1502.11,1502.11,69.04212806387324,3.2301961906917604
ba,mp,6,64,169,inverse,5558.11,5558.11,5558.11,1523.11,1523.11,1523.11,72.59662007408994,3.6491848914392264
ba,mp,7,128,169,forward,11244.11,11244.11,11244.12,3485.11,3485.11,3485.11,69.0050168488213,3.226328580733463
ba,mp,7,128,169,inverse,12838.11,12838.11,12838.11,3418.11,3418.11,3418.11,73.37528654918832,3.7559089672362798
ba,mp,8,256,169,forward,25031.11,25031.11,25031.11,7594.11,7594.11,7594.11,69.66131346152848,3.2961215995027726
ba,mp,8,256,169,inverse,28666.11,28666.11,28666.12,7352.11,7352.11,7352.11,74.3526066145703,3.899031706544108
ba,mp,9,512,169,forward,56559.11,56559.11,56559.12,17099.11,17099.11,17099.11,69.76771734915914,3.307722448712243
ba,mp,9,512,169,inverse,64586.11,64586.11,64586.12,16467.11,16467.11,16467.11,74.50363553401806,3.922127805061119
ba,mp,10,1024,169,forward,123498.11,123498.11,123498.12,36960.11,36960.11,36960.11,70.07232742266258,3.341389135476058
ba,mp,10,1024,169,inverse,141342.11,141342.11,141342.12,35441.11,35441.11,35441.11,74.92530003974045,3.9880836125053643
ba,mp,4,16,170,forward,897.11,897.11,897.11,324.11,324.11,324.11,63.87176600416894,2.7679182993428157
ba,mp,4,16,170,inverse,1026.11,1026.11,1026.11,350.11,350.11,350.11,65.87987642650397,2.9308217417383102
ba,mp,5,32,170,forward,2121.11,2121.11,2121.11,726.11,726.11,726.11,65.76745194732948,2.921196512925039
ba,mp,5,32,170,inverse,2418.11,2418.11,2418.12,743.11,743.11,743.11,69.26897452969469,3.254040451615508
ba,mp,6,64,170,forward,4852.11,4852.11,4852.11,1502.11,1502.11,1502.11,69.04212806387324,3.2301961906917604
ba,mp,6,64,170,inverse,5558.11,5558.11,5558.11,1523.11,1523.11,1523.11,72.59662007408994,3.6491848914392264
ba,mp,7,128,170,forward,11244.11,11244.11,11244.11,3485.11,3485.11,3485.11,69.0050168488213,3.226328580733463
ba,mp,7,128,170,inverse,12838.11,12838.11,12838.11,3418.11,3418.11,3418.11,73.37528654918832,3.7559089672362798
ba,mp,8,256,170,forward,25031.11,25031.11,25031.11,7594.11,7594.11,7594.12,69.66131346152848,3.2961215995027726
ba,mp,8,256,170,inverse,28666.11,28666.11,28666.11,7352.11,7352.11,7352.11,74.3526066145703,3.899031706544108
ba,mp,9,512,170,forward,56559.11,56559.11,56559.12,17099.11,17099.11,17099.11,69.76771734915914,3.307722448712243
ba,mp,9,512,170,inverse,64586.11,64586.11,64586.12,16467.11,16467.11,16467.11,74.50363553401806,3.922127805061119
ba,mp,10,1024,170,forward,123498.11,123498.11,123498.12,36960.11,36960.11,36960.12,70.07232742266258,3.341389135476058
ba,mp,10,1024,170,inverse,141342.11,141342.11,141342.12,35441.11,35441.11,35441.12,74.92530003974045,3.9880836125053643
ba,mp,4,16,171,forward,897.11,897.11,897.11,324.11,324.11,324.11,63.87176600416894,2.7679182993428157
ba,mp,4,16,171,inverse,1026.11,1026.11,1026.11,350.11,350.11,350.11,65.87987642650397,2.9308217417383102
ba,mp,5,32,171,forward,2121.11,2121.11,2121.11,726.11,726.11,726.11,65.76745194732948,2.921196512925039
ba,mp,5,32,171,inverse,2418.11,2418.11,2418.11,743.11,743.11,743.11,69.26897452969469,3.254040451615508
ba,mp,6,64,171,forward,4852.11,4852.11,4852.11,1502.11,1502.11,1502.11,69.04212806387324,3.2301961906917604
ba,mp,6,64,171,inverse,5558.11,5558.11,5558.11,1523.11,1523.11,1523.11,72.59662007408994,3.6491848914392264
ba,mp,7,128,171,forward,11244.11,11244.11,11244.11,3485.11,3485.11,3485.11,69.0050168488213,3.226328580733463
ba,mp,7,128,171,inverse,12838.11,12838.11,12838.12,3418.11,3418.11,3418.11,73.37528654918832,3.7559089672362798
ba,mp,8,256,171,forward,25031.11,25031.11,25031.11,7594.11,7594.11,7594.11,69.66131346152848,3.2961215995027726
ba,mp,8,256,171,inverse,28666.11,28666.11,28666.12,7352.11,7352.11,7352.11,74.3526066145703,3.899031706544108
ba,mp,9,512,171,forward,56559.11,56559.11,56559.11,17099.11,17099.11,17099.11,69.76771734915914,3.307722448712243
ba,mp,9,512,171,inverse,64586.11,64586.11,64586.12,16467.11,16467.11,16467.11,74.50363553401806,3.922127805061119
ba,mp,10,1024,171,forward,123498.11,123498.11,123498.12,36960.11,36960.11,36960.11,70.07232742266258,3.341389135476058
ba,mp,10,1024,171,inverse,141342.11,141342.11,141342.12,35441.11,35441.11,35441.11,74.92530003974045,3.9880836125053643
ba,mp,4,16,172,forward,897.11,897.11,897.11,324.11,324.11,324.11,63.87176600416894,2.7679182993428157
ba,mp,4,16,172,inverse,1026.11,1026.11,1026.11,350.11,350.11,350.11,65.87987642650397,2.9308217417383102
ba,mp,5,32,172,forward,2121.11,2121.11,2121.11,726.11,726.11,726.11,65.76745194732948,2.921196512925039
ba,mp,5,32,172,inverse,2418.11,2418.11,2418.11,743.11,743.11,743.11,69.26897452969469,3.254040451615508
ba,mp,6,64,172,forward,4852.11,4852.11,4852.11,1502.11,1502.11,1502.11,69.04212806387324,3.2301961906917604
ba,mp,6,64,172,inverse,5558.11,5558.11,5558.11,1523.11,1523.11,1523.11,72.59662007408994,3.6491848914392264
ba,mp,7,128,172,forward,11244.11,11244.11,11244.12,3485.11,3485.11,3485.11,69.0050168488213,3.226328580733463
ba,mp,7,128,172,inverse,12838.11,12838.11,12838.11,3418.11,3418.11,3418.11,73.37528654918832,3.7559089672362798
ba,mp,8,256,172,forward,25031.11,25031.11,25031.11,7594.11,7594.11,7594.11,69.66131346152848,3.2961215995027726
ba,mp,8,256,172,inverse,28666.11,28666.11,28666.12,7352.11,7352.11,7352.11,74.3526066145703,3.899031706544108
ba,mp,9,512,172,forward,56559.11,56559.11,56559.12,17099.11,17099.11,17099.11,69.76771734915914,3.307722448712243
ba,mp,9,512,172,inverse,64586.11,64586.11,64586.12,16467.11,16467.11,16467.11,74.50363553401806,3.922127805061119
ba,mp,10,1024,172,forward,123498.11,123498.11,123498.12,36960.11,36960.11,36960.11,70.07232742266258,3.341389135476058
ba,mp,10,1024,172,inverse,141342.11,141342.11,141342.12,35441.11,35441.11,35441.11,74.92530003974045,3.9880836125053643
ba,mp,4,16,173,forward,897.11,897.11,897.11,324.11,324.11,324.11,63.87176600416894,2.7679182993428157
ba,mp,4,16,173,inverse,1026.11,1026.11,1026.11,350.11,350.11,350.11,65.87987642650397,2.9308217417383102
ba,mp,5,32,173,forward,2121.11,2121.11,2121.11,726.11,726.11,726.11,65.76745194732948,2.921196512925039
ba,mp,5,32,173,inverse,2418.11,2418.11,2418.11,743.11,743.11,743.11,69.26897452969469,3.254040451615508
ba,mp,6,64,173,forward,4852.11,4852.11,4852.11,1502.11,1502.11,1502.11,69.04212806387324,3.2301961906917604
ba,mp,6,64,173,inverse,5558.11,5558.11,5558.11,1523.11,1523.11,1523.11,72.59662007408994,3.6491848914392264
ba,mp,7,128,173,forward,11244.11,11244.11,11244.11,3485.11,3485.11,3485.11,69.0050168488213,3.226328580733463
ba,mp,7,128,173,inverse,12838.11,12838.11,12838.11,3418.11,3418.11,3418.11,73.37528654918832,3.7559089672362798
ba,mp,8,256,173,forward,25031.11,25031.11,25031.12,7594.11,7594.11,7594.11,69.66131346152848,3.2961215995027726
ba,mp,8,256,173,inverse,28666.11,28666.11,28666.11,7352.11,7352.11,7352.11,74.3526066145703,3.899031706544108
ba,mp,9,512,173,forward,56559.11,56559.11,56559.11,17099.11,17099.11,17099.11,69.76771734915914,3.307722448712243
ba,mp,9,512,173,inverse,64586.11,64586.11,64586.12,16467.11,16467.11,16467.11,74.50363553401806,3.922127805061119
ba,mp,10,1024,173,forward,123498.11,123498.11,123498.12,36960.11,36960.11,36960.12,70.07232742266258,3.341389135476058
ba,mp,10,1024,173,inverse,141342.11,141342.11,141342.12,35441.11,35441.11,35441.11,74.92530003974045,3.9880836125053643
ba,mp,4,16,174,forward,897.11,897.11,897.11,324.11,324.11,324.11,63.87176600416894,2.7679182993428157
ba,mp,4,16,174,inverse,1026.11,1026.11,1026.11,350.11,350.11,350.11,65.87987642650397,2.9308217417383102
ba,mp,5,32,174,forward,2121.11,2121.11,2121.11,726.11,726.11,726.11,65.76745194732948,2.921196512925039
ba,mp,5,32,174,inverse,2418.11,2418.11,2418.11,743.11,743.11,743.11,69.26897452969469,3.254040451615508
ba,mp,6,64,174,forward,4852.11,4852.11,4852.11,1502.11,1502.11,1502.11,69.04212806387324,3.2301961906917604
ba,mp,6,64,174,inverse,5558.11,5558.11,5558.11,1523.11,1523.11,1523.11,72.59662007408994,3.6491848914392264
ba,mp,7,128,174,forward,11244.11,11244.11,11244.11,3485.11,3485.11,3485.11,69.0050168488213,3.226328580733463
ba,mp,7,128,174,inverse,12838.11,12838.11,12838.12,3418.11,3418.11,3418.11,73.37528654918832,3.7559089672362798
ba,mp,8,256,174,forward,25031.11,25031.11,25031.11,7594.11,7594.11,7594.11,69.66131346152848,3.2961215995027726
ba,mp,8,256,174,inverse,28666.11,28666.11,28666.11,7352.11,7352.11,7352.11,74.3526066145703,3.899031706544108
ba,mp,9,512,174,forward,56559.11,56559.11,56559.11,17099.11,17099.11,17099.11,69.76771734915914,3.307722448712243
ba,mp,9,512,174,inverse,64586.11,64586.11,64586.12,16467.11,16467.11,16467.11,74.50363553401806,3.922127805061119
ba,mp,10,1024,174,forward,123498.11,123498.11,123498.12,36960.11,36960.11,36960.11,70.07232742266258,3.341389135476058
ba,mp,10,1024,174,inverse,141342.11,141342.11,141342.12,35441.11,35441.11,35441.11,74.92530003974045,3.9880836125053643
ba,mp,4,16,175,forward,897.11,897.11,897.11,324.11,324.11,324.11,63.87176600416894,2.7679182993428157
ba,mp,4,16,175,inverse,1026.11,1026.11,1026.11,350.11,350.11,350.11,65.87987642650397,2.9308217417383102
ba,mp,5,32,175,forward,2121.11,2121.11,2121.11,726.11,726.11,726.11,65.76745194732948,2.921196512925039
ba,mp,5,32,175,inverse,2418.11,2418.11,2418.11,743.11,743.11,743.11,69.26897452969469,3.254040451615508
ba,mp,6,64,175,forward,4852.11,4852.11,4852.11,1502.11,1502.11,1502.11,69.04212806387324,3.2301961906917604
ba,mp,6,64,175,inverse,5558.11,5558.11,5558.11,1523.11,1523.11,1523.11,72.59662007408994,3.6491848914392264
ba,mp,7,128,175,forward,11244.11,11244.11,11244.12,3485.11,3485.11,3485.11,69.0050168488213,3.226328580733463
ba,mp,7,128,175,inverse,12838.11,12838.11,12838.11,3418.11,3418.11,3418.11,73.37528654918832,3.7559089672362798
ba,mp,8,256,175,forward,25031.11,25031.11,25031.11,7594.11,7594.11,7594.11,69.66131346152848,3.2961215995027726
ba,mp,8,256,175,inverse,28666.11,28666.11,28666.12,7352.11,7352.11,7352.11,74.3526066145703,3.899031706544108
ba,mp,9,512,175,forward,56559.11,56559.11,56559.11,17099.11,17099.11,17099.12,69.76771734915914,3.307722448712243
ba,mp,9,512,175,inverse,64586.11,64586.11,64586.12,16467.11,16467.11,16467.11,74.50363553401806,3.922127805061119
ba,mp,10,1024,175,forward,123498.11,123498.11,123498.12,36960.11,36960.11,36960.12,70.07232742266258,3.341389135476058
ba,mp,10,1024,175,inverse,141342.11,141342.11,141342.12,35441.11,35441.11,35441.12,74.92530003974045,3.9880836125053643
ba,mp,4,16,176,forward,897.11,897.11,897.11,324.11,324.11,324.11,63.87176600416894,2.7679182993428157
ba,mp,4,16,176,inverse,1026.11,1026.11,1026.11,350.11,350.11,350.11,65.87987642650397,2.9308217417383102
ba,mp,5,32,176,forward,2121.11,2121.11,2121.11,726.11,726.11,726.11,65.76745194732948,2.921196512925039
ba,mp,5,32,176,inverse,2418.11,2418.11,2418.11,743.11,743.11,743.11,69.26897452969469,3.254040451615508
ba,mp,6,64,176,forward,4852.11,4852.11,4852.12,1502.11,1502.11,1502.11,69.04212806387324,3.2301961906917604
ba,mp,6,64,176,inverse,5558.11,5558.11,5558.11,1523.11,1523.11,1523.11,72.59662007408994,3.6491848914392264
ba,mp,7,128,176,forward,11244.11,11244.11,11244.11,3485.11,3485.11,3485.11,69.0050168488213,3.226328580733463
ba,mp,7,128,176,inverse,12838.11,12838.11,12838.11,3418.11,3418.11,3418.11,73.37528654918832,3.7559089672362798
ba,mp,8,256,176,forward,25031.11,25031.11,25031.12,7594.11,7594.11,7594.11,69.66131346152848,3.2961215995027726
ba,mp,8,256,176,inverse,28666.11,28666.11,28666.11,7352.11,7352.11,7352.11,74.3526066145703,3.899031706544108
ba,mp,9,512,176,forward,56559.11,56559.11,56559.12,17099.11,17099.11,17099.11,69.76771734915914,3.307722448712243
ba,mp,9,512,176,inverse,64586.11,64586.11,64586.12,16467.11,16467.11,16467.11,74.50363553401806,3.922127805061119
ba,mp,10,1024,176,forward,123498.11,123498.11,123498.12,36960.11,36960.11,36960.11,70.07232742266258,3.341389135476058
ba,mp,10,1024,176,inverse,141342.11,141342.11,141342.12,35441.11,35441.11,35441.12,74.92530003974045,3.9880836125053643
ba,mp,4,16,177,forward,897.11,897.11,897.11,324.11,324.11,324.11,63.87176600416894,2.7679182993428157
ba,mp,4,16,177,inverse,1026.11,1026.11,1026.11,350.11,350.11,350.11,65.87987642650397,2.9308217417383102
ba,mp,5,32,177,forward,2121.11,2121.11,2121.11,726.11,726.11,726.11,65.76745194732948,2.921196512925039
ba,mp,5,32,177,inverse,2418.11,2418.11,2418.11,743.11,743.11,743.11,69.26897452969469,3.254040451615508
ba,mp,6,64,177,forward,4852.11,4852.11,4852.11,1502.11,1502.11,1502.11,69.04212806387324,3.2301961906917604
ba,mp,6,64,177,inverse,5558.11,5558.11,5558.11,1523.11,1523.11,1523.11,72.59662007408994,3.6491848914392264
ba,mp,7,128,177,forward,11244.11,11244.11,11244.11,3485.11,3485.11,3485.11,69.0050168488213,3.226328580733463
ba,mp,7,128,177,inverse,12838.11,12838.11,12838.11,3418.11,3418.11,3418.11,73.37528654918832,3.7559089672362798
ba,mp,8,256,177,forward,25031.11,25031.11,25031.11,7594.11,7594.11,7594.11,69.66131346152848,3.2961215995027726
ba,mp,8,256,177,inverse,28666.11,28666.11,28666.11,7352.11,7352.11,7352.11,74.3526066145703,3.899031706544108
ba,mp,9,512,177,forward,56559.11,56559.11,56559.12,17099.11,17099.11,17099.11,69.76771734915914,3.307722448712243
ba,mp,9,512,177,inverse,64586.11,64586.11,64586.12,16467.11,16467.11,16467.11,74.50363553401806,3.922127805061119
ba,mp,10,1024,177,forward,123498.11,123498.11,123498.12,36960.11,36960.11,36960.12,70.07232742266258,3.341389135476058
ba,mp,10,1024,177,inverse,141342.11,141342.11,141342.12,35441.11,35441.11,35441.11,74.92530003974045,3.9880836125053643
ba,mp,4,16,178,forward,897.11,897.11,897.11,324.11,324.11,324.11,63.87176600416894,2.7679182993428157
ba,mp,4,16,178,inverse,1026.11,1026.11,1026.11,350.11,350.11,350.11,65.87987642650397,2.9308217417383102
ba,mp,5,32,178,forward,2121.11,2121.11,2121.11,726.11,726.11,726.11,65.76745194732948,2.921196512925039
ba,mp,5,32,178,inverse,2418.11,2418.11,2418.11,743.11,743.11,743.11,69.26897452969469,3.254040451615508
ba,mp,6,64,178,forward,4852.11,4852.11,4852.11,1502.11,1502.11,1502.11,69.04212806387324,3.2301961906917604
ba,mp,6,64,178,inverse,5558.11,5558.11,5558.11,1523.11,1523.11,1523.11,72.59662007408994,3.6491848914392264
ba,mp,7,128,178,forward,11244.11,11244.11,11244.12,3485.11,3485.11,3485.11,69.0050168488213,3.226328580733463
ba,mp,7,128,178,inverse,12838.11,12838.11,12838.11,3418.11,3418.11,3418.11,73.37528654918832,3.7559089672362798
ba,mp,8,256,178,forward,25031.11,25031.11,25031.11,7594.11,7594.11,7594.11,69.66131346152848,3.2961215995027726
ba,mp,8,256,178,inverse,28666.11,28666.11,28666.12,7352.11,7352.11,7352.11,74.3526066145703,3.899031706544108
ba,mp,9,512,178,forward,56559.11,56559.11,56559.12,17099.11,17099.11,17099.11,69.76771734915914,3.307722448712243
ba,mp,9,512,178,inverse,64586.11,64586.11,64586.11,16467.11,16467.11,16467.12,74.50363553401806,3.922127805061119
ba,mp,10,1024,178,forward,123498.11,123498.11,123498.12,36960.11,36960.11,36960.12,70.07232742266258,3.341389135476058
ba,mp,10,1024,178,inverse,141342.11,141342.11,141342.12,35441.11,35441.11,35441.12,74.92530003974045,3.9880836125053643
ba,mp,4,16,179,forward,897.11,897.11,897.11,324.11,324.11,324.11,63.87176600416894,2.7679182993428157
ba,mp,4,16,179,inverse,1026.11,1026.11,1026.11,350.11,350.11,350.11,65.87987642650397,2.9308217417383102
ba,mp,5,32,179,forward,2121.11,2121.11,2121.11,726.11,726.11,726.11,65.76745194732948,2.921196512925039
ba,mp,5,32,179,inverse,2418.11,2418.11,2418.11,743.11,743.11,743.11,69.26897452969469,3.254040451615508
ba,mp,6,64,179,forward,4852.11,4852.11,4852.12,1502.11,1502.11,1502.11,69.04212806387324,3.2301961906917604
ba,mp,6,64,179,inverse,5558.11,5558.11,5558.11,1523.11,1523.11,1523.11,72.59662007408994,3.6491848914392264
ba,mp,7,128,179,forward,11244.11,11244.11,11244.11,3485.11,3485.11,3485.11,69.0050168488213,3.226328580733463
ba,mp,7,128,179,inverse,12838.11,12838.11,12838.11,3418.11,3418.11,3418.11,73.37528654918832,3.7559089672362798
ba,mp,8,256,179,forward,25031.11,25031.11,25031.12,7594.11,7594.11,7594.11,69.66131346152848,3.2961215995027726
ba,mp,8,256,179,inverse,28666.11,28666.11,28666.11,7352.11,7352.11,7352.11,74.3526066145703,3.899031706544108
ba,mp,9,512,179,forward,56559.11,56559.11,56559.12,17099.11,17099.11,17099.11,69.76771734915914,3.307722448712243
ba,mp,9,512,179,inverse,64586.11,64586.11,64586.12,16467.11,16467.11,16467.11,74.50363553401806,3.922127805061119
ba,mp,10,1024,179,forward,123498.11,123498.11,123498.12,36960.11,36960.11,36960.11,70.07232742266258,3.341389135476058
ba,mp,10,1024,179,inverse,141342.11,141342.11,141342.12,35441.11,35441.11,35441.12,74.92530003974045,3.9880836125053643
ba,mp,4,16,180,forward,897.11,897.11,897.11,324.11,324.11,324.11,63.87176600416894,2.7679182993428157
ba,mp,4,16,180,inverse,1026.11,1026.11,1026.11,350.11,350.11,350.11,65.87987642650397,2.9308217417383102
ba,mp,5,32,180,forward,2121.11,2121.11,2121.11,726.11,726.11,726.11,65.76745194732948,2.921196512925039
ba,mp,5,32,180,inverse,2418.11,2418.11,2418.11,743.11,743.11,743.11,69.26897452969469,3.254040451615508
ba,mp,6,64,180,forward,4852.11,4852.11,4852.11,1502.11,1502.11,1502.11,69.04212806387324,3.2301961906917604
ba,mp,6,64,180,inverse,5558.11,5558.11,5558.11,1523.11,1523.11,1523.11,72.59662007408994,3.6491848914392264
ba,mp,7,128,180,forward,11244.11,11244.11,11244.11,3485.11,3485.11,3485.11,69.0050168488213,3.226328580733463
ba,mp,7,128,180,inverse,12838.11,12838.11,12838.11,3418.11,3418.11,3418.11,73.37528654918832,3.7559089672362798
ba,mp,8,256,180,forward,25031.11,25031.11,25031.11,7594.11,7594.11,7594.11,69.66131346152848,3.2961215995027726
ba,mp,8,256,180,inverse,28666.11,28666.11,28666.11,7352.11,7352.11,7352.11,74.3526066145703,3.899031706544108
ba,mp,9,512,180,forward,56559.11,56559.11,56559.12,17099.11,17099.11,17099.11,69.76771734915914,3.307722448712243
ba,mp,9,512,180,inverse,64586.11,64586.11,64586.12,16467.11,16467.11,16467.11,74.50363553401806,3.922127805061119
ba,mp,10,1024,180,forward,123498.11,123498.11,123498.12,36960.11,36960.11,36960.12,70.07232742266258,3.341389135476058
ba,mp,10,1024,180,inverse,141342.11,141342.11,141342.12,35441.11,35441.11,35441.11,74.92530003974045,3.9880836125053643
ba,mp,4,16,181,forward,897.11,897.11,897.11,324.11,324.11,324.11,63.87176600416894,2.7679182993428157
ba,mp,4,16,181,inverse,1026.11,1026.11,1026.11,350.11,350.11,350.11,65.87987642650397,2.9308217417383102
ba,mp,5,32,181,forward,2121.11,2121.11,2121.11,726.11,726.11,726.11,65.76745194732948,2.921196512925039
ba,mp,5,32,181,inverse,2418.11,2418.11,2418.11,743.11,743.11,743.11,69.26897452969469,3.254040451615508
ba,mp,6,64,181,forward,4852.11,4852.11,4852.11,1502.11,1502.11,1502.11,69.04212806387324,3.2301961906917604
ba,mp,6,64,181,inverse,5558.11,5558.11,5558.11,1523.11,1523.11,1523.11,72.59662007408994,3.6491848914392264
ba,mp,7,128,181,forward,11244.11,11244.11,11244.11,3485.11,3485.11,3485.12,69.0050168488213,3.226328580733463
ba,mp,7,128,181,inverse,12838.11,12838.11,12838.11,3418.11,3418.11,3418.11,73.37528654918832,3.7559089672362798
ba,mp,8,256,181,forward,25031.11,25031.11,25031.11,7594.11,7594.11,7594.11,69.66131346152848,3.2961215995027726
ba,mp,8,256,181,inverse,28666.11,28666.11,28666.12,7352.11,7352.11,7352.11,74.3526066145703,3.899031706544108
ba,mp,9,512,181,forward,56559.11,56559.11,56559.12,17099.11,17099.11,17099.11,69.76771734915914,3.307722448712243
ba,mp,9,512,181,inverse,64586.11,64586.11,64586.11,16467.11,16467.11,16467.12,74.50363553401806,3.922127805061119
ba,mp,10,1024,181,forward,123498.11,123498.11,123498.12,36960.11,36960.11,36960.12,70.07232742266258,3.341389135476058
ba,mp,10,1024,181,inverse,141342.11,141342.11,141342.12,35441.11,35441.11,35441.12,74.92530003974045,3.9880836125053643
ba,mp,4,16,182,forward,897.11,897.11,897.11,324.11,324.11,324.11,63.87176600416894,2.7679182993428157
ba,mp,4,16,182,inverse,1026.11,1026.11,1026.11,350.11,350.11,350.11,65.87987642650397,2.9308217417383102
ba,mp,5,32,182,forward,2121.11,2121.11,2121.11,726.11,726.11,726.11,65.76745194732948,2.921196512925039
ba,mp,5,32,182,inverse,2418.11,2418.11,2418.11,743.11,743.11,743.11,69.26897452969469,3.254040451615508
ba,mp,6,64,182,forward,4852.11,4852.11,4852.12,1502.11,1502.11,1502.11,69.04212806387324,3.2301961906917604
ba,mp,6,64,182,inverse,5558.11,5558.11,5558.11,1523.11,1523.11,1523.11,72.59662007408994,3.6491848914392264
ba,mp,7,128,182,forward,11244.11,11244.11,11244.11,3485.11,3485.11,3485.11,69.0050168488213,3.226328580733463
ba,mp,7,128,182,inverse,12838.11,12838.11,12838.11,3418.11,3418.11,3418.11,73.37528654918832,3.7559089672362798
ba,mp,8,256,182,forward,25031.11,25031.11,25031.12,7594.11,7594.11,7594.11,69.66131346152848,3.2961215995027726
ba,mp,8,256,182,inverse,28666.11,28666.11,28666.11,7352.11,7352.11,7352.11,74.3526066145703,3.899031706544108
ba,mp,9,512,182,forward,56559.11,56559.11,56559.12,17099.11,17099.11,17099.11,69.76771734915914,3.307722448712243
ba,mp,9,512,182,inverse,64586.11,64586.11,64586.12,16467.11,16467.11,16467.11,74.50363553401806,3.922127805061119
ba,mp,10,1024,182,forward,123498.11,123498.11,123498.12,36960.11,36960.11,36960.11,70.07232742266258,3.341389135476058
ba,mp,10,1024,182,inverse,141342.11,141342.11,141342.12,35441.11,35441.11,35441.12,74.92530003974045,3.9880836125053643
ba,mp,4,16,183,forward,897.11,897.11,897.11,324.11,324.11,324.11,63.87176600416894,2.7679182993428157
ba,mp,4,16,183,inverse,1026.11,1026.11,1026.11,350.11,350.11,350.11,65.87987642650397,2.9308217417383102
ba,mp,5,32,183,forward,2121.11,2121.11,2121.11,726.11,726.11,726.11,65.76745194732948,2.921196512925039
ba,mp,5,32,183,inverse,2418.11,2418.11,2418.11,743.11,743.11,743.11,69.26897452969469,3.254040451615508
ba,mp,6,64,183,forward,4852.11,4852.11,4852.11,1502.11,1502.11,1502.11,69.04212806387324,3.2301961906917604
ba,mp,6,64,183,inverse,5558.11,5558.11,5558.11,1523.11,1523.11,1523.11,72.59662007408994,3.6491848914392264
ba,mp,7,128,183,forward,11244.11,11244.11,11244.11,3485.11,3485.11,3485.11,69.0050168488213,3.226328580733463
ba,mp,7,128,183,inverse,12838.11,12838.11,12838.11,3418.11,3418.11,3418.11,73.37528654918832,3.7559089672362798
ba,mp,8,256,183,forward,25031.11,25031.11,25031.11,7594.11,7594.11,7594.11,69.66131346152848,3.2961215995027726
ba,mp,8,256,183,inverse,28666.11,28666.11,28666.11,7352.11,7352.11,7352.11,74.3526066145703,3.899031706544108
ba,mp,9,512,183,forward,56559.11,56559.11,56559.12,17099.11,17099.11,17099.11,69.76771734915914,3.307722448712243
ba,mp,9,512,183,inverse,64586.11,64586.11,64586.12,16467.11,16467.11,16467.11,74.50363553401806,3.922127805061119
ba,mp,10,1024,183,forward,123498.11,123498.11,123498.12,36960.11,36960.11,36960.12,70.07232742266258,3.341389135476058
ba,mp,10,1024,183,inverse,141342.11,141342.11,141342.12,35441.11,35441.11,35441.11,74.92530003974045,3.9880836125053643
ba,mp,4,16,184,forward,897.11,897.11,897.11,324.11,324.11,324.11,63.87176600416894,2.7679182993428157
ba,mp,4,16,184,inverse,1026.11,1026.11,1026.11,350.11,350.11,350.11,65.87987642650397,2.9308217417383102
ba,mp,5,32,184,forward,2121.11,2121.11,2121.11,726.11,726.11,726.11,65.76745194732948,2.921196512925039
ba,mp,5,32,184,inverse,2418.11,2418.11,2418.11,743.11,743.11,743.11,69.26897452969469,3.254040451615508
ba,mp,6,64,184,forward,4852.11,4852.11,4852.11,1502.11,1502.11,1502.11,69.04212806387324,3.2301961906917604
ba,mp,6,64,184,inverse,5558.11,5558.11,5558.11,1523.11,1523.11,1523.11,72.59662007408994,3.6491848914392264
ba,mp,7,128,184,forward,11244.11,11244.11,11244.12,3485.11,3485.11,3485.11,69.0050168488213,3.226328580733463
ba,mp,7,128,184,inverse,12838.11,12838.11,12838.11,3418.11,3418.11,3418.11,73.37528654918832,3.7559089672362798
ba,mp,8,256,184,forward,25031.11,25031.11,25031.11,7594.11,7594.11,7594.11,69.66131346152848,3.2961215995027726
ba,mp,8,256,184,inverse,28666.11,28666.11,28666.12,7352.11,7352.11,7352.11,74.3526066145703,3.899031706544108
ba,mp,9,512,184,forward,56559.11,56559.11,56559.12,17099.11,17099.11,17099.11,69.76771734915914,3.307722448712243
ba,mp,9,512,184,inverse,64586.11,64586.11,64586.11,16467.11,16467.11,16467.12,74.50363553401806,3.922127805061119
ba,mp,10,1024,184,forward,123498.11,123498.11,123498.12,36960.11,36960.11,36960.11,70.07232742266258,3.341389135476058
ba,mp,10,1024,184,inverse,141342.11,141342.11,141342.12,35441.11,35441.11,35441.12,74.92530003974045,3.9880836125053643
ba,mp,4,16,185,forward,897.11,897.11,897.11,324.11,324.11,324.11,63.87176600416894,2.7679182993428157
ba,mp,4,16,185,inverse,1026.11,1026.11,1026.11,350.11,350.11,350.11,65.87987642650397,2.9308217417383102
ba,mp,5,32,185,forward,2121.11,2121.11,2121.11,726.11,726.11,726.11,65.76745194732948,2.921196512925039
ba,mp,5,32,185,inverse,2418.11,2418.11,2418.11,743.11,743.11,743.11,69.26897452969469,3.254040451615508
ba,mp,6,64,185,forward,4852.11,4852.11,4852.11,1502.11,1502.11,1502.12,69.04212806387324,3.2301961906917604
ba,mp,6,64,185,inverse,5558.11,5558.11,5558.11,1523.11,1523.11,1523.11,72.59662007408994,3.6491848914392264
ba,mp,7,128,185,forward,11244.11,11244.11,11244.11,3485.11,3485.11,3485.11,69.0050168488213,3.226328580733463
ba,mp,7,128,185,inverse,12838.11,12838.11,12838.11,3418.11,3418.11,3418.11,73.37528654918832,3.7559089672362798
ba,mp,8,256,185,forward,25031.11,25031.11,25031.12,7594.11,7594.11,7594.11,69.66131346152848,3.2961215995027726
ba,mp,8,256,185,inverse,28666.11,28666.11,28666.11,7352.11,7352.11,7352.11,74.3526066145703,3.899031706544108
ba,mp,9,512,185,forward,56559.11,56559.11,56559.12,17099.11,17099.11,17099.11,69.76771734915914,3.307722448712243
ba,mp,9,512,185,inverse,64586.11,64586.11,64586.12,16467.11,16467.11,16467.11,74.50363553401806,3.922127805061119
ba,mp,10,1024,185,forward,123498.11,123498.11,123498.12,36960.11,36960.11,36960.11,70.07232742266258,3.341389135476058
ba,mp,10,1024,185,inverse,141342.11,141342.11,141342.12,35441.11,35441.11,35441.11,74.92530003974045,3.9880836125053643
ba,mp,4,16,186,forward,897.11,897.11,897.12,324.11,324.11,324.11,63.87176600416894,2.7679182993428157
ba,mp,4,16,186,inverse,1026.11,1026.11,1026.11,350.11,350.11,350.11,65.87987642650397,2.9308217417383102
ba,mp,5,32,186,forward,2121.11,2121.11,2121.11,726.11,726.11,726.11,65.76745194732948,2.921196512925039
ba,mp,5,32,186,inverse,2418.11,2418.11,2418.11,743.11,743.11,743.11,69.26897452969469,3.254040451615508
ba,mp,6,64,186,forward,4852.11,4852.11,4852.11,1502.11,1502.11,1502.11,69.04212806387324,3.2301961906917604
ba,mp,6,64,186,inverse,5558.11,5558.11,5558.11,1523.11,1523.11,1523.11,72.59662007408994,3.6491848914392264
ba,mp,7,128,186,forward,11244.11,11244.11,11244.11,3485.11,3485.11,3485.11,69.0050168488213,3.226328580733463
ba,mp,7,128,186,inverse,12838.11,12838.11,12838.11,3418.11,3418.11,3418.11,73.37528654918832,3.7559089672362798
ba,mp,8,256,186,forward,25031.11,25031.11,25031.12,7594.11,7594.11,7594.11,69.66131346152848,3.2961215995027726
ba,mp,8,256,186,inverse,28666.11,28666.11,28666.11,7352.11,7352.11,7352.11,74.3526066145703,3.899031706544108
ba,mp,9,512,186,forward,56559.11,56559.11,56559.11,17099.11,17099.11,17099.12,69.76771734915914,3.307722448712243
ba,mp,9,512,186,inverse,64586.11,64586.11,64586.11,16467.11,16467.11,16467.12,74.50363553401806,3.922127805061119
ba,mp,10,1024,186,forward,123498.11,123498.11,123498.12,36960.11,36960.11,36960.12,70.07232742266258,3.341389135476058
ba,mp,10,1024,186,inverse,141342.11,141342.11,141342.12,35441.11,35441.11,35441.12,74.92530003974045,3.9880836125053643
ba,mp,4,16,187,forward,897.11,897.11,897.11,324.11,324.11,324.11,63.87176600416894,2.7679182993428157
ba,mp,4,16,187,inverse,1026.11,1026.11,1026.11,350.11,350.11,350.11,65.87987642650397,2.9308217417383102
ba,mp,5,32,187,forward,2121.11,2121.11,2121.11,726.11,726.11,726.11,65.76745194732948,2.921196512925039
ba,mp,5,32,187,inverse,2418.11,2418.11,2418.11,743.11,743.11,743.11,69.26897452969469,3.254040451615508
ba,mp,6,64,187,forward,4852.11,4852.11,4852.11,1502.11,1502.11,1502.11,69.04212806387324,3.2301961906917604
ba,mp,6,64,187,inverse,5558.11,5558.11,5558.11,1523.11,1523.11,1523.11,72.59662007408994,3.6491848914392264
ba,mp,7,128,187,forward,11244.11,11244.11,11244.11,3485.11,3485.11,3485.11,69.0050168488213,3.226328580733463
ba,mp,7,128,187,inverse,12838.11,12838.11,12838.11,3418.11,3418.11,3418.11,73.37528654918832,3.7559089672362798
ba,mp,8,256,187,forward,25031.11,25031.11,25031.11,7594.11,7594.11,7594.11,69.66131346152848,3.2961215995027726
ba,mp,8,256,187,inverse,28666.11,28666.11,28666.12,7352.11,7352.11,7352.11,74.3526066145703,3.899031706544108
ba,mp,9,512,187,forward,56559.11,56559.11,56559.12,17099.11,17099.11,17099.11,69.76771734915914,3.307722448712243
ba,mp,9,512,187,inverse,64586.11,64586.11,64586.12,16467.11,16467.11,16467.11,74.50363553401806,3.922127805061119
ba,mp,10,1024,187,forward,123498.11,123498.11,123498.12,36960.11,36960.11,36960.11,70.07232742266258,3.341389135476058
ba,mp,10,1024,187,inverse,141342.11,141342.11,141342.12,35441.11,35441.11,35441.12,74.92530003974045,3.9880836125053643
ba,mp,4,16,188,forward,897.11,897.11,897.11,324.11,324.11,324.11,63.87176600416894,2.7679182993428157
ba,mp,4,16,188,inverse,1026.11,1026.11,1026.11,350.11,350.11,350.11,65.87987642650397,2.9308217417383102
ba,mp,5,32,188,forward,2121.11,2121.11,2121.11,726.11,726.11,726.11,65.76745194732948,2.921196512925039
ba,mp,5,32,188,inverse,2418.11,2418.11,2418.11,743.11,743.11,743.11,69.26897452969469,3.254040451615508
ba,mp,6,64,188,forward,4852.11,4852.11,4852.11,1502.11,1502.11,1502.11,69.04212806387324,3.2301961906917604
ba,mp,6,64,188,inverse,5558.11,5558.11,5558.11,1523.11,1523.11,1523.11,72.59662007408994,3.6491848914392264
ba,mp,7,128,188,forward,11244.11,11244.11,11244.11,3485.11,3485.11,3485.11,69.0050168488213,3.226328580733463
ba,mp,7,128,188,inverse,12838.11,12838.11,12838.11,3418.11,3418.11,3418.11,73.37528654918832,3.7559089672362798
ba,mp,8,256,188,forward,25031.11,25031.11,25031.11,7594.11,7594.11,7594.12,69.66131346152848,3.2961215995027726
ba,mp,8,256,188,inverse,28666.11,28666.11,28666.11,7352.11,7352.11,7352.11,74.3526066145703,3.899031706544108
ba,mp,9,512,188,forward,56559.11,56559.11,56559.12,17099.11,17099.11,17099.11,69.76771734915914,3.307722448712243
ba,mp,9,512,188,inverse,64586.11,64586.11,64586.12,16467.11,16467.11,16467.11,74.50363553401806,3.922127805061119
ba,mp,10,1024,188,forward,123498.11,123498.11,123498.12,36960.11,36960.11,36960.12,70.07232742266258,3.341389135476058
ba,mp,10,1024,188,inverse,141342.11,141342.11,141342.12,35441.11,35441.11,35441.11,74.92530003974045,3.9880836125053643
ba,mp,4,16,189,forward,897.11,897.11,897.11,324.11,324.11,324.11,63.87176600416894,2.7679182993428157
ba,mp,4,16,189,inverse,1026.11,1026.11,1026.11,350.11,350.11,350.11,65.87987642650397,2.9308217417383102
ba,mp,5,32,189,forward,2121.11,2121.11,2121.11,726.11,726.11,726.11,65.76745194732948,2.921196512925039
ba,mp,5,32,189,inverse,2418.11,2418.11,2418.11,743.11,743.11,743.11,69.26897452969469,3.254040451615508
ba,mp,6,64,189,forward,4852.11,4852.11,4852.11,1502.11,1502.11,1502.11,69.04212806387324,3.2301961906917604
ba,mp,6,64,189,inverse,5558.11,5558.11,5558.11,1523.11,1523.11,1523.11,72.59662007408994,3.6491848914392264
ba,mp,7,128,189,forward,11244.11,11244.11,11244.11,3485.11,3485.11,3485.11,69.0050168488213,3.226328580733463
ba,mp,7,128,189,inverse,12838.11,12838.11,12838.11,3418.11,3418.11,3418.11,73.37528654918832,3.7559089672362798
ba,mp,8,256,189,forward,25031.11,25031.11,25031.12,7594.11,7594.11,7594.11,69.66131346152848,3.2961215995027726
ba,mp,8,256,189,inverse,28666.11,28666.11,28666.11,7352.11,7352.11,7352.11,74.3526066145703,3.899031706544108
ba,mp,9,512,189,forward,56559.11,56559.11,56559.11,17099.11,17099.11,17099.12,69.76771734915914,3.307722448712243
ba,mp,9,512,189,inverse,64586.11,64586.11,64586.12,16467.11,16467.11,16467.11,74.50363553401806,3.922127805061119
ba,mp,10,1024,189,forward,123498.11,123498.11,123498.12,36960.11,36960.11,36960.11,70.07232742266258,3.341389135476058
ba,mp,10,1024,189,inverse,141342.11,141342.11,141342.12,35441.11,35441.11,35441.12,74.92530003974045,3.9880836125053643
ba,mp,4,16,190,forward,897.11,897.11,897.11,324.11,324.11,324.11,63.87176600416894,2.7679182993428157
ba,mp,4,16,190,inverse,1026.11,1026.11,1026.11,350.11,350.11,350.11,65.87987642650397,2.9308217417383102
ba,mp,5,32,190,forward,2121.11,2121.11,2121.11,726.11,726.11,726.11,65.76745194732948,2.921196512925039
ba,mp,5,32,190,inverse,2418.11,2418.11,2418.11,743.11,743.11,743.11,69.26897452969469,3.254040451615508
ba,mp,6,64,190,forward,4852.11,4852.11,4852.11,1502.11,1502.11,1502.11,69.04212806387324,3.2301961906917604
ba,mp,6,64,190,inverse,5558.11,5558.11,5558.11,1523.11,1523.11,1523.11,72.59662007408994,3.6491848914392264
ba,mp,7,128,190,forward,11244.11,11244.11,11244.11,3485.11,3485.11,3485.11,69.0050168488213,3.226328580733463
ba,mp,7,128,190,inverse,12838.11,12838.11,12838.11,3418.11,3418.11,3418.11,73.37528654918832,3.7559089672362798
ba,mp,8,256,190,forward,25031.11,25031.11,25031.11,7594.11,7594.11,7594.11,69.66131346152848,3.2961215995027726
ba,mp,8,256,190,inverse,28666.11,28666.11,28666.12,7352.11,7352.11,7352.11,74.3526066145703,3.899031706544108
ba,mp,9,512,190,forward,56559.11,56559.11,56559.12,17099.11,17099.11,17099.11,69.76771734915914,3.307722448712243
ba,mp,9,512,190,inverse,64586.11,64586.11,64586.12,16467.11,16467.11,16467.11,74.50363553401806,3.922127805061119
ba,mp,10,1024,190,forward,123498.11,123498.11,123498.12,36960.11,36960.11,36960.11,70.07232742266258,3.341389135476058
ba,mp,10,1024,190,inverse,141342.11,141342.11,141342.12,35441.11,35441.11,35441.12,74.92530003974045,3.9880836125053643
ba,mp,4,16,191,forward,897.11,897.11,897.11,324.11,324.11,324.11,63.87176600416894,2.7679182993428157
ba,mp,4,16,191,inverse,1026.11,1026.11,1026.11,350.11,350.11,350.11,65.87987642650397,2.9308217417383102
ba,mp,5,32,191,forward,2121.11,2121.11,2121.11,726.11,726.11,726.11,65.76745194732948,2.921196512925039
ba,mp,5,32,191,inverse,2418.11,2418.11,2418.11,743.11,743.11,743.11,69.26897452969469,3.254040451615508
ba,mp,6,64,191,forward,4852.11,4852.11,4852.11,1502.11,1502.11,1502.11,69.04212806387324,3.2301961906917604
ba,mp,6,64,191,inverse,5558.11,5558.11,5558.12,1523.11,1523.11,1523.11,72.59662007408994,3.6491848914392264
ba,mp,7,128,191,forward,11244.11,11244.11,11244.11,3485.11,3485.11,3485.11,69.0050168488213,3.226328580733463
ba,mp,7,128,191,inverse,12838.11,12838.11,12838.11,3418.11,3418.11,3418.11,73.37528654918832,3.7559089672362798
ba,mp,8,256,191,forward,25031.11,25031.11,25031.12,7594.11,7594.11,7594.11,69.66131346152848,3.2961215995027726
ba,mp,8,256,191,inverse,28666.11,28666.11,28666.11,7352.11,7352.11,7352.11,74.3526066145703,3.899031706544108
ba,mp,9,512,191,forward,56559.11,56559.11,56559.11,17099.11,17099.11,17099.12,69.76771734915914,3.307722448712243
ba,mp,9,512,191,inverse,64586.11,64586.11,64586.12,16467.11,16467.11,16467.11,74.50363553401806,3.922127805061119
ba,mp,10,1024,191,forward,123498.11,123498.11,123498.11,36960.11,36960.11,36960.12,70.07232742266258,3.341389135476058
ba,mp,10,1024,191,inverse,141342.11,141342.11,141342.12,35441.11,35441.11,35441.11,74.92530003974045,3.9880836125053643
ba,mp,4,16,192,forward,897.11,897.11,897.11,324.11,324.11,324.11,63.87176600416894,2.7679182993428157
ba,mp,4,16,192,inverse,1026.11,1026.11,1026.11,350.11,350.11,350.11,65.87987642650397,2.9308217417383102
ba,mp,5,32,192,forward,2121.11,2121.11,2121.11,726.11,726.11,726.11,65.76745194732948,2.921196512925039
ba,mp,5,32,192,inverse,2418.11,2418.11,2418.11,743.11,743.11,743.11,69.26897452969469,3.254040451615508
ba,mp,6,64,192,forward,4852.11,4852.11,4852.11,1502.11,1502.11,1502.11,69.04212806387324,3.2301961906917604
ba,mp,6,64,192,inverse,5558.11,5558.11,5558.11,1523.11,1523.11,1523.11,72.59662007408994,3.6491848914392264
ba,mp,7,128,192,forward,11244.11,11244.11,11244.11,3485.11,3485.11,3485.11,69.0050168488213,3.226328580733463
ba,mp,7,128,192,inverse,12838.11,12838.11,12838.11,3418.11,3418.11,3418.11,73.37528654918832,3.7559089672362798
ba,mp,8,256,192,forward,25031.11,25031.11,25031.12,7594.11,7594.11,7594.11,69.66131346152848,3.2961215995027726
ba,mp,8,256,192,inverse,28666.11,28666.11,28666.11,7352.11,7352.11,7352.11,74.3526066145703,3.899031706544108
ba,mp,9,512,192,forward,56559.11,56559.11,56559.11,17099.11,17099.11,17099.12,69.76771734915914,3.307722448712243
ba,mp,9,512,192,inverse,64586.11,64586.11,64586.12,16467.11,16467.11,16467.11,74.50363553401806,3.922127805061119
ba,mp,10,1024,192,forward,123498.11,123498.11,123498.12,36960.11,36960.11,36960.11,70.07232742266258,3.341389135476058
ba,mp,10,1024,192,inverse,141342.11,141342.11,141342.12,35441.11,35441.11,35441.12,74.92530003974045,3.9880836125053643
ba,mp,4,16,193,forward,897.11,897.11,897.11,324.11,324.11,324.11,63.87176600416894,2.7679182993428157
ba,mp,4,16,193,inverse,1026.11,1026.11,1026.11,350.11,350.11,350.11,65.87987642650397,2.9308217417383102
ba,mp,5,32,193,forward,2121.11,2121.11,2121.11,726.11,726.11,726.11,65.76745194732948,2.921196512925039
ba,mp,5,32,193,inverse,2418.11,2418.11,2418.11,743.11,743.11,743.11,69.26897452969469,3.254040451615508
ba,mp,6,64,193,forward,4852.11,4852.11,4852.11,1502.11,1502.11,1502.11,69.04212806387324,3.2301961906917604
ba,mp,6,64,193,inverse,5558.11,5558.11,5558.11,1523.11,1523.11,1523.11,72.59662007408994,3.6491848914392264
ba,mp,7,128,193,forward,11244.11,11244.11,11244.11,3485.11,3485.11,3485.11,69.0050168488213,3.226328580733463
ba,mp,7,128,193,inverse,12838.11,12838.11,12838.11,3418.11,3418.11,3418.11,73.37528654918832,3.7559089672362798
ba,mp,8,256,193,forward,25031.11,25031.11,25031.11,7594.11,7594.11,7594.11,69.66131346152848,3.2961215995027726
ba,mp,8,256,193,inverse,28666.11,28666.11,28666.12,7352.11,7352.11,7352.11,74.3526066145703,3.899031706544108
ba,mp,9,512,193,forward,56559.11,56559.11,56559.12,17099.11,17099.11,17099.11,69.76771734915914,3.307722448712243
ba,mp,9,512,193,inverse,64586.11,64586.11,64586.12,16467.11,16467.11,16467.11,74.50363553401806,3.922127805061119
ba,mp,10,1024,193,forward,123498.11,123498.11,123498.12,36960.11,36960.11,36960.11,70.07232742266258,3.341389135476058
ba,mp,10,1024,193,inverse,141342.11,141342.11,141342.12,35441.11,35441.11,35441.12,74.92530003974045,3.9880836125053643
ba,mp,4,16,194,forward,897.11,897.11,897.11,324.11,324.11,324.11,63.87176600416894,2.7679182993428157
ba,mp,4,16,194,inverse,1026.11,1026.11,1026.11,350.11,350.11,350.11,65.87987642650397,2.9308217417383102
ba,mp,5,32,194,forward,2121.11,2121.11,2121.11,726.11,726.11,726.11,65.76745194732948,2.921196512925039
ba,mp,5,32,194,inverse,2418.11,2418.11,2418.11,743.11,743.11,743.11,69.26897452969469,3.254040451615508
ba,mp,6,64,194,forward,4852.11,4852.11,4852.11,1502.11,1502.11,1502.11,69.04212806387324,3.2301961906917604
ba,mp,6,64,194,inverse,5558.11,5558.11,5558.11,1523.11,1523.11,1523.12,72.59662007408994,3.6491848914392264
ba,mp,7,128,194,forward,11244.11,11244.11,11244.11,3485.11,3485.11,3485.11,69.0050168488213,3.226328580733463
ba,mp,7,128,194,inverse,12838.11,12838.11,12838.11,3418.11,3418.11,3418.11,73.37528654918832,3.7559089672362798
ba,mp,8,256,194,forward,25031.11,25031.11,25031.12,7594.11,7594.11,7594.11,69.66131346152848,3.2961215995027726
ba,mp,8,256,194,inverse,28666.11,28666.11,28666.11,7352.11,7352.11,7352.11,74.3526066145703,3.899031706544108
ba,mp,9,512,194,forward,56559.11,56559.11,56559.11,17099.11,17099.11,17099.12,69.76771734915914,3.307722448712243
ba,mp,9,512,194,inverse,64586.11,64586.11,64586.12,16467.11,16467.11,16467.11,74.50363553401806,3.922127805061119
ba,mp,10,1024,194,forward,123498.11,123498.11,123498.12,36960.11,36960.11,36960.12,70.07232742266258,3.341389135476058
ba,mp,10,1024,194,inverse,141342.11,141342.11,141342.12,35441.11,35441.11,35441.11,74.92530003974045,3.9880836125053643
ba,mp,4,16,195,forward,897.11,897.11,897.11,324.11,324.11,324.11,63.87176600416894,2.7679182993428157
ba,mp,4,16,195,inverse,1026.11,1026.11,1026.11,350.11,350.11,350.11,65.87987642650397,2.9308217417383102
ba,mp,5,32,195,forward,2121.11,2121.11,2121.11,726.11,726.11,726.11,65.76745194732948,2.921196512925039
ba,mp,5,32,195,inverse,2418.11,2418.11,2418.11,743.11,743.11,743.11,69.26897452969469,3.254040451615508
ba,mp,6,64,195,forward,4852.11,4852.11,4852.11,1502.11,1502.11,1502.11,69.04212806387324,3.2301961906917604
ba,mp,6,64,195,inverse,5558.11,5558.11,5558.11,1523.11,1523.11,1523.11,72.59662007408994,3.6491848914392264
ba,mp,7,128,195,forward,11244.11,11244.11,11244.11,3485.11,3485.11,3485.11,69.0050168488213,3.226328580733463
ba,mp,7,128,195,inverse,12838.11,12838.11,12838.11,3418.11,3418.11,3418.11,73.37528654918832,3.7559089672362798
ba,mp,8,256,195,forward,25031.11,25031.11,25031.12,7594.11,7594.11,7594.11,69.66131346152848,3.2961215995027726
ba,mp,8,256,195,inverse,28666.11,28666.11,28666.11,7352.11,7352.11,7352.11,74.3526066145703,3.899031706544108
ba,mp,9,512,195,forward,56559.11,56559.11,56559.12,17099.11,17099.11,17099.11,69.76771734915914,3.307722448712243
ba,mp,9,512,195,inverse,64586.11,64586.11,64586.12,16467.11,16467.11,16467.11,74.50363553401806,3.922127805061119
ba,mp,10,1024,195,forward,123498.11,123498.11,123498.12,36960.11,36960.11,36960.11,70.07232742266258,3.341389135476058
ba,mp,10,1024,195,inverse,141342.11,141342.11,141342.12,35441.11,35441.11,35441.12,74.92530003974045,3.9880836125053643
ba,mp,4,16,196,forward,897.11,897.11,897.11,324.11,324.11,324.11,63.87176600416894,2.7679182993428157
ba,mp,4,16,196,inverse,1026.11,1026.11,1026.11,350.11,350.11,350.11,65.87987642650397,2.9308217417383102
ba,mp,5,32,196,forward,2121.11,2121.11,2121.11,726.11,726.11,726.11,65.76745194732948,2.921196512925039
ba,mp,5,32,196,inverse,2418.11,2418.11,2418.11,743.11,743.11,743.11,69.26897452969469,3.254040451615508
ba,mp,6,64,196,forward,4852.11,4852.11,4852.11,1502.11,1502.11,1502.11,69.04212806387324,3.2301961906917604
ba,mp,6,64,196,inverse,5558.11,5558.11,5558.11,1523.11,1523.11,1523.11,72.59662007408994,3.6491848914392264
ba,mp,7,128,196,forward,11244.11,11244.11,11244.11,3485.11,3485.11,3485.11,69.0050168488213,3.226328580733463
ba,mp,7,128,196,inverse,12838.11,12838.11,12838.12,3418.11,3418.11,3418.11,73.37528654918832,3.7559089672362798
ba,mp,8,256,196,forward,25031.11,25031.11,25031.11,7594.11,7594.11,7594.11,69.66131346152848,3.2961215995027726
ba,mp,8,256,196,inverse,28666.11,28666.11,28666.12,7352.11,7352.11,7352.11,74.3526066145703,3.899031706544108
ba,mp,9,512,196,forward,56559.11,56559.11,56559.12,17099.11,17099.11,17099.11,69.76771734915914,3.307722448712243
ba,mp,9,512,196,inverse,64586.11,64586.11,64586.12,16467.11,16467.11,16467.11,74.50363553401806,3.922127805061119
ba,mp,10,1024,196,forward,123498.11,123498.11,123498.12,36960.11,36960.11,36960.11,70.07232742266258,3.341389135476058
ba,mp,10,1024,196,inverse,141342.11,141342.11,141342.12,35441.11,35441.11,35441.12,74.92530003974045,3.9880836125053643
ba,mp,4,16,197,forward,897.11,897.11,897.11,324.11,324.11,324.11,63.87176600416894,2.7679182993428157
ba,mp,4,16,197,inverse,1026.11,1026.11,1026.11,350.11,350.11,350.11,65.87987642650397,2.9308217417383102
ba,mp,5,32,197,forward,2121.11,2121.11,2121.11,726.11,726.11,726.11,65.76745194732948,2.921196512925039
ba,mp,5,32,197,inverse,2418.11,2418.11,2418.11,743.11,743.11,743.11,69.26897452969469,3.254040451615508
ba,mp,6,64,197,forward,4852.11,4852.11,4852.11,1502.11,1502.11,1502.11,69.04212806387324,3.2301961906917604
ba,mp,6,64,197,inverse,5558.11,5558.11,5558.12,1523.11,1523.11,1523.11,72.59662007408994,3.6491848914392264
ba,mp,7,128,197,forward,11244.11,11244.11,11244.11,3485.11,3485.11,3485.11,69.0050168488213,3.226328580733463
ba,mp,7,128,197,inverse,12838.11,12838.11,12838.11,3418.11,3418.11,3418.11,73.37528654918832,3.7559089672362798
ba,mp,8,256,197,forward,25031.11,25031.11,25031.11,7594.11,7594.11,7594.11,69.66131346152848,3.2961215995027726
ba,mp,8,256,197,inverse,28666.11,28666.11,28666.11,7352.11,7352.11,7352.11,74.3526066145703,3.899031706544108
ba,mp,9,512,197,forward,56559.11,56559.11,56559.11,17099.11,17099.11,17099.12,69.76771734915914,3.307722448712243
ba,mp,9,512,197,inverse,64586.11,64586.11,64586.11,16467.11,16467.11,16467.12,74.50363553401806,3.922127805061119
ba,mp,10,1024,197,forward,123498.11,123498.11,123498.12,36960.11,36960.11,36960.12,70.07232742266258,3.341389135476058
ba,mp,10,1024,197,inverse,141342.11,141342.11,141342.12,35441.11,35441.11,35441.11,74.92530003974045,3.9880836125053643
ba,mp,4,16,198,forward,897.11,897.11,897.11,324.11,324.11,324.11,63.87176600416894,2.7679182993428157
ba,mp,4,16,198,inverse,1026.11,1026.11,1026.11,350.11,350.11,350.11,65.87987642650397,2.9308217417383102
ba,mp,5,32,198,forward,2121.11,2121.11,2121.11,726.11,726.11,726.11,65.76745194732948,2.921196512925039
ba,mp,5,32,198,inverse,2418.11,2418.11,2418.11,743.11,743.11,743.11,69.26897452969469,3.254040451615508
ba,mp,6,64,198,forward,4852.11,4852.11,4852.11,1502.11,1502.11,1502.11,69.04212806387324,3.2301961906917604
ba,mp,6,64,198,inverse,5558.11,5558.11,5558.11,1523.11,1523.11,1523.11,72.59662007408994,3.6491848914392264
ba,mp,7,128,198,forward,11244.11,11244.11,11244.11,3485.11,3485.11,3485.11,69.0050168488213,3.226328580733463
ba,mp,7,128,198,inverse,12838.11,12838.11,12838.11,3418.11,3418.11,3418.11,73.37528654918832,3.7559089672362798
ba,mp,8,256,198,forward,25031.11,25031.11,25031.12,7594.11,7594.11,7594.11,69.66131346152848,3.2961215995027726
ba,mp,8,256,198,inverse,28666.11,28666.11,28666.11,7352.11,7352.11,7352.11,74.3526066145703,3.899031706544108
ba,mp,9,512,198,forward,56559.11,56559.11,56559.12,17099.11,17099.11,17099.11,69.76771734915914,3.307722448712243
ba,mp,9,512,198,inverse,64586.11,64586.11,64586.12,16467.11,16467.11,16467.11,74.50363553401806,3.922127805061119
ba,mp,10,1024,198,forward,123498.11,123498.11,123498.12,36960.11,36960.11,36960.11,70.07232742266258,3.341389135476058
ba,mp,10,1024,198,inverse,141342.11,141342.11,141342.12,35441.11,35441.11,35441.11,74.92530003974045,3.9880836125053643
ba,mp,4,16,199,forward,897.11,897.11,897.11,324.11,324.11,324.11,63.87176600416894,2.7679182993428157
ba,mp,4,16,199,inverse,1026.11,1026.11,1026.11,350.11,350.11,350.11,65.87987642650397,2.9308217417383102
ba,mp,5,32,199,forward,2121.11,2121.11,2121.11,726.11,726.11,726.11,65.76745194732948,2.921196512925039
ba,mp,5,32,199,inverse,2418.11,2418.11,2418.11,743.11,743.11,743.11,69.26897452969469,3.254040451615508
ba,mp,6,64,199,forward,4852.11,4852.11,4852.11,1502.11,1502.11,1502.11,69.04212806387324,3.2301961906917604
ba,mp,6,64,199,inverse,5558.11,5558.11,5558.11,1523.11,1523.11,1523.11,72.59662007408994,3.6491848914392264
ba,mp,7,128,199,forward,11244.11,11244.11,11244.11,3485.11,3485.11,3485.11,69.0050168488213,3.226328580733463
ba,mp,7,128,199,inverse,12838.11,12838.11,12838.12,3418.11,3418.11,3418.11,73.37528654918832,3.7559089672362798
ba,mp,8,256,199,forward,25031.11,25031.11,25031.11,7594.11,7594.11,7594.11,69.66131346152848,3.2961215995027726
ba,mp,8,256,199,inverse,28666.11,28666.11,28666.12,7352.11,7352.11,7352.11,74.3526066145703,3.899031706544108
ba,mp,9,512,199,forward,56559.11,56559.11,56559.11,17099.11,17099.11,17099.12,69.76771734915914,3.307722448712243
ba,mp,9,512,199,inverse,64586.11,64586.11,64586.12,16467.11,16467.11,16467.11,74.50363553401806,3.922127805061119
ba,mp,10,1024,199,forward,123498.11,123498.11,123498.12,36960.11,36960.11,36960.12,70.07232742266258,3.341389135476058
ba,mp,10,1024,199,inverse,141342.11,141342.11,141342.12,35441.11,35441.11,35441.11,74.92530003974045,3.9880836125053643
ba,mp,4,16,200,forward,897.11,897.11,897.11,324.11,324.11,324.11,63.87176600416894,2.7679182993428157
ba,mp,4,16,200,inverse,1026.11,1026.11,1026.11,350.11,350.11,350.11,65.87987642650397,2.9308217417383102
ba,mp,5,32,200,forward,2121.11,2121.11,2121.11,726.11,726.11,726.11,65.76745194732948,2.921196512925039
ba,mp,5,32,200,inverse,2418.11,2418.11,2418.11,743.11,743.11,743.11,69.26897452969469,3.254040451615508
ba,mp,6,64,200,forward,4852.11,4852.11,4852.11,1502.11,1502.11,1502.11,69.04212806387324,3.2301961906917604
ba,mp,6,64,200,inverse,5558.11,5558.11,5558.12,1523.11,1523.11,1523.11,72.59662007408994,3.6491848914392264
ba,mp,7,128,200,forward,11244.11,11244.11,11244.11,3485.11,3485.11,3485.11,69.0050168488213,3.226328580733463
ba,mp,7,128,200,inverse,12838.11,12838.11,12838.11,3418.11,3418.11,3418.11,73.37528654918832,3.7559089672362798
ba,mp,8,256,200,forward,25031.11,25031.11,25031.11,7594.11,7594.11,7594.11,69.66131346152848,3.2961215995027726
ba,mp,8,256,200,inverse,28666.11,28666.11,28666.11,7352.11,7352.11,7352.11,74.3526066145703,3.899031706544108
ba,mp,9,512,200,forward,56559.11,56559.11,56559.12,17099.11,17099.11,17099.11,69.76771734915914,3.307722448712243
ba,mp,9,512,200,inverse,64586.11,64586.11,64586.11,16467.11,16467.11,16467.12,74.50363553401806,3.922127805061119
ba,mp,10,1024,200,forward,123498.11,123498.11,123498.12,36960.11,36960.11,36960.12,70.07232742266258,3.341389135476058
ba,mp,10,1024,200,inverse,141342.11,141342.11,141342.12,35441.11,35441.11,35441.11,74.92530003974045,3.9880836125053643
ba,mp,4,16,201,forward,897.11,897.11,897.11,324.11,324.11,324.11,63.87176600416894,2.7679182993428157
ba,mp,4,16,201,inverse,1026.11,1026.11,1026.11,350.11,350.11,350.11,65.87987642650397,2.9308217417383102
ba,mp,5,32,201,forward,2121.11,2121.11,2121.12,726.11,726.11,726.11,65.76745194732948,2.921196512925039
ba,mp,5,32,201,inverse,2418.11,2418.11,2418.11,743.11,743.11,743.11,69.26897452969469,3.254040451615508
ba,mp,6,64,201,forward,4852.11,4852.11,4852.11,1502.11,1502.11,1502.11,69.04212806387324,3.2301961906917604
ba,mp,6,64,201,inverse,5558.11,5558.11,5558.11,1523.11,1523.11,1523.11,72.59662007408994,3.6491848914392264
ba,mp,7,128,201,forward,11244.11,11244.11,11244.11,3485.11,3485.11,3485.11,69.0050168488213,3.226328580733463
ba,mp,7,128,201,inverse,12838.11,12838.11,12838.11,3418.11,3418.11,3418.11,73.37528654918832,3.7559089672362798
ba,mp,8,256,201,forward,25031.11,25031.11,25031.11,7594.11,7594.11,7594.12,69.66131346152848,3.2961215995027726
ba,mp,8,256,201,inverse,28666.11,28666.11,28666.11,7352.11,7352.11,7352.11,74.3526066145703,3.899031706544108
ba,mp,9,512,201,forward,56559.11,56559.11,56559.12,17099.11,17099.11,17099.11,69.76771734915914,3.307722448712243
ba,mp,9,512,201,inverse,64586.11,64586.11,64586.12,16467.11,16467.11,16467.11,74.50363553401806,3.922127805061119
ba,mp,10,1024,201,forward,123498.11,123498.11,123498.12,36960.11,36960.11,36960.11,70.07232742266258,3.341389135476058
ba,mp,10,1024,201,inverse,141342.11,141342.11,141342.12,35441.11,35441.11,35441.11,74.92530003974045,3.9880836125053643
ba,mp,4,16,202,forward,897.11,897.11,897.11,324.11,324.11,324.11,63.87176600416894,2.7679182993428157
ba,mp,4,16,202,inverse,1026.11,1026.11,1026.11,350.11,350.11,350.11,65.87987642650397,2.9308217417383102
ba,mp,5,32,202,forward,2121.11,2121.11,2121.11,726.11,726.11,726.11,65.76745194732948,2.921196512925039
ba,mp,5,32,202,inverse,2418.11,2418.11,2418.11,743.11,743.11,743.11,69.26897452969469,3.254040451615508
ba,mp,6,64,202,forward,4852.11,4852.11,4852.11,1502.11,1502.11,1502.11,69.04212806387324,3.2301961906917604
ba,mp,6,64,202,inverse,5558.11,5558.11,5558.11,1523.11,1523.11,1523.11,72.59662007408994,3.6491848914392264
ba,mp,7,128,202,forward,11244.11,11244.11,11244.11,3485.11,3485.11,3485.11,69.0050168488213,3.226328580733463
ba,mp,7,128,202,inverse,12838.11,12838.11,12838.12,3418.11,3418.11,3418.11,73.37528654918832,3.7559089672362798
ba,mp,8,256,202,forward,25031.11,25031.11,25031.11,7594.11,7594.11,7594.11,69.66131346152848,3.2961215995027726
ba,mp,8,256,202,inverse,28666.11,28666.11,28666.12,7352.11,7352.11,7352.11,74.3526066145703,3.899031706544108
ba,mp,9,512,202,forward,56559.11,56559.11,56559.12,17099.11,17099.11,17099.11,69.76771734915914,3.307722448712243
ba,mp,9,512,202,inverse,64586.11,64586.11,64586.11,16467.11,16467.11,16467.12,74.50363553401806,3.922127805061119
ba,mp,10,1024,202,forward,123498.11,123498.11,123498.12,36960.11,36960.11,36960.12,70.07232742266258,3.341389135476058
ba,mp,10,1024,202,inverse,141342.11,141342.11,141342.12,35441.11,35441.11,35441.11,74.92530003974045,3.9880836125053643
ba,mp,4,16,203,forward,897.11,897.11,897.11,324.11,324.11,324.11,63.87176600416894,2.7679182993428157
ba,mp,4,16,203,inverse,1026.11,1026.11,1026.11,350.11,350.11,350.11,65.87987642650397,2.9308217417383102
ba,mp,5,32,203,forward,2121.11,2121.11,2121.11,726.11,726.11,726.11,65.76745194732948,2.921196512925039
ba,mp,5,32,203,inverse,2418.11,2418.11,2418.11,743.11,743.11,743.11,69.26897452969469,3.254040451615508
ba,mp,6,64,203,forward,4852.11,4852.11,4852.11,1502.11,1502.11,1502.11,69.04212806387324,3.2301961906917604
ba,mp,6,64,203,inverse,5558.11,5558.11,5558.11,1523.11,1523.11,1523.11,72.59662007408994,3.6491848914392264
ba,mp,7,128,203,forward,11244.11,11244.11,11244.11,3485.11,3485.11,3485.11,69.0050168488213,3.226328580733463
ba,mp,7,128,203,inverse,12838.11,12838.11,12838.11,3418.11,3418.11,3418.11,73.37528654918832,3.7559089672362798
ba,mp,8,256,203,forward,25031.11,25031.11,25031.11,7594.11,7594.11,7594.11,69.66131346152848,3.2961215995027726
ba,mp,8,256,203,inverse,28666.11,28666.11,28666.11,7352.11,7352.11,7352.12,74.3526066145703,3.899031706544108
ba,mp,9,512,203,forward,56559.11,56559.11,56559.12,17099.11,17099.11,17099.11,69.76771734915914,3.307722448712243
ba,mp,9,512,203,inverse,64586.11,64586.11,64586.12,16467.11,16467.11,16467.11,74.50363553401806,3.922127805061119
ba,mp,10,1024,203,forward,123498.11,123498.11,123498.12,36960.11,36960.11,36960.11,70.07232742266258,3.341389135476058
ba,mp,10,1024,203,inverse,141342.11,141342.11,141342.12,35441.11,35441.11,35441.11,74.92530003974045,3.9880836125053643
ba,mp,4,16,204,forward,897.11,897.11,897.11,324.11,324.11,324.11,63.87176600416894,2.7679182993428157
ba,mp,4,16,204,inverse,1026.11,1026.11,1026.11,350.11,350.11,350.11,65.87987642650397,2.9308217417383102
ba,mp,5,32,204,forward,2121.11,2121.11,2121.11,726.11,726.11,726.11,65.76745194732948,2.921196512925039
ba,mp,5,32,204,inverse,2418.11,2418.11,2418.11,743.11,743.11,743.11,69.26897452969469,3.254040451615508
ba,mp,6,64,204,forward,4852.11,4852.11,4852.11,1502.11,1502.11,1502.11,69.04212806387324,3.2301961906917604
ba,mp,6,64,204,inverse,5558.11,5558.11,5558.11,1523.11,1523.11,1523.11,72.59662007408994,3.6491848914392264
ba,mp,7,128,204,forward,11244.11,11244.11,11244.11,3485.11,3485.11,3485.11,69.0050168488213,3.226328580733463
ba,mp,7,128,204,inverse,12838.11,12838.11,12838.11,3418.11,3418.11,3418.11,73.37528654918832,3.7559089672362798
ba,mp,8,256,204,forward,25031.11,25031.11,25031.12,7594.11,7594.11,7594.11,69.66131346152848,3.2961215995027726
ba,mp,8,256,204,inverse,28666.11,28666.11,28666.11,7352.11,7352.11,7352.11,74.3526066145703,3.899031706544108
ba,mp,9,512,204,forward,56559.11,56559.11,56559.12,17099.11,17099.11,17099.11,69.76771734915914,3.307722448712243
ba,mp,9,512,204,inverse,64586.11,64586.11,64586.12,16467.11,16467.11,16467.11,74.50363553401806,3.922127805061119
ba,mp,10,1024,204,forward,123498.11,123498.11,123498.12,36960.11,36960.11,36960.12,70.07232742266258,3.341389135476058
ba,mp,10,1024,204,inverse,141342.11,141342.11,141342.12,35441.11,35441.11,35441.12,74.92530003974045,3.9880836125053643
ba,mp,4,16,205,forward,897.11,897.11,897.11,324.11,324.11,324.11,63.87176600416894,2.7679182993428157
ba,mp,4,16,205,inverse,1026.11,1026.11,1026.11,350.11,350.11,350.11,65.87987642650397,2.9308217417383102
ba,mp,5,32,205,forward,2121.11,2121.11,2121.11,726.11,726.11,726.11,65.76745194732948,2.921196512925039
ba,mp,5,32,205,inverse,2418.11,2418.11,2418.11,743.11,743.11,743.11,69.26897452969469,3.254040451615508
ba,mp,6,64,205,forward,4852.11,4852.11,4852.11,1502.11,1502.11,1502.11,69.04212806387324,3.2301961906917604
ba,mp,6,64,205,inverse,5558.11,5558.11,5558.11,1523.11,1523.11,1523.11,72.59662007408994,3.6491848914392264
ba,mp,7,128,205,forward,11244.11,11244.11,11244.11,3485.11,3485.11,3485.11,69.0050168488213,3.226328580733463
ba,mp,7,128,205,inverse,12838.11,12838.11,12838.12,3418.11,3418.11,3418.11,73.37528654918832,3.7559089672362798
ba,mp,8,256,205,forward,25031.11,25031.11,25031.11,7594.11,7594.11,7594.11,69.66131346152848,3.2961215995027726
ba,mp,8,256,205,inverse,28666.11,28666.11,28666.11,7352.11,7352.11,7352.12,74.3526066145703,3.899031706544108
ba,mp,9,512,205,forward,56559.11,56559.11,56559.12,17099.11,17099.11,17099.11,69.76771734915914,3.307722448712243
ba,mp,9,512,205,inverse,64586.11,64586.11,64586.12,16467.11,16467.11,16467.11,74.50363553401806,3.922127805061119
ba,mp,10,1024,205,forward,123498.11,123498.11,123498.12,36960.11,36960.11,36960.11,70.07232742266258,3.341389135476058
ba,mp,10,1024,205,inverse,141342.11,141342.11,141342.12,35441.11,35441.11,35441.11,74.92530003974045,3.9880836125053643
ba,mp,4,16,206,forward,897.11,897.11,897.11,324.11,324.11,324.11,63.87176600416894,2.7679182993428157
ba,mp,4,16,206,inverse,1026.11,1026.11,1026.11,350.11,350.11,350.11,65.87987642650397,2.9308217417383102
ba,mp,5,32,206,forward,2121.11,2121.11,2121.11,726.11,726.11,726.11,65.76745194732948,2.921196512925039
ba,mp,5,32,206,inverse,2418.11,2418.11,2418.11,743.11,743.11,743.11,69.26897452969469,3.254040451615508
ba,mp,6,64,206,forward,4852.11,4852.11,4852.11,1502.11,1502.11,1502.11,69.04212806387324,3.2301961906917604
ba,mp,6,64,206,inverse,5558.11,5558.11,5558.11,1523.11,1523.11,1523.11,72.59662007408994,3.6491848914392264
ba,mp,7,128,206,forward,11244.11,11244.11,11244.12,3485.11,3485.11,3485.11,69.0050168488213,3.226328580733463
ba,mp,7,128,206,inverse,12838.11,12838.11,12838.11,3418.11,3418.11,3418.11,73.37528654918832,3.7559089672362798
ba,mp,8,256,206,forward,25031.11,25031.11,25031.11,7594.11,7594.11,7594.11,69.66131346152848,3.2961215995027726
ba,mp,8,256,206,inverse,28666.11,28666.11,28666.12,7352.11,7352.11,7352.11,74.3526066145703,3.899031706544108
ba,mp,9,512,206,forward,56559.11,56559.11,56559.12,17099.11,17099.11,17099.11,69.76771734915914,3.307722448712243
ba,mp,9,512,206,inverse,64586.11,64586.11,64586.12,16467.11,16467.11,16467.11,74.50363553401806,3.922127805061119
ba,mp,10,1024,206,forward,123498.11,123498.11,123498.12,36960.11,36960.11,36960.11,70.07232742266258,3.341389135476058
ba,mp,10,1024,206,inverse,141342.11,141342.11,141342.12,35441.11,35441.11,35441.11,74.92530003974045,3.9880836125053643
ba,mp,4,16,207,forward,897.11,897.11,897.11,324.11,324.11,324.11,63.87176600416894,2.7679182993428157
ba,mp,4,16,207,inverse,1026.11,1026.11,1026.11,350.11,350.11,350.11,65.87987642650397,2.9308217417383102
ba,mp,5,32,207,forward,2121.11,2121.11,2121.11,726.11,726.11,726.11,65.76745194732948,2.921196512925039
ba,mp,5,32,207,inverse,2418.11,2418.11,2418.11,743.11,743.11,743.11,69.26897452969469,3.254040451615508
ba,mp,6,64,207,forward,4852.11,4852.11,4852.11,1502.11,1502.11,1502.11,69.04212806387324,3.2301961906917604
ba,mp,6,64,207,inverse,5558.11,5558.11,5558.11,1523.11,1523.11,1523.11,72.59662007408994,3.6491848914392264
ba,mp,7,128,207,forward,11244.11,11244.11,11244.11,3485.11,3485.11,3485.11,69.0050168488213,3.226328580733463
ba,mp,7,128,207,inverse,12838.11,12838.11,12838.11,3418.11,3418.11,3418.11,73.37528654918832,3.7559089672362798
ba,mp,8,256,207,forward,25031.11,25031.11,25031.12,7594.11,7594.11,7594.11,69.66131346152848,3.2961215995027726
ba,mp,8,256,207,inverse,28666.11,28666.11,28666.11,7352.11,7352.11,7352.11,74.3526066145703,3.899031706544108
ba,mp,9,512,207,forward,56559.11,56559.11,56559.11,17099.11,17099.11,17099.12,69.76771734915914,3.307722448712243
ba,mp,9,512,207,inverse,64586.11,64586.11,64586.11,16467.11,16467.11,16467.12,74.50363553401806,3.922127805061119
ba,mp,10,1024,207,forward,123498.11,123498.11,123498.12,36960.11,36960.11,36960.12,70.07232742266258,3.341389135476058
ba,mp,10,1024,207,inverse,141342.11,141342.11,141342.12,35441.11,35441.11,35441.11,74.92530003974045,3.9880836125053643
ba,mp,4,16,208,forward,897.11,897.11,897.11,324.11,324.11,324.11,63.87176600416894,2.7679182993428157
ba,mp,4,16,208,inverse,1026.11,1026.11,1026.11,350.11,350.11,350.11,65.87987642650397,2.9308217417383102
ba,mp,5,32,208,forward,2121.11,2121.11,2121.11,726.11,726.11,726.11,65.76745194732948,2.921196512925039
ba,mp,5,32,208,inverse,2418.11,2418.11,2418.11,743.11,743.11,743.11,69.26897452969469,3.254040451615508
ba,mp,6,64,208,forward,4852.11,4852.11,4852.11,1502.11,1502.11,1502.11,69.04212806387324,3.2301961906917604
ba,mp,6,64,208,inverse,5558.11,5558.11,5558.11,1523.11,1523.11,1523.11,72.59662007408994,3.6491848914392264
ba,mp,7,128,208,forward,11244.11,11244.11,11244.11,3485.11,3485.11,3485.11,69.0050168488213,3.226328580733463
ba,mp,7,128,208,inverse,12838.11,12838.11,12838.12,3418.11,3418.11,3418.11,73.37528654918832,3.7559089672362798
ba,mp,8,256,208,forward,25031.11,25031.11,25031.11,7594.11,7594.11,7594.11,69.66131346152848,3.2961215995027726
ba,mp,8,256,208,inverse,28666.11,28666.11,28666.11,7352.11,7352.11,7352.11,74.3526066145703,3.899031706544108
ba,mp,9,512,208,forward,56559.11,56559.11,56559.11,17099.11,17099.11,17099.11,69.76771734915914,3.307722448712243
ba,mp,9,512,208,inverse,64586.11,64586.11,64586.12,16467.11,16467.11,16467.11,74.50363553401806,3.922127805061119
ba,mp,10,1024,208,forward,123498.11,123498.11,123498.12,36960.11,36960.11,36960.11,70.07232742266258,3.341389135476058
ba,mp,10,1024,208,inverse,141342.11,141342.11,141342.12,35441.11,35441.11,35441.11,74.92530003974045,3.9880836125053643
ba,mp,4,16,209,forward,897.11,897.11,897.11,324.11,324.11,324.11,63.87176600416894,2.7679182993428157
ba,mp,4,16,209,inverse,1026.11,1026.11,1026.11,350.11,350.11,350.11,65.87987642650397,2.9308217417383102
ba,mp,5,32,209,forward,2121.11,2121.11,2121.11,726.11,726.11,726.11,65.76745194732948,2.921196512925039
ba,mp,5,32,209,inverse,2418.11,2418.11,2418.11,743.11,743.11,743.11,69.26897452969469,3.254040451615508
ba,mp,6,64,209,forward,4852.11,4852.11,4852.11,1502.11,1502.11,1502.11,69.04212806387324,3.2301961906917604
ba,mp,6,64,209,inverse,5558.11,5558.11,5558.11,1523.11,1523.11,1523.11,72.59662007408994,3.6491848914392264
ba,mp,7,128,209,forward,11244.11,11244.11,11244.11,3485.11,3485.11,3485.12,69.0050168488213,3.226328580733463
ba,mp,7,128,209,inverse,12838.11,12838.11,12838.11,3418.11,3418.11,3418.11,73.37528654918832,3.7559089672362798
ba,mp,8,256,209,forward,25031.11,25031.11,25031.11,7594.11,7594.11,7594.11,69.66131346152848,3.2961215995027726
ba,mp,8,256,209,inverse,28666.11,28666.11,28666.12,7352.11,7352.11,7352.11,74.3526066145703,3.899031706544108
ba,mp,9,512,209,forward,56559.11,56559.11,56559.12,17099.11,17099.11,17099.11,69.76771734915914,3.307722448712243
ba,mp,9,512,209,inverse,64586.11,64586.11,64586.12,16467.11,16467.11,16467.11,74.50363553401806,3.922127805061119
ba,mp,10,1024,209,forward,123498.11,123498.11,123498.12,36960.11,36960.11,36960.12,70.07232742266258,3.341389135476058
ba,mp,10,1024,209,inverse,141342.11,141342.11,141342.12,35441.11,35441.11,35441.11,74.92530003974045,3.9880836125053643
ba,mp,4,16,210,forward,897.11,897.11,897.11,324.11,324.11,324.11,63.87176600416894,2.7679182993428157
ba,mp,4,16,210,inverse,1026.11,1026.11,1026.11,350.11,350.11,350.11,65.87987642650397,2.9308217417383102
ba,mp,5,32,210,forward,2121.11,2121.11,2121.11,726.11,726.11,726.11,65.76745194732948,2.921196512925039
ba,mp,5,32,210,inverse,2418.11,2418.11,2418.11,743.11,743.11,743.11,69.26897452969469,3.254040451615508
ba,mp,6,64,210,forward,4852.11,4852.11,4852.11,1502.11,1502.11,1502.11,69.04212806387324,3.2301961906917604
ba,mp,6,64,210,inverse,5558.11,5558.11,5558.11,1523.11,1523.11,1523.11,72.59662007408994,3.6491848914392264
ba,mp,7,128,210,forward,11244.11,11244.11,11244.11,3485.11,3485.11,3485.11,69.0050168488213,3.226328580733463
ba,mp,7,128,210,inverse,12838.11,12838.11,12838.11,3418.11,3418.11,3418.11,73.37528654918832,3.7559089672362798
ba,mp,8,256,210,forward,25031.11,25031.11,25031.12,7594.11,7594.11,7594.11,69.66131346152848,3.2961215995027726
ba,mp,8,256,210,inverse,28666.11,28666.11,28666.11,7352.11,7352.11,7352.11,74.3526066145703,3.899031706544108
ba,mp,9,512,210,forward,56559.11,56559.11,56559.11,17099.11,17099.11,17099.12,69.76771734915914,3.307722448712243
ba,mp,9,512,210,inverse,64586.11,64586.11,64586.11,16467.11,16467.11,16467.12,74.50363553401806,3.922127805061119
ba,mp,10,1024,210,forward,123498.11,123498.11,123498.12,36960.11,36960.11,36960.12,70.07232742266258,3.341389135476058
ba,mp,10,1024,210,inverse,141342.11,141342.11,141342.12,35441.11,35441.11,35441.11,74.92530003974045,3.9880836125053643
ba,mp,4,16,211,forward,897.11,897.11,897.11,324.11,324.11,324.11,63.87176600416894,2.7679182993428157
ba,mp,4,16,211,inverse,1026.11,1026.11,1026.11,350.11,350.11,350.11,65.87987642650397,2.9308217417383102
ba,mp,5,32,211,forward,2121.11,2121.11,2121.11,726.11,726.11,726.11,65.76745194732948,2.921196512925039
ba,mp,5,32,211,inverse,2418.11,2418.11,2418.11,743.11,743.11,743.11,69.26897452969469,3.254040451615508
ba,mp,6,64,211,forward,4852.11,4852.11,4852.11,1502.11,1502.11,1502.11,69.04212806387324,3.2301961906917604
ba,mp,6,64,211,inverse,5558.11,5558.11,5558.11,1523.11,1523.11,1523.11,72.59662007408994,3.6491848914392264
ba,mp,7,128,211,forward,11244.11,11244.11,11244.11,3485.11,3485.11,3485.11,69.0050168488213,3.226328580733463
ba,mp,7,128,211,inverse,12838.11,12838.11,12838.11,3418.11,3418.11,3418.12,73.37528654918832,3.7559089672362798
ba,mp,8,256,211,forward,25031.11,25031.11,25031.11,7594.11,7594.11,7594.11,69.66131346152848,3.2961215995027726
ba,mp,8,256,211,inverse,28666.11,28666.11,28666.11,7352.11,7352.11,7352.11,74.3526066145703,3.899031706544108
ba,mp,9,512,211,forward,56559.11,56559.11,56559.11,17099.11,17099.11,17099.11,69.76771734915914,3.307722448712243
ba,mp,9,512,211,inverse,64586.11,64586.11,64586.12,16467.11,16467.11,16467.11,74.50363553401806,3.922127805061119
ba,mp,10,1024,211,forward,123498.11,123498.11,123498.12,36960.11,36960.11,36960.11,70.07232742266258,3.341389135476058
ba,mp,10,1024,211,inverse,141342.11,141342.11,141342.12,35441.11,35441.11,35441.11,74.92530003974045,3.9880836125053643
ba,mp,4,16,212,forward,897.11,897.11,897.11,324.11,324.11,324.11,63.87176600416894,2.7679182993428157
ba,mp,4,16,212,inverse,1026.11,1026.11,1026.11,350.11,350.11,350.11,65.87987642650397,2.9308217417383102
ba,mp,5,32,212,forward,2121.11,2121.11,2121.11,726.11,726.11,726.11,65.76745194732948,2.921196512925039
ba,mp,5,32,212,inverse,2418.11,2418.11,2418.11,743.11,743.11,743.11,69.26897452969469,3.254040451615508
ba,mp,6,64,212,forward,4852.11,4852.11,4852.11,1502.11,1502.11,1502.11,69.04212806387324,3.2301961906917604
ba,mp,6,64,212,inverse,5558.11,5558.11,5558.11,1523.11,1523.11,1523.11,72.59662007408994,3.6491848914392264
ba,mp,7,128,212,forward,11244.11,11244.11,11244.12,3485.11,3485.11,3485.11,69.0050168488213,3.226328580733463
ba,mp,7,128,212,inverse,12838.11,12838.11,12838.11,3418.11,3418.11,3418.11,73.37528654918832,3.7559089672362798
ba,mp,8,256,212,forward,25031.11,25031.11,25031.11,7594.11,7594.11,7594.11,69.66131346152848,3.2961215995027726
ba,mp,8,256,212,inverse,28666.11,28666.11,28666.12,7352.11,7352.11,7352.11,74.3526066145703,3.899031706544108
ba,mp,9,512,212,forward,56559.11,56559.11,56559.11,17099.11,17099.11,17099.12,69.76771734915914,3.307722448712243
ba,mp,9,512,212,inverse,64586.11,64586.11,64586.12,16467.11,16467.11,16467.11,74.50363553401806,3.922127805061119
ba,mp,10,1024,212,forward,123498.11,123498.11,123498.12,36960.11,36960.11,36960.12,70.07232742266258,3.341389135476058
ba,mp,10,1024,212,inverse,141342.11,141342.11,141342.12,35441.11,35441.11,35441.12,74.92530003974045,3.9880836125053643
ba,mp,4,16,213,forward,897.11,897.11,897.11,324.11,324.11,324.11,63.87176600416894,2.7679182993428157
ba,mp,4,16,213,inverse,1026.11,1026.11,1026.11,350.11,350.11,350.11,65.87987642650397,2.9308217417383102
ba,mp,5,32,213,forward,2121.11,2121.11,2121.11,726.11,726.11,726.11,65.76745194732948,2.921196512925039
ba,mp,5,32,213,inverse,2418.11,2418.11,2418.11,743.11,743.11,743.11,69.26897452969469,3.254040451615508
ba,mp,6,64,213,forward,4852.11,4852.11,4852.12,1502.11,1502.11,1502.11,69.04212806387324,3.2301961906917604
ba,mp,6,64,213,inverse,5558.11,5558.11,5558.11,1523.11,1523.11,1523.11,72.59662007408994,3.6491848914392264
ba,mp,7,128,213,forward,11244.11,11244.11,11244.11,3485.11,3485.11,3485.11,69.0050168488213,3.226328580733463
ba,mp,7,128,213,inverse,12838.11,12838.11,12838.11,3418.11,3418.11,3418.11,73.37528654918832,3.7559089672362798
ba,mp,8,256,213,forward,25031.11,25031.11,25031.12,7594.11,7594.11,7594.11,69.66131346152848,3.2961215995027726
ba,mp,8,256,213,inverse,28666.11,28666.11,28666.11,7352.11,7352.11,7352.11,74.3526066145703,3.899031706544108
ba,mp,9,512,213,forward,56559.11,56559.11,56559.12,17099.11,17099.11,17099.11,69.76771734915914,3.307722448712243
ba,mp,9,512,213,inverse,64586.11,64586.11,64586.12,16467.11,16467.11,16467.11,74.50363553401806,3.922127805061119
ba,mp,10,1024,213,forward,123498.11,123498.11,123498.12,36960.11,36960.11,36960.11,70.07232742266258,3.341389135476058
ba,mp,10,1024,213,inverse,141342.11,141342.11,141342.12,35441.11,35441.11,35441.12,74.92530003974045,3.9880836125053643
ba,mp,4,16,214,forward,897.11,897.11,897.11,324.11,324.11,324.11,63.87176600416894,2.7679182993428157
ba,mp,4,16,214,inverse,1026.11,1026.11,1026.11,350.11,350.11,350.11,65.87987642650397,2.9308217417383102
ba,mp,5,32,214,forward,2121.11,2121.11,2121.11,726.11,726.11,726.11,65.76745194732948,2.921196512925039
ba,mp,5,32,214,inverse,2418.11,2418.11,2418.11,743.11,743.11,743.11,69.26897452969469,3.254040451615508
ba,mp,6,64,214,forward,4852.11,4852.11,4852.11,1502.11,1502.11,1502.11,69.04212806387324,3.2301961906917604
ba,mp,6,64,214,inverse,5558.11,5558.11,5558.11,1523.11,1523.11,1523.11,72.59662007408994,3.6491848914392264
ba,mp,7,128,214,forward,11244.11,11244.11,11244.11,3485.11,3485.11,3485.11,69.0050168488213,3.226328580733463
ba,mp,7,128,214,inverse,12838.11,12838.11,12838.11,3418.11,3418.11,3418.11,73.37528654918832,3.7559089672362798
ba,mp,8,256,214,forward,25031.11,25031.11,25031.11,7594.11,7594.11,7594.11,69.66131346152848,3.2961215995027726
ba,mp,8,256,214,inverse,28666.11,28666.11,28666.11,7352.11,7352.11,7352.11,74.3526066145703,3.899031706544108
ba,mp,9,512,214,forward,56559.11,56559.11,56559.12,17099.11,17099.11,17099.11,69.76771734915914,3.307722448712243
ba,mp,9,512,214,inverse,64586.11,64586.11,64586.12,16467.11,16467.11,16467.11,74.50363553401806,3.922127805061119
ba,mp,10,1024,214,forward,123498.11,123498.11,123498.12,36960.11,36960.11,36960.12,70.07232742266258,3.341389135476058
ba,mp,10,1024,214,inverse,141342.11,141342.11,141342.12,35441.11,35441.11,35441.11,74.92530003974045,3.9880836125053643
ba,mp,4,16,215,forward,897.11,897.11,897.11,324.11,324.11,324.11,63.87176600416894,2.7679182993428157
ba,mp,4,16,215,inverse,1026.11,1026.11,1026.11,350.11,350.11,350.11,65.87987642650397,2.9308217417383102
ba,mp,5,32,215,forward,2121.11,2121.11,2121.11,726.11,726.11,726.11,65.76745194732948,2.921196512925039
ba,mp,5,32,215,inverse,2418.11,2418.11,2418.11,743.11,743.11,743.11,69.26897452969469,3.254040451615508
ba,mp,6,64,215,forward,4852.11,4852.11,4852.11,1502.11,1502.11,1502.11,69.04212806387324,3.2301961906917604
ba,mp,6,64,215,inverse,5558.11,5558.11,5558.11,1523.11,1523.11,1523.11,72.59662007408994,3.6491848914392264
ba,mp,7,128,215,forward,11244.11,11244.11,11244.12,3485.11,3485.11,3485.11,69.0050168488213,3.226328580733463
ba,mp,7,128,215,inverse,12838.11,12838.11,12838.11,3418.11,3418.11,3418.11,73.37528654918832,3.7559089672362798
ba,mp,8,256,215,forward,25031.11,25031.11,25031.11,7594.11,7594.11,7594.11,69.66131346152848,3.2961215995027726
ba,mp,8,256,215,inverse,28666.11,28666.11,28666.12,7352.11,7352.11,7352.11,74.3526066145703,3.899031706544108
ba,mp,9,512,215,forward,56559.11,56559.11,56559.12,17099.11,17099.11,17099.11,69.76771734915914,3.307722448712243
ba,mp,9,512,215,inverse,64586.11,64586.11,64586.11,16467.11,16467.11,16467.12,74.50363553401806,3.922127805061119
ba,mp,10,1024,215,forward,123498.11,123498.11,123498.12,36960.11,36960.11,36960.12,70.07232742266258,3.341389135476058
ba,mp,10,1024,215,inverse,141342.11,141342.11,141342.12,35441.11,35441.11,35441.12,74.92530003974045,3.9880836125053643
ba,mp,4,16,216,forward,897.11,897.11,897.11,324.11,324.11,324.11,63.87176600416894,2.7679182993428157
ba,mp,4,16,216,inverse,1026.11,1026.11,1026.11,350.11,350.11,350.11,65.87987642650397,2.9308217417383102
ba,mp,5,32,216,forward,2121.11,2121.11,2121.11,726.11,726.11,726.11,65.76745194732948,2.921196512925039
ba,mp,5,32,216,inverse,2418.11,2418.11,2418.11,743.11,743.11,743.11,69.26897452969469,3.254040451615508
ba,mp,6,64,216,forward,4852.11,4852.11,4852.11,1502.11,1502.11,1502.12,69.04212806387324,3.2301961906917604
ba,mp,6,64,216,inverse,5558.11,5558.11,5558.11,1523.11,1523.11,1523.11,72.59662007408994,3.6491848914392264
ba,mp,7,128,216,forward,11244.11,11244.11,11244.11,3485.11,3485.11,3485.11,69.0050168488213,3.226328580733463
ba,mp,7,128,216,inverse,12838.11,12838.11,12838.11,3418.11,3418.11,3418.11,73.37528654918832,3.7559089672362798
ba,mp,8,256,216,forward,25031.11,25031.11,25031.12,7594.11,7594.11,7594.11,69.66131346152848,3.2961215995027726
ba,mp,8,256,216,inverse,28666.11,28666.11,28666.11,7352.11,7352.11,7352.11,74.3526066145703,3.899031706544108
ba,mp,9,512,216,forward,56559.11,56559.11,56559.12,17099.11,17099.11,17099.11,69.76771734915914,3.307722448712243
ba,mp,9,512,216,inverse,64586.11,64586.11,64586.12,16467.11,16467.11,16467.11,74.50363553401806,3.922127805061119
ba,mp,10,1024,216,forward,123498.11,123498.11,123498.12,36960.11,36960.11,36960.11,70.07232742266258,3.341389135476058
ba,mp,10,1024,216,inverse,141342.11,141342.11,141342.12,35441.11,35441.11,35441.12,74.92530003974045,3.9880836125053643
ba,mp,4,16,217,forward,897.11,897.11,897.11,324.11,324.11,324.11,63.87176600416894,2.7679182993428157
ba,mp,4,16,217,inverse,1026.11,1026.11,1026.11,350.11,350.11,350.11,65.87987642650397,2.9308217417383102
ba,mp,5,32,217,forward,2121.11,2121.11,2121.11,726.11,726.11,726.11,65.76745194732948,2.921196512925039
ba,mp,5,32,217,inverse,2418.11,2418.11,2418.11,743.11,743.11,743.11,69.26897452969469,3.254040451615508
ba,mp,6,64,217,forward,4852.11,4852.11,4852.11,1502.11,1502.11,1502.11,69.04212806387324,3.2301961906917604
ba,mp,6,64,217,inverse,5558.11,5558.11,5558.11,1523.11,1523.11,1523.11,72.59662007408994,3.6491848914392264
ba,mp,7,128,217,forward,11244.11,11244.11,11244.11,3485.11,3485.11,3485.11,69.0050168488213,3.226328580733463
ba,mp,7,128,217,inverse,12838.11,12838.11,12838.11,3418.11,3418.11,3418.11,73.37528654918832,3.7559089672362798
ba,mp,8,256,217,forward,25031.11,25031.11,25031.11,7594.11,7594.11,7594.11,69.66131346152848,3.2961215995027726
ba,mp,8,256,217,inverse,28666.11,28666.11,28666.11,7352.11,7352.11,7352.11,74.3526066145703,3.899031706544108
ba,mp,9,512,217,forward,56559.11,56559.11,56559.12,17099.11,17099.11,17099.11,69.76771734915914,3.307722448712243
ba,mp,9,512,217,inverse,64586.11,64586.11,64586.12,16467.11,16467.11,16467.11,74.50363553401806,3.922127805061119
ba,mp,10,1024,217,forward,123498.11,123498.11,123498.12,36960.11,36960.11,36960.12,70.07232742266258,3.341389135476058
ba,mp,10,1024,217,inverse,141342.11,141342.11,141342.12,35441.11,35441.11,35441.11,74.92530003974045,3.9880836125053643
ba,mp,4,16,218,forward,897.11,897.11,897.11,324.11,324.11,324.11,63.87176600416894,2.7679182993428157
ba,mp,4,16,218,inverse,1026.11,1026.11,1026.11,350.11,350.11,350.11,65.87987642650397,2.9308217417383102
ba,mp,5,32,218,forward,2121.11,2121.11,2121.11,726.11,726.11,726.11,65.76745194732948,2.921196512925039
ba,mp,5,32,218,inverse,2418.11,2418.11,2418.11,743.11,743.11,743.11,69.26897452969469,3.254040451615508
ba,mp,6,64,218,forward,4852.11,4852.11,4852.11,1502.11,1502.11,1502.11,69.04212806387324,3.2301961906917604
ba,mp,6,64,218,inverse,5558.11,5558.11,5558.11,1523.11,1523.11,1523.11,72.59662007408994,3.6491848914392264
ba,mp,7,128,218,forward,11244.11,11244.11,11244.12,3485.11,3485.11,3485.11,69.0050168488213,3.226328580733463
ba,mp,7,128,218,inverse,12838.11,12838.11,12838.11,3418.11,3418.11,3418.11,73.37528654918832,3.7559089672362798
ba,mp,8,256,218,forward,25031.11,25031.11,25031.11,7594.11,7594.11,7594.11,69.66131346152848,3.2961215995027726
ba,mp,8,256,218,inverse,28666.11,28666.11,28666.11,7352.11,7352.11,7352.12,74.3526066145703,3.899031706544108
ba,mp,9,512,218,forward,56559.11,56559.11,56559.12,17099.11,17099.11,17099.11,69.76771734915914,3.307722448712243
ba,mp,9,512,218,inverse,64586.11,64586.11,64586.12,16467.11,16467.11,16467.11,74.50363553401806,3.922127805061119
ba,mp,10,1024,218,forward,123498.11,123498.11,123498.12,36960.11,36960.11,36960.11,70.07232742266258,3.341389135476058
ba,mp,10,1024,218,inverse,141342.11,141342.11,141342.12,35441.11,35441.11,35441.11,74.92530003974045,3.9880836125053643
ba,mp,4,16,219,forward,897.11,897.11,897.11,324.11,324.11,324.11,63.87176600416894,2.7679182993428157
ba,mp,4,16,219,inverse,1026.11,1026.11,1026.11,350.11,350.11,350.11,65.87987642650397,2.9308217417383102
ba,mp,5,32,219,forward,2121.11,2121.11,2121.11,726.11,726.11,726.11,65.76745194732948,2.921196512925039
ba,mp,5,32,219,inverse,2418.11,2418.11,2418.11,743.11,743.11,743.11,69.26897452969469,3.254040451615508
ba,mp,6,64,219,forward,4852.11,4852.11,4852.12,1502.11,1502.11,1502.11,69.04212806387324,3.2301961906917604
ba,mp,6,64,219,inverse,5558.11,5558.11,5558.11,1523.11,1523.11,1523.11,72.59662007408994,3.6491848914392264
ba,mp,7,128,219,forward,11244.11,11244.11,11244.11,3485.11,3485.11,3485.11,69.0050168488213,3.226328580733463
ba,mp,7,128,219,inverse,12838.11,12838.11,12838.11,3418.11,3418.11,3418.11,73.37528654918832,3.7559089672362798
ba,mp,8,256,219,forward,25031.11,25031.11,25031.12,7594.11,7594.11,7594.11,69.66131346152848,3.2961215995027726
ba,mp,8,256,219,inverse,28666.11,28666.11,28666.11,7352.11,7352.11,7352.11,74.3526066145703,3.899031706544108
ba,mp,9,512,219,forward,56559.11,56559.11,56559.12,17099.11,17099.11,17099.11,69.76771734915914,3.307722448712243
ba,mp,9,512,219,inverse,64586.11,64586.11,64586.12,16467.11,16467.11,16467.11,74.50363553401806,3.922127805061119
ba,mp,10,1024,219,forward,123498.11,123498.11,123498.12,36960.11,36960.11,36960.12,70.07232742266258,3.341389135476058
ba,mp,10,1024,219,inverse,141342.11,141342.11,141342.12,35441.11,35441.11,35441.11,74.92530003974045,3.9880836125053643
ba,mp,4,16,220,forward,897.11,897.11,897.11,324.11,324.11,324.11,63.87176600416894,2.7679182993428157
ba,mp,4,16,220,inverse,1026.11,1026.11,1026.11,350.11,350.11,350.11,65.87987642650397,2.9308217417383102
ba,mp,5,32,220,forward,2121.11,2121.11,2121.11,726.11,726.11,726.11,65.76745194732948,2.921196512925039
ba,mp,5,32,220,inverse,2418.11,2418.11,2418.11,743.11,743.11,743.11,69.26897452969469,3.254040451615508
ba,mp,6,64,220,forward,4852.11,4852.11,4852.11,1502.11,1502.11,1502.11,69.04212806387324,3.2301961906917604
ba,mp,6,64,220,inverse,5558.11,5558.11,5558.11,1523.11,1523.11,1523.11,72.59662007408994,3.6491848914392264
ba,mp,7,128,220,forward,11244.11,11244.11,11244.11,3485.11,3485.11,3485.11,69.0050168488213,3.226328580733463
ba,mp,7,128,220,inverse,12838.11,12838.11,12838.11,3418.11,3418.11,3418.11,73.37528654918832,3.7559089672362798
ba,mp,8,256,220,forward,25031.11,25031.11,25031.11,7594.11,7594.11,7594.12,69.66131346152848,3.2961215995027726
ba,mp,8,256,220,inverse,28666.11,28666.11,28666.11,7352.11,7352.11,7352.11,74.3526066145703,3.899031706544108
ba,mp,9,512,220,forward,56559.11,56559.11,56559.11,17099.11,17099.11,17099.12,69.76771734915914,3.307722448712243
ba,mp,9,512,220,inverse,64586.11,64586.11,64586.11,16467.11,16467.11,16467.12,74.50363553401806,3.922127805061119
ba,mp,10,1024,220,forward,123498.11,123498.11,123498.12,36960.11,36960.11,36960.12,70.07232742266258,3.341389135476058
ba,mp,10,1024,220,inverse,141342.11,141342.11,141342.12,35441.11,35441.11,35441.12,74.92530003974045,3.9880836125053643
ba,mp,4,16,221,forward,897.11,897.11,897.11,324.11,324.11,324.11,63.87176600416894,2.7679182993428157
ba,mp,4,16,221,inverse,1026.11,1026.11,1026.11,350.11,350.11,350.11,65.87987642650397,2.9308217417383102
ba,mp,5,32,221,forward,2121.11,2121.11,2121.11,726.11,726.11,726.11,65.76745194732948,2.921196512925039
ba,mp,5,32,221,inverse,2418.11,2418.11,2418.11,743.11,743.11,743.11,69.26897452969469,3.254040451615508
ba,mp,6,64,221,forward,4852.11,4852.11,4852.11,1502.11,1502.11,1502.11,69.04212806387324,3.2301961906917604
ba,mp,6,64,221,inverse,5558.11,5558.11,5558.11,1523.11,1523.11,1523.11,72.59662007408994,3.6491848914392264
ba,mp,7,128,221,forward,11244.11,11244.11,11244.11,3485.11,3485.11,3485.11,69.0050168488213,3.226328580733463
ba,mp,7,128,221,inverse,12838.11,12838.11,12838.11,3418.11,3418.11,3418.11,73.37528654918832,3.7559089672362798
ba,mp,8,256,221,forward,25031.11,25031.11,25031.11,7594.11,7594.11,7594.11,69.66131346152848,3.2961215995027726
ba,mp,8,256,221,inverse,28666.11,28666.11,28666.12,7352.11,7352.11,7352.11,74.3526066145703,3.899031706544108
ba,mp,9,512,221,forward,56559.11,56559.11,56559.12,17099.11,17099.11,17099.11,69.76771734915914,3.307722448712243
ba,mp,9,512,221,inverse,64586.11,64586.11,64586.12,16467.11,16467.11,16467.11,74.50363553401806,3.922127805061119
ba,mp,10,1024,221,forward,123498.11,123498.11,123498.12,36960.11,36960.11,36960.11,70.07232742266258,3.341389135476058
ba,mp,10,1024,221,inverse,141342.11,141342.11,141342.12,35441.11,35441.11,35441.12,74.92530003974045,3.9880836125053643
ba,mp,4,16,222,forward,897.11,897.11,897.11,324.11,324.11,324.11,63.87176600416894,2.7679182993428157
ba,mp,4,16,222,inverse,1026.11,1026.11,1026.11,350.11,350.11,350.11,65.87987642650397,2.9308217417383102
ba,mp,5,32,222,forward,2121.11,2121.11,2121.11,726.11,726.11,726.11,65.76745194732948,2.921196512925039
ba,mp,5,32,222,inverse,2418.11,2418.11,2418.11,743.11,743.11,743.11,69.26897452969469,3.254040451615508
ba,mp,6,64,222,forward,4852.11,4852.11,4852.11,1502.11,1502.11,1502.11,69.04212806387324,3.2301961906917604
ba,mp,6,64,222,inverse,5558.11,5558.11,5558.11,1523.11,1523.11,1523.11,72.59662007408994,3.6491848914392264
ba,mp,7,128,222,forward,11244.11,11244.11,11244.11,3485.11,3485.11,3485.11,69.0050168488213,3.226328580733463
ba,mp,7,128,222,inverse,12838.11,12838.11,12838.11,3418.11,3418.11,3418.11,73.37528654918832,3.7559089672362798
ba,mp,8,256,222,forward,25031.11,25031.11,25031.11,7594.11,7594.11,7594.12,69.66131346152848,3.2961215995027726
ba,mp,8,256,222,inverse,28666.11,28666.11,28666.11,7352.11,7352.11,7352.11,74.3526066145703,3.899031706544108
ba,mp,9,512,222,forward,56559.11,56559.11,56559.12,17099.11,17099.11,17099.11,69.76771734915914,3.307722448712243
ba,mp,9,512,222,inverse,64586.11,64586.11,64586.12,16467.11,16467.11,16467.11,74.50363553401806,3.922127805061119
ba,mp,10,1024,222,forward,123498.11,123498.11,123498.12,36960.11,36960.11,36960.12,70.07232742266258,3.341389135476058
ba,mp,10,1024,222,inverse,141342.11,141342.11,141342.12,35441.11,35441.11,35441.11,74.92530003974045,3.9880836125053643
ba,mp,4,16,223,forward,897.11,897.11,897.11,324.11,324.11,324.11,63.87176600416894,2.7679182993428157
ba,mp,4,16,223,inverse,1026.11,1026.11,1026.11,350.11,350.11,350.11,65.87987642650397,2.9308217417383102
ba,mp,5,32,223,forward,2121.11,2121.11,2121.11,726.11,726.11,726.11,65.76745194732948,2.921196512925039
ba,mp,5,32,223,inverse,2418.11,2418.11,2418.11,743.11,743.11,743.11,69.26897452969469,3.254040451615508
ba,mp,6,64,223,forward,4852.11,4852.11,4852.11,1502.11,1502.11,1502.11,69.04212806387324,3.2301961906917604
ba,mp,6,64,223,inverse,5558.11,5558.11,5558.11,1523.11,1523.11,1523.11,72.59662007408994,3.6491848914392264
ba,mp,7,128,223,forward,11244.11,11244.11,11244.11,3485.11,3485.11,3485.11,69.0050168488213,3.226328580733463
ba,mp,7,128,223,inverse,12838.11,12838.11,12838.11,3418.11,3418.11,3418.11,73.37528654918832,3.7559089672362798
ba,mp,8,256,223,forward,25031.11,25031.11,25031.11,7594.11,7594.11,7594.11,69.66131346152848,3.2961215995027726
ba,mp,8,256,223,inverse,28666.11,28666.11,28666.11,7352.11,7352.11,7352.11,74.3526066145703,3.899031706544108
ba,mp,9,512,223,forward,56559.11,56559.11,56559.11,17099.11,17099.11,17099.12,69.76771734915914,3.307722448712243
ba,mp,9,512,223,inverse,64586.11,64586.11,64586.11,16467.11,16467.11,16467.12,74.50363553401806,3.922127805061119
ba,mp,10,1024,223,forward,123498.11,123498.11,123498.12,36960.11,36960.11,36960.12,70.07232742266258,3.341389135476058
ba,mp,10,1024,223,inverse,141342.11,141342.11,141342.12,35441.11,35441.11,35441.12,74.92530003974045,3.9880836125053643
ba,mp,4,16,224,forward,897.11,897.11,897.11,324.11,324.11,324.11,63.87176600416894,2.7679182993428157
ba,mp,4,16,224,inverse,1026.11,1026.11,1026.11,350.11,350.11,350.11,65.87987642650397,2.9308217417383102
ba,mp,5,32,224,forward,2121.11,2121.11,2121.11,726.11,726.11,726.11,65.76745194732948,2.921196512925039
ba,mp,5,32,224,inverse,2418.11,2418.11,2418.11,743.11,743.11,743.11,69.26897452969469,3.254040451615508
ba,mp,6,64,224,forward,4852.11,4852.11,4852.11,1502.11,1502.11,1502.11,69.04212806387324,3.2301961906917604
ba,mp,6,64,224,inverse,5558.11,5558.11,5558.11,1523.11,1523.11,1523.11,72.59662007408994,3.6491848914392264
ba,mp,7,128,224,forward,11244.11,11244.11,11244.11,3485.11,3485.11,3485.11,69.0050168488213,3.226328580733463
ba,mp,7,128,224,inverse,12838.11,12838.11,12838.11,3418.11,3418.11,3418.11,73.37528654918832,3.7559089672362798
ba,mp,8,256,224,forward,25031.11,25031.11,25031.11,7594.11,7594.11,7594.11,69.66131346152848,3.2961215995027726
ba,mp,8,256,224,inverse,28666.11,28666.11,28666.12,7352.11,7352.11,7352.11,74.3526066145703,3.899031706544108
ba,mp,9,512,224,forward,56559.11,56559.11,56559.12,17099.11,17099.11,17099.11,69.76771734915914,3.307722448712243
ba,mp,9,512,224,inverse,64586.11,64586.11,64586.12,16467.11,16467.11,16467.11,74.50363553401806,3.922127805061119
ba,mp,10,1024,224,forward,123498.11,123498.11,123498.12,36960.11,36960.11,36960.11,70.07232742266258,3.341389135476058
ba,mp,10,1024,224,inverse,141342.11,141342.11,141342.12,35441.11,35441.11,35441.12,74.92530003974045,3.9880836125053643
ba,mp,4,16,225,forward,897.11,897.11,897.11,324.11,324.11,324.11,63.87176600416894,2.7679182993428157
ba,mp,4,16,225,inverse,1026.11,1026.11,1026.11,350.11,350.11,350.11,65.87987642650397,2.9308217417383102
ba,mp,5,32,225,forward,2121.11,2121.11,2121.11,726.11,726.11,726.11,65.76745194732948,2.921196512925039
ba,mp,5,32,225,inverse,2418.11,2418.11,2418.11,743.11,743.11,743.11,69.26897452969469,3.254040451615508
ba,mp,6,64,225,forward,4852.11,4852.11,4852.11,1502.11,1502.11,1502.11,69.04212806387324,3.2301961906917604
ba,mp,6,64,225,inverse,5558.11,5558.11,5558.12,1523.11,1523.11,1523.11,72.59662007408994,3.6491848914392264
ba,mp,7,128,225,forward,11244.11,11244.11,11244.11,3485.11,3485.11,3485.11,69.0050168488213,3.226328580733463
ba,mp,7,128,225,inverse,12838.11,12838.11,12838.11,3418.11,3418.11,3418.11,73.37528654918832,3.7559089672362798
ba,mp,8,256,225,forward,25031.11,25031.11,25031.12,7594.11,7594.11,7594.11,69.66131346152848,3.2961215995027726
ba,mp,8,256,225,inverse,28666.11,28666.11,28666.11,7352.11,7352.11,7352.11,74.3526066145703,3.899031706544108
ba,mp,9,512,225,forward,56559.11,56559.11,56559.11,17099.11,17099.11,17099.12,69.76771734915914,3.307722448712243
ba,mp,9,512,225,inverse,64586.11,64586.11,64586.12,16467.11,16467.11,16467.11,74.50363553401806,3.922127805061119
ba,mp,10,1024,225,forward,123498.11,123498.11,123498.12,36960.11,36960.11,36960.12,70.07232742266258,3.341389135476058
ba,mp,10,1024,225,inverse,141342.11,141342.11,141342.12,35441.11,35441.11,35441.11,74.92530003974045,3.9880836125053643
ba,mp,4,16,226,forward,897.11,897.11,897.11,324.11,324.11,324.11,63.87176600416894,2.7679182993428157
ba,mp,4,16,226,inverse,1026.11,1026.11,1026.11,350.11,350.11,350.11,65.87987642650397,2.9308217417383102
ba,mp,5,32,226,forward,2121.11,2121.11,2121.11,726.11,726.11,726.11,65.76745194732948,2.921196512925039
ba,mp,5,32,226,inverse,2418.11,2418.11,2418.11,743.11,743.11,743.11,69.26897452969469,3.254040451615508
ba,mp,6,64,226,forward,4852.11,4852.11,4852.11,1502.11,1502.11,1502.11,69.04212806387324,3.2301961906917604
ba,mp,6,64,226,inverse,5558.11,5558.11,5558.11,1523.11,1523.11,1523.11,72.59662007408994,3.6491848914392264
ba,mp,7,128,226,forward,11244.11,11244.11,11244.11,3485.11,3485.11,3485.11,69.0050168488213,3.226328580733463
ba,mp,7,128,226,inverse,12838.11,12838.11,12838.11,3418.11,3418.11,3418.11,73.37528654918832,3.7559089672362798
ba,mp,8,256,226,forward,25031.11,25031.11,25031.12,7594.11,7594.11,7594.11,69.66131346152848,3.2961215995027726
ba,mp,8,256,226,inverse,28666.11,28666.11,28666.11,7352.11,7352.11,7352.11,74.3526066145703,3.899031706544108
ba,mp,9,512,226,forward,56559.11,56559.11,56559.11,17099.11,17099.11,17099.12,69.76771734915914,3.307722448712243
ba,mp,9,512,226,inverse,64586.11,64586.11,64586.12,16467.11,16467.11,16467.11,74.50363553401806,3.922127805061119
ba,mp,10,1024,226,forward,123498.11,123498.11,123498.12,36960.11,36960.11,36960.11,70.07232742266258,3.341389135476058
ba,mp,10,1024,226,inverse,141342.11,141342.11,141342.12,35441.11,35441.11,35441.12,74.92530003974045,3.9880836125053643
ba,mp,4,16,227,forward,897.11,897.11,897.11,324.11,324.11,324.11,63.87176600416894,2.7679182993428157
ba,mp,4,16,227,inverse,1026.11,1026.11,1026.11,350.11,350.11,350.11,65.87987642650397,2.9308217417383102
ba,mp,5,32,227,forward,2121.11,2121.11,2121.11,726.11,726.11,726.11,65.76745194732948,2.921196512925039
ba,mp,5,32,227,inverse,2418.11,2418.11,2418.11,743.11,743.11,743.11,69.26897452969469,3.254040451615508
ba,mp,6,64,227,forward,4852.11,4852.11,4852.11,1502.11,1502.11,1502.11,69.04212806387324,3.2301961906917604
ba,mp,6,64,227,inverse,5558.11,5558.11,5558.11,1523.11,1523.11,1523.11,72.59662007408994,3.6491848914392264
ba,mp,7,128,227,forward,11244.11,11244.11,11244.11,3485.11,3485.11,3485.11,69.0050168488213,3.226328580733463
ba,mp,7,128,227,inverse,12838.11,12838.11,12838.11,3418.11,3418.11,3418.11,73.37528654918832,3.7559089672362798
ba,mp,8,256,227,forward,25031.11,25031.11,25031.11,7594.11,7594.11,7594.11,69.66131346152848,3.2961215995027726
ba,mp,8,256,227,inverse,28666.11,28666.11,28666.12,7352.11,7352.11,7352.11,74.3526066145703,3.899031706544108
ba,mp,9,512,227,forward,56559.11,56559.11,56559.12,17099.11,17099.11,17099.11,69.76771734915914,3.307722448712243
ba,mp,9,512,227,inverse,64586.11,64586.11,64586.12,16467.11,16467.11,16467.11,74.50363553401806,3.922127805061119
ba,mp,10,1024,227,forward,123498.11,123498.11,123498.12,36960.11,36960.11,36960.11,70.07232742266258,3.341389135476058
ba,mp,10,1024,227,inverse,141342.11,141342.11,141342.12,35441.11,35441.11,35441.12,74.92530003974045,3.9880836125053643
ba,mp,4,16,228,forward,897.11,897.11,897.11,324.11,324.11,324.11,63.87176600416894,2.7679182993428157
ba,mp,4,16,228,inverse,1026.11,1026.11,1026.11,350.11,350.11,350.11,65.87987642650397,2.9308217417383102
ba,mp,5,32,228,forward,2121.11,2121.11,2121.11,726.11,726.11,726.11,65.76745194732948,2.921196512925039
ba,mp,5,32,228,inverse,2418.11,2418.11,2418.11,743.11,743.11,743.11,69.26897452969469,3.254040451615508
ba,mp,6,64,228,forward,4852.11,4852.11,4852.11,1502.11,1502.11,1502.11,69.04212806387324,3.2301961906917604
ba,mp,6,64,228,inverse,5558.11,5558.11,5558.12,1523.11,1523.11,1523.11,72.59662007408994,3.6491848914392264
ba,mp,7,128,228,forward,11244.11,11244.11,11244.11,3485.11,3485.11,3485.11,69.0050168488213,3.226328580733463
ba,mp,7,128,228,inverse,12838.11,12838.11,12838.11,3418.11,3418.11,3418.11,73.37528654918832,3.7559089672362798
ba,mp,8,256,228,forward,25031.11,25031.11,25031.12,7594.11,7594.11,7594.11,69.66131346152848,3.2961215995027726
ba,mp,8,256,228,inverse,28666.11,28666.11,28666.11,7352.11,7352.11,7352.11,74.3526066145703,3.899031706544108
ba,mp,9,512,228,forward,56559.11,56559.11,56559.11,17099.11,17099.11,17099.12,69.76771734915914,3.307722448712243
ba,mp,9,512,228,inverse,64586.11,64586.11,64586.12,16467.11,16467.11,16467.11,74.50363553401806,3.922127805061119
ba,mp,10,1024,228,forward,123498.11,123498.11,123498.12,36960.11,36960.11,36960.12,70.07232742266258,3.341389135476058
ba,mp,10,1024,228,inverse,141342.11,141342.11,141342.12,35441.11,35441.11,35441.11,74.92530003974045,3.9880836125053643
ba,mp,4,16,229,forward,897.11,897.11,897.11,324.11,324.11,324.11,63.87176600416894,2.7679182993428157
ba,mp,4,16,229,inverse,1026.11,1026.11,1026.11,350.11,350.11,350.11,65.87987642650397,2.9308217417383102
ba,mp,5,32,229,forward,2121.11,2121.11,2121.11,726.11,726.11,726.11,65.76745194732948,2.921196512925039
ba,mp,5,32,229,inverse,2418.11,2418.11,2418.11,743.11,743.11,743.11,69.26897452969469,3.254040451615508
ba,mp,6,64,229,forward,4852.11,4852.11,4852.11,1502.11,1502.11,1502.11,69.04212806387324,3.2301961906917604
ba,mp,6,64,229,inverse,5558.11,5558.11,5558.11,1523.11,1523.11,1523.11,72.59662007408994,3.6491848914392264
ba,mp,7,128,229,forward,11244.11,11244.11,11244.11,3485.11,3485.11,3485.11,69.0050168488213,3.226328580733463
ba,mp,7,128,229,inverse,12838.11,12838.11,12838.11,3418.11,3418.11,3418.11,73.37528654918832,3.7559089672362798
ba,mp,8,256,229,forward,25031.11,25031.11,25031.12,7594.11,7594.11,7594.11,69.66131346152848,3.2961215995027726
ba,mp,8,256,229,inverse,28666.11,28666.11,28666.11,7352.11,7352.11,7352.11,74.3526066145703,3.899031706544108
ba,mp,9,512,229,forward,56559.11,56559.11,56559.12,17099.11,17099.11,17099.11,69.76771734915914,3.307722448712243
ba,mp,9,512,229,inverse,64586.11,64586.11,64586.12,16467.11,16467.11,16467.11,74.50363553401806,3.922127805061119
ba,mp,10,1024,229,forward,123498.11,123498.11,123498.12,36960.11,36960.11,36960.11,70.07232742266258,3.341389135476058
ba,mp,10,1024,229,inverse,141342.11,141342.11,141342.12,35441.11,35441.11,35441.12,74.92530003974045,3.9880836125053643
ba,mp,4,16,230,forward,897.11,897.11,897.11,324.11,324.11,324.11,63.87176600416894,2.7679182993428157
ba,mp,4,16,230,inverse,1026.11,1026.11,1026.11,350.11,350.11,350.11,65.87987642650397,2.9308217417383102
ba,mp,5,32,230,forward,2121.11,2121.11,2121.11,726.11,726.11,726.11,65.76745194732948,2.921196512925039
ba,mp,5,32,230,inverse,2418.11,2418.11,2418.11,743.11,743.11,743.11,69.26897452969469,3.254040451615508
ba,mp,6,64,230,forward,4852.11,4852.11,4852.11,1502.11,1502.11,1502.11,69.04212806387324,3.2301961906917604
ba,mp,6,64,230,inverse,5558.11,5558.11,5558.11,1523.11,1523.11,1523.11,72.59662007408994,3.6491848914392264
ba,mp,7,128,230,forward,11244.11,11244.11,11244.11,3485.11,3485.11,3485.11,69.0050168488213,3.226328580733463
ba,mp,7,128,230,inverse,12838.11,12838.11,12838.12,3418.11,3418.11,3418.11,73.37528654918832,3.7559089672362798
ba,mp,8,256,230,forward,25031.11,25031.11,25031.11,7594.11,7594.11,7594.11,69.66131346152848,3.2961215995027726
ba,mp,8,256,230,inverse,28666.11,28666.11,28666.11,7352.11,7352.11,7352.12,74.3526066145703,3.899031706544108
ba,mp,9,512,230,forward,56559.11,56559.11,56559.11,17099.11,17099.11,17099.12,69.76771734915914,3.307722448712243
ba,mp,9,512,230,inverse,64586.11,64586.11,64586.12,16467.11,16467.11,16467.11,74.50363553401806,3.922127805061119
ba,mp,10,1024,230,forward,123498.11,123498.11,123498.12,36960.11,36960.11,36960.12,70.07232742266258,3.341389135476058
ba,mp,10,1024,230,inverse,141342.11,141342.11,141342.12,35441.11,35441.11,35441.12,74.92530003974045,3.9880836125053643
ba,mp,4,16,231,forward,897.11,897.11,897.11,324.11,324.11,324.11,63.87176600416894,2.7679182993428157
ba,mp,4,16,231,inverse,1026.11,1026.11,1026.11,350.11,350.11,350.11,65.87987642650397,2.9308217417383102
ba,mp,5,32,231,forward,2121.11,2121.11,2121.11,726.11,726.11,726.11,65.76745194732948,2.921196512925039
ba,mp,5,32,231,inverse,2418.11,2418.11,2418.11,743.11,743.11,743.11,69.26897452969469,3.254040451615508
ba,mp,6,64,231,forward,4852.11,4852.11,4852.11,1502.11,1502.11,1502.11,69.04212806387324,3.2301961906917604
ba,mp,6,64,231,inverse,5558.11,5558.11,5558.11,1523.11,1523.11,1523.12,72.59662007408994,3.6491848914392264
ba,mp,7,128,231,forward,11244.11,11244.11,11244.11,3485.11,3485.11,3485.11,69.0050168488213,3.226328580733463
ba,mp,7,128,231,inverse,12838.11,12838.11,12838.11,3418.11,3418.11,3418.11,73.37528654918832,3.7559089672362798
ba,mp,8,256,231,forward,25031.11,25031.11,25031.11,7594.11,7594.11,7594.11,69.66131346152848,3.2961215995027726
ba,mp,8,256,231,inverse,28666.11,28666.11,28666.11,7352.11,7352.11,7352.11,74.3526066145703,3.899031706544108
ba,mp,9,512,231,forward,56559.11,56559.11,56559.12,17099.11,17099.11,17099.11,69.76771734915914,3.307722448712243
ba,mp,9,512,231,inverse,64586.11,64586.11,64586.11,16467.11,16467.11,16467.12,74.50363553401806,3.922127805061119
ba,mp,10,1024,231,forward,123498.11,123498.11,123498.12,36960.11,36960.11,36960.12,70.07232742266258,3.341389135476058
ba,mp,10,1024,231,inverse,141342.11,141342.11,141342.12,35441.11,35441.11,35441.11,74.92530003974045,3.9880836125053643
ba,mp,4,16,232,forward,897.11,897.11,897.11,324.11,324.11,324.11,63.87176600416894,2.7679182993428157
ba,mp,4,16,232,inverse,1026.11,1026.11,1026.11,350.11,350.11,350.11,65.87987642650397,2.9308217417383102
ba,mp,5,32,232,forward,2121.11,2121.11,2121.12,726.11,726.11,726.11,65.76745194732948,2.921196512925039
ba,mp,5,32,232,inverse,2418.11,2418.11,2418.11,743.11,743.11,743.11,69.26897452969469,3.254040451615508
ba,mp,6,64,232,forward,4852.11,4852.11,4852.11,1502.11,1502.11,1502.11,69.04212806387324,3.2301961906917604
ba,mp,6,64,232,inverse,5558.11,5558.11,5558.11,1523.11,1523.11,1523.11,72.59662007408994,3.6491848914392264
ba,mp,7,128,232,forward,11244.11,11244.11,11244.11,3485.11,3485.11,3485.11,69.0050168488213,3.226328580733463
ba,mp,7,128,232,inverse,12838.11,12838.11,12838.11,3418.11,3418.11,3418.11,73.37528654918832,3.7559089672362798
ba,mp,8,256,232,forward,25031.11,25031.11,25031.12,7594.11,7594.11,7594.11,69.66131346152848,3.2961215995027726
ba,mp,8,256,232,inverse,28666.11,28666.11,28666.11,7352.11,7352.11,7352.11,74.3526066145703,3.899031706544108
ba,mp,9,512,232,forward,56559.11,56559.11,56559.12,17099.11,17099.11,17099.11,69.76771734915914,3.307722448712243
ba,mp,9,512,232,inverse,64586.11,64586.11,64586.12,16467.11,16467.11,16467.11,74.50363553401806,3.922127805061119
ba,mp,10,1024,232,forward,123498.11,123498.11,123498.12,36960.11,36960.11,36960.11,70.07232742266258,3.341389135476058
ba,mp,10,1024,232,inverse,141342.11,141342.11,141342.12,35441.11,35441.11,35441.11,74.92530003974045,3.9880836125053643
ba,mp,4,16,233,forward,897.11,897.11,897.11,324.11,324.11,324.11,63.87176600416894,2.7679182993428157
ba,mp,4,16,233,inverse,1026.11,1026.11,1026.11,350.11,350.11,350.11,65.87987642650397,2.9308217417383102
ba,mp,5,32,233,forward,2121.11,2121.11,2121.11,726.11,726.11,726.11,65.76745194732948,2.921196512925039
ba,mp,5,32,233,inverse,2418.11,2418.11,2418.11,743.11,743.11,743.11,69.26897452969469,3.254040451615508
ba,mp,6,64,233,forward,4852.11,4852.11,4852.11,1502.11,1502.11,1502.11,69.04212806387324,3.2301961906917604
ba,mp,6,64,233,inverse,5558.11,5558.11,5558.11,1523.11,1523.11,1523.11,72.59662007408994,3.6491848914392264
ba,mp,7,128,233,forward,11244.11,11244.11,11244.11,3485.11,3485.11,3485.11,69.0050168488213,3.226328580733463
ba,mp,7,128,233,inverse,12838.11,12838.11,12838.12,3418.11,3418.11,3418.11,73.37528654918832,3.7559089672362798
ba,mp,8,256,233,forward,25031.11,25031.11,25031.11,7594.11,7594.11,7594.11,69.66131346152848,3.2961215995027726
ba,mp,8,256,233,inverse,28666.11,28666.11,28666.12,7352.11,7352.11,7352.11,74.3526066145703,3.899031706544108
ba,mp,9,512,233,forward,56559.11,56559.11,56559.11,17099.11,17099.11,17099.12,69.76771734915914,3.307722448712243
ba,mp,9,512,233,inverse,64586.11,64586.11,64586.12,16467.11,16467.11,16467.11,74.50363553401806,3.922127805061119
ba,mp,10,1024,233,forward,123498.11,123498.11,123498.12,36960.11,36960.11,36960.12,70.07232742266258,3.341389135476058
ba,mp,10,1024,233,inverse,141342.11,141342.11,141342.12,35441.11,35441.11,35441.11,74.92530003974045,3.9880836125053643
ba,mp,4,16,234,forward,897.11,897.11,897.11,324.11,324.11,324.11,63.87176600416894,2.7679182993428157
ba,mp,4,16,234,inverse,1026.11,1026.11,1026.11,350.11,350.11,350.11,65.87987642650397,2.9308217417383102
ba,mp,5,32,234,forward,2121.11,2121.11,2121.11,726.11,726.11,726.11,65.76745194732948,2.921196512925039
ba,mp,5,32,234,inverse,2418.11,2418.11,2418.11,743.11,743.11,743.11,69.26897452969469,3.254040451615508
ba,mp,6,64,234,forward,4852.11,4852.11,4852.11,1502.11,1502.11,1502.11,69.04212806387324,3.2301961906917604
ba,mp,6,64,234,inverse,5558.11,5558.11,5558.11,1523.11,1523.11,1523.11,72.59662007408994,3.6491848914392264
ba,mp,7,128,234,forward,11244.11,11244.11,11244.11,3485.11,3485.11,3485.11,69.0050168488213,3.226328580733463
ba,mp,7,128,234,inverse,12838.11,12838.11,12838.11,3418.11,3418.11,3418.11,73.37528654918832,3.7559089672362798
ba,mp,8,256,234,forward,25031.11,25031.11,25031.11,7594.11,7594.11,7594.11,69.66131346152848,3.2961215995027726
ba,mp,8,256,234,inverse,28666.11,28666.11,28666.12,7352.11,7352.11,7352.11,74.3526066145703,3.899031706544108
ba,mp,9,512,234,forward,56559.11,56559.11,56559.12,17099.11,17099.11,17099.11,69.76771734915914,3.307722448712243
ba,mp,9,512,234,inverse,64586.11,64586.11,64586.12,16467.11,16467.11,16467.11,74.50363553401806,3.922127805061119
ba,mp,10,1024,234,forward,123498.11,123498.11,123498.12,36960.11,36960.11,36960.11,70.07232742266258,3.341389135476058
ba,mp,10,1024,234,inverse,141342.11,141342.11,141342.12,35441.11,35441.11,35441.11,74.92530003974045,3.9880836125053643
ba,mp,4,16,235,forward,897.11,897.11,897.11,324.11,324.11,324.11,63.87176600416894,2.7679182993428157
ba,mp,4,16,235,inverse,1026.11,1026.11,1026.11,350.11,350.11,350.11,65.87987642650397,2.9308217417383102
ba,mp,5,32,235,forward,2121.11,2121.11,2121.11,726.11,726.11,726.11,65.76745194732948,2.921196512925039
ba,mp,5,32,235,inverse,2418.11,2418.11,2418.11,743.11,743.11,743.11,69.26897452969469,3.254040451615508
ba,mp,6,64,235,forward,4852.11,4852.11,4852.11,1502.11,1502.11,1502.11,69.04212806387324,3.2301961906917604
ba,mp,6,64,235,inverse,5558.11,5558.11,5558.11,1523.11,1523.11,1523.11,72.59662007408994,3.6491848914392264
ba,mp,7,128,235,forward,11244.11,11244.11,11244.11,3485.11,3485.11,3485.11,69.0050168488213,3.226328580733463
ba,mp,7,128,235,inverse,12838.11,12838.11,12838.11,3418.11,3418.11,3418.11,73.37528654918832,3.7559089672362798
ba,mp,8,256,235,forward,25031.11,25031.11,25031.12,7594.11,7594.11,7594.11,69.66131346152848,3.2961215995027726
ba,mp,8,256,235,inverse,28666.11,28666.11,28666.11,7352.11,7352.11,7352.11,74.3526066145703,3.899031706544108
ba,mp,9,512,235,forward,56559.11,56559.11,56559.12,17099.11,17099.11,17099.11,69.76771734915914,3.307722448712243
ba,mp,9,512,235,inverse,64586.11,64586.11,64586.12,16467.11,16467.11,16467.11,74.50363553401806,3.922127805061119
ba,mp,10,1024,235,forward,123498.11,123498.11,123498.12,36960.11,36960.11,36960.11,70.07232742266258,3.341389135476058
ba,mp,10,1024,235,inverse,141342.11,141342.11,141342.12,35441.11,35441.11,35441.12,74.92530003974045,3.9880836125053643
ba,mp,4,16,236,forward,897.11,897.11,897.11,324.11,324.11,324.11,63.87176600416894,2.7679182993428157
ba,mp,4,16,236,inverse,1026.11,1026.11,1026.11,350.11,350.11,350.11,65.87987642650397,2.9308217417383102
ba,mp,5,32,236,forward,2121.11,2121.11,2121.11,726.11,726.11,726.11,65.76745194732948,2.921196512925039
ba,mp,5,32,236,inverse,2418.11,2418.11,2418.11,743.11,743.11,743.11,69.26897452969469,3.254040451615508
ba,mp,6,64,236,forward,4852.11,4852.11,4852.11,1502.11,1502.11,1502.11,69.04212806387324,3.2301961906917604
ba,mp,6,64,236,inverse,5558.11,5558.11,5558.11,1523.11,1523.11,1523.11,72.59662007408994,3.6491848914392264
ba,mp,7,128,236,forward,11244.11,11244.11,11244.11,3485.11,3485.11,3485.11,69.0050168488213,3.226328580733463
ba,mp,7,128,236,inverse,12838.11,12838.11,12838.12,3418.11,3418.11,3418.11,73.37528654918832,3.7559089672362798
ba,mp,8,256,236,forward,25031.11,25031.11,25031.11,7594.11,7594.11,7594.11,69.66131346152848,3.2961215995027726
ba,mp,8,256,236,inverse,28666.11,28666.11,28666.12,7352.11,7352.11,7352.11,74.3526066145703,3.899031706544108
ba,mp,9,512,236,forward,56559.11,56559.11,56559.12,17099.11,17099.11,17099.11,69.76771734915914,3.307722448712243
ba,mp,9,512,236,inverse,64586.11,64586.11,64586.12,16467.11,16467.11,16467.11,74.50363553401806,3.922127805061119
ba,mp,10,1024,236,forward,123498.11,123498.11,123498.12,36960.11,36960.11,36960.12,70.07232742266258,3.341389135476058
ba,mp,10,1024,236,inverse,141342.11,141342.11,141342.12,35441.11,35441.11,35441.11,74.92530003974045,3.9880836125053643
ba,mp,4,16,237,forward,897.11,897.11,897.11,324.11,324.11,324.11,63.87176600416894,2.7679182993428157
ba,mp,4,16,237,inverse,1026.11,1026.11,1026.11,350.11,350.11,350.11,65.87987642650397,2.9308217417383102
ba,mp,5,32,237,forward,2121.11,2121.11,2121.11,726.11,726.11,726.11,65.76745194732948,2.921196512925039
ba,mp,5,32,237,inverse,2418.11,2418.11,2418.11,743.11,743.11,743.11,69.26897452969469,3.254040451615508
ba,mp,6,64,237,forward,4852.11,4852.11,4852.11,1502.11,1502.11,1502.11,69.04212806387324,3.2301961906917604
ba,mp,6,64,237,inverse,5558.11,5558.11,5558.11,1523.11,1523.11,1523.11,72.59662007408994,3.6491848914392264
ba,mp,7,128,237,forward,11244.11,11244.11,11244.11,3485.11,3485.11,3485.11,69.0050168488213,3.226328580733463
ba,mp,7,128,237,inverse,12838.11,12838.11,12838.11,3418.11,3418.11,3418.11,73.37528654918832,3.7559089672362798
ba,mp,8,256,237,forward,25031.11,25031.11,25031.11,7594.11,7594.11,7594.11,69.66131346152848,3.2961215995027726
ba,mp,8,256,237,inverse,28666.11,28666.11,28666.12,7352.11,7352.11,7352.11,74.3526066145703,3.899031706544108
ba,mp,9,512,237,forward,56559.11,56559.11,56559.12,17099.11,17099.11,17099.11,69.76771734915914,3.307722448712243
ba,mp,9,512,237,inverse,64586.11,64586.11,64586.12,16467.11,16467.11,16467.11,74.50363553401806,3.922127805061119
ba,mp,10,1024,237,forward,123498.11,123498.11,123498.12,36960.11,36960.11,36960.11,70.07232742266258,3.341389135476058
ba,mp,10,1024,237,inverse,141342.11,141342.11,141342.12,35441.11,35441.11,35441.11,74.92530003974045,3.9880836125053643
ba,mp,4,16,238,forward,897.11,897.11,897.11,324.11,324.11,324.11,63.87176600416894,2.7679182993428157
ba,mp,4,16,238,inverse,1026.11,1026.11,1026.11,350.11,350.11,350.11,65.87987642650397,2.9308217417383102
ba,mp,5,32,238,forward,2121.11,2121.11,2121.11,726.11,726.11,726.11,65.76745194732948,2.921196512925039
ba,mp,5,32,238,inverse,2418.11,2418.11,2418.12,743.11,743.11,743.11,69.26897452969469,3.254040451615508
ba,mp,6,64,238,forward,4852.11,4852.11,4852.11,1502.11,1502.11,1502.11,69.04212806387324,3.2301961906917604
ba,mp,6,64,238,inverse,5558.11,5558.11,5558.11,1523.11,1523.11,1523.11,72.59662007408994,3.6491848914392264
ba,mp,7,128,238,forward,11244.11,11244.11,11244.11,3485.11,3485.11,3485.11,69.0050168488213,3.226328580733463
ba,mp,7,128,238,inverse,12838.11,12838.11,12838.11,3418.11,3418.11,3418.11,73.37528654918832,3.7559089672362798
ba,mp,8,256,238,forward,25031.11,25031.11,25031.11,7594.11,7594.11,7594.12,69.66131346152848,3.2961215995027726
ba,mp,8,256,238,inverse,28666.11,28666.11,28666.11,7352.11,7352.11,7352.11,74.3526066145703,3.899031706544108
ba,mp,9,512,238,forward,56559.11,56559.11,56559.12,17099.11,17099.11,17099.11,69.76771734915914,3.307722448712243
ba,mp,9,512,238,inverse,64586.11,64586.11,64586.12,16467.11,16467.11,16467.11,74.50363553401806,3.922127805061119
ba,mp,10,1024,238,forward,123498.11,123498.11,123498.12,36960.11,36960.11,36960.12,70.07232742266258,3.341389135476058
ba,mp,10,1024,238,inverse,141342.11,141342.11,141342.12,35441.11,35441.11,35441.12,74.92530003974045,3.9880836125053643
ba,mp,4,16,239,forward,897.11,897.11,897.11,324.11,324.11,324.11,63.87176600416894,2.7679182993428157
ba,mp,4,16,239,inverse,1026.11,1026.11,1026.11,350.11,350.11,350.11,65.87987642650397,2.9308217417383102
ba,mp,5,32,239,forward,2121.11,2121.11,2121.11,726.11,726.11,726.11,65.76745194732948,2.921196512925039
ba,mp,5,32,239,inverse,2418.11,2418.11,2418.11,743.11,743.11,743.11,69.26897452969469,3.254040451615508
ba,mp,6,64,239,forward,4852.11,4852.11,4852.11,1502.11,1502.11,1502.11,69.04212806387324,3.2301961906917604
ba,mp,6,64,239,inverse,5558.11,5558.11,5558.11,1523.11,1523.11,1523.11,72.59662007408994,3.6491848914392264
ba,mp,7,128,239,forward,11244.11,11244.11,11244.11,3485.11,3485.11,3485.11,69.0050168488213,3.226328580733463
ba,mp,7,128,239,inverse,12838.11,12838.11,12838.11,3418.11,3418.11,3418.12,73.37528654918832,3.7559089672362798
ba,mp,8,256,239,forward,25031.11,25031.11,25031.11,7594.11,7594.11,7594.11,69.66131346152848,3.2961215995027726
ba,mp,8,256,239,inverse,28666.11,28666.11,28666.12,7352.11,7352.11,7352.11,74.3526066145703,3.899031706544108
ba,mp,9,512,239,forward,56559.11,56559.11,56559.11,17099.11,17099.11,17099.11,69.76771734915914,3.307722448712243
ba,mp,9,512,239,inverse,64586.11,64586.11,64586.12,16467.11,16467.11,16467.11,74.50363553401806,3.922127805061119
ba,mp,10,1024,239,forward,123498.11,123498.11,123498.12,36960.11,36960.11,36960.11,70.07232742266258,3.341389135476058
ba,mp,10,1024,239,inverse,141342.11,141342.11,141342.12,35441.11,35441.11,35441.11,74.92530003974045,3.9880836125053643
ba,mp,4,16,240,forward,897.11,897.11,897.11,324.11,324.11,324.11,63.87176600416894,2.7679182993428157
ba,mp,4,16,240,inverse,1026.11,1026.11,1026.11,350.11,350.11,350.11,65.87987642650397,2.9308217417383102
ba,mp,5,32,240,forward,2121.11,2121.11,2121.11,726.11,726.11,726.11,65.76745194732948,2.921196512925039
ba,mp,5,32,240,inverse,2418.11,2418.11,2418.11,743.11,743.11,743.11,69.26897452969469,3.254040451615508
ba,mp,6,64,240,forward,4852.11,4852.11,4852.11,1502.11,1502.11,1502.11,69.04212806387324,3.2301961906917604
ba,mp,6,64,240,inverse,5558.11,5558.11,5558.11,1523.11,1523.11,1523.11,72.59662007408994,3.6491848914392264
ba,mp,7,128,240,forward,11244.11,11244.11,11244.11,3485.11,3485.11,3485.12,69.0050168488213,3.226328580733463
ba,mp,7,128,240,inverse,12838.11,12838.11,12838.11,3418.11,3418.11,3418.11,73.37528654918832,3.7559089672362798
ba,mp,8,256,240,forward,25031.11,25031.11,25031.11,7594.11,7594.11,7594.11,69.66131346152848,3.2961215995027726
ba,mp,8,256,240,inverse,28666.11,28666.11,28666.11,7352.11,7352.11,7352.12,74.3526066145703,3.899031706544108
ba,mp,9,512,240,forward,56559.11,56559.11,56559.11,17099.11,17099.11,17099.12,69.76771734915914,3.307722448712243
ba,mp,9,512,240,inverse,64586.11,64586.11,64586.12,16467.11,16467.11,16467.11,74.50363553401806,3.922127805061119
ba,mp,10,1024,240,forward,123498.11,123498.11,123498.12,36960.11,36960.11,36960.12,70.07232742266258,3.341389135476058
ba,mp,10,1024,240,inverse,141342.11,141342.11,141342.12,35441.11,35441.11,35441.12,74.92530003974045,3.9880836125053643
ba,mp,4,16,241,forward,897.11,897.11,897.11,324.11,324.11,324.11,63.87176600416894,2.7679182993428157
ba,mp,4,16,241,inverse,1026.11,1026.11,1026.11,350.11,350.11,350.11,65.87987642650397,2.9308217417383102
ba,mp,5,32,241,forward,2121.11,2121.11,2121.11,726.11,726.11,726.11,65.76745194732948,2.921196512925039
ba,mp,5,32,241,inverse,2418.11,2418.11,2418.11,743.11,743.11,743.11,69.26897452969469,3.254040451615508
ba,mp,6,64,241,forward,4852.11,4852.11,4852.11,1502.11,1502.11,1502.12,69.04212806387324,3.2301961906917604
ba,mp,6,64,241,inverse,5558.11,5558.11,5558.11,1523.11,1523.11,1523.11,72.59662007408994,3.6491848914392264
ba,mp,7,128,241,forward,11244.11,11244.11,11244.11,3485.11,3485.11,3485.11,69.0050168488213,3.226328580733463
ba,mp,7,128,241,inverse,12838.11,12838.11,12838.11,3418.11,3418.11,3418.11,73.37528654918832,3.7559089672362798
ba,mp,8,256,241,forward,25031.11,25031.11,25031.11,7594.11,7594.11,7594.12,69.66131346152848,3.2961215995027726
ba,mp,8,256,241,inverse,28666.11,28666.11,28666.11,7352.11,7352.11,7352.11,74.3526066145703,3.899031706544108
ba,mp,9,512,241,forward,56559.11,56559.11,56559.12,17099.11,17099.11,17099.11,69.76771734915914,3.307722448712243
ba,mp,9,512,241,inverse,64586.11,64586.11,64586.12,16467.11,16467.11,16467.11,74.50363553401806,3.922127805061119
ba,mp,10,1024,241,forward,123498.11,123498.11,123498.12,36960.11,36960.11,36960.11,70.07232742266258,3.341389135476058
ba,mp,10,1024,241,inverse,141342.11,141342.11,141342.12,35441.11,35441.11,35441.12,74.92530003974045,3.9880836125053643
ba,mp,4,16,242,forward,897.11,897.11,897.11,324.11,324.11,324.11,63.87176600416894,2.7679182993428157
ba,mp,4,16,242,inverse,1026.11,1026.11,1026.11,350.11,350.11,350.11,65.87987642650397,2.9308217417383102
ba,mp,5,32,242,forward,2121.11,2121.11,2121.11,726.11,726.11,726.11,65.76745194732948,2.921196512925039
ba,mp,5,32,242,inverse,2418.11,2418.11,2418.11,743.11,743.11,743.11,69.26897452969469,3.254040451615508
ba,mp,6,64,242,forward,4852.11,4852.11,4852.11,1502.11,1502.11,1502.11,69.04212806387324,3.2301961906917604
ba,mp,6,64,242,inverse,5558.11,5558.11,5558.11,1523.11,1523.11,1523.11,72.59662007408994,3.6491848914392264
ba,mp,7,128,242,forward,11244.11,11244.11,11244.11,3485.11,3485.11,3485.11,69.0050168488213,3.226328580733463
ba,mp,7,128,242,inverse,12838.11,12838.11,12838.11,3418.11,3418.11,3418.11,73.37528654918832,3.7559089672362798
ba,mp,8,256,242,forward,25031.11,25031.11,25031.11,7594.11,7594.11,7594.11,69.66131346152848,3.2961215995027726
ba,mp,8,256,242,inverse,28666.11,28666.11,28666.11,7352.11,7352.11,7352.11,74.3526066145703,3.899031706544108
ba,mp,9,512,242,forward,56559.11,56559.11,56559.12,17099.11,17099.11,17099.11,69.76771734915914,3.307722448712243
ba,mp,9,512,242,inverse,64586.11,64586.11,64586.12,16467.11,16467.11,16467.11,74.50363553401806,3.922127805061119
ba,mp,10,1024,242,forward,123498.11,123498.11,123498.12,36960.11,36960.11,36960.12,70.07232742266258,3.341389135476058
ba,mp,10,1024,242,inverse,141342.11,141342.11,141342.12,35441.11,35441.11,35441.11,74.92530003974045,3.9880836125053643
ba,mp,4,16,243,forward,897.11,897.11,897.11,324.11,324.11,324.11,63.87176600416894,2.7679182993428157
ba,mp,4,16,243,inverse,1026.11,1026.11,1026.11,350.11,350.11,350.11,65.87987642650397,2.9308217417383102
ba,mp,5,32,243,forward,2121.11,2121.11,2121.11,726.11,726.11,726.11,65.76745194732948,2.921196512925039
ba,mp,5,32,243,inverse,2418.11,2418.11,2418.11,743.11,743.11,743.11,69.26897452969469,3.254040451615508
ba,mp,6,64,243,forward,4852.11,4852.11,4852.11,1502.11,1502.11,1502.11,69.04212806387324,3.2301961906917604
ba,mp,6,64,243,inverse,5558.11,5558.11,5558.11,1523.11,1523.11,1523.11,72.59662007408994,3.6491848914392264
ba,mp,7,128,243,forward,11244.11,11244.11,11244.11,3485.11,3485.11,3485.12,69.0050168488213,3.226328580733463
ba,mp,7,128,243,inverse,12838.11,12838.11,12838.11,3418.11,3418.11,3418.11,73.37528654918832,3.7559089672362798
ba,mp,8,256,243,forward,25031.11,25031.11,25031.11,7594.11,7594.11,7594.11,69.66131346152848,3.2961215995027726
ba,mp,8,256,243,inverse,28666.11,28666.11,28666.12,7352.11,7352.11,7352.11,74.3526066145703,3.899031706544108
ba,mp,9,512,243,forward,56559.11,56559.11,56559.12,17099.11,17099.11,17099.11,69.76771734915914,3.307722448712243
ba,mp,9,512,243,inverse,64586.11,64586.11,64586.11,16467.11,16467.11,16467.12,74.50363553401806,3.922127805061119
ba,mp,10,1024,243,forward,123498.11,123498.11,123498.12,36960.11,36960.11,36960.12,70.07232742266258,3.341389135476058
ba,mp,10,1024,243,inverse,141342.11,141342.11,141342.12,35441.11,35441.11,35441.12,74.92530003974045,3.9880836125053643
ba,mp,4,16,244,forward,897.11,897.11,897.11,324.11,324.11,324.11,63.87176600416894,2.7679182993428157
ba,mp,4,16,244,inverse,1026.11,1026.11,1026.11,350.11,350.11,350.11,65.87987642650397,2.9308217417383102
ba,mp,5,32,244,forward,2121.11,2121.11,2121.11,726.11,726.11,726.11,65.76745194732948,2.921196512925039
ba,mp,5,32,244,inverse,2418.11,2418.11,2418.11,743.11,743.11,743.11,69.26897452969469,3.254040451615508
ba,mp,6,64,244,forward,4852.11,4852.11,4852.12,1502.11,1502.11,1502.11,69.04212806387324,3.2301961906917604
ba,mp,6,64,244,inverse,5558.11,5558.11,5558.11,1523.11,1523.11,1523.11,72.59662007408994,3.6491848914392264
ba,mp,7,128,244,forward,11244.11,11244.11,11244.11,3485.11,3485.11,3485.11,69.0050168488213,3.226328580733463
ba,mp,7,128,244,inverse,12838.11,12838.11,12838.11,3418.11,3418.11,3418.11,73.37528654918832,3.7559089672362798
ba,mp,8,256,244,forward,25031.11,25031.11,25031.12,7594.11,7594.11,7594.11,69.66131346152848,3.2961215995027726
ba,mp,8,256,244,inverse,28666.11,28666.11,28666.11,7352.11,7352.11,7352.11,74.3526066145703,3.899031706544108
ba,mp,9,512,244,forward,56559.11,56559.11,56559.12,17099.11,17099.11,17099.11,69.76771734915914,3.307722448712243
ba,mp,9,512,244,inverse,64586.11,64586.11,64586.12,16467.11,16467.11,16467.11,74.50363553401806,3.922127805061119
ba,mp,10,1024,244,forward,123498.11,123498.11,123498.12,36960.11,36960.11,36960.11,70.07232742266258,3.341389135476058
ba,mp,10,1024,244,inverse,141342.11,141342.11,141342.12,35441.11,35441.11,35441.12,74.92530003974045,3.9880836125053643
ba,mp,4,16,245,forward,897.11,897.11,897.11,324.11,324.11,324.11,63.87176600416894,2.7679182993428157
ba,mp,4,16,245,inverse,1026.11,1026.11,1026.11,350.11,350.11,350.11,65.87987642650397,2.9308217417383102
ba,mp,5,32,245,forward,2121.11,2121.11,2121.11,726.11,726.11,726.11,65.76745194732948,2.921196512925039
ba,mp,5,32,245,inverse,2418.11,2418.11,2418.11,743.11,743.11,743.11,69.26897452969469,3.254040451615508
ba,mp,6,64,245,forward,4852.11,4852.11,4852.11,1502.11,1502.11,1502.11,69.04212806387324,3.2301961906917604
ba,mp,6,64,245,inverse,5558.11,5558.11,5558.11,1523.11,1523.11,1523.11,72.59662007408994,3.6491848914392264
ba,mp,7,128,245,forward,11244.11,11244.11,11244.11,3485.11,3485.11,3485.11,69.0050168488213,3.226328580733463
ba,mp,7,128,245,inverse,12838.11,12838.11,12838.11,3418.11,3418.11,3418.11,73.37528654918832,3.7559089672362798
ba,mp,8,256,245,forward,25031.11,25031.11,25031.11,7594.11,7594.11,7594.11,69.66131346152848,3.2961215995027726
ba,mp,8,256,245,inverse,28666.11,28666.11,28666.11,7352.11,7352.11,7352.11,74.3526066145703,3.899031706544108
ba,mp,9,512,245,forward,56559.11,56559.11,56559.12,17099.11,17099.11,17099.11,69.76771734915914,3.307722448712243
ba,mp,9,512,245,inverse,64586.11,64586.11,64586.12,16467.11,16467.11,16467.11,74.50363553401806,3.922127805061119
ba,mp,10,1024,245,forward,123498.11,123498.11,123498.12,36960.11,36960.11,36960.12,70.07232742266258,3.341389135476058
ba,mp,10,1024,245,inverse,141342.11,141342.11,141342.12,35441.11,35441.11,35441.11,74.92530003974045,3.9880836125053643
ba,mp,4,16,246,forward,897.11,897.11,897.11,324.11,324.11,324.11,63.87176600416894,2.7679182993428157
ba,mp,4,16,246,inverse,1026.11,1026.11,1026.11,350.11,350.11,350.11,65.87987642650397,2.9308217417383102
ba,mp,5,32,246,forward,2121.11,2121.11,2121.11,726.11,726.11,726.11,65.76745194732948,2.921196512925039
ba,mp,5,32,246,inverse,2418.11,2418.11,2418.11,743.11,743.11,743.11,69.26897452969469,3.254040451615508
ba,mp,6,64,246,forward,4852.11,4852.11,4852.11,1502.11,1502.11,1502.11,69.04212806387324,3.2301961906917604
ba,mp,6,64,246,inverse,5558.11,5558.11,5558.11,1523.11,1523.11,1523.11,72.59662007408994,3.6491848914392264
ba,mp,7,128,246,forward,11244.11,11244.11,11244.11,3485.11,3485.11,3485.12,69.0050168488213,3.226328580733463
ba,mp,7,128,246,inverse,12838.11,12838.11,12838.11,3418.11,3418.11,3418.11,73.37528654918832,3.7559089672362798
ba,mp,8,256,246,forward,25031.11,25031.11,25031.11,7594.11,7594.11,7594.11,69.66131346152848,3.2961215995027726
ba,mp,8,256,246,inverse,28666.11,28666.11,28666.12,7352.11,7352.11,7352.11,74.3526066145703,3.899031706544108
ba,mp,9,512,246,forward,56559.11,56559.11,56559.12,17099.11,17099.11,17099.11,69.76771734915914,3.307722448712243
ba,mp,9,512,246,inverse,64586.11,64586.11,64586.11,16467.11,16467.11,16467.12,74.50363553401806,3.922127805061119
ba,mp,10,1024,246,forward,123498.11,123498.11,123498.12,36960.11,36960.11,36960.11,70.07232742266258,3.341389135476058
ba,mp,10,1024,246,inverse,141342.11,141342.11,141342.12,35441.11,35441.11,35441.12,74.92530003974045,3.9880836125053643
ba,mp,4,16,247,forward,897.11,897.11,897.11,324.11,324.11,324.11,63.87176600416894,2.7679182993428157
ba,mp,4,16,247,inverse,1026.11,1026.11,1026.11,350.11,350.11,350.11,65.87987642650397,2.9308217417383102
ba,mp,5,32,247,forward,2121.11,2121.11,2121.11,726.11,726.11,726.11,65.76745194732948,2.921196512925039
ba,mp,5,32,247,inverse,2418.11,2418.11,2418.11,743.11,743.11,743.11,69.26897452969469,3.254040451615508
ba,mp,6,64,247,forward,4852.11,4852.11,4852.11,1502.11,1502.11,1502.12,69.04212806387324,3.2301961906917604
ba,mp,6,64,247,inverse,5558.11,5558.11,5558.11,1523.11,1523.11,1523.11,72.59662007408994,3.6491848914392264
ba,mp,7,128,247,forward,11244.11,11244.11,11244.11,3485.11,3485.11,3485.11,69.0050168488213,3.226328580733463
ba,mp,7,128,247,inverse,12838.11,12838.11,12838.11,3418.11,3418.11,3418.11,73.37528654918832,3.7559089672362798
ba,mp,8,256,247,forward,25031.11,25031.11,25031.12,7594.11,7594.11,7594.11,69.66131346152848,3.2961215995027726
ba,mp,8,256,247,inverse,28666.11,28666.11,28666.11,7352.11,7352.11,7352.11,74.3526066145703,3.899031706544108
ba,mp,9,512,247,forward,56559.11,56559.11,56559.12,17099.11,17099.11,17099.11,69.76771734915914,3.307722448712243
ba,mp,9,512,247,inverse,64586.11,64586.11,64586.12,16467.11,16467.11,16467.11,74.50363553401806,3.922127805061119
ba,mp,10,1024,247,forward,123498.11,123498.11,123498.12,36960.11,36960.11,36960.11,70.07232742266258,3.341389135476058
ba,mp,10,1024,247,inverse,141342.11,141342.11,141342.12,35441.11,35441.11,35441.12,74.92530003974045,3.9880836125053643
ba,mp,4,16,248,forward,897.11,897.11,897.12,324.11,324.11,324.11,63.87176600416894,2.7679182993428157
ba,mp,4,16,248,inverse,1026.11,1026.11,1026.11,350.11,350.11,350.11,65.87987642650397,2.9308217417383102
ba,mp,5,32,248,forward,2121.11,2121.11,2121.11,726.11,726.11,726.11,65.76745194732948,2.921196512925039
ba,mp,5,32,248,inverse,2418.11,2418.11,2418.11,743.11,743.11,743.11,69.26897452969469,3.254040451615508
ba,mp,6,64,248,forward,4852.11,4852.11,4852.11,1502.11,1502.11,1502.11,69.04212806387324,3.2301961906917604
ba,mp,6,64,248,inverse,5558.11,5558.11,5558.11,1523.11,1523.11,1523.11,72.59662007408994,3.6491848914392264
ba,mp,7,128,248,forward,11244.11,11244.11,11244.11,3485.11,3485.11,3485.11,69.0050168488213,3.226328580733463
ba,mp,7,128,248,inverse,12838.11,12838.11,12838.11,3418.11,3418.11,3418.11,73.37528654918832,3.7559089672362798
ba,mp,8,256,248,forward,25031.11,25031.11,25031.12,7594.11,7594.11,7594.11,69.66131346152848,3.2961215995027726
ba,mp,8,256,248,inverse,28666.11,28666.11,28666.11,7352.11,7352.11,7352.11,74.3526066145703,3.899031706544108
ba,mp,9,512,248,forward,56559.11,56559.11,56559.12,17099.11,17099.11,17099.11,69.76771734915914,3.307722448712243
ba,mp,9,512,248,inverse,64586.11,64586.11,64586.11,16467.11,16467.11,16467.12,74.50363553401806,3.922127805061119
ba,mp,10,1024,248,forward,123498.11,123498.11,123498.12,36960.11,36960.11,36960.12,70.07232742266258,3.341389135476058
ba,mp,10,1024,248,inverse,141342.11,141342.11,141342.12,35441.11,35441.11,35441.11,74.92530003974045,3.9880836125053643
ba,mp,4,16,249,forward,897.11,897.11,897.11,324.11,324.11,324.11,63.87176600416894,2.7679182993428157
ba,mp,4,16,249,inverse,1026.11,1026.11,1026.11,350.11,350.11,350.11,65.87987642650397,2.9308217417383102
ba,mp,5,32,249,forward,2121.11,2121.11,2121.11,726.11,726.11,726.11,65.76745194732948,2.921196512925039
ba,mp,5,32,249,inverse,2418.11,2418.11,2418.11,743.11,743.11,743.11,69.26897452969469,3.254040451615508
ba,mp,6,64,249,forward,4852.11,4852.11,4852.11,1502.11,1502.11,1502.11,69.04212806387324,3.2301961906917604
ba,mp,6,64,249,inverse,5558.11,5558.11,5558.11,1523.11,1523.11,1523.11,72.59662007408994,3.6491848914392264
ba,mp,7,128,249,forward,11244.11,11244.11,11244.12,3485.11,3485.11,3485.11,69.0050168488213,3.226328580733463
ba,mp,7,128,249,inverse,12838.11,12838.11,12838.11,3418.11,3418.11,3418.11,73.37528654918832,3.7559089672362798
ba,mp,8,256,249,forward,25031.11,25031.11,25031.11,7594.11,7594.11,7594.11,69.66131346152848,3.2961215995027726
ba,mp,8,256,249,inverse,28666.11,28666.11,28666.11,7352.11,7352.11,7352.12,74.3526066145703,3.899031706544108
ba,mp,9,512,249,forward,56559.11,56559.11,56559.12,17099.11,17099.11,17099.11,69.76771734915914,3.307722448712243
ba,mp,9,512,249,inverse,64586.11,64586.11,64586.12,16467.11,16467.11,16467.11,74.50363553401806,3.922127805061119
ba,mp,10,1024,249,forward,123498.11,123498.11,123498.12,36960.11,36960.11,36960.11,70.07232742266258,3.341389135476058
ba,mp,10,1024,249,inverse,141342.11,141342.11,141342.12,35441.11,35441.11,35441.11,74.92530003974045,3.9880836125053643
ba,mp,4,16,250,forward,897.11,897.11,897.11,324.11,324.11,324.11,63.87176600416894,2.7679182993428157
ba,mp,4,16,250,inverse,1026.11,1026.11,1026.11,350.11,350.11,350.11,65.87987642650397,2.9308217417383102
ba,mp,5,32,250,forward,2121.11,2121.11,2121.11,726.11,726.11,726.11,65.76745194732948,2.921196512925039
ba,mp,5,32,250,inverse,2418.11,2418.11,2418.11,743.11,743.11,743.11,69.26897452969469,3.254040451615508
ba,mp,6,64,250,forward,4852.11,4852.11,4852.11,1502.11,1502.11,1502.11,69.04212806387324,3.2301961906917604
ba,mp,6,64,250,inverse,5558.11,5558.11,5558.11,1523.11,1523.11,1523.11,72.59662007408994,3.6491848914392264
ba,mp,7,128,250,forward,11244.11,11244.11,11244.11,3485.11,3485.11,3485.11,69.0050168488213,3.226328580733463
ba,mp,7,128,250,inverse,12838.11,12838.11,12838.11,3418.11,3418.11,3418.11,73.37528654918832,3.7559089672362798
ba,mp,8,256,250,forward,25031.11,25031.11,25031.11,7594.11,7594.11,7594.12,69.66131346152848,3.2961215995027726
ba,mp,8,256,250,inverse,28666.11,28666.11,28666.11,7352.11,7352.11,7352.11,74.3526066145703,3.899031706544108
ba,mp,9,512,250,forward,56559.11,56559.11,56559.12,17099.11,17099.11,17099.11,69.76771734915914,3.307722448712243
ba,mp,9,512,250,inverse,64586.11,64586.11,64586.12,16467.11,16467.11,16467.11,74.50363553401806,3.922127805061119
ba,mp,10,1024,250,forward,123498.11,123498.11,123498.12,36960.11,36960.11,36960.12,70.07232742266258,3.341389135476058
ba,mp,10,1024,250,inverse,141342.11,141342.11,141342.12,35441.11,35441.11,35441.11,74.92530003974045,3.9880836125053643
ba,mp,4,16,251,forward,897.11,897.11,897.11,324.11,324.11,324.11,63.87176600416894,2.7679182993428157
ba,mp,4,16,251,inverse,1026.11,1026.11,1026.12,350.11,350.11,350.11,65.87987642650397,2.9308217417383102
ba,mp,5,32,251,forward,2121.11,2121.11,2121.11,726.11,726.11,726.11,65.76745194732948,2.921196512925039
ba,mp,5,32,251,inverse,2418.11,2418.11,2418.11,743.11,743.11,743.11,69.26897452969469,3.254040451615508
ba,mp,6,64,251,forward,4852.11,4852.11,4852.11,1502.11,1502.11,1502.11,69.04212806387324,3.2301961906917604
ba,mp,6,64,251,inverse,5558.11,5558.11,5558.11,1523.11,1523.11,1523.11,72.59662007408994,3.6491848914392264
ba,mp,7,128,251,forward,11244.11,11244.11,11244.11,3485.11,3485.11,3485.11,69.0050168488213,3.226328580733463
ba,mp,7,128,251,inverse,12838.11,12838.11,12838.11,3418.11,3418.11,3418.11,73.37528654918832,3.7559089672362798
ba,mp,8,256,251,forward,25031.11,25031.11,25031.12,7594.11,7594.11,7594.11,69.66131346152848,3.2961215995027726
ba,mp,8,256,251,inverse,28666.11,28666.11,28666.11,7352.11,7352.11,7352.11,74.3526066145703,3.899031706544108
ba,mp,9,512,251,forward,56559.11,56559.11,56559.11,17099.11,17099.11,17099.12,69.76771734915914,3.307722448712243
ba,mp,9,512,251,inverse,64586.11,64586.11,64586.12,16467.11,16467.11,16467.11,74.50363553401806,3.922127805061119
ba,mp,10,1024,251,forward,123498.11,123498.11,123498.12,36960.11,36960.11,36960.11,70.07232742266258,3.341389135476058
ba,mp,10,1024,251,inverse,141342.11,141342.11,141342.12,35441.11,35441.11,35441.12,74.92530003974045,3.9880836125053643
ba,mp,4,16,252,forward,897.11,897.11,897.11,324.11,324.11,324.11,63.87176600416894,2.7679182993428157
ba,mp,4,16,252,inverse,1026.11,1026.11,1026.11,350.11,350.11,350.11,65.87987642650397,2.9308217417383102
ba,mp,5,32,252,forward,2121.11,2121.11,2121.11,726.11,726.11,726.11,65.76745194732948,2.921196512925039
ba,mp,5,32,252,inverse,2418.11,2418.11,2418.11,743.11,743.11,743.11,69.26897452969469,3.254040451615508
ba,mp,6,64,252,forward,4852.11,4852.11,4852.11,1502.11,1502.11,1502.11,69.04212806387324,3.2301961906917604
ba,mp,6,64,252,inverse,5558.11,5558.11,5558.11,1523.11,1523.11,1523.11,72.59662007408994,3.6491848914392264
ba,mp,7,128,252,forward,11244.11,11244.11,11244.11,3485.11,3485.11,3485.11,69.0050168488213,3.226328580733463
ba,mp,7,128,252,inverse,12838.11,12838.11,12838.11,3418.11,3418.11,3418.11,73.37528654918832,3.7559089672362798
ba,mp,8,256,252,forward,25031.11,25031.11,25031.11,7594.11,7594.11,7594.11,69.66131346152848,3.2961215995027726
ba,mp,8,256,252,inverse,28666.11,28666.11,28666.12,7352.11,7352.11,7352.11,74.3526066145703,3.899031706544108
ba,mp,9,512,252,forward,56559.11,56559.11,56559.12,17099.11,17099.11,17099.11,69.76771734915914,3.307722448712243
ba,mp,9,512,252,inverse,64586.11,64586.11,64586.12,16467.11,16467.11,16467.11,74.50363553401806,3.922127805061119
ba,mp,10,1024,252,forward,123498.11,123498.11,123498.12,36960.11,36960.11,36960.11,70.07232742266258,3.341389135476058
ba,mp,10,1024,252,inverse,141342.11,141342.11,141342.12,35441.11,35441.11,35441.12,74.92530003974045,3.9880836125053643
ba,mp,4,16,253,forward,897.11,897.11,897.11,324.11,324.11,324.11,63.87176600416894,2.7679182993428157
ba,mp,4,16,253,inverse,1026.11,1026.11,1026.11,350.11,350.11,350.11,65.87987642650397,2.9308217417383102
ba,mp,5,32,253,forward,2121.11,2121.11,2121.11,726.11,726.11,726.11,65.76745194732948,2.921196512925039
ba,mp,5,32,253,inverse,2418.11,2418.11,2418.11,743.11,743.11,743.11,69.26897452969469,3.254040451615508
ba,mp,6,64,253,forward,4852.11,4852.11,4852.11,1502.11,1502.11,1502.11,69.04212806387324,3.2301961906917604
ba,mp,6,64,253,inverse,5558.11,5558.11,5558.11,1523.11,1523.11,1523.11,72.59662007408994,3.6491848914392264
ba,mp,7,128,253,forward,11244.11,11244.11,11244.11,3485.11,3485.11,3485.11,69.0050168488213,3.226328580733463
ba,mp,7,128,253,inverse,12838.11,12838.11,12838.11,3418.11,3418.11,3418.11,73.37528654918832,3.7559089672362798
ba,mp,8,256,253,forward,25031.11,25031.11,25031.12,7594.11,7594.11,7594.11,69.66131346152848,3.2961215995027726
ba,mp,8,256,253,inverse,28666.11,28666.11,28666.11,7352.11,7352.11,7352.11,74.3526066145703,3.899031706544108
ba,mp,9,512,253,forward,56559.11,56559.11,56559.12,17099.11,17099.11,17099.11,69.76771734915914,3.307722448712243
ba,mp,9,512,253,inverse,64586.11,64586.11,64586.12,16467.11,16467.11,16467.11,74.50363553401806,3.922127805061119
ba,mp,10,1024,253,forward,123498.11,123498.11,123498.12,36960.11,36960.11,36960.12,70.07232742266258,3.341389135476058
ba,mp,10,1024,253,inverse,141342.11,141342.11,141342.12,35441.11,35441.11,35441.11,74.92530003974045,3.9880836125053643
ba,mp,4,16,254,forward,897.11,897.11,897.11,324.11,324.11,324.11,63.87176600416894,2.7679182993428157
ba,mp,4,16,254,inverse,1026.11,1026.11,1026.12,350.11,350.11,350.11,65.87987642650397,2.9308217417383102
ba,mp,5,32,254,forward,2121.11,2121.11,2121.11,726.11,726.11,726.11,65.76745194732948,2.921196512925039
ba,mp,5,32,254,inverse,2418.11,2418.11,2418.11,743.11,743.11,743.11,69.26897452969469,3.254040451615508
ba,mp,6,64,254,forward,4852.11,4852.11,4852.11,1502.11,1502.11,1502.11,69.04212806387324,3.2301961906917604
ba,mp,6,64,254,inverse,5558.11,5558.11,5558.11,1523.11,1523.11,1523.11,72.59662007408994,3.6491848914392264
ba,mp,7,128,254,forward,11244.11,11244.11,11244.11,3485.11,3485.11,3485.11,69.0050168488213,3.226328580733463
ba,mp,7,128,254,inverse,12838.11,12838.11,12838.11,3418.11,3418.11,3418.11,73.37528654918832,3.7559089672362798
ba,mp,8,256,254,forward,25031.11,25031.11,25031.12,7594.11,7594.11,7594.11,69.66131346152848,3.2961215995027726
ba,mp,8,256,254,inverse,28666.11,28666.11,28666.11,7352.11,7352.11,7352.11,74.3526066145703,3.899031706544108
ba,mp,9,512,254,forward,56559.11,56559.11,56559.12,17099.11,17099.11,17099.11,69.76771734915914,3.307722448712243
ba,mp,9,512,254,inverse,64586.11,64586.11,64586.12,16467.11,16467.11,16467.11,74.50363553401806,3.922127805061119
ba,mp,10,1024,254,forward,123498.11,123498.11,123498.12,36960.11,36960.11,36960.11,70.07232742266258,3.341389135476058
ba,mp,10,1024,254,inverse,141342.11,141342.11,141342.12,35441.11,35441.11,35441.12,74.92530003974045,3.9880836125053643
ba,mp,4,16,255,forward,897.11,897.11,897.11,324.11,324.11,324.11,63.87176600416894,2.7679182993428157
ba,mp,4,16,255,inverse,1026.11,1026.11,1026.11,350.11,350.11,350.11,65.87987642650397,2.9308217417383102
ba,mp,5,32,255,forward,2121.11,2121.11,2121.11,726.11,726.11,726.11,65.76745194732948,2.921196512925039
ba,mp,5,32,255,inverse,2418.11,2418.11,2418.11,743.11,743.11,743.11,69.26897452969469,3.254040451615508
ba,mp,6,64,255,forward,4852.11,4852.11,4852.11,1502.11,1502.11,1502.11,69.04212806387324,3.2301961906917604
ba,mp,6,64,255,inverse,5558.11,5558.11,5558.11,1523.11,1523.11,1523.11,72.59662007408994,3.6491848914392264
ba,mp,7,128,255,forward,11244.11,11244.11,11244.11,3485.11,3485.11,3485.11,69.0050168488213,3.226328580733463
ba,mp,7,128,255,inverse,12838.11,12838.11,12838.11,3418.11,3418.11,3418.11,73.37528654918832,3.7559089672362798
ba,mp,8,256,255,forward,25031.11,25031.11,25031.11,7594.11,7594.11,7594.11,69.66131346152848,3.2961215995027726
ba,mp,8,256,255,inverse,28666.11,28666.11,28666.12,7352.11,7352.11,7352.11,74.3526066145703,3.899031706544108
ba,mp,9,512,255,forward,56559.11,56559.11,56559.12,17099.11,17099.11,17099.11,69.76771734915914,3.307722448712243
ba,mp,9,512,255,inverse,64586.11,64586.11,64586.12,16467.11,16467.11,16467.11,74.50363553401806,3.922127805061119
ba,mp,10,1024,255,forward,123498.11,123498.11,123498.12,36960.11,36960.11,36960.11,70.07232742266258,3.341389135476058
ba,mp,10,1024,255,inverse,141342.11,141342.11,141342.12,35441.11,35441.11,35441.12,74.92530003974045,3.9880836125053643
ba,mp,4,16,256,forward,897.11,897.11,897.11,324.11,324.11,324.11,63.87176600416894,2.7679182993428157
ba,mp,4,16,256,inverse,1026.11,1026.11,1026.11,350.11,350.11,350.11,65.87987642650397,2.9308217417383102
ba,mp,5,32,256,forward,2121.11,2121.11,2121.11,726.11,726.11,726.11,65.76745194732948,2.921196512925039
ba,mp,5,32,256,inverse,2418.11,2418.11,2418.11,743.11,743.11,743.11,69.26897452969469,3.254040451615508
ba,mp,6,64,256,forward,4852.11,4852.11,4852.11,1502.11,1502.11,1502.11,69.04212806387324,3.2301961906917604
ba,mp,6,64,256,inverse,5558.11,5558.11,5558.12,1523.11,1523.11,1523.11,72.59662007408994,3.6491848914392264
ba,mp,7,128,256,forward,11244.11,11244.11,11244.11,3485.11,3485.11,3485.11,69.0050168488213,3.226328580733463
ba,mp,7,128,256,inverse,12838.11,12838.11,12838.11,3418.11,3418.11,3418.11,73.37528654918832,3.7559089672362798
ba,mp,8,256,256,forward,25031.11,25031.11,25031.11,7594.11,7594.11,7594.11,69.66131346152848,3.2961215995027726
ba,mp,8,256,256,inverse,28666.11,28666.11,28666.11,7352.11,7352.11,7352.11,74.3526066145703,3.899031706544108
ba,mp,9,512,256,forward,56559.11,56559.11,56559.11,17099.11,17099.11,17099.11,69.76771734915914,3.307722448712243
ba,mp,9,512,256,inverse,64586.11,64586.11,64586.12,16467.11,16467.11,16467.11,74.50363553401806,3.922127805061119
ba,mp,10,1024,256,forward,123498.11,123498.11,123498.12,36960.11,36960.11,36960.12,70.07232742266258,3.341389135476058
ba,mp,10,1024,256,inverse,141342.11,141342.11,141342.12,35441.11,35441.11,35441.11,74.92530003974045,3.9880836125053643
ba,mp,4,16,257,forward,897.11,897.11,897.11,324.11,324.11,324.11,63.87176600416894,2.7679182993428157
ba,mp,4,16,257,inverse,1026.11,1026.11,1026.11,350.11,350.11,350.11,65.87987642650397,2.9308217417383102
ba,mp,5,32,257,forward,2121.11,2121.11,2121.11,726.11,726.11,726.11,65.76745194732948,2.921196512925039
ba,mp,5,32,257,inverse,2418.11,2418.11,2418.11,743.11,743.11,743.11,69.26897452969469,3.254040451615508
ba,mp,6,64,257,forward,4852.11,4852.11,4852.11,1502.11,1502.11,1502.11,69.04212806387324,3.2301961906917604
ba,mp,6,64,257,inverse,5558.11,5558.11,5558.11,1523.11,1523.11,1523.11,72.59662007408994,3.6491848914392264
ba,mp,7,128,257,forward,11244.11,11244.11,11244.11,3485.11,3485.11,3485.11,69.0050168488213,3.226328580733463
ba,mp,7,128,257,inverse,12838.11,12838.11,12838.11,3418.11,3418.11,3418.11,73.37528654918832,3.7559089672362798
ba,mp,8,256,257,forward,25031.11,25031.11,25031.12,7594.11,7594.11,7594.11,69.66131346152848,3.2961215995027726
ba,mp,8,256,257,inverse,28666.11,28666.11,28666.11,7352.11,7352.11,7352.11,74.3526066145703,3.899031706544108
ba,mp,9,512,257,forward,56559.11,56559.11,56559.12,17099.11,17099.11,17099.11,69.76771734915914,3.307722448712243
ba,mp,9,512,257,inverse,64586.11,64586.11,64586.12,16467.11,16467.11,16467.11,74.50363553401806,3.922127805061119
ba,mp,10,1024,257,forward,123498.11,123498.11,123498.12,36960.11,36960.11,36960.11,70.07232742266258,3.341389135476058
ba,mp,10,1024,257,inverse,141342.11,141342.11,141342.12,35441.11,35441.11,35441.11,74.92530003974045,3.9880836125053643
ba,mp,4,16,258,forward,897.11,897.11,897.11,324.11,324.11,324.11,63.87176600416894,2.7679182993428157
ba,mp,4,16,258,inverse,1026.11,1026.11,1026.11,350.11,350.11,350.11,65.87987642650397,2.9308217417383102
ba,mp,5,32,258,forward,2121.11,2121.11,2121.11,726.11,726.11,726.11,65.76745194732948,2.921196512925039
ba,mp,5,32,258,inverse,2418.11,2418.11,2418.11,743.11,743.11,743.11,69.26897452969469,3.254040451615508
ba,mp,6,64,258,forward,4852.11,4852.11,4852.11,1502.11,1502.11,1502.11,69.04212806387324,3.2301961906917604
ba,mp,6,64,258,inverse,5558.11,5558.11,5558.11,1523.11,1523.11,1523.11,72.59662007408994,3.6491848914392264
ba,mp,7,128,258,forward,11244.11,11244.11,11244.11,3485.11,3485.11,3485.11,69.0050168488213,3.226328580733463
ba,mp,7,128,258,inverse,12838.11,12838.11,12838.11,3418.11,3418.11,3418.11,73.37528654918832,3.7559089672362798
ba,mp,8,256,258,forward,25031.11,25031.11,25031.11,7594.11,7594.11,7594.11,69.66131346152848,3.2961215995027726
ba,mp,8,256,258,inverse,28666.11,28666.11,28666.12,7352.11,7352.11,7352.11,74.3526066145703,3.899031706544108
ba,mp,9,512,258,forward,56559.11,56559.11,56559.12,17099.11,17099.11,17099.11,69.76771734915914,3.307722448712243
ba,mp,9,512,258,inverse,64586.11,64586.11,64586.12,16467.11,16467.11,16467.11,74.50363553401806,3.922127805061119
ba,mp,10,1024,258,forward,123498.11,123498.11,123498.12,36960.11,36960.11,36960.11,70.07232742266258,3.341389135476058
ba,mp,10,1024,258,inverse,141342.11,141342.11,141342.12,35441.11,35441.11,35441.12,74.92530003974045,3.9880836125053643
ba,mp,4,16,259,forward,897.11,897.11,897.11,324.11,324.11,324.11,63.87176600416894,2.7679182993428157
ba,mp,4,16,259,inverse,1026.11,1026.11,1026.11,350.11,350.11,350.11,65.87987642650397,2.9308217417383102
ba,mp,5,32,259,forward,2121.11,2121.11,2121.11,726.11,726.11,726.11,65.76745194732948,2.921196512925039
ba,mp,5,32,259,inverse,2418.11,2418.11,2418.11,743.11,743.11,743.11,69.26897452969469,3.254040451615508
ba,mp,6,64,259,forward,4852.11,4852.11,4852.11,1502.11,1502.11,1502.11,69.04212806387324,3.2301961906917604
ba,mp,6,64,259,inverse,5558.11,5558.11,5558.11,1523.11,1523.11,1523.12,72.59662007408994,3.6491848914392264
ba,mp,7,128,259,forward,11244.11,11244.11,11244.11,3485.11,3485.11,3485.11,69.0050168488213,3.226328580733463
ba,mp,7,128,259,inverse,12838.11,12838.11,12838.11,3418.11,3418.11,3418.11,73.37528654918832,3.7559089672362798
ba,mp,8,256,259,forward,25031.11,25031.11,25031.12,7594.11,7594.11,7594.11,69.66131346152848,3.2961215995027726
ba,mp,8,256,259,inverse,28666.11,28666.11,28666.11,7352.11,7352.11,7352.11,74.3526066145703,3.899031706544108
ba,mp,9,512,259,forward,56559.11,56559.11,56559.11,17099.11,17099.11,17099.12,69.76771734915914,3.307722448712243
ba,mp,9,512,259,inverse,64586.11,64586.11,64586.12,16467.11,16467.11,16467.11,74.50363553401806,3.922127805061119
ba,mp,10,1024,259,forward,123498.11,123498.11,123498.12,36960.11,36960.11,36960.12,70.07232742266258,3.341389135476058
ba,mp,10,1024,259,inverse,141342.11,141342.11,141342.12,35441.11,35441.11,35441.11,74.92530003974045,3.9880836125053643
ba,mp,4,16,260,forward,897.11,897.11,897.11,324.11,324.11,324.11,63.87176600416894,2.7679182993428157
ba,mp,4,16,260,inverse,1026.11,1026.11,1026.11,350.11,350.11,350.12,65.87987642650397,2.9308217417383102
ba,mp,5,32,260,forward,2121.11,2121.11,2121.11,726.11,726.11,726.11,65.76745194732948,2.921196512925039
ba,mp,5,32,260,inverse,2418.11,2418.11,2418.11,743.11,743.11,743.11,69.26897452969469,3.254040451615508
ba,mp,6,64,260,forward,4852.11,4852.11,4852.11,1502.11,1502.11,1502.11,69.04212806387324,3.2301961906917604
ba,mp,6,64,260,inverse,5558.11,5558.11,5558.11,1523.11,1523.11,1523.11,72.59662007408994,3.6491848914392264
ba,mp,7,128,260,forward,11244.11,11244.11,11244.11,3485.11,3485.11,3485.11,69.0050168488213,3.226328580733463
ba,mp,7,128,260,inverse,12838.11,12838.11,12838.11,3418.11,3418.11,3418.11,73.37528654918832,3.7559089672362798
ba,mp,8,256,260,forward,25031.11,25031.11,25031.12,7594.11,7594.11,7594.11,69.66131346152848,3.2961215995027726
ba,mp,8,256,260,inverse,28666.11,28666.11,28666.11,7352.11,7352.11,7352.11,74.3526066145703,3.899031706544108
ba,mp,9,512,260,forward,56559.11,56559.11,56559.11,17099.11,17099.11,17099.12,69.76771734915914,3.307722448712243
ba,mp,9,512,260,inverse,64586.11,64586.11,64586.12,16467.11,16467.11,16467.11,74.50363553401806,3.922127805061119
ba,mp,10,1024,260,forward,123498.11,123498.11,123498.12,36960.11,36960.11,36960.11,70.07232742266258,3.341389135476058
ba,mp,10,1024,260,inverse,141342.11,141342.11,141342.12,35441.11,35441.11,35441.12,74.92530003974045,3.9880836125053643
ba,mp,4,16,261,forward,897.11,897.11,897.11,324.11,324.11,324.11,63.87176600416894,2.7679182993428157
ba,mp,4,16,261,inverse,1026.11,1026.11,1026.11,350.11,350.11,350.11,65.87987642650397,2.9308217417383102
ba,mp,5,32,261,forward,2121.11,2121.11,2121.11,726.11,726.11,726.11,65.76745194732948,2.921196512925039
ba,mp,5,32,261,inverse,2418.11,2418.11,2418.11,743.11,743.11,743.11,69.26897452969469,3.254040451615508
ba,mp,6,64,261,forward,4852.11,4852.11,4852.11,1502.11,1502.11,1502.11,69.04212806387324,3.2301961906917604
ba,mp,6,64,261,inverse,5558.11,5558.11,5558.11,1523.11,1523.11,1523.11,72.59662007408994,3.6491848914392264
ba,mp,7,128,261,forward,11244.11,11244.11,11244.11,3485.11,3485.11,3485.11,69.0050168488213,3.226328580733463
ba,mp,7,128,261,inverse,12838.11,12838.11,12838.11,3418.11,3418.11,3418.12,73.37528654918832,3.7559089672362798
ba,mp,8,256,261,forward,25031.11,25031.11,25031.11,7594.11,7594.11,7594.11,69.66131346152848,3.2961215995027726
ba,mp,8,256,261,inverse,28666.11,28666.11,28666.11,7352.11,7352.11,7352.12,74.3526066145703,3.899031706544108
ba,mp,9,512,261,forward,56559.11,56559.11,56559.12,17099.11,17099.11,17099.11,69.76771734915914,3.307722448712243
ba,mp,9,512,261,inverse,64586.11,64586.11,64586.12,16467.11,16467.11,16467.11,74.50363553401806,3.922127805061119
ba,mp,10,1024,261,forward,123498.11,123498.11,123498.12,36960.11,36960.11,36960.11,70.07232742266258,3.341389135476058
ba,mp,10,1024,261,inverse,141342.11,141342.11,141342.12,35441.11,35441.11,35441.12,74.92530003974045,3.9880836125053643
ba,mp,4,16,262,forward,897.11,897.11,897.11,324.11,324.11,324.11,63.87176600416894,2.7679182993428157
ba,mp,4,16,262,inverse,1026.11,1026.11,1026.11,350.11,350.11,350.11,65.87987642650397,2.9308217417383102
ba,mp,5,32,262,forward,2121.11,2121.11,2121.11,726.11,726.11,726.11,65.76745194732948,2.921196512925039
ba,mp,5,32,262,inverse,2418.11,2418.11,2418.11,743.11,743.11,743.11,69.26897452969469,3.254040451615508
ba,mp,6,64,262,forward,4852.11,4852.11,4852.11,1502.11,1502.11,1502.11,69.04212806387324,3.2301961906917604
ba,mp,6,64,262,inverse,5558.11,5558.11,5558.12,1523.11,1523.11,1523.11,72.59662007408994,3.6491848914392264
ba,mp,7,128,262,forward,11244.11,11244.11,11244.11,3485.11,3485.11,3485.11,69.0050168488213,3.226328580733463
ba,mp,7,128,262,inverse,12838.11,12838.11,12838.11,3418.11,3418.11,3418.11,73.37528654918832,3.7559089672362798
ba,mp,8,256,262,forward,25031.11,25031.11,25031.11,7594.11,7594.11,7594.11,69.66131346152848,3.2961215995027726
ba,mp,8,256,262,inverse,28666.11,28666.11,28666.11,7352.11,7352.11,7352.11,74.3526066145703,3.899031706544108
ba,mp,9,512,262,forward,56559.11,56559.11,56559.12,17099.11,17099.11,17099.11,69.76771734915914,3.307722448712243
ba,mp,9,512,262,inverse,64586.11,64586.11,64586.11,16467.11,16467.11,16467.12,74.50363553401806,3.922127805061119
ba,mp,10,1024,262,forward,123498.11,123498.11,123498.12,36960.11,36960.11,36960.12,70.07232742266258,3.341389135476058
ba,mp,10,1024,262,inverse,141342.11,141342.11,141342.12,35441.11,35441.11,35441.11,74.92530003974045,3.9880836125053643
ba,mp,4,16,263,forward,897.11,897.11,897.11,324.11,324.11,324.11,63.87176600416894,2.7679182993428157
ba,mp,4,16,263,inverse,1026.11,1026.11,1026.11,350.11,350.11,350.11,65.87987642650397,2.9308217417383102
ba,mp,5,32,263,forward,2121.11,2121.11,2121.11,726.11,726.11,726.12,65.76745194732948,2.921196512925039
ba,mp,5,32,263,inverse,2418.11,2418.11,2418.11,743.11,743.11,743.11,69.26897452969469,3.254040451615508
ba,mp,6,64,263,forward,4852.11,4852.11,4852.11,1502.11,1502.11,1502.11,69.04212806387324,3.2301961906917604
ba,mp,6,64,263,inverse,5558.11,5558.11,5558.11,1523.11,1523.11,1523.11,72.59662007408994,3.6491848914392264
ba,mp,7,128,263,forward,11244.11,11244.11,11244.11,3485.11,3485.11,3485.11,69.0050168488213,3.226328580733463
ba,mp,7,128,263,inverse,12838.11,12838.11,12838.11,3418.11,3418.11,3418.11,73.37528654918832,3.7559089672362798
ba,mp,8,256,263,forward,25031.11,25031.11,25031.11,7594.11,7594.11,7594.12,69.66131346152848,3.2961215995027726
ba,mp,8,256,263,inverse,28666.11,28666.11,28666.11,7352.11,7352.11,7352.11,74.3526066145703,3.899031706544108
ba,mp,9,512,263,forward,56559.11,56559.11,56559.12,17099.11,17099.11,17099.11,69.76771734915914,3.307722448712243
ba,mp,9,512,263,inverse,64586.11,64586.11,64586.12,16467.11,16467.11,16467.11,74.50363553401806,3.922127805061119
ba,mp,10,1024,263,forward,123498.11,123498.11,123498.12,36960.11,36960.11,36960.11,70.07232742266258,3.341389135476058
ba,mp,10,1024,263,inverse,141342.11,141342.11,141342.12,35441.11,35441.11,35441.11,74.92530003974045,3.9880836125053643
ba,mp,4,16,264,forward,897.11,897.11,897.11,324.11,324.11,324.11,63.87176600416894,2.7679182993428157
ba,mp,4,16,264,inverse,1026.11,1026.11,1026.11,350.11,350.11,350.11,65.87987642650397,2.9308217417383102
ba,mp,5,32,264,forward,2121.11,2121.11,2121.11,726.11,726.11,726.11,65.76745194732948,2.921196512925039
ba,mp,5,32,264,inverse,2418.11,2418.11,2418.11,743.11,743.11,743.11,69.26897452969469,3.254040451615508
ba,mp,6,64,264,forward,4852.11,4852.11,4852.11,1502.11,1502.11,1502.11,69.04212806387324,3.2301961906917604
ba,mp,6,64,264,inverse,5558.11,5558.11,5558.11,1523.11,1523.11,1523.11,72.59662007408994,3.6491848914392264
ba,mp,7,128,264,forward,11244.11,11244.11,11244.11,3485.11,3485.11,3485.11,69.0050168488213,3.226328580733463
ba,mp,7,128,264,inverse,12838.11,12838.11,12838.12,3418.11,3418.11,3418.11,73.37528654918832,3.7559089672362798
ba,mp,8,256,264,forward,25031.11,25031.11,25031.11,7594.11,7594.11,7594.11,69.66131346152848,3.2961215995027726
ba,mp,8,256,264,inverse,28666.11,28666.11,28666.12,7352.11,7352.11,7352.11,74.3526066145703,3.899031706544108
ba,mp,9,512,264,forward,56559.11,56559.11,56559.11,17099.11,17099.11,17099.12,69.76771734915914,3.307722448712243
ba,mp,9,512,264,inverse,64586.11,64586.11,64586.12,16467.11,16467.11,16467.11,74.50363553401806,3.922127805061119
ba,mp,10,1024,264,forward,123498.11,123498.11,123498.12,36960.11,36960.11,36960.12,70.07232742266258,3.341389135476058
ba,mp,10,1024,264,inverse,141342.11,141342.11,141342.12,35441.11,35441.11,35441.12,74.92530003974045,3.9880836125053643
ba,mp,4,16,265,forward,897.11,897.11,897.11,324.11,324.11,324.11,63.87176600416894,2.7679182993428157
ba,mp,4,16,265,inverse,1026.11,1026.11,1026.11,350.11,350.11,350.11,65.87987642650397,2.9308217417383102
ba,mp,5,32,265,forward,2121.11,2121.11,2121.11,726.11,726.11,726.11,65.76745194732948,2.921196512925039
ba,mp,5,32,265,inverse,2418.11,2418.11,2418.11,743.11,743.11,743.11,69.26897452969469,3.254040451615508
ba,mp,6,64,265,forward,4852.11,4852.11,4852.11,1502.11,1502.11,1502.11,69.04212806387324,3.2301961906917604
ba,mp,6,64,265,inverse,5558.11,5558.11,5558.12,1523.11,1523.11,1523.11,72.59662007408994,3.6491848914392264
ba,mp,7,128,265,forward,11244.11,11244.11,11244.11,3485.11,3485.11,3485.11,69.0050168488213,3.226328580733463
ba,mp,7,128,265,inverse,12838.11,12838.11,12838.11,3418.11,3418.11,3418.11,73.37528654918832,3.7559089672362798
ba,mp,8,256,265,forward,25031.11,25031.11,25031.11,7594.11,7594.11,7594.11,69.66131346152848,3.2961215995027726
ba,mp,8,256,265,inverse,28666.11,28666.11,28666.12,7352.11,7352.11,7352.11,74.3526066145703,3.899031706544108
ba,mp,9,512,265,forward,56559.11,56559.11,56559.12,17099.11,17099.11,17099.11,69.76771734915914,3.307722448712243
ba,mp,9,512,265,inverse,64586.11,64586.11,64586.11,16467.11,16467.11,16467.12,74.50363553401806,3.922127805061119
ba,mp,10,1024,265,forward,123498.11,123498.11,123498.12,36960.11,36960.11,36960.12,70.07232742266258,3.341389135476058
ba,mp,10,1024,265,inverse,141342.11,141342.11,141342.12,35441.11,35441.11,35441.11,74.92530003974045,3.9880836125053643
ba,mp,4,16,266,forward,897.11,897.11,897.11,324.11,324.11,324.11,63.87176600416894,2.7679182993428157
ba,mp,4,16,266,inverse,1026.11,1026.11,1026.11,350.11,350.11,350.11,65.87987642650397,2.9308217417383102
ba,mp,5,32,266,forward,2121.11,2121.11,2121.12,726.11,726.11,726.11,65.76745194732948,2.921196512925039
ba,mp,5,32,266,inverse,2418.11,2418.11,2418.11,743.11,743.11,743.11,69.26897452969469,3.254040451615508
ba,mp,6,64,266,forward,4852.11,4852.11,4852.11,1502.11,1502.11,1502.11,69.04212806387324,3.2301961906917604
ba,mp,6,64,266,inverse,5558.11,5558.11,5558.11,1523.11,1523.11,1523.11,72.59662007408994,3.6491848914392264
ba,mp,7,128,266,forward,11244.11,11244.11,11244.11,3485.11,3485.11,3485.11,69.0050168488213,3.226328580733463
ba,mp,7,128,266,inverse,12838.11,12838.11,12838.11,3418.11,3418.11,3418.11,73.37528654918832,3.7559089672362798
ba,mp,8,256,266,forward,25031.11,25031.11,25031.11,7594.11,7594.11,7594.12,69.66131346152848,3.2961215995027726
ba,mp,8,256,266,inverse,28666.11,28666.11,28666.11,7352.11,7352.11,7352.11,74.3526066145703,3.899031706544108
ba,mp,9,512,266,forward,56559.11,56559.11,56559.12,17099.11,17099.11,17099.11,69.76771734915914,3.307722448712243
ba,mp,9,512,266,inverse,64586.11,64586.11,64586.12,16467.11,16467.11,16467.11,74.50363553401806,3.922127805061119
ba,mp,10,1024,266,forward,123498.11,123498.11,123498.12,36960.11,36960.11,36960.11,70.07232742266258,3.341389135476058
ba,mp,10,1024,266,inverse,141342.11,141342.11,141342.12,35441.11,35441.11,35441.11,74.92530003974045,3.9880836125053643
ba,mp,4,16,267,forward,897.11,897.11,897.11,324.11,324.11,324.11,63.87176600416894,2.7679182993428157
ba,mp,4,16,267,inverse,1026.11,1026.11,1026.11,350.11,350.11,350.11,65.87987642650397,2.9308217417383102
ba,mp,5,32,267,forward,2121.11,2121.11,2121.11,726.11,726.11,726.11,65.76745194732948,2.921196512925039
ba,mp,5,32,267,inverse,2418.11,2418.11,2418.11,743.11,743.11,743.11,69.26897452969469,3.254040451615508
ba,mp,6,64,267,forward,4852.11,4852.11,4852.11,1502.11,1502.11,1502.11,69.04212806387324,3.2301961906917604
ba,mp,6,64,267,inverse,5558.11,5558.11,5558.11,1523.11,1523.11,1523.11,72.59662007408994,3.6491848914392264
ba,mp,7,128,267,forward,11244.11,11244.11,11244.11,3485.11,3485.11,3485.11,69.0050168488213,3.226328580733463
ba,mp,7,128,267,inverse,12838.11,12838.11,12838.12,3418.11,3418.11,3418.11,73.37528654918832,3.7559089672362798
ba,mp,8,256,267,forward,25031.11,25031.11,25031.11,7594.11,7594.11,7594.11,69.66131346152848,3.2961215995027726
ba,mp,8,256,267,inverse,28666.11,28666.11,28666.12,7352.11,7352.11,7352.11,74.3526066145703,3.899031706544108
ba,mp,9,512,267,forward,56559.11,56559.11,56559.11,17099.11,17099.11,17099.11,69.76771734915914,3.307722448712243
ba,mp,9,512,267,inverse,64586.11,64586.11,64586.12,16467.11,16467.11,16467.11,74.50363553401806,3.922127805061119
ba,mp,10,1024,267,forward,123498.11,123498.11,123498.12,36960.11,36960.11,36960.12,70.07232742266258,3.341389135476058
ba,mp,10,1024,267,inverse,141342.11,141342.11,141342.12,35441.11,35441.11,35441.11,74.92530003974045,3.9880836125053643
ba,mp,4,16,268,forward,897.11,897.11,897.11,324.11,324.11,324.11,63.87176600416894,2.7679182993428157
ba,mp,4,16,268,inverse,1026.11,1026.11,1026.11,350.11,350.11,350.11,65.87987642650397,2.9308217417383102
ba,mp,5,32,268,forward,2121.11,2121.11,2121.11,726.11,726.11,726.11,65.76745194732948,2.921196512925039
ba,mp,5,32,268,inverse,2418.11,2418.11,2418.11,743.11,743.11,743.11,69.26897452969469,3.254040451615508
ba,mp,6,64,268,forward,4852.11,4852.11,4852.11,1502.11,1502.11,1502.11,69.04212806387324,3.2301961906917604
ba,mp,6,64,268,inverse,5558.11,5558.11,5558.12,1523.11,1523.11,1523.11,72.59662007408994,3.6491848914392264
ba,mp,7,128,268,forward,11244.11,11244.11,11244.11,3485.11,3485.11,3485.11,69.0050168488213,3.226328580733463
ba,mp,7,128,268,inverse,12838.11,12838.11,12838.11,3418.11,3418.11,3418.11,73.37528654918832,3.7559089672362798
ba,mp,8,256,268,forward,25031.11,25031.11,25031.11,7594.11,7594.11,7594.11,69.66131346152848,3.2961215995027726
ba,mp,8,256,268,inverse,28666.11,28666.11,28666.12,7352.11,7352.11,7352.11,74.3526066145703,3.899031706544108
ba,mp,9,512,268,forward,56559.11,56559.11,56559.12,17099.11,17099.11,17099.11,69.76771734915914,3.307722448712243
ba,mp,9,512,268,inverse,64586.11,64586.11,64586.12,16467.11,16467.11,16467.11,74.50363553401806,3.922127805061119
ba,mp,10,1024,268,forward,123498.11,123498.11,123498.12,36960.11,36960.11,36960.11,70.07232742266258,3.341389135476058
ba,mp,10,1024,268,inverse,141342.11,141342.11,141342.12,35441.11,35441.11,35441.11,74.92530003974045,3.9880836125053643
ba,mp,4,16,269,forward,897.11,897.11,897.11,324.11,324.11,324.11,63.87176600416894,2.7679182993428157
ba,mp,4,16,269,inverse,1026.11,1026.11,1026.11,350.11,350.11,350.11,65.87987642650397,2.9308217417383102
ba,mp,5,32,269,forward,2121.11,2121.11,2121.12,726.11,726.11,726.11,65.76745194732948,2.921196512925039
ba,mp,5,32,269,inverse,2418.11,2418.11,2418.11,743.11,743.11,743.11,69.26897452969469,3.254040451615508
ba,mp,6,64,269,forward,4852.11,4852.11,4852.11,1502.11,1502.11,1502.11,69.04212806387324,3.2301961906917604
ba,mp,6,64,269,inverse,5558.11,5558.11,5558.11,1523.11,1523.11,1523.11,72.59662007408994,3.6491848914392264
ba,mp,7,128,269,forward,11244.11,11244.11,11244.11,3485.11,3485.11,3485.11,69.0050168488213,3.226328580733463
ba,mp,7,128,269,inverse,12838.11,12838.11,12838.11,3418.11,3418.11,3418.11,73.37528654918832,3.7559089672362798
ba,mp,8,256,269,forward,25031.11,25031.11,25031.11,7594.11,7594.11,7594.12,69.66131346152848,3.2961215995027726
ba,mp,8,256,269,inverse,28666.11,28666.11,28666.11,7352.11,7352.11,7352.11,74.3526066145703,3.899031706544108
ba,mp,9,512,269,forward,56559.11,56559.11,56559.12,17099.11,17099.11,17099.11,69.76771734915914,3.307722448712243
ba,mp,9,512,269,inverse,64586.11,64586.11,64586.12,16467.11,16467.11,16467.11,74.50363553401806,3.922127805061119
ba,mp,10,1024,269,forward,123498.11,123498.11,123498.12,36960.11,36960.11,36960.11,70.07232742266258,3.341389135476058
ba,mp,10,1024,269,inverse,141342.11,141342.11,141342.12,35441.11,35441.11,35441.11,74.92530003974045,3.9880836125053643
ba,mp,4,16,270,forward,897.11,897.11,897.11,324.11,324.11,324.11,63.87176600416894,2.7679182993428157
ba,mp,4,16,270,inverse,1026.11,1026.11,1026.11,350.11,350.11,350.11,65.87987642650397,2.9308217417383102
ba,mp,5,32,270,forward,2121.11,2121.11,2121.11,726.11,726.11,726.11,65.76745194732948,2.921196512925039
ba,mp,5,32,270,inverse,2418.11,2418.11,2418.11,743.11,743.11,743.11,69.26897452969469,3.254040451615508
ba,mp,6,64,270,forward,4852.11,4852.11,4852.11,1502.11,1502.11,1502.11,69.04212806387324,3.2301961906917604
ba,mp,6,64,270,inverse,5558.11,5558.11,5558.11,1523.11,1523.11,1523.11,72.59662007408994,3.6491848914392264
ba,mp,7,128,270,forward,11244.11,11244.11,11244.11,3485.11,3485.11,3485.11,69.0050168488213,3.226328580733463
ba,mp,7,128,270,inverse,12838.11,12838.11,12838.12,3418.11,3418.11,3418.11,73.37528654918832,3.7559089672362798
ba,mp,8,256,270,forward,25031.11,25031.11,25031.11,7594.11,7594.11,7594.11,69.66131346152848,3.2961215995027726
ba,mp,8,256,270,inverse,28666.11,28666.11,28666.12,7352.11,7352.11,7352.11,74.3526066145703,3.899031706544108
ba,mp,9,512,270,forward,56559.11,56559.11,56559.12,17099.11,17099.11,17099.11,69.76771734915914,3.307722448712243
ba,mp,9,512,270,inverse,64586.11,64586.11,64586.12,16467.11,16467.11,16467.11,74.50363553401806,3.922127805061119
ba,mp,10,1024,270,forward,123498.11,123498.11,123498.12,36960.11,36960.11,36960.12,70.07232742266258,3.341389135476058
ba,mp,10,1024,270,inverse,141342.11,141342.11,141342.12,35441.11,35441.11,35441.11,74.92530003974045,3.9880836125053643
ba,mp,4,16,271,forward,897.11,897.11,897.11,324.11,324.11,324.11,63.87176600416894,2.7679182993428157
ba,mp,4,16,271,inverse,1026.11,1026.11,1026.11,350.11,350.11,350.11,65.87987642650397,2.9308217417383102
ba,mp,5,32,271,forward,2121.11,2121.11,2121.11,726.11,726.11,726.11,65.76745194732948,2.921196512925039
ba,mp,5,32,271,inverse,2418.11,2418.11,2418.11,743.11,743.11,743.11,69.26897452969469,3.254040451615508
ba,mp,6,64,271,forward,4852.11,4852.11,4852.11,1502.11,1502.11,1502.11,69.04212806387324,3.2301961906917604
ba,mp,6,64,271,inverse,5558.11,5558.11,5558.11,1523.11,1523.11,1523.11,72.59662007408994,3.6491848914392264
ba,mp,7,128,271,forward,11244.11,11244.11,11244.12,3485.11,3485.11,3485.11,69.0050168488213,3.226328580733463
ba,mp,7,128,271,inverse,12838.11,12838.11,12838.11,3418.11,3418.11,3418.11,73.37528654918832,3.7559089672362798
ba,mp,8,256,271,forward,25031.11,25031.11,25031.11,7594.11,7594.11,7594.11,69.66131346152848,3.2961215995027726
ba,mp,8,256,271,inverse,28666.11,28666.11,28666.12,7352.11,7352.11,7352.11,74.3526066145703,3.899031706544108
ba,mp,9,512,271,forward,56559.11,56559.11,56559.12,17099.11,17099.11,17099.11,69.76771734915914,3.307722448712243
ba,mp,9,512,271,inverse,64586.11,64586.11,64586.12,16467.11,16467.11,16467.11,74.50363553401806,3.922127805061119
ba,mp,10,1024,271,forward,123498.11,123498.11,123498.12,36960.11,36960.11,36960.11,70.07232742266258,3.341389135476058
ba,mp,10,1024,271,inverse,141342.11,141342.11,141342.12,35441.11,35441.11,35441.11,74.92530003974045,3.9880836125053643
ba,mp,4,16,272,forward,897.11,897.11,897.11,324.11,324.11,324.11,63.87176600416894,2.7679182993428157
ba,mp,4,16,272,inverse,1026.11,1026.11,1026.11,350.11,350.11,350.11,65.87987642650397,2.9308217417383102
ba,mp,5,32,272,forward,2121.11,2121.11,2121.11,726.11,726.11,726.11,65.76745194732948,2.921196512925039
ba,mp,5,32,272,inverse,2418.11,2418.11,2418.11,743.11,743.11,743.11,69.26897452969469,3.254040451615508
ba,mp,6,64,272,forward,4852.11,4852.11,4852.11,1502.11,1502.11,1502.11,69.04212806387324,3.2301961906917604
ba,mp,6,64,272,inverse,5558.11,5558.11,5558.11,1523.11,1523.11,1523.11,72.59662007408994,3.6491848914392264
ba,mp,7,128,272,forward,11244.11,11244.11,11244.11,3485.11,3485.11,3485.11,69.0050168488213,3.226328580733463
ba,mp,7,128,272,inverse,12838.11,12838.11,12838.11,3418.11,3418.11,3418.11,73.37528654918832,3.7559089672362798
ba,mp,8,256,272,forward,25031.11,25031.11,25031.11,7594.11,7594.11,7594.12,69.66131346152848,3.2961215995027726
ba,mp,8,256,272,inverse,28666.11,28666.11,28666.11,7352.11,7352.11,7352.11,74.3526066145703,3.899031706544108
ba,mp,9,512,272,forward,56559.11,56559.11,56559.12,17099.11,17099.11,17099.11,69.76771734915914,3.307722448712243
ba,mp,9,512,272,inverse,64586.11,64586.11,64586.12,16467.11,16467.11,16467.11,74.50363553401806,3.922127805061119
ba,mp,10,1024,272,forward,123498.11,123498.11,123498.12,36960.11,36960.11,36960.12,70.07232742266258,3.341389135476058
ba,mp,10,1024,272,inverse,141342.11,141342.11,141342.12,35441.11,35441.11,35441.12,74.92530003974045,3.9880836125053643
ba,mp,4,16,273,forward,897.11,897.11,897.11,324.11,324.11,324.11,63.87176600416894,2.7679182993428157
ba,mp,4,16,273,inverse,1026.11,1026.11,1026.11,350.11,350.11,350.11,65.87987642650397,2.9308217417383102
ba,mp,5,32,273,forward,2121.11,2121.11,2121.11,726.11,726.11,726.11,65.76745194732948,2.921196512925039
ba,mp,5,32,273,inverse,2418.11,2418.11,2418.11,743.11,743.11,743.11,69.26897452969469,3.254040451615508
ba,mp,6,64,273,forward,4852.11,4852.11,4852.11,1502.11,1502.11,1502.11,69.04212806387324,3.2301961906917604
ba,mp,6,64,273,inverse,5558.11,5558.11,5558.11,1523.11,1523.11,1523.11,72.59662007408994,3.6491848914392264
ba,mp,7,128,273,forward,11244.11,11244.11,11244.11,3485.11,3485.11,3485.11,69.0050168488213,3.226328580733463
ba,mp,7,128,273,inverse,12838.11,12838.11,12838.12,3418.11,3418.11,3418.11,73.37528654918832,3.7559089672362798
ba,mp,8,256,273,forward,25031.11,25031.11,25031.11,7594.11,7594.11,7594.11,69.66131346152848,3.2961215995027726
ba,mp,8,256,273,inverse,28666.11,28666.11,28666.11,7352.11,7352.11,7352.12,74.3526066145703,3.899031706544108
ba,mp,9,512,273,forward,56559.11,56559.11,56559.12,17099.11,17099.11,17099.11,69.76771734915914,3.307722448712243
ba,mp,9,512,273,inverse,64586.11,64586.11,64586.12,16467.11,16467.11,16467.11,74.50363553401806,3.922127805061119
ba,mp,10,1024,273,forward,123498.11,123498.11,123498.12,36960.11,36960.11,36960.12,70.07232742266258,3.341389135476058
ba,mp,10,1024,273,inverse,141342.11,141342.11,141342.12,35441.11,35441.11,35441.11,74.92530003974045,3.9880836125053643
ba,mp,4,16,274,forward,897.11,897.11,897.11,324.11,324.11,324.11,63.87176600416894,2.7679182993428157
ba,mp,4,16,274,inverse,1026.11,1026.11,1026.11,350.11,350.11,350.11,65.87987642650397,2.9308217417383102
ba,mp,5,32,274,forward,2121.11,2121.11,2121.11,726.11,726.11,726.11,65.76745194732948,2.921196512925039
ba,mp,5,32,274,inverse,2418.11,2418.11,2418.11,743.11,743.11,743.11,69.26897452969469,3.254040451615508
ba,mp,6,64,274,forward,4852.11,4852.11,4852.11,1502.11,1502.11,1502.11,69.04212806387324,3.2301961906917604
ba,mp,6,64,274,inverse,5558.11,5558.11,5558.11,1523.11,1523.11,1523.11,72.59662007408994,3.6491848914392264
ba,mp,7,128,274,forward,11244.11,11244.11,11244.11,3485.11,3485.11,3485.12,69.0050168488213,3.226328580733463
ba,mp,7,128,274,inverse,12838.11,12838.11,12838.11,3418.11,3418.11,3418.11,73.37528654918832,3.7559089672362798
ba,mp,8,256,274,forward,25031.11,25031.11,25031.11,7594.11,7594.11,7594.11,69.66131346152848,3.2961215995027726
ba,mp,8,256,274,inverse,28666.11,28666.11,28666.12,7352.11,7352.11,7352.11,74.3526066145703,3.899031706544108
ba,mp,9,512,274,forward,56559.11,56559.11,56559.12,17099.11,17099.11,17099.11,69.76771734915914,3.307722448712243
ba,mp,9,512,274,inverse,64586.11,64586.11,64586.12,16467.11,16467.11,16467.11,74.50363553401806,3.922127805061119
ba,mp,10,1024,274,forward,123498.11,123498.11,123498.12,36960.11,36960.11,36960.11,70.07232742266258,3.341389135476058
ba,mp,10,1024,274,inverse,141342.11,141342.11,141342.12,35441.11,35441.11,35441.11,74.92530003974045,3.9880836125053643
ba,mp,4,16,275,forward,897.11,897.11,897.11,324.11,324.11,324.11,63.87176600416894,2.7679182993428157
ba,mp,4,16,275,inverse,1026.11,1026.11,1026.11,350.11,350.11,350.11,65.87987642650397,2.9308217417383102
ba,mp,5,32,275,forward,2121.11,2121.11,2121.11,726.11,726.11,726.11,65.76745194732948,2.921196512925039
ba,mp,5,32,275,inverse,2418.11,2418.11,2418.12,743.11,743.11,743.11,69.26897452969469,3.254040451615508
ba,mp,6,64,275,forward,4852.11,4852.11,4852.11,1502.11,1502.11,1502.11,69.04212806387324,3.2301961906917604
ba,mp,6,64,275,inverse,5558.11,5558.11,5558.11,1523.11,1523.11,1523.11,72.59662007408994,3.6491848914392264
ba,mp,7,128,275,forward,11244.11,11244.11,11244.11,3485.11,3485.11,3485.11,69.0050168488213,3.226328580733463
ba,mp,7,128,275,inverse,12838.11,12838.11,12838.11,3418.11,3418.11,3418.11,73.37528654918832,3.7559089672362798
ba,mp,8,256,275,forward,25031.11,25031.11,25031.11,7594.11,7594.11,7594.12,69.66131346152848,3.2961215995027726
ba,mp,8,256,275,inverse,28666.11,28666.11,28666.11,7352.11,7352.11,7352.11,74.3526066145703,3.899031706544108
ba,mp,9,512,275,forward,56559.11,56559.11,56559.12,17099.11,17099.11,17099.11,69.76771734915914,3.307722448712243
ba,mp,9,512,275,inverse,64586.11,64586.11,64586.12,16467.11,16467.11,16467.11,74.50363553401806,3.922127805061119
ba,mp,10,1024,275,forward,123498.11,123498.11,123498.12,36960.11,36960.11,36960.12,70.07232742266258,3.341389135476058
ba,mp,10,1024,275,inverse,141342.11,141342.11,141342.12,35441.11,35441.11,35441.12,74.92530003974045,3.9880836125053643
ba,mp,4,16,276,forward,897.11,897.11,897.11,324.11,324.11,324.11,63.87176600416894,2.7679182993428157
ba,mp,4,16,276,inverse,1026.11,1026.11,1026.11,350.11,350.11,350.11,65.87987642650397,2.9308217417383102
ba,mp,5,32,276,forward,2121.11,2121.11,2121.11,726.11,726.11,726.11,65.76745194732948,2.921196512925039
ba,mp,5,32,276,inverse,2418.11,2418.11,2418.11,743.11,743.11,743.11,69.26897452969469,3.254040451615508
ba,mp,6,64,276,forward,4852.11,4852.11,4852.11,1502.11,1502.11,1502.11,69.04212806387324,3.2301961906917604
ba,mp,6,64,276,inverse,5558.11,5558.11,5558.11,1523.11,1523.11,1523.11,72.59662007408994,3.6491848914392264
ba,mp,7,128,276,forward,11244.11,11244.11,11244.11,3485.11,3485.11,3485.11,69.0050168488213,3.226328580733463
ba,mp,7,128,276,inverse,12838.11,12838.11,12838.12,3418.11,3418.11,3418.11,73.37528654918832,3.7559089672362798
ba,mp,8,256,276,forward,25031.11,25031.11,25031.11,7594.11,7594.11,7594.11,69.66131346152848,3.2961215995027726
ba,mp,8,256,276,inverse,28666.11,28666.11,28666.11,7352.11,7352.11,7352.12,74.3526066145703,3.899031706544108
ba,mp,9,512,276,forward,56559.11,56559.11,56559.12,17099.11,17099.11,17099.11,69.76771734915914,3.307722448712243
ba,mp,9,512,276,inverse,64586.11,64586.11,64586.11,16467.11,16467.11,16467.12,74.50363553401806,3.922127805061119
ba,mp,10,1024,276,forward,123498.11,123498.11,123498.12,36960.11,36960.11,36960.12,70.07232742266258,3.341389135476058
ba,mp,10,1024,276,inverse,141342.11,141342.11,141342.12,35441.11,35441.11,35441.11,74.92530003974045,3.9880836125053643
ba,mp,4,16,277,forward,897.11,897.11,897.11,324.11,324.11,324.11,63.87176600416894,2.7679182993428157
ba,mp,4,16,277,inverse,1026.11,1026.11,1026.11,350.11,350.11,350.11,65.87987642650397,2.9308217417383102
ba,mp,5,32,277,forward,2121.11,2121.11,2121.11,726.11,726.11,726.11,65.76745194732948,2.921196512925039
ba,mp,5,32,277,inverse,2418.11,2418.11,2418.11,743.11,743.11,743.11,69.26897452969469,3.254040451615508
ba,mp,6,64,277,forward,4852.11,4852.11,4852.11,1502.11,1502.11,1502.11,69.04212806387324,3.2301961906917604
ba,mp,6,64,277,inverse,5558.11,5558.11,5558.11,1523.11,1523.11,1523.11,72.59662007408994,3.6491848914392264
ba,mp,7,128,277,forward,11244.11,11244.11,11244.12,3485.11,3485.11,3485.11,69.0050168488213,3.226328580733463
ba,mp,7,128,277,inverse,12838.11,12838.11,12838.11,3418.11,3418.11,3418.11,73.37528654918832,3.7559089672362798
ba,mp,8,256,277,forward,25031.11,25031.11,25031.11,7594.11,7594.11,7594.11,69.66131346152848,3.2961215995027726
ba,mp,8,256,277,inverse,28666.11,28666.11,28666.12,7352.11,7352.11,7352.11,74.3526066145703,3.899031706544108
ba,mp,9,512,277,forward,56559.11,56559.11,56559.12,17099.11,17099.11,17099.11,69.76771734915914,3.307722448712243
ba,mp,9,512,277,inverse,64586.11,64586.11,64586.12,16467.11,16467.11,16467.11,74.50363553401806,3.922127805061119
ba,mp,10,1024,277,forward,123498.11,123498.11,123498.12,36960.11,36960.11,36960.11,70.07232742266258,3.341389135476058
ba,mp,10,1024,277,inverse,141342.11,141342.11,141342.12,35441.11,35441.11,35441.11,74.92530003974045,3.9880836125053643
ba,mp,4,16,278,forward,897.11,897.11,897.11,324.11,324.11,324.11,63.87176600416894,2.7679182993428157
ba,mp,4,16,278,inverse,1026.11,1026.11,1026.11,350.11,350.11,350.11,65.87987642650397,2.9308217417383102
ba,mp,5,32,278,forward,2121.11,2121.11,2121.11,726.11,726.11,726.11,65.76745194732948,2.921196512925039
ba,mp,5,32,278,inverse,2418.11,2418.11,2418.11,743.11,743.11,743.11,69.26897452969469,3.254040451615508
ba,mp,6,64,278,forward,4852.11,4852.11,4852.11,1502.11,1502.11,1502.11,69.04212806387324,3.2301961906917604
ba,mp,6,64,278,inverse,5558.11,5558.11,5558.11,1523.11,1523.11,1523.11,72.59662007408994,3.6491848914392264
ba,mp,7,128,278,forward,11244.11,11244.11,11244.11,3485.11,3485.11,3485.11,69.0050168488213,3.226328580733463
ba,mp,7,128,278,inverse,12838.11,12838.11,12838.11,3418.11,3418.11,3418.11,73.37528654918832,3.7559089672362798
ba,mp,8,256,278,forward,25031.11,25031.11,25031.12,7594.11,7594.11,7594.11,69.66131346152848,3.2961215995027726
ba,mp,8,256,278,inverse,28666.11,28666.11,28666.11,7352.11,7352.11,7352.11,74.3526066145703,3.899031706544108
ba,mp,9,512,278,forward,56559.11,56559.11,56559.12,17099.11,17099.11,17099.11,69.76771734915914,3.307722448712243
ba,mp,9,512,278,inverse,64586.11,64586.11,64586.12,16467.11,16467.11,16467.11,74.50363553401806,3.922127805061119
ba,mp,10,1024,278,forward,123498.11,123498.11,123498.12,36960.11,36960.11,36960.12,70.07232742266258,3.341389135476058
ba,mp,10,1024,278,inverse,141342.11,141342.11,141342.12,35441.11,35441.11,35441.12,74.92530003974045,3.9880836125053643
ba,mp,4,16,279,forward,897.11,897.11,897.11,324.11,324.11,324.11,63.87176600416894,2.7679182993428157
ba,mp,4,16,279,inverse,1026.11,1026.11,1026.11,350.11,350.11,350.11,65.87987642650397,2.9308217417383102
ba,mp,5,32,279,forward,2121.11,2121.11,2121.11,726.11,726.11,726.11,65.76745194732948,2.921196512925039
ba,mp,5,32,279,inverse,2418.11,2418.11,2418.11,743.11,743.11,743.11,69.26897452969469,3.254040451615508
ba,mp,6,64,279,forward,4852.11,4852.11,4852.11,1502.11,1502.11,1502.11,69.04212806387324,3.2301961906917604
ba,mp,6,64,279,inverse,5558.11,5558.11,5558.11,1523.11,1523.11,1523.11,72.59662007408994,3.6491848914392264
ba,mp,7,128,279,forward,11244.11,11244.11,11244.11,3485.11,3485.11,3485.11,69.0050168488213,3.226328580733463
ba,mp,7,128,279,inverse,12838.11,12838.11,12838.12,3418.11,3418.11,3418.11,73.37528654918832,3.7559089672362798
ba,mp,8,256,279,forward,25031.11,25031.11,25031.11,7594.11,7594.11,7594.11,69.66131346152848,3.2961215995027726
ba,mp,8,256,279,inverse,28666.11,28666.11,28666.12,7352.11,7352.11,7352.11,74.3526066145703,3.899031706544108
ba,mp,9,512,279,forward,56559.11,56559.11,56559.11,17099.11,17099.11,17099.11,69.76771734915914,3.307722448712243
ba,mp,9,512,279,inverse,64586.11,64586.11,64586.12,16467.11,16467.11,16467.11,74.50363553401806,3.922127805061119
ba,mp,10,1024,279,forward,123498.11,123498.11,123498.12,36960.11,36960.11,36960.11,70.07232742266258,3.341389135476058
ba,mp,10,1024,279,inverse,141342.11,141342.11,141342.12,35441.11,35441.11,35441.11,74.92530003974045,3.9880836125053643
ba,mp,4,16,280,forward,897.11,897.11,897.11,324.11,324.11,324.11,63.87176600416894,2.7679182993428157
ba,mp,4,16,280,inverse,1026.11,1026.11,1026.11,350.11,350.11,350.11,65.87987642650397,2.9308217417383102
ba,mp,5,32,280,forward,2121.11,2121.11,2121.11,726.11,726.11,726.11,65.76745194732948,2.921196512925039
ba,mp,5,32,280,inverse,2418.11,2418.11,2418.11,743.11,743.11,743.11,69.26897452969469,3.254040451615508
ba,mp,6,64,280,forward,4852.11,4852.11,4852.11,1502.11,1502.11,1502.11,69.04212806387324,3.2301961906917604
ba,mp,6,64,280,inverse,5558.11,5558.11,5558.11,1523.11,1523.11,1523.11,72.59662007408994,3.6491848914392264
ba,mp,7,128,280,forward,11244.11,11244.11,11244.11,3485.11,3485.11,3485.11,69.0050168488213,3.226328580733463
ba,mp,7,128,280,inverse,12838.11,12838.11,12838.11,3418.11,3418.11,3418.11,73.37528654918832,3.7559089672362798
ba,mp,8,256,280,forward,25031.11,25031.11,25031.11,7594.11,7594.11,7594.11,69.66131346152848,3.2961215995027726
ba,mp,8,256,280,inverse,28666.11,28666.11,28666.12,7352.11,7352.11,7352.11,74.3526066145703,3.899031706544108
ba,mp,9,512,280,forward,56559.11,56559.11,56559.12,17099.11,17099.11,17099.11,69.76771734915914,3.307722448712243
ba,mp,9,512,280,inverse,64586.11,64586.11,64586.12,16467.11,16467.11,16467.11,74.50363553401806,3.922127805061119
ba,mp,10,1024,280,forward,123498.11,123498.11,123498.12,36960.11,36960.11,36960.11,70.07232742266258,3.341389135476058
ba,mp,10,1024,280,inverse,141342.11,141342.11,141342.12,35441.11,35441.11,35441.11,74.92530003974045,3.9880836125053643
ba,mp,4,16,281,forward,897.11,897.11,897.11,324.11,324.11,324.11,63.87176600416894,2.7679182993428157
ba,mp,4,16,281,inverse,1026.11,1026.11,1026.11,350.11,350.11,350.11,65.87987642650397,2.9308217417383102
ba,mp,5,32,281,forward,2121.11,2121.11,2121.11,726.11,726.11,726.11,65.76745194732948,2.921196512925039
ba,mp,5,32,281,inverse,2418.11,2418.11,2418.12,743.11,743.11,743.11,69.26897452969469,3.254040451615508
ba,mp,6,64,281,forward,4852.11,4852.11,4852.11,1502.11,1502.11,1502.11,69.04212806387324,3.2301961906917604
ba,mp,6,64,281,inverse,5558.11,5558.11,5558.11,1523.11,1523.11,1523.11,72.59662007408994,3.6491848914392264
ba,mp,7,128,281,forward,11244.11,11244.11,11244.11,3485.11,3485.11,3485.11,69.0050168488213,3.226328580733463
ba,mp,7,128,281,inverse,12838.11,12838.11,12838.11,3418.11,3418.11,3418.11,73.37528654918832,3.7559089672362798
ba,mp,8,256,281,forward,25031.11,25031.11,25031.12,7594.11,7594.11,7594.11,69.66131346152848,3.2961215995027726
ba,mp,8,256,281,inverse,28666.11,28666.11,28666.11,7352.11,7352.11,7352.11,74.3526066145703,3.899031706544108
ba,mp,9,512,281,forward,56559.11,56559.11,56559.11,17099.11,17099.11,17099.12,69.76771734915914,3.307722448712243
ba,mp,9,512,281,inverse,64586.11,64586.11,64586.11,16467.11,16467.11,16467.12,74.50363553401806,3.922127805061119
ba,mp,10,1024,281,forward,123498.11,123498.11,123498.12,36960.11,36960.11,36960.12,70.07232742266258,3.341389135476058
ba,mp,10,1024,281,inverse,141342.11,141342.11,141342.12,35441.11,35441.11,35441.11,74.92530003974045,3.9880836125053643
ba,mp,4,16,282,forward,897.11,897.11,897.11,324.11,324.11,324.11,63.87176600416894,2.7679182993428157
ba,mp,4,16,282,inverse,1026.11,1026.11,1026.11,350.11,350.11,350.11,65.87987642650397,2.9308217417383102
ba,mp,5,32,282,forward,2121.11,2121.11,2121.11,726.11,726.11,726.11,65.76745194732948,2.921196512925039
ba,mp,5,32,282,inverse,2418.11,2418.11,2418.11,743.11,743.11,743.11,69.26897452969469,3.254040451615508
ba,mp,6,64,282,forward,4852.11,4852.11,4852.11,1502.11,1502.11,1502.11,69.04212806387324,3.2301961906917604
ba,mp,6,64,282,inverse,5558.11,5558.11,5558.11,1523.11,1523.11,1523.11,72.59662007408994,3.6491848914392264
ba,mp,7,128,282,forward,11244.11,11244.11,11244.11,3485.11,3485.11,3485.11,69.0050168488213,3.226328580733463
ba,mp,7,128,282,inverse,12838.11,12838.11,12838.12,3418.11,3418.11,3418.11,73.37528654918832,3.7559089672362798
ba,mp,8,256,282,forward,25031.11,25031.11,25031.11,7594.11,7594.11,7594.11,69.66131346152848,3.2961215995027726
ba,mp,8,256,282,inverse,28666.11,28666.11,28666.11,7352.11,7352.11,7352.11,74.3526066145703,3.899031706544108
ba,mp,9,512,282,forward,56559.11,56559.11,56559.11,17099.11,17099.11,17099.11,69.76771734915914,3.307722448712243
ba,mp,9,512,282,inverse,64586.11,64586.11,64586.12,16467.11,16467.11,16467.11,74.50363553401806,3.922127805061119
ba,mp,10,1024,282,forward,123498.11,123498.11,123498.12,36960.11,36960.11,36960.11,70.07232742266258,3.341389135476058
ba,mp,10,1024,282,inverse,141342.11,141342.11,141342.12,35441.11,35441.11,35441.11,74.92530003974045,3.9880836125053643
ba,mp,4,16,283,forward,897.11,897.11,897.11,324.11,324.11,324.11,63.87176600416894,2.7679182993428157
ba,mp,4,16,283,inverse,1026.11,1026.11,1026.11,350.11,350.11,350.11,65.87987642650397,2.9308217417383102
ba,mp,5,32,283,forward,2121.11,2121.11,2121.11,726.11,726.11,726.11,65.76745194732948,2.921196512925039
ba,mp,5,32,283,inverse,2418.11,2418.11,2418.11,743.11,743.11,743.11,69.26897452969469,3.254040451615508
ba,mp,6,64,283,forward,4852.11,4852.11,4852.11,1502.11,1502.11,1502.11,69.04212806387324,3.2301961906917604
ba,mp,6,64,283,inverse,5558.11,5558.11,5558.11,1523.11,1523.11,1523.11,72.59662007408994,3.6491848914392264
ba,mp,7,128,283,forward,11244.11,11244.11,11244.12,3485.11,3485.11,3485.11,69.0050168488213,3.226328580733463
ba,mp,7,128,283,inverse,12838.11,12838.11,12838.11,3418.11,3418.11,3418.11,73.37528654918832,3.7559089672362798
ba,mp,8,256,283,forward,25031.11,25031.11,25031.11,7594.11,7594.11,7594.11,69.66131346152848,3.2961215995027726
ba,mp,8,256,283,inverse,28666.11,28666.11,28666.12,7352.11,7352.11,7352.11,74.3526066145703,3.899031706544108
ba,mp,9,512,283,forward,56559.11,56559.11,56559.11,17099.11,17099.11,17099.12,69.76771734915914,3.307722448712243
ba,mp,9,512,283,inverse,64586.11,64586.11,64586.12,16467.11,16467.11,16467.11,74.50363553401806,3.922127805061119
ba,mp,10,1024,283,forward,123498.11,123498.11,123498.12,36960.11,36960.11,36960.12,70.07232742266258,3.341389135476058
ba,mp,10,1024,283,inverse,141342.11,141342.11,141342.12,35441.11,35441.11,35441.12,74.92530003974045,3.9880836125053643
ba,mp,4,16,284,forward,897.11,897.11,897.11,324.11,324.11,324.11,63.87176600416894,2.7679182993428157
ba,mp,4,16,284,inverse,1026.11,1026.11,1026.11,350.11,350.11,350.11,65.87987642650397,2.9308217417383102
ba,mp,5,32,284,forward,2121.11,2121.11,2121.11,726.11,726.11,726.11,65.76745194732948,2.921196512925039
ba,mp,5,32,284,inverse,2418.11,2418.11,2418.11,743.11,743.11,743.11,69.26897452969469,3.254040451615508
ba,mp,6,64,284,forward,4852.11,4852.11,4852.12,1502.11,1502.11,1502.11,69.04212806387324,3.2301961906917604
ba,mp,6,64,284,inverse,5558.11,5558.11,5558.11,1523.11,1523.11,1523.11,72.59662007408994,3.6491848914392264
ba,mp,7,128,284,forward,11244.11,11244.11,11244.11,3485.11,3485.11,3485.11,69.0050168488213,3.226328580733463
ba,mp,7,128,284,inverse,12838.11,12838.11,12838.11,3418.11,3418.11,3418.11,73.37528654918832,3.7559089672362798
ba,mp,8,256,284,forward,25031.11,25031.11,25031.11,7594.11,7594.11,7594.12,69.66131346152848,3.2961215995027726
ba,mp,8,256,284,inverse,28666.11,28666.11,28666.11,7352.11,7352.11,7352.11,74.3526066145703,3.899031706544108
ba,mp,9,512,284,forward,56559.11,56559.11,56559.12,17099.11,17099.11,17099.11,69.76771734915914,3.307722448712243
ba,mp,9,512,284,inverse,64586.11,64586.11,64586.12,16467.11,16467.11,16467.11,74.50363553401806,3.922127805061119
ba,mp,10,1024,284,forward,123498.11,123498.11,123498.12,36960.11,36960.11,36960.11,70.07232742266258,3.341389135476058
ba,mp,10,1024,284,inverse,141342.11,141342.11,141342.12,35441.11,35441.11,35441.12,74.92530003974045,3.9880836125053643
ba,mp,4,16,285,forward,897.11,897.11,897.11,324.11,324.11,324.11,63.87176600416894,2.7679182993428157
ba,mp,4,16,285,inverse,1026.11,1026.11,1026.11,350.11,350.11,350.11,65.87987642650397,2.9308217417383102
ba,mp,5,32,285,forward,2121.11,2121.11,2121.11,726.11,726.11,726.11,65.76745194732948,2.921196512925039
ba,mp,5,32,285,inverse,2418.11,2418.11,2418.11,743.11,743.11,743.11,69.26897452969469,3.254040451615508
ba,mp,6,64,285,forward,4852.11,4852.11,4852.11,1502.11,1502.11,1502.11,69.04212806387324,3.2301961906917604
ba,mp,6,64,285,inverse,5558.11,5558.11,5558.11,1523.11,1523.11,1523.11,72.59662007408994,3.6491848914392264
ba,mp,7,128,285,forward,11244.11,11244.11,11244.11,3485.11,3485.11,3485.11,69.0050168488213,3.226328580733463
ba,mp,7,128,285,inverse,12838.11,12838.11,12838.11,3418.11,3418.11,3418.11,73.37528654918832,3.7559089672362798
ba,mp,8,256,285,forward,25031.11,25031.11,25031.11,7594.11,7594.11,7594.11,69.66131346152848,3.2961215995027726
ba,mp,8,256,285,inverse,28666.11,28666.11,28666.11,7352.11,7352.11,7352.11,74.3526066145703,3.899031706544108
ba,mp,9,512,285,forward,56559.11,56559.11,56559.12,17099.11,17099.11,17099.11,69.76771734915914,3.307722448712243
ba,mp,9,512,285,inverse,64586.11,64586.11,64586.12,16467.11,16467.11,16467.11,74.50363553401806,3.922127805061119
ba,mp,10,1024,285,forward,123498.11,123498.11,123498.12,36960.11,36960.11,36960.12,70.07232742266258,3.341389135476058
ba,mp,10,1024,285,inverse,141342.11,141342.11,141342.12,35441.11,35441.11,35441.11,74.92530003974045,3.9880836125053643
ba,mp,4,16,286,forward,897.11,897.11,897.11,324.11,324.11,324.11,63.87176600416894,2.7679182993428157
ba,mp,4,16,286,inverse,1026.11,1026.11,1026.11,350.11,350.11,350.11,65.87987642650397,2.9308217417383102
ba,mp,5,32,286,forward,2121.11,2121.11,2121.11,726.11,726.11,726.11,65.76745194732948,2.921196512925039
ba,mp,5,32,286,inverse,2418.11,2418.11,2418.11,743.11,743.11,743.11,69.26897452969469,3.254040451615508
ba,mp,6,64,286,forward,4852.11,4852.11,4852.11,1502.11,1502.11,1502.11,69.04212806387324,3.2301961906917604
ba,mp,6,64,286,inverse,5558.11,5558.11,5558.11,1523.11,1523.11,1523.11,72.59662007408994,3.6491848914392264
ba,mp,7,128,286,forward,11244.11,11244.11,11244.11,3485.11,3485.11,3485.12,69.0050168488213,3.226328580733463
ba,mp,7,128,286,inverse,12838.11,12838.11,12838.11,3418.11,3418.11,3418.11,73.37528654918832,3.7559089672362798
ba,mp,8,256,286,forward,25031.11,25031.11,25031.11,7594.11,7594.11,7594.11,69.66131346152848,3.2961215995027726
ba,mp,8,256,286,inverse,28666.11,28666.11,28666.12,7352.11,7352.11,7352.11,74.3526066145703,3.899031706544108
ba,mp,9,512,286,forward,56559.11,56559.11,56559.12,17099.11,17099.11,17099.11,69.76771734915914,3.307722448712243
ba,mp,9,512,286,inverse,64586.11,64586.11,64586.11,16467.11,16467.11,16467.12,74.50363553401806,3.922127805061119
ba,mp,10,1024,286,forward,123498.11,123498.11,123498.12,36960.11,36960.11,36960.12,70.07232742266258,3.341389135476058
ba,mp,10,1024,286,inverse,141342.11,141342.11,141342.12,35441.11,35441.11,35441.12,74.92530003974045,3.9880836125053643
ba,mp,4,16,287,forward,897.11,897.11,897.11,324.11,324.11,324.11,63.87176600416894,2.7679182993428157
ba,mp,4,16,287,inverse,1026.11,1026.11,1026.11,350.11,350.11,350.11,65.87987642650397,2.9308217417383102
ba,mp,5,32,287,forward,2121.11,2121.11,2121.11,726.11,726.11,726.11,65.76745194732948,2.921196512925039
ba,mp,5,32,287,inverse,2418.11,2418.11,2418.11,743.11,743.11,743.11,69.26897452969469,3.254040451615508
ba,mp,6,64,287,forward,4852.11,4852.11,4852.12,1502.11,1502.11,1502.11,69.04212806387324,3.2301961906917604
ba,mp,6,64,287,inverse,5558.11,5558.11,5558.11,1523.11,1523.11,1523.11,72.59662007408994,3.6491848914392264
ba,mp,7,128,287,forward,11244.11,11244.11,11244.11,3485.11,3485.11,3485.11,69.0050168488213,3.226328580733463
ba,mp,7,128,287,inverse,12838.11,12838.11,12838.11,3418.11,3418.11,3418.11,73.37528654918832,3.7559089672362798
ba,mp,8,256,287,forward,25031.11,25031.11,25031.12,7594.11,7594.11,7594.11,69.66131346152848,3.2961215995027726
ba,mp,8,256,287,inverse,28666.11,28666.11,28666.11,7352.11,7352.11,7352.11,74.3526066145703,3.899031706544108
ba,mp,9,512,287,forward,56559.11,56559.11,56559.12,17099.11,17099.11,17099.11,69.76771734915914,3.307722448712243
ba,mp,9,512,287,inverse,64586.11,64586.11,64586.12,16467.11,16467.11,16467.11,74.50363553401806,3.922127805061119
ba,mp,10,1024,287,forward,123498.11,123498.11,123498.12,36960.11,36960.11,36960.11,70.07232742266258,3.341389135476058
ba,mp,10,1024,287,inverse,141342.11,141342.11,141342.12,35441.11,35441.11,35441.12,74.92530003974045,3.9880836125053643
ba,mp,4,16,288,forward,897.11,897.11,897.11,324.11,324.11,324.11,63.87176600416894,2.7679182993428157
ba,mp,4,16,288,inverse,1026.11,1026.11,1026.11,350.11,350.11,350.11,65.87987642650397,2.9308217417383102
ba,mp,5,32,288,forward,2121.11,2121.11,2121.11,726.11,726.11,726.11,65.76745194732948,2.921196512925039
ba,mp,5,32,288,inverse,2418.11,2418.11,2418.11,743.11,743.11,743.11,69.26897452969469,3.254040451615508
ba,mp,6,64,288,forward,4852.11,4852.11,4852.11,1502.11,1502.11,1502.11,69.04212806387324,3.2301961906917604
ba,mp,6,64,288,inverse,5558.11,5558.11,5558.11,1523.11,1523.11,1523.11,72.59662007408994,3.6491848914392264
ba,mp,7,128,288,forward,11244.11,11244.11,11244.11,3485.11,3485.11,3485.11,69.0050168488213,3.226328580733463
ba,mp,7,128,288,inverse,12838.11,12838.11,12838.11,3418.11,3418.11,3418.11,73.37528654918832,3.7559089672362798
ba,mp,8,256,288,forward,25031.11,25031.11,25031.11,7594.11,7594.11,7594.11,69.66131346152848,3.2961215995027726
ba,mp,8,256,288,inverse,28666.11,28666.11,28666.11,7352.11,7352.11,7352.11,74.3526066145703,3.899031706544108
ba,mp,9,512,288,forward,56559.11,56559.11,56559.12,17099.11,17099.11,17099.11,69.76771734915914,3.307722448712243
ba,mp,9,512,288,inverse,64586.11,64586.11,64586.12,16467.11,16467.11,16467.11,74.50363553401806,3.922127805061119
ba,mp,10,1024,288,forward,123498.11,123498.11,123498.12,36960.11,36960.11,36960.12,70.07232742266258,3.341389135476058
ba,mp,10,1024,288,inverse,141342.11,141342.11,141342.12,35441.11,35441.11,35441.11,74.92530003974045,3.9880836125053643
ba,mp,4,16,289,forward,897.11,897.11,897.11,324.11,324.11,324.11,63.87176600416894,2.7679182993428157
ba,mp,4,16,289,inverse,1026.11,1026.11,1026.11,350.11,350.11,350.11,65.87987642650397,2.9308217417383102
ba,mp,5,32,289,forward,2121.11,2121.11,2121.11,726.11,726.11,726.11,65.76745194732948,2.921196512925039
ba,mp,5,32,289,inverse,2418.11,2418.11,2418.11,743.11,743.11,743.11,69.26897452969469,3.254040451615508
ba,mp,6,64,289,forward,4852.11,4852.11,4852.11,1502.11,1502.11,1502.11,69.04212806387324,3.2301961906917604
ba,mp,6,64,289,inverse,5558.11,5558.11,5558.11,1523.11,1523.11,1523.11,72.59662007408994,3.6491848914392264
ba,mp,7,128,289,forward,11244.11,11244.11,11244.12,3485.11,3485.11,3485.11,69.0050168488213,3.226328580733463
ba,mp,7,128,289,inverse,12838.11,12838.11,12838.11,3418.11,3418.11,3418.11,73.37528654918832,3.7559089672362798
ba,mp,8,256,289,forward,25031.11,25031.11,25031.11,7594.11,7594.11,7594.11,69.66131346152848,3.2961215995027726
ba,mp,8,256,289,inverse,28666.11,28666.11,28666.11,7352.11,7352.11,7352.12,74.3526066145703,3.899031706544108
ba,mp,9,512,289,forward,56559.11,56559.11,56559.12,17099.11,17099.11,17099.11,69.76771734915914,3.307722448712243
ba,mp,9,512,289,inverse,64586.11,64586.11,64586.12,16467.11,16467.11,16467.11,74.50363553401806,3.922127805061119
ba,mp,10,1024,289,forward,123498.11,123498.11,123498.12,36960.11,36960.11,36960.11,70.07232742266258,3.341389135476058
ba,mp,10,1024,289,inverse,141342.11,141342.11,141342.12,35441.11,35441.11,35441.11,74.92530003974045,3.9880836125053643
ba,mp,4,16,290,forward,897.11,897.11,897.11,324.11,324.11,324.11,63.87176600416894,2.7679182993428157
ba,mp,4,16,290,inverse,1026.11,1026.11,1026.11,350.11,350.11,350.11,65.87987642650397,2.9308217417383102
ba,mp,5,32,290,forward,2121.11,2121.11,2121.11,726.11,726.11,726.11,65.76745194732948,2.921196512925039
ba,mp,5,32,290,inverse,2418.11,2418.11,2418.11,743.11,743.11,743.11,69.26897452969469,3.254040451615508
ba,mp,6,64,290,forward,4852.11,4852.11,4852.11,1502.11,1502.11,1502.11,69.04212806387324,3.2301961906917604
ba,mp,6,64,290,inverse,5558.11,5558.11,5558.11,1523.11,1523.11,1523.11,72.59662007408994,3.6491848914392264
ba,mp,7,128,290,forward,11244.11,11244.11,11244.11,3485.11,3485.11,3485.11,69.0050168488213,3.226328580733463
ba,mp,7,128,290,inverse,12838.11,12838.11,12838.11,3418.11,3418.11,3418.11,73.37528654918832,3.7559089672362798
ba,mp,8,256,290,forward,25031.11,25031.11,25031.12,7594.11,7594.11,7594.11,69.66131346152848,3.2961215995027726
ba,mp,8,256,290,inverse,28666.11,28666.11,28666.11,7352.11,7352.11,7352.11,74.3526066145703,3.899031706544108
ba,mp,9,512,290,forward,56559.11,56559.11,56559.12,17099.11,17099.11,17099.11,69.76771734915914,3.307722448712243
ba,mp,9,512,290,inverse,64586.11,64586.11,64586.12,16467.11,16467.11,16467.11,74.50363553401806,3.922127805061119
ba,mp,10,1024,290,forward,123498.11,123498.11,123498.12,36960.11,36960.11,36960.11,70.07232742266258,3.341389135476058
ba,mp,10,1024,290,inverse,141342.11,141342.11,141342.12,35441.11,35441.11,35441.11,74.92530003974045,3.9880836125053643
ba,mp,4,16,291,forward,897.11,897.11,897.12,324.11,324.11,324.11,63.87176600416894,2.7679182993428157
ba,mp,4,16,291,inverse,1026.11,1026.11,1026.11,350.11,350.11,350.11,65.87987642650397,2.9308217417383102
ba,mp,5,32,291,forward,2121.11,2121.11,2121.11,726.11,726.11,726.11,65.76745194732948,2.921196512925039
ba,mp,5,32,291,inverse,2418.11,2418.11,2418.11,743.11,743.11,743.11,69.26897452969469,3.254040451615508
ba,mp,6,64,291,forward,4852.11,4852.11,4852.11,1502.11,1502.11,1502.11,69.04212806387324,3.2301961906917604
ba,mp,6,64,291,inverse,5558.11,5558.11,5558.11,1523.11,1523.11,1523.11,72.59662007408994,3.6491848914392264
ba,mp,7,128,291,forward,11244.11,11244.11,11244.11,3485.11,3485.11,3485.11,69.0050168488213,3.226328580733463
ba,mp,7,128,291,inverse,12838.11,12838.11,12838.11,3418.11,3418.11,3418.11,73.37528654918832,3.7559089672362798
ba,mp,8,256,291,forward,25031.11,25031.11,25031.12,7594.11,7594.11,7594.11,69.66131346152848,3.2961215995027726
ba,mp,8,256,291,inverse,28666.11,28666.11,28666.11,7352.11,7352.11,7352.11,74.3526066145703,3.899031706544108
ba,mp,9,512,291,forward,56559.11,56559.11,56559.12,17099.11,17099.11,17099.11,69.76771734915914,3.307722448712243
ba,mp,9,512,291,inverse,64586.11,64586.11,64586.11,16467.11,16467.11,16467.12,74.50363553401806,3.922127805061119
ba,mp,10,1024,291,forward,123498.11,123498.11,123498.12,36960.11,36960.11,36960.12,70.07232742266258,3.341389135476058
ba,mp,10,1024,291,inverse,141342.11,141342.11,141342.12,35441.11,35441.11,35441.12,74.92530003974045,3.9880836125053643
ba,mp,4,16,292,forward,897.11,897.11,897.11,324.11,324.11,324.11,63.87176600416894,2.7679182993428157
ba,mp,4,16,292,inverse,1026.11,1026.11,1026.11,350.11,350.11,350.11,65.87987642650397,2.9308217417383102
ba,mp,5,32,292,forward,2121.11,2121.11,2121.11,726.11,726.11,726.11,65.76745194732948,2.921196512925039
ba,mp,5,32,292,inverse,2418.11,2418.11,2418.11,743.11,743.11,743.11,69.26897452969469,3.254040451615508
ba,mp,6,64,292,forward,4852.11,4852.11,4852.11,1502.11,1502.11,1502.11,69.04212806387324,3.2301961906917604
ba,mp,6,64,292,inverse,5558.11,5558.11,5558.11,1523.11,1523.11,1523.11,72.59662007408994,3.6491848914392264
ba,mp,7,128,292,forward,11244.11,11244.11,11244.11,3485.11,3485.11,3485.11,69.0050168488213,3.226328580733463
ba,mp,7,128,292,inverse,12838.11,12838.11,12838.11,3418.11,3418.11,3418.11,73.37528654918832,3.7559089672362798
ba,mp,8,256,292,forward,25031.11,25031.11,25031.11,7594.11,7594.11,7594.11,69.66131346152848,3.2961215995027726
ba,mp,8,256,292,inverse,28666.11,28666.11,28666.12,7352.11,7352.11,7352.11,74.3526066145703,3.899031706544108
ba,mp,9,512,292,forward,56559.11,56559.11,56559.12,17099.11,17099.11,17099.11,69.76771734915914,3.307722448712243
ba,mp,9,512,292,inverse,64586.11,64586.11,64586.12,16467.11,16467.11,16467.11,74.50363553401806,3.922127805061119
ba,mp,10,1024,292,forward,123498.11,123498.11,123498.12,36960.11,36960.11,36960.11,70.07232742266258,3.341389135476058
ba,mp,10,1024,292,inverse,141342.11,141342.11,141342.12,35441.11,35441.11,35441.12,74.92530003974045,3.9880836125053643
ba,mp,4,16,293,forward,897.11,897.11,897.11,324.11,324.11,324.11,63.87176600416894,2.7679182993428157
ba,mp,4,16,293,inverse,1026.11,1026.11,1026.11,350.11,350.11,350.11,65.87987642650397,2.9308217417383102
ba,mp,5,32,293,forward,2121.11,2121.11,2121.11,726.11,726.11,726.11,65.76745194732948,2.921196512925039
ba,mp,5,32,293,inverse,2418.11,2418.11,2418.11,743.11,743.11,743.11,69.26897452969469,3.254040451615508
ba,mp,6,64,293,forward,4852.11,4852.11,4852.11,1502.11,1502.11,1502.11,69.04212806387324,3.2301961906917604
ba,mp,6,64,293,inverse,5558.11,5558.11,5558.11,1523.11,1523.11,1523.12,72.59662007408994,3.6491848914392264
ba,mp,7,128,293,forward,11244.11,11244.11,11244.11,3485.11,3485.11,3485.11,69.0050168488213,3.226328580733463
ba,mp,7,128,293,inverse,12838.11,12838.11,12838.11,3418.11,3418.11,3418.11,73.37528654918832,3.7559089672362798
ba,mp,8,256,293,forward,25031.11,25031.11,25031.11,7594.11,7594.11,7594.11,69.66131346152848,3.2961215995027726
ba,mp,8,256,293,inverse,28666.11,28666.11,28666.11,7352.11,7352.11,7352.11,74.3526066145703,3.899031706544108
ba,mp,9,512,293,forward,56559.11,56559.11,56559.11,17099.11,17099.11,17099.12,69.76771734915914,3.307722448712243
ba,mp,9,512,293,inverse,64586.11,64586.11,64586.12,16467.11,16467.11,16467.11,74.50363553401806,3.922127805061119
ba,mp,10,1024,293,forward,123498.11,123498.11,123498.11,36960.11,36960.11,36960.12,70.07232742266258,3.341389135476058
ba,mp,10,1024,293,inverse,141342.11,141342.11,141342.12,35441.11,35441.11,35441.11,74.92530003974045,3.9880836125053643
ba,mp,4,16,294,forward,897.11,897.11,897.11,324.11,324.11,324.11,63.87176600416894,2.7679182993428157
ba,mp,4,16,294,inverse,1026.11,1026.11,1026.11,350.11,350.11,350.11,65.87987642650397,2.9308217417383102
ba,mp,5,32,294,forward,2121.11,2121.11,2121.11,726.11,726.11,726.11,65.76745194732948,2.921196512925039
ba,mp,5,32,294,inverse,2418.11,2418.11,2418.11,743.11,743.11,743.11,69.26897452969469,3.254040451615508
ba,mp,6,64,294,forward,4852.11,4852.11,4852.11,1502.11,1502.11,1502.11,69.04212806387324,3.2301961906917604
ba,mp,6,64,294,inverse,5558.11,5558.11,5558.11,1523.11,1523.11,1523.11,72.59662007408994,3.6491848914392264
ba,mp,7,128,294,forward,11244.11,11244.11,11244.11,3485.11,3485.11,3485.11,69.0050168488213,3.226328580733463
ba,mp,7,128,294,inverse,12838.11,12838.11,12838.11,3418.11,3418.11,3418.11,73.37528654918832,3.7559089672362798
ba,mp,8,256,294,forward,25031.11,25031.11,25031.12,7594.11,7594.11,7594.11,69.66131346152848,3.2961215995027726
ba,mp,8,256,294,inverse,28666.11,28666.11,28666.11,7352.11,7352.11,7352.11,74.3526066145703,3.899031706544108
ba,mp,9,512,294,forward,56559.11,56559.11,56559.12,17099.11,17099.11,17099.11,69.76771734915914,3.307722448712243
ba,mp,9,512,294,inverse,64586.11,64586.11,64586.12,16467.11,16467.11,16467.11,74.50363553401806,3.922127805061119
ba,mp,10,1024,294,forward,123498.11,123498.11,123498.12,36960.11,36960.11,36960.11,70.07232742266258,3.341389135476058
ba,mp,10,1024,294,inverse,141342.11,141342.11,141342.12,35441.11,35441.11,35441.12,74.92530003974045,3.9880836125053643
ba,mp,4,16,295,forward,897.11,897.11,897.11,324.11,324.11,324.11,63.87176600416894,2.7679182993428157
ba,mp,4,16,295,inverse,1026.11,1026.11,1026.11,350.11,350.11,350.11,65.87987642650397,2.9308217417383102
ba,mp,5,32,295,forward,2121.11,2121.11,2121.11,726.11,726.11,726.11,65.76745194732948,2.921196512925039
ba,mp,5,32,295,inverse,2418.11,2418.11,2418.11,743.11,743.11,743.11,69.26897452969469,3.254040451615508
ba,mp,6,64,295,forward,4852.11,4852.11,4852.11,1502.11,1502.11,1502.11,69.04212806387324,3.2301961906917604
ba,mp,6,64,295,inverse,5558.11,5558.11,5558.11,1523.11,1523.11,1523.11,72.59662007408994,3.6491848914392264
ba,mp,7,128,295,forward,11244.11,11244.11,11244.11,3485.11,3485.11,3485.11,69.0050168488213,3.226328580733463
ba,mp,7,128,295,inverse,12838.11,12838.11,12838.12,3418.11,3418.11,3418.11,73.37528654918832,3.7559089672362798
ba,mp,8,256,295,forward,25031.11,25031.11,25031.11,7594.11,7594.11,7594.11,69.66131346152848,3.2961215995027726
ba,mp,8,256,295,inverse,28666.11,28666.11,28666.11,7352.11,7352.11,7352.12,74.3526066145703,3.899031706544108
ba,mp,9,512,295,forward,56559.11,56559.11,56559.11,17099.11,17099.11,17099.12,69.76771734915914,3.307722448712243
ba,mp,9,512,295,inverse,64586.11,64586.11,64586.12,16467.11,16467.11,16467.11,74.50363553401806,3.922127805061119
ba,mp,10,1024,295,forward,123498.11,123498.11,123498.12,36960.11,36960.11,36960.12,70.07232742266258,3.341389135476058
ba,mp,10,1024,295,inverse,141342.11,141342.11,141342.12,35441.11,35441.11,35441.12,74.92530003974045,3.9880836125053643
ba,mp,4,16,296,forward,897.11,897.11,897.11,324.11,324.11,324.11,63.87176600416894,2.7679182993428157
ba,mp,4,16,296,inverse,1026.11,1026.11,1026.11,350.11,350.11,350.11,65.87987642650397,2.9308217417383102
ba,mp,5,32,296,forward,2121.11,2121.11,2121.11,726.11,726.11,726.11,65.76745194732948,2.921196512925039
ba,mp,5,32,296,inverse,2418.11,2418.11,2418.11,743.11,743.11,743.11,69.26897452969469,3.254040451615508
ba,mp,6,64,296,forward,4852.11,4852.11,4852.11,1502.11,1502.11,1502.11,69.04212806387324,3.2301961906917604
ba,mp,6,64,296,inverse,5558.11,5558.11,5558.12,1523.11,1523.11,1523.11,72.59662007408994,3.6491848914392264
ba,mp,7,128,296,forward,11244.11,11244.11,11244.11,3485.11,3485.11,3485.11,69.0050168488213,3.226328580733463
ba,mp,7,128,296,inverse,12838.11,12838.11,12838.11,3418.11,3418.11,3418.11,73.37528654918832,3.7559089672362798
ba,mp,8,256,296,forward,25031.11,25031.11,25031.11,7594.11,7594.11,7594.11,69.66131346152848,3.2961215995027726
ba,mp,8,256,296,inverse,28666.11,28666.11,28666.11,7352.11,7352.11,7352.11,74.3526066145703,3.899031706544108
ba,mp,9,512,296,forward,56559.11,56559.11,56559.11,17099.11,17099.11,17099.12,69.76771734915914,3.307722448712243
ba,mp,9,512,296,inverse,64586.11,64586.11,64586.11,16467.11,16467.11,16467.12,74.50363553401806,3.922127805061119
ba,mp,10,1024,296,forward,123498.11,123498.11,123498.12,36960.11,36960.11,36960.12,70.07232742266258,3.341389135476058
ba,mp,10,1024,296,inverse,141342.11,141342.11,141342.12,35441.11,35441.11,35441.11,74.92530003974045,3.9880836125053643
ba,mp,4,16,297,forward,897.11,897.11,897.11,324.11,324.11,324.11,63.87176600416894,2.7679182993428157
ba,mp,4,16,297,inverse,1026.11,1026.11,1026.11,350.11,350.11,350.11,65.87987642650397,2.9308217417383102
ba,mp,5,32,297,forward,2121.11,2121.11,2121.11,726.11,726.11,726.12,65.76745194732948,2.921196512925039
ba,mp,5,32,297,inverse,2418.11,2418.11,2418.11,743.11,743.11,743.11,69.26897452969469,3.254040451615508
ba,mp,6,64,297,forward,4852.11,4852.11,4852.11,1502.11,1502.11,1502.11,69.04212806387324,3.2301961906917604
ba,mp,6,64,297,inverse,5558.11,5558.11,5558.11,1523.11,1523.11,1523.11,72.59662007408994,3.6491848914392264
ba,mp,7,128,297,forward,11244.11,11244.11,11244.11,3485.11,3485.11,3485.11,69.0050168488213,3.226328580733463
ba,mp,7,128,297,inverse,12838.11,12838.11,12838.11,3418.11,3418.11,3418.11,73.37528654918832,3.7559089672362798
ba,mp,8,256,297,forward,25031.11,25031.11,25031.11,7594.11,7594.11,7594.12,69.66131346152848,3.2961215995027726
ba,mp,8,256,297,inverse,28666.11,28666.11,28666.11,7352.11,7352.11,7352.11,74.3526066145703,3.899031706544108
ba,mp,9,512,297,forward,56559.11,56559.11,56559.12,17099.11,17099.11,17099.11,69.76771734915914,3.307722448712243
ba,mp,9,512,297,inverse,64586.11,64586.11,64586.12,16467.11,16467.11,16467.11,74.50363553401806,3.922127805061119
ba,mp,10,1024,297,forward,123498.11,123498.11,123498.12,36960.11,36960.11,36960.11,70.07232742266258,3.341389135476058
ba,mp,10,1024,297,inverse,141342.11,141342.11,141342.12,35441.11,35441.11,35441.11,74.92530003974045,3.9880836125053643
ba,mp,4,16,298,forward,897.11,897.11,897.11,324.11,324.11,324.11,63.87176600416894,2.7679182993428157
ba,mp,4,16,298,inverse,1026.11,1026.11,1026.11,350.11,350.11,350.11,65.87987642650397,2.9308217417383102
ba,mp,5,32,298,forward,2121.11,2121.11,2121.11,726.11,726.11,726.11,65.76745194732948,2.921196512925039
ba,mp,5,32,298,inverse,2418.11,2418.11,2418.11,743.11,743.11,743.11,69.26897452969469,3.254040451615508
ba,mp,6,64,298,forward,4852.11,4852.11,4852.11,1502.11,1502.11,1502.11,69.04212806387324,3.2301961906917604
ba,mp,6,64,298,inverse,5558.11,5558.11,5558.11,1523.11,1523.11,1523.11,72.59662007408994,3.6491848914392264
ba,mp,7,128,298,forward,11244.11,11244.11,11244.11,3485.11,3485.11,3485.11,69.0050168488213,3.226328580733463
ba,mp,7,128,298,inverse,12838.11,12838.11,12838.11,3418.11,3418.11,3418.12,73.37528654918832,3.7559089672362798
ba,mp,8,256,298,forward,25031.11,25031.11,25031.11,7594.11,7594.11,7594.11,69.66131346152848,3.2961215995027726
ba,mp,8,256,298,inverse,28666.11,28666.11,28666.12,7352.11,7352.11,7352.11,74.3526066145703,3.899031706544108
ba,mp,9,512,298,forward,56559.11,56559.11,56559.12,17099.11,17099.11,17099.11,69.76771734915914,3.307722448712243
ba,mp,9,512,298,inverse,64586.11,64586.11,64586.12,16467.11,16467.11,16467.11,74.50363553401806,3.922127805061119
ba,mp,10,1024,298,forward,123498.11,123498.11,123498.12,36960.11,36960.11,36960.12,70.07232742266258,3.341389135476058
ba,mp,10,1024,298,inverse,141342.11,141342.11,141342.12,35441.11,35441.11,35441.11,74.92530003974045,3.9880836125053643
ba,mp,4,16,299,forward,897.11,897.11,897.11,324.11,324.11,324.11,63.87176600416894,2.7679182993428157
ba,mp,4,16,299,inverse,1026.11,1026.11,1026.11,350.11,350.11,350.11,65.87987642650397,2.9308217417383102
ba,mp,5,32,299,forward,2121.11,2121.11,2121.11,726.11,726.11,726.11,65.76745194732948,2.921196512925039
ba,mp,5,32,299,inverse,2418.11,2418.11,2418.11,743.11,743.11,743.11,69.26897452969469,3.254040451615508
ba,mp,6,64,299,forward,4852.11,4852.11,4852.11,1502.11,1502.11,1502.11,69.04212806387324,3.2301961906917604
ba,mp,6,64,299,inverse,5558.11,5558.11,5558.11,1523.11,1523.11,1523.11,72.59662007408994,3.6491848914392264
ba,mp,7,128,299,forward,11244.11,11244.11,11244.11,3485.11,3485.11,3485.11,69.0050168488213,3.226328580733463
ba,mp,7,128,299,inverse,12838.11,12838.11,12838.11,3418.11,3418.11,3418.11,73.37528654918832,3.7559089672362798
ba,mp,8,256,299,forward,25031.11,25031.11,25031.11,7594.11,7594.11,7594.11,69.66131346152848,3.2961215995027726
ba,mp,8,256,299,inverse,28666.11,28666.11,28666.12,7352.11,7352.11,7352.11,74.3526066145703,3.899031706544108
ba,mp,9,512,299,forward,56559.11,56559.11,56559.12,17099.11,17099.11,17099.11,69.76771734915914,3.307722448712243
ba,mp,9,512,299,inverse,64586.11,64586.11,64586.12,16467.11,16467.11,16467.11,74.50363553401806,3.922127805061119
ba,mp,10,1024,299,forward,123498.11,123498.11,123498.12,36960.11,36960.11,36960.11,70.07232742266258,3.341389135476058
ba,mp,10,1024,299,inverse,141342.11,141342.11,141342.12,35441.11,35441.11,35441.11,74.92530003974045,3.9880836125053643
ba,mp,4,16,300,forward,897.11,897.11,897.11,324.11,324.11,324.11,63.87176600416894,2.7679182993428157
ba,mp,4,16,300,inverse,1026.11,1026.11,1026.11,350.11,350.11,350.11,65.87987642650397,2.9308217417383102
ba,mp,5,32,300,forward,2121.11,2121.11,2121.12,726.11,726.11,726.11,65.76745194732948,2.921196512925039
ba,mp,5,32,300,inverse,2418.11,2418.11,2418.11,743.11,743.11,743.11,69.26897452969469,3.254040451615508
ba,mp,6,64,300,forward,4852.11,4852.11,4852.11,1502.11,1502.11,1502.11,69.04212806387324,3.2301961906917604
ba,mp,6,64,300,inverse,5558.11,5558.11,5558.11,1523.11,1523.11,1523.11,72.59662007408994,3.6491848914392264
ba,mp,7,128,300,forward,11244.11,11244.11,11244.11,3485.11,3485.11,3485.11,69.0050168488213,3.226328580733463
ba,mp,7,128,300,inverse,12838.11,12838.11,12838.11,3418.11,3418.11,3418.11,73.37528654918832,3.7559089672362798
ba,mp,8,256,300,forward,25031.11,25031.11,25031.12,7594.11,7594.11,7594.11,69.66131346152848,3.2961215995027726
ba,mp,8,256,300,inverse,28666.11,28666.11,28666.11,7352.11,7352.11,7352.11,74.3526066145703,3.899031706544108
ba,mp,9,512,300,forward,56559.11,56559.11,56559.12,17099.11,17099.11,17099.11,69.76771734915914,3.307722448712243
ba,mp,9,512,300,inverse,64586.11,64586.11,64586.12,16467.11,16467.11,16467.11,74.50363553401806,3.922127805061119
ba,mp,10,1024,300,forward,123498.11,123498.11,123498.12,36960.11,36960.11,36960.11,70.07232742266258,3.341389135476058
ba,mp,10,1024,300,inverse,141342.11,141342.11,141342.12,35441.11,35441.11,35441.12,74.92530003974045,3.9880836125053643
ba,mp,4,16,301,forward,897.11,897.11,897.11,324.11,324.11,324.11,63.87176600416894,2.7679182993428157
ba,mp,4,16,301,inverse,1026.11,1026.11,1026.11,350.11,350.11,350.11,65.87987642650397,2.9308217417383102
ba,mp,5,32,301,forward,2121.11,2121.11,2121.11,726.11,726.11,726.11,65.76745194732948,2.921196512925039
ba,mp,5,32,301,inverse,2418.11,2418.11,2418.11,743.11,743.11,743.11,69.26897452969469,3.254040451615508
ba,mp,6,64,301,forward,4852.11,4852.11,4852.11,1502.11,1502.11,1502.11,69.04212806387324,3.2301961906917604
ba,mp,6,64,301,inverse,5558.11,5558.11,5558.11,1523.11,1523.11,1523.11,72.59662007408994,3.6491848914392264
ba,mp,7,128,301,forward,11244.11,11244.11,11244.11,3485.11,3485.11,3485.11,69.0050168488213,3.226328580733463
ba,mp,7,128,301,inverse,12838.11,12838.11,12838.12,3418.11,3418.11,3418.11,73.37528654918832,3.7559089672362798
ba,mp,8,256,301,forward,25031.11,25031.11,25031.11,7594.11,7594.11,7594.11,69.66131346152848,3.2961215995027726
ba,mp,8,256,301,inverse,28666.11,28666.11,28666.12,7352.11,7352.11,7352.11,74.3526066145703,3.899031706544108
ba,mp,9,512,301,forward,56559.11,56559.11,56559.12,17099.11,17099.11,17099.11,69.76771734915914,3.307722448712243
ba,mp,9,512,301,inverse,64586.11,64586.11,64586.11,16467.11,16467.11,16467.12,74.50363553401806,3.922127805061119
ba,mp,10,1024,301,forward,123498.11,123498.11,123498.12,36960.11,36960.11,36960.12,70.07232742266258,3.341389135476058
ba,mp,10,1024,301,inverse,141342.11,141342.11,141342.12,35441.11,35441.11,35441.11,74.92530003974045,3.9880836125053643
ba,mp,4,16,302,forward,897.11,897.11,897.11,324.11,324.11,324.11,63.87176600416894,2.7679182993428157
ba,mp,4,16,302,inverse,1026.11,1026.11,1026.11,350.11,350.11,350.11,65.87987642650397,2.9308217417383102
ba,mp,5,32,302,forward,2121.11,2121.11,2121.11,726.11,726.11,726.11,65.76745194732948,2.921196512925039
ba,mp,5,32,302,inverse,2418.11,2418.11,2418.11,743.11,743.11,743.11,69.26897452969469,3.254040451615508
ba,mp,6,64,302,forward,4852.11,4852.11,4852.11,1502.11,1502.11,1502.11,69.04212806387324,3.2301961906917604
ba,mp,6,64,302,inverse,5558.11,5558.11,5558.11,1523.11,1523.11,1523.11,72.59662007408994,3.6491848914392264
ba,mp,7,128,302,forward,11244.11,11244.11,11244.11,3485.11,3485.11,3485.11,69.0050168488213,3.226328580733463
ba,mp,7,128,302,inverse,12838.11,12838.11,12838.11,3418.11,3418.11,3418.11,73.37528654918832,3.7559089672362798
ba,mp,8,256,302,forward,25031.11,25031.11,25031.11,7594.11,7594.11,7594.11,69.66131346152848,3.2961215995027726
ba,mp,8,256,302,inverse,28666.11,28666.11,28666.12,7352.11,7352.11,7352.11,74.3526066145703,3.899031706544108
ba,mp,9,512,302,forward,56559.11,56559.11,56559.12,17099.11,17099.11,17099.11,69.76771734915914,3.307722448712243
ba,mp,9,512,302,inverse,64586.11,64586.11,64586.12,16467.11,16467.11,16467.11,74.50363553401806,3.922127805061119
ba,mp,10,1024,302,forward,123498.11,123498.11,123498.12,36960.11,36960.11,36960.11,70.07232742266258,3.341389135476058
ba,mp,10,1024,302,inverse,141342.11,141342.11,141342.12,35441.11,35441.11,35441.11,74.92530003974045,3.9880836125053643
ba,mp,4,16,303,forward,897.11,897.11,897.11,324.11,324.11,324.11,63.87176600416894,2.7679182993428157
ba,mp,4,16,303,inverse,1026.11,1026.11,1026.11,350.11,350.11,350.11,65.87987642650397,2.9308217417383102
ba,mp,5,32,303,forward,2121.11,2121.11,2121.11,726.11,726.11,726.11,65.76745194732948,2.921196512925039
ba,mp,5,32,303,inverse,2418.11,2418.11,2418.11,743.11,743.11,743.11,69.26897452969469,3.254040451615508
ba,mp,6,64,303,forward,4852.11,4852.11,4852.11,1502.11,1502.11,1502.11,69.04212806387324,3.2301961906917604
ba,mp,6,64,303,inverse,5558.11,5558.11,5558.11,1523.11,1523.11,1523.11,72.59662007408994,3.6491848914392264
ba,mp,7,128,303,forward,11244.11,11244.11,11244.11,3485.11,3485.11,3485.11,69.0050168488213,3.226328580733463
ba,mp,7,128,303,inverse,12838.11,12838.11,12838.11,3418.11,3418.11,3418.11,73.37528654918832,3.7559089672362798
ba,mp,8,256,303,forward,25031.11,25031.11,25031.12,7594.11,7594.11,7594.11,69.66131346152848,3.2961215995027726
ba,mp,8,256,303,inverse,28666.11,28666.11,28666.11,7352.11,7352.11,7352.11,74.3526066145703,3.899031706544108
ba,mp,9,512,303,forward,56559.11,56559.11,56559.12,17099.11,17099.11,17099.11,69.76771734915914,3.307722448712243
ba,mp,9,512,303,inverse,64586.11,64586.11,64586.12,16467.11,16467.11,16467.11,74.50363553401806,3.922127805061119
ba,mp,10,1024,303,forward,123498.11,123498.11,123498.12,36960.11,36960.11,36960.11,70.07232742266258,3.341389135476058
ba,mp,10,1024,303,inverse,141342.11,141342.11,141342.12,35441.11,35441.11,35441.12,74.92530003974045,3.9880836125053643
ba,mp,4,16,304,forward,897.11,897.11,897.11,324.11,324.11,324.11,63.87176600416894,2.7679182993428157
ba,mp,4,16,304,inverse,1026.11,1026.11,1026.11,350.11,350.11,350.11,65.87987642650397,2.9308217417383102
ba,mp,5,32,304,forward,2121.11,2121.11,2121.11,726.11,726.11,726.11,65.76745194732948,2.921196512925039
ba,mp,5,32,304,inverse,2418.11,2418.11,2418.11,743.11,743.11,743.11,69.26897452969469,3.254040451615508
ba,mp,6,64,304,forward,4852.11,4852.11,4852.11,1502.11,1502.11,1502.11,69.04212806387324,3.2301961906917604
ba,mp,6,64,304,inverse,5558.11,5558.11,5558.11,1523.11,1523.11,1523.11,72.59662007408994,3.6491848914392264
ba,mp,7,128,304,forward,11244.11,11244.11,11244.11,3485.11,3485.11,3485.11,69.0050168488213,3.226328580733463
ba,mp,7,128,304,inverse,12838.11,12838.11,12838.12,3418.11,3418.11,3418.11,73.37528654918832,3.7559089672362798
ba,mp,8,256,304,forward,25031.11,25031.11,25031.11,7594.11,7594.11,7594.11,69.66131346152848,3.2961215995027726
ba,mp,8,256,304,inverse,28666.11,28666.11,28666.12,7352.11,7352.11,7352.11,74.3526066145703,3.899031706544108
ba,mp,9,512,304,forward,56559.11,56559.11,56559.12,17099.11,17099.11,17099.11,69.76771734915914,3.307722448712243
ba,mp,9,512,304,inverse,64586.11,64586.11,64586.11,16467.11,16467.11,16467.12,74.50363553401806,3.922127805061119
ba,mp,10,1024,304,forward,123498.11,123498.11,123498.12,36960.11,36960.11,36960.12,70.07232742266258,3.341389135476058
ba,mp,10,1024,304,inverse,141342.11,141342.11,141342.12,35441.11,35441.11,35441.11,74.92530003974045,3.9880836125053643
ba,mp,4,16,305,forward,897.11,897.11,897.11,324.11,324.11,324.11,63.87176600416894,2.7679182993428157
ba,mp,4,16,305,inverse,1026.11,1026.11,1026.11,350.11,350.11,350.11,65.87987642650397,2.9308217417383102
ba,mp,5,32,305,forward,2121.11,2121.11,2121.11,726.11,726.11,726.11,65.76745194732948,2.921196512925039
ba,mp,5,32,305,inverse,2418.11,2418.11,2418.11,743.11,743.11,743.11,69.26897452969469,3.254040451615508
ba,mp,6,64,305,forward,4852.11,4852.11,4852.11,1502.11,1502.11,1502.11,69.04212806387324,3.2301961906917604
ba,mp,6,64,305,inverse,5558.11,5558.11,5558.11,1523.11,1523.11,1523.11,72.59662007408994,3.6491848914392264
ba,mp,7,128,305,forward,11244.11,11244.11,11244.11,3485.11,3485.11,3485.12,69.0050168488213,3.226328580733463
ba,mp,7,128,305,inverse,12838.11,12838.11,12838.11,3418.11,3418.11,3418.11,73.37528654918832,3.7559089672362798
ba,mp,8,256,305,forward,25031.11,25031.11,25031.11,7594.11,7594.11,7594.11,69.66131346152848,3.2961215995027726
ba,mp,8,256,305,inverse,28666.11,28666.11,28666.12,7352.11,7352.11,7352.11,74.3526066145703,3.899031706544108
ba,mp,9,512,305,forward,56559.11,56559.11,56559.12,17099.11,17099.11,17099.11,69.76771734915914,3.307722448712243
ba,mp,9,512,305,inverse,64586.11,64586.11,64586.12,16467.11,16467.11,16467.11,74.50363553401806,3.922127805061119
ba,mp,10,1024,305,forward,123498.11,123498.11,123498.12,36960.11,36960.11,36960.11,70.07232742266258,3.341389135476058
ba,mp,10,1024,305,inverse,141342.11,141342.11,141342.12,35441.11,35441.11,35441.11,74.92530003974045,3.9880836125053643
ba,mp,4,16,306,forward,897.11,897.11,897.11,324.11,324.11,324.11,63.87176600416894,2.7679182993428157
ba,mp,4,16,306,inverse,1026.11,1026.11,1026.11,350.11,350.11,350.11,65.87987642650397,2.9308217417383102
ba,mp,5,32,306,forward,2121.11,2121.11,2121.11,726.11,726.11,726.11,65.76745194732948,2.921196512925039
ba,mp,5,32,306,inverse,2418.11,2418.11,2418.12,743.11,743.11,743.11,69.26897452969469,3.254040451615508
ba,mp,6,64,306,forward,4852.11,4852.11,4852.11,1502.11,1502.11,1502.11,69.04212806387324,3.2301961906917604
ba,mp,6,64,306,inverse,5558.11,5558.11,5558.11,1523.11,1523.11,1523.11,72.59662007408994,3.6491848914392264
ba,mp,7,128,306,forward,11244.11,11244.11,11244.11,3485.11,3485.11,3485.11,69.0050168488213,3.226328580733463
ba,mp,7,128,306,inverse,12838.11,12838.11,12838.11,3418.11,3418.11,3418.11,73.37528654918832,3.7559089672362798
ba,mp,8,256,306,forward,25031.11,25031.11,25031.11,7594.11,7594.11,7594.12,69.66131346152848,3.2961215995027726
ba,mp,8,256,306,inverse,28666.11,28666.11,28666.11,7352.11,7352.11,7352.11,74.3526066145703,3.899031706544108
ba,mp,9,512,306,forward,56559.11,56559.11,56559.12,17099.11,17099.11,17099.11,69.76771734915914,3.307722448712243
ba,mp,9,512,306,inverse,64586.11,64586.11,64586.12,16467.11,16467.11,16467.11,74.50363553401806,3.922127805061119
ba,mp,10,1024,306,forward,123498.11,123498.11,123498.12,36960.11,36960.11,36960.12,70.07232742266258,3.341389135476058
ba,mp,10,1024,306,inverse,141342.11,141342.11,141342.12,35441.11,35441.11,35441.12,74.92530003974045,3.9880836125053643
ba,mp,4,16,307,forward,897.11,897.11,897.11,324.11,324.11,324.11,63.87176600416894,2.7679182993428157
ba,mp,4,16,307,inverse,1026.11,1026.11,1026.11,350.11,350.11,350.11,65.87987642650397,2.9308217417383102
ba,mp,5,32,307,forward,2121.11,2121.11,2121.11,726.11,726.11,726.11,65.76745194732948,2.921196512925039
ba,mp,5,32,307,inverse,2418.11,2418.11,2418.11,743.11,743.11,743.11,69.26897452969469,3.254040451615508
ba,mp,6,64,307,forward,4852.11,4852.11,4852.11,1502.11,1502.11,1502.11,69.04212806387324,3.2301961906917604
ba,mp,6,64,307,inverse,5558.11,5558.11,5558.11,1523.11,1523.11,1523.11,72.59662007408994,3.6491848914392264
ba,mp,7,128,307,forward,11244.11,11244.11,11244.11,3485.11,3485.11,3485.11,69.0050168488213,3.226328580733463
ba,mp,7,128,307,inverse,12838.11,12838.11,12838.12,3418.11,3418.11,3418.11,73.37528654918832,3.7559089672362798
ba,mp,8,256,307,forward,25031.11,25031.11,25031.11,7594.11,7594.11,7594.11,69.66131346152848,3.2961215995027726
ba,mp,8,256,307,inverse,28666.11,28666.11,28666.12,7352.11,7352.11,7352.11,74.3526066145703,3.899031706544108
ba,mp,9,512,307,forward,56559.11,56559.11,56559.11,17099.11,17099.11,17099.11,69.76771734915914,3.307722448712243
ba,mp,9,512,307,inverse,64586.11,64586.11,64586.12,16467.11,16467.11,16467.11,74.50363553401806,3.922127805061119
ba,mp,10,1024,307,forward,123498.11,123498.11,123498.12,36960.11,36960.11,36960.11,70.07232742266258,3.341389135476058
ba,mp,10,1024,307,inverse,141342.11,141342.11,141342.12,35441.11,35441.11,35441.11,74.92530003974045,3.9880836125053643
